task,strategy,model,importance_type,rank,feature,importance,share_pct,source_file
load,Direct,lgbm,gain,1,y_roll168,0.053338,5.334,lgbm_direct_hourly_load_h24_dense_load_lgbm_b.csv
load,Direct,lgbm,gain,2,dow,0.032509,3.251,lgbm_direct_hourly_load_h24_dense_load_lgbm_b.csv
load,Direct,lgbm,gain,3,gen_wind_lag168,0.030862,3.086,lgbm_direct_hourly_load_h24_dense_load_lgbm_b.csv
load,Direct,lgbm,gain,4,y_roll24,0.029456,2.946,lgbm_direct_hourly_load_h24_dense_load_lgbm_b.csv
load,Direct,lgbm,gain,5,gen_wind_lag48,0.028914,2.891,lgbm_direct_hourly_load_h24_dense_load_lgbm_b.csv
load,Direct,lgbm,gain,6,gen_wind_lag24,0.028087,2.809,lgbm_direct_hourly_load_h24_dense_load_lgbm_b.csv
load,Direct,lgbm,gain,7,y_lag1,0.021907,2.191,lgbm_direct_hourly_load_h24_dense_load_lgbm_b.csv
load,Direct,lgbm,gain,8,gen_wind_lag1,0.017743,1.774,lgbm_direct_hourly_load_h24_dense_load_lgbm_b.csv
load,Direct,lgbm,gain,9,gen_wind_lag2,0.017566,1.757,lgbm_direct_hourly_load_h24_dense_load_lgbm_b.csv
load,Direct,lgbm,gain,10,dow_sin,0.016497,1.65,lgbm_direct_hourly_load_h24_dense_load_lgbm_b.csv
load,Direct,lgbm,gain,11,residual_load_lag12,0.015953,1.595,lgbm_direct_hourly_load_h24_dense_load_lgbm_b.csv
load,Direct,lgbm,gain,12,wind_onshore_fc_dayahead,0.01595,1.595,lgbm_direct_hourly_load_h24_dense_load_lgbm_b.csv
load,Direct,lgbm,gain,13,y_lag24,0.015034,1.503,lgbm_direct_hourly_load_h24_dense_load_lgbm_b.csv
load,Direct,lgbm,gain,14,hour,0.013834,1.383,lgbm_direct_hourly_load_h24_dense_load_lgbm_b.csv
load,Direct,lgbm,gain,15,y_lag168,0.013816,1.382,lgbm_direct_hourly_load_h24_dense_load_lgbm_b.csv
load,Direct,lgbm,gain,16,gen_fc_dayahead,0.013712,1.371,lgbm_direct_hourly_load_h24_dense_load_lgbm_b.csv
load,Direct,lgbm,gain,17,y_lag48,0.013603,1.36,lgbm_direct_hourly_load_h24_dense_load_lgbm_b.csv
load,Direct,lgbm,gain,18,w_patras_temperature_2m,0.013303,1.33,lgbm_direct_hourly_load_h24_dense_load_lgbm_b.csv
load,Direct,lgbm,gain,19,residual_load_lag168,0.013079,1.308,lgbm_direct_hourly_load_h24_dense_load_lgbm_b.csv
load,Direct,lgbm,gain,20,residual_load_lag6,0.012752,1.275,lgbm_direct_hourly_load_h24_dense_load_lgbm_b.csv
load,Direct,lgbm,gain,21,w_thessaloniki_temperature_2m,0.012698,1.27,lgbm_direct_hourly_load_h24_dense_load_lgbm_b.csv
load,Direct,lgbm,gain,22,residual_load_lag48,0.012081,1.208,lgbm_direct_hourly_load_h24_dense_load_lgbm_b.csv
load,Direct,lgbm,gain,23,w_larissa_temperature_2m,0.011944,1.194,lgbm_direct_hourly_load_h24_dense_load_lgbm_b.csv
load,Direct,lgbm,gain,24,w_gr_mean_cloud_cover,0.011759,1.176,lgbm_direct_hourly_load_h24_dense_load_lgbm_b.csv
load,Direct,lgbm,gain,25,residual_load_lag24,0.011733,1.173,lgbm_direct_hourly_load_h24_dense_load_lgbm_b.csv
load,Direct,lgbm,gain,26,residual_load_lag1,0.011706,1.171,lgbm_direct_hourly_load_h24_dense_load_lgbm_b.csv
load,Direct,lgbm,gain,27,w_heraklion_temperature_2m,0.011611,1.161,lgbm_direct_hourly_load_h24_dense_load_lgbm_b.csv
load,Direct,lgbm,gain,28,w_gr_mean_temperature_2m,0.011437,1.144,lgbm_direct_hourly_load_h24_dense_load_lgbm_b.csv
load,Direct,lgbm,gain,29,dow_cos,0.009876,0.988,lgbm_direct_hourly_load_h24_dense_load_lgbm_b.csv
load,Direct,lgbm,gain,30,y_lag15,0.009616,0.962,lgbm_direct_hourly_load_h24_dense_load_lgbm_b.csv
load,Direct,lgbm,gain,31,y_lag4,0.009606,0.961,lgbm_direct_hourly_load_h24_dense_load_lgbm_b.csv
load,Direct,lgbm,gain,32,w_athens_temperature_2m,0.009603,0.96,lgbm_direct_hourly_load_h24_dense_load_lgbm_b.csv
load,Direct,lgbm,gain,33,y_lag19,0.009546,0.955,lgbm_direct_hourly_load_h24_dense_load_lgbm_b.csv
load,Direct,lgbm,gain,34,y_lag17,0.009512,0.951,lgbm_direct_hourly_load_h24_dense_load_lgbm_b.csv
load,Direct,lgbm,gain,35,y_lag16,0.009464,0.946,lgbm_direct_hourly_load_h24_dense_load_lgbm_b.csv
load,Direct,lgbm,gain,36,y_lag5,0.009421,0.942,lgbm_direct_hourly_load_h24_dense_load_lgbm_b.csv
load,Direct,lgbm,gain,37,y_lag20,0.009315,0.932,lgbm_direct_hourly_load_h24_dense_load_lgbm_b.csv
load,Direct,lgbm,gain,38,y_lag18,0.009182,0.918,lgbm_direct_hourly_load_h24_dense_load_lgbm_b.csv
load,Direct,lgbm,gain,39,y_lag14,0.009117,0.912,lgbm_direct_hourly_load_h24_dense_load_lgbm_b.csv
load,Direct,lgbm,gain,40,y_lag6,0.009087,0.909,lgbm_direct_hourly_load_h24_dense_load_lgbm_b.csv
load,Direct,lgbm,gain,41,y_lag7,0.009021,0.902,lgbm_direct_hourly_load_h24_dense_load_lgbm_b.csv
load,Direct,lgbm,gain,42,w_patras_relative_humidity_2m,0.008981,0.898,lgbm_direct_hourly_load_h24_dense_load_lgbm_b.csv
load,Direct,lgbm,gain,43,hour_sin,0.008956,0.896,lgbm_direct_hourly_load_h24_dense_load_lgbm_b.csv
load,Direct,lgbm,gain,44,y_lag13,0.008889,0.889,lgbm_direct_hourly_load_h24_dense_load_lgbm_b.csv
load,Direct,lgbm,gain,45,y_lag8,0.008856,0.886,lgbm_direct_hourly_load_h24_dense_load_lgbm_b.csv
load,Direct,lgbm,gain,46,y_lag11,0.008837,0.884,lgbm_direct_hourly_load_h24_dense_load_lgbm_b.csv
load,Direct,lgbm,gain,47,w_heraklion_relative_humidity_2m,0.00882,0.882,lgbm_direct_hourly_load_h24_dense_load_lgbm_b.csv
load,Direct,lgbm,gain,48,y_lag12,0.008799,0.88,lgbm_direct_hourly_load_h24_dense_load_lgbm_b.csv
load,Direct,lgbm,gain,49,is_holiday,0.00879,0.879,lgbm_direct_hourly_load_h24_dense_load_lgbm_b.csv
load,Direct,lgbm,gain,50,y_lag3,0.00877,0.877,lgbm_direct_hourly_load_h24_dense_load_lgbm_b.csv
load,Direct,lgbm,gain,51,y_lag10,0.00877,0.877,lgbm_direct_hourly_load_h24_dense_load_lgbm_b.csv
load,Direct,lgbm,gain,52,y_lag22,0.008753,0.875,lgbm_direct_hourly_load_h24_dense_load_lgbm_b.csv
load,Direct,lgbm,gain,53,w_patras_wind_gusts_10m,0.00873,0.873,lgbm_direct_hourly_load_h24_dense_load_lgbm_b.csv
load,Direct,lgbm,gain,54,y_lag9,0.008637,0.864,lgbm_direct_hourly_load_h24_dense_load_lgbm_b.csv
load,Direct,lgbm,gain,55,y_lag21,0.00856,0.856,lgbm_direct_hourly_load_h24_dense_load_lgbm_b.csv
load,Direct,lgbm,gain,56,residual_load_lag3,0.008255,0.826,lgbm_direct_hourly_load_h24_dense_load_lgbm_b.csv
load,Direct,lgbm,gain,57,gen_solar_lag2,0.008228,0.823,lgbm_direct_hourly_load_h24_dense_load_lgbm_b.csv
load,Direct,lgbm,gain,58,y_lag23,0.008021,0.802,lgbm_direct_hourly_load_h24_dense_load_lgbm_b.csv
load,Direct,lgbm,gain,59,y_lag2,0.008019,0.802,lgbm_direct_hourly_load_h24_dense_load_lgbm_b.csv
load,Direct,lgbm,gain,60,w_larissa_relative_humidity_2m,0.008012,0.801,lgbm_direct_hourly_load_h24_dense_load_lgbm_b.csv
load,Direct,lgbm,gain,61,w_gr_mean_relative_humidity_2m,0.007942,0.794,lgbm_direct_hourly_load_h24_dense_load_lgbm_b.csv
load,Direct,lgbm,gain,62,w_athens_relative_humidity_2m,0.007912,0.791,lgbm_direct_hourly_load_h24_dense_load_lgbm_b.csv
load,Direct,lgbm,gain,63,w_patras_wind_speed_10m,0.007878,0.788,lgbm_direct_hourly_load_h24_dense_load_lgbm_b.csv
load,Direct,lgbm,gain,64,w_gr_mean_wind_gusts_10m,0.00734,0.734,lgbm_direct_hourly_load_h24_dense_load_lgbm_b.csv
load,Direct,lgbm,gain,65,w_thessaloniki_wind_gusts_10m,0.007263,0.726,lgbm_direct_hourly_load_h24_dense_load_lgbm_b.csv
load,Direct,lgbm,gain,66,gen_solar_lag1,0.007032,0.703,lgbm_direct_hourly_load_h24_dense_load_lgbm_b.csv
load,Direct,lgbm,gain,67,w_thessaloniki_relative_humidity_2m,0.006945,0.694,lgbm_direct_hourly_load_h24_dense_load_lgbm_b.csv
load,Direct,lgbm,gain,68,w_heraklion_wind_speed_10m,0.006745,0.675,lgbm_direct_hourly_load_h24_dense_load_lgbm_b.csv
load,Direct,lgbm,gain,69,w_thessaloniki_wind_speed_10m,0.006695,0.669,lgbm_direct_hourly_load_h24_dense_load_lgbm_b.csv
load,Direct,lgbm,gain,70,w_larissa_cloud_cover,0.006395,0.64,lgbm_direct_hourly_load_h24_dense_load_lgbm_b.csv
load,Direct,lgbm,gain,71,w_heraklion_wind_gusts_10m,0.006353,0.635,lgbm_direct_hourly_load_h24_dense_load_lgbm_b.csv
load,Direct,lgbm,gain,72,w_gr_mean_wind_speed_10m,0.006339,0.634,lgbm_direct_hourly_load_h24_dense_load_lgbm_b.csv
load,Direct,lgbm,gain,73,residual_load_lag2,0.006242,0.624,lgbm_direct_hourly_load_h24_dense_load_lgbm_b.csv
load,Direct,lgbm,gain,74,w_thessaloniki_cloud_cover,0.00605,0.605,lgbm_direct_hourly_load_h24_dense_load_lgbm_b.csv
load,Direct,lgbm,gain,75,w_heraklion_cloud_cover,0.00589,0.589,lgbm_direct_hourly_load_h24_dense_load_lgbm_b.csv
load,Direct,lgbm,gain,76,gen_solar_lag24,0.005808,0.581,lgbm_direct_hourly_load_h24_dense_load_lgbm_b.csv
load,Direct,lgbm,gain,77,w_patras_cloud_cover,0.005774,0.577,lgbm_direct_hourly_load_h24_dense_load_lgbm_b.csv
load,Direct,lgbm,gain,78,w_athens_wind_gusts_10m,0.005587,0.559,lgbm_direct_hourly_load_h24_dense_load_lgbm_b.csv
load,Direct,lgbm,gain,79,w_athens_cloud_cover,0.005572,0.557,lgbm_direct_hourly_load_h24_dense_load_lgbm_b.csv
load,Direct,lgbm,gain,80,hour_cos,0.005463,0.546,lgbm_direct_hourly_load_h24_dense_load_lgbm_b.csv
load,Direct,lgbm,gain,81,w_larissa_wind_gusts_10m,0.005411,0.541,lgbm_direct_hourly_load_h24_dense_load_lgbm_b.csv
load,Direct,lgbm,gain,82,gen_solar_lag168,0.005283,0.528,lgbm_direct_hourly_load_h24_dense_load_lgbm_b.csv
load,Direct,lgbm,gain,83,w_athens_wind_speed_10m,0.005218,0.522,lgbm_direct_hourly_load_h24_dense_load_lgbm_b.csv
load,Direct,lgbm,gain,84,gen_solar_lag48,0.005048,0.505,lgbm_direct_hourly_load_h24_dense_load_lgbm_b.csv
load,Direct,lgbm,gain,85,w_larissa_wind_speed_10m,0.004812,0.481,lgbm_direct_hourly_load_h24_dense_load_lgbm_b.csv
load,Direct,lgbm,gain,86,load_lag1,0.004372,0.437,lgbm_direct_hourly_load_h24_dense_load_lgbm_b.csv
load,Direct,lgbm,gain,87,solar_fc_dayahead,0.004221,0.422,lgbm_direct_hourly_load_h24_dense_load_lgbm_b.csv
load,Direct,lgbm,gain,88,load_lag168,0.002848,0.285,lgbm_direct_hourly_load_h24_dense_load_lgbm_b.csv
load,Direct,lgbm,gain,89,load_lag24,0.002845,0.284,lgbm_direct_hourly_load_h24_dense_load_lgbm_b.csv
load,Direct,lgbm,gain,90,w_gr_mean_precipitation,0.002519,0.252,lgbm_direct_hourly_load_h24_dense_load_lgbm_b.csv
load,Direct,lgbm,gain,91,w_patras_shortwave_radiation,0.002366,0.237,lgbm_direct_hourly_load_h24_dense_load_lgbm_b.csv
load,Direct,lgbm,gain,92,load_lag48,0.00231,0.231,lgbm_direct_hourly_load_h24_dense_load_lgbm_b.csv
load,Direct,lgbm,gain,93,w_gr_mean_shortwave_radiation,0.002112,0.211,lgbm_direct_hourly_load_h24_dense_load_lgbm_b.csv
load,Direct,lgbm,gain,94,w_athens_shortwave_radiation,0.002053,0.205,lgbm_direct_hourly_load_h24_dense_load_lgbm_b.csv
load,Direct,lgbm,gain,95,w_thessaloniki_shortwave_radiation,0.001957,0.196,lgbm_direct_hourly_load_h24_dense_load_lgbm_b.csv
load,Direct,lgbm,gain,96,w_heraklion_shortwave_radiation,0.001936,0.194,lgbm_direct_hourly_load_h24_dense_load_lgbm_b.csv
load,Direct,lgbm,gain,97,w_larissa_shortwave_radiation,0.001741,0.174,lgbm_direct_hourly_load_h24_dense_load_lgbm_b.csv
load,Direct,lgbm,gain,98,load_lag6,0.001722,0.172,lgbm_direct_hourly_load_h24_dense_load_lgbm_b.csv
load,Direct,lgbm,gain,99,load_lag2,0.0016,0.16,lgbm_direct_hourly_load_h24_dense_load_lgbm_b.csv
load,Direct,lgbm,gain,100,load_lag12,0.001599,0.16,lgbm_direct_hourly_load_h24_dense_load_lgbm_b.csv
load,Direct,lgbm,gain,101,load_lag3,0.001567,0.157,lgbm_direct_hourly_load_h24_dense_load_lgbm_b.csv
load,Direct,lgbm,gain,102,w_patras_precipitation,0.001208,0.121,lgbm_direct_hourly_load_h24_dense_load_lgbm_b.csv
load,Direct,lgbm,gain,103,w_thessaloniki_precipitation,0.001204,0.12,lgbm_direct_hourly_load_h24_dense_load_lgbm_b.csv
load,Direct,lgbm,gain,104,w_heraklion_precipitation,0.001125,0.113,lgbm_direct_hourly_load_h24_dense_load_lgbm_b.csv
load,Direct,lgbm,gain,105,w_athens_precipitation,0.0011,0.11,lgbm_direct_hourly_load_h24_dense_load_lgbm_b.csv
load,Direct,lgbm,gain,106,w_larissa_precipitation,0.001081,0.108,lgbm_direct_hourly_load_h24_dense_load_lgbm_b.csv
load,Direct,lgbm,gain,107,wind_onshore_fc_dayahead_missing,0.000351,0.035,lgbm_direct_hourly_load_h24_dense_load_lgbm_b.csv
load,Direct,lgbm,gain,108,solar_fc_dayahead_missing,0.000155,0.016,lgbm_direct_hourly_load_h24_dense_load_lgbm_b.csv
load,Direct,lgbm,gain,109,gen_fc_dayahead_missing,6.7e-05,0.007,lgbm_direct_hourly_load_h24_dense_load_lgbm_b.csv
load,Direct,lgbm,gain,110,w_heraklion_temperature_2m_missing,5e-06,0.0,lgbm_direct_hourly_load_h24_dense_load_lgbm_b.csv
load,Direct,lgbm,gain,111,w_patras_temperature_2m_missing,3e-06,0.0,lgbm_direct_hourly_load_h24_dense_load_lgbm_b.csv
load,Direct,lgbm,gain,112,w_heraklion_cloud_cover_missing,0.0,0.0,lgbm_direct_hourly_load_h24_dense_load_lgbm_b.csv
load,Direct,lgbm,gain,113,w_heraklion_precipitation_missing,0.0,0.0,lgbm_direct_hourly_load_h24_dense_load_lgbm_b.csv
load,Direct,lgbm,gain,114,w_heraklion_relative_humidity_2m_missing,0.0,0.0,lgbm_direct_hourly_load_h24_dense_load_lgbm_b.csv
load,Direct,lgbm,gain,115,w_larissa_shortwave_radiation_missing,0.0,0.0,lgbm_direct_hourly_load_h24_dense_load_lgbm_b.csv
load,Direct,lgbm,gain,116,w_larissa_wind_speed_10m_missing,0.0,0.0,lgbm_direct_hourly_load_h24_dense_load_lgbm_b.csv
load,Direct,lgbm,gain,117,w_athens_precipitation_missing,0.0,0.0,lgbm_direct_hourly_load_h24_dense_load_lgbm_b.csv
load,Direct,lgbm,gain,118,w_gr_mean_wind_gusts_10m_missing,0.0,0.0,lgbm_direct_hourly_load_h24_dense_load_lgbm_b.csv
load,Direct,lgbm,gain,119,w_gr_mean_shortwave_radiation_missing,0.0,0.0,lgbm_direct_hourly_load_h24_dense_load_lgbm_b.csv
load,Direct,lgbm,gain,120,w_gr_mean_precipitation_missing,0.0,0.0,lgbm_direct_hourly_load_h24_dense_load_lgbm_b.csv
load,Direct,lgbm,gain,121,w_gr_mean_relative_humidity_2m_missing,0.0,0.0,lgbm_direct_hourly_load_h24_dense_load_lgbm_b.csv
load,Direct,lgbm,gain,122,w_gr_mean_wind_speed_10m_missing,0.0,0.0,lgbm_direct_hourly_load_h24_dense_load_lgbm_b.csv
load,Direct,lgbm,gain,123,w_gr_mean_cloud_cover_missing,0.0,0.0,lgbm_direct_hourly_load_h24_dense_load_lgbm_b.csv
load,Direct,lgbm,gain,124,w_gr_mean_temperature_2m_missing,0.0,0.0,lgbm_direct_hourly_load_h24_dense_load_lgbm_b.csv
load,Direct,lgbm,gain,125,w_larissa_wind_gusts_10m_missing,0.0,0.0,lgbm_direct_hourly_load_h24_dense_load_lgbm_b.csv
load,Direct,lgbm,gain,126,w_larissa_cloud_cover_missing,0.0,0.0,lgbm_direct_hourly_load_h24_dense_load_lgbm_b.csv
load,Direct,lgbm,gain,127,w_larissa_precipitation_missing,0.0,0.0,lgbm_direct_hourly_load_h24_dense_load_lgbm_b.csv
load,Direct,lgbm,gain,128,w_patras_wind_gusts_10m_missing,0.0,0.0,lgbm_direct_hourly_load_h24_dense_load_lgbm_b.csv
load,Direct,lgbm,gain,129,w_larissa_relative_humidity_2m_missing,0.0,0.0,lgbm_direct_hourly_load_h24_dense_load_lgbm_b.csv
load,Direct,lgbm,gain,130,w_larissa_temperature_2m_missing,0.0,0.0,lgbm_direct_hourly_load_h24_dense_load_lgbm_b.csv
load,Direct,lgbm,gain,131,w_patras_shortwave_radiation_missing,0.0,0.0,lgbm_direct_hourly_load_h24_dense_load_lgbm_b.csv
load,Direct,lgbm,gain,132,w_patras_cloud_cover_missing,0.0,0.0,lgbm_direct_hourly_load_h24_dense_load_lgbm_b.csv
load,Direct,lgbm,gain,133,w_patras_wind_speed_10m_missing,0.0,0.0,lgbm_direct_hourly_load_h24_dense_load_lgbm_b.csv
load,Direct,lgbm,gain,134,w_patras_precipitation_missing,0.0,0.0,lgbm_direct_hourly_load_h24_dense_load_lgbm_b.csv
load,Direct,lgbm,gain,135,w_patras_relative_humidity_2m_missing,0.0,0.0,lgbm_direct_hourly_load_h24_dense_load_lgbm_b.csv
load,Direct,lgbm,gain,136,w_athens_cloud_cover_missing,0.0,0.0,lgbm_direct_hourly_load_h24_dense_load_lgbm_b.csv
load,Direct,lgbm,gain,137,w_thessaloniki_shortwave_radiation_missing,0.0,0.0,lgbm_direct_hourly_load_h24_dense_load_lgbm_b.csv
load,Direct,lgbm,gain,138,w_thessaloniki_wind_gusts_10m_missing,0.0,0.0,lgbm_direct_hourly_load_h24_dense_load_lgbm_b.csv
load,Direct,lgbm,gain,139,w_thessaloniki_wind_speed_10m_missing,0.0,0.0,lgbm_direct_hourly_load_h24_dense_load_lgbm_b.csv
load,Direct,lgbm,gain,140,w_thessaloniki_precipitation_missing,0.0,0.0,lgbm_direct_hourly_load_h24_dense_load_lgbm_b.csv
load,Direct,lgbm,gain,141,w_thessaloniki_cloud_cover_missing,0.0,0.0,lgbm_direct_hourly_load_h24_dense_load_lgbm_b.csv
load,Direct,lgbm,gain,142,w_thessaloniki_relative_humidity_2m_missing,0.0,0.0,lgbm_direct_hourly_load_h24_dense_load_lgbm_b.csv
load,Direct,lgbm,gain,143,w_thessaloniki_temperature_2m_missing,0.0,0.0,lgbm_direct_hourly_load_h24_dense_load_lgbm_b.csv
load,Direct,lgbm,gain,144,w_athens_relative_humidity_2m_missing,0.0,0.0,lgbm_direct_hourly_load_h24_dense_load_lgbm_b.csv
load,Direct,lgbm,gain,145,w_athens_shortwave_radiation_missing,0.0,0.0,lgbm_direct_hourly_load_h24_dense_load_lgbm_b.csv
load,Direct,lgbm,gain,146,w_athens_wind_gusts_10m_missing,0.0,0.0,lgbm_direct_hourly_load_h24_dense_load_lgbm_b.csv
load,Direct,lgbm,gain,147,w_athens_wind_speed_10m_missing,0.0,0.0,lgbm_direct_hourly_load_h24_dense_load_lgbm_b.csv
load,Direct,lgbm,gain,148,w_athens_temperature_2m_missing,0.0,0.0,lgbm_direct_hourly_load_h24_dense_load_lgbm_b.csv
load,Direct,lgbm,gain,149,w_heraklion_shortwave_radiation_missing,0.0,0.0,lgbm_direct_hourly_load_h24_dense_load_lgbm_b.csv
load,Direct,lgbm,gain,150,w_heraklion_wind_speed_10m_missing,0.0,0.0,lgbm_direct_hourly_load_h24_dense_load_lgbm_b.csv
load,Direct,lgbm,gain,151,w_heraklion_wind_gusts_10m_missing,0.0,0.0,lgbm_direct_hourly_load_h24_dense_load_lgbm_b.csv
load,Direct,xgb,gain,1,y_lag1,0.052736,5.274,xgb_direct_hourly_load_h24_dense_load_xgb_b.csv
load,Direct,xgb,gain,2,load_lag12,0.048227,4.823,xgb_direct_hourly_load_h24_dense_load_xgb_b.csv
load,Direct,xgb,gain,3,y_lag9,0.040933,4.093,xgb_direct_hourly_load_h24_dense_load_xgb_b.csv
load,Direct,xgb,gain,4,y_lag19,0.040392,4.039,xgb_direct_hourly_load_h24_dense_load_xgb_b.csv
load,Direct,xgb,gain,5,y_lag17,0.039846,3.985,xgb_direct_hourly_load_h24_dense_load_xgb_b.csv
load,Direct,xgb,gain,6,load_lag3,0.039431,3.943,xgb_direct_hourly_load_h24_dense_load_xgb_b.csv
load,Direct,xgb,gain,7,y_lag15,0.038656,3.866,xgb_direct_hourly_load_h24_dense_load_xgb_b.csv
load,Direct,xgb,gain,8,y_lag22,0.036834,3.683,xgb_direct_hourly_load_h24_dense_load_xgb_b.csv
load,Direct,xgb,gain,9,load_lag6,0.033535,3.354,xgb_direct_hourly_load_h24_dense_load_xgb_b.csv
load,Direct,xgb,gain,10,y_lag21,0.03314,3.314,xgb_direct_hourly_load_h24_dense_load_xgb_b.csv
load,Direct,xgb,gain,11,y_lag20,0.03279,3.279,xgb_direct_hourly_load_h24_dense_load_xgb_b.csv
load,Direct,xgb,gain,12,y_lag16,0.030828,3.083,xgb_direct_hourly_load_h24_dense_load_xgb_b.csv
load,Direct,xgb,gain,13,y_lag4,0.029505,2.951,xgb_direct_hourly_load_h24_dense_load_xgb_b.csv
load,Direct,xgb,gain,14,y_lag6,0.029502,2.95,xgb_direct_hourly_load_h24_dense_load_xgb_b.csv
load,Direct,xgb,gain,15,y_lag18,0.028745,2.875,xgb_direct_hourly_load_h24_dense_load_xgb_b.csv
load,Direct,xgb,gain,16,y_lag8,0.028722,2.872,xgb_direct_hourly_load_h24_dense_load_xgb_b.csv
load,Direct,xgb,gain,17,y_lag11,0.028224,2.822,xgb_direct_hourly_load_h24_dense_load_xgb_b.csv
load,Direct,xgb,gain,18,y_lag13,0.028169,2.817,xgb_direct_hourly_load_h24_dense_load_xgb_b.csv
load,Direct,xgb,gain,19,y_lag5,0.027999,2.8,xgb_direct_hourly_load_h24_dense_load_xgb_b.csv
load,Direct,xgb,gain,20,y_lag23,0.027656,2.766,xgb_direct_hourly_load_h24_dense_load_xgb_b.csv
load,Direct,xgb,gain,21,y_lag14,0.024906,2.491,xgb_direct_hourly_load_h24_dense_load_xgb_b.csv
load,Direct,xgb,gain,22,y_lag7,0.02461,2.461,xgb_direct_hourly_load_h24_dense_load_xgb_b.csv
load,Direct,xgb,gain,23,y_lag10,0.022882,2.288,xgb_direct_hourly_load_h24_dense_load_xgb_b.csv
load,Direct,xgb,gain,24,y_lag2,0.018172,1.817,xgb_direct_hourly_load_h24_dense_load_xgb_b.csv
load,Direct,xgb,gain,25,load_lag2,0.017693,1.769,xgb_direct_hourly_load_h24_dense_load_xgb_b.csv
load,Direct,xgb,gain,26,y_lag12,0.017511,1.751,xgb_direct_hourly_load_h24_dense_load_xgb_b.csv
load,Direct,xgb,gain,27,dow,0.01612,1.612,xgb_direct_hourly_load_h24_dense_load_xgb_b.csv
load,Direct,xgb,gain,28,load_lag1,0.015628,1.563,xgb_direct_hourly_load_h24_dense_load_xgb_b.csv
load,Direct,xgb,gain,29,y_lag3,0.015337,1.534,xgb_direct_hourly_load_h24_dense_load_xgb_b.csv
load,Direct,xgb,gain,30,dow_cos,0.014129,1.413,xgb_direct_hourly_load_h24_dense_load_xgb_b.csv
load,Direct,xgb,gain,31,hour_cos,0.013506,1.351,xgb_direct_hourly_load_h24_dense_load_xgb_b.csv
load,Direct,xgb,gain,32,is_holiday,0.008931,0.893,xgb_direct_hourly_load_h24_dense_load_xgb_b.csv
load,Direct,xgb,gain,33,hour,0.00862,0.862,xgb_direct_hourly_load_h24_dense_load_xgb_b.csv
load,Direct,xgb,gain,34,hour_sin,0.008286,0.829,xgb_direct_hourly_load_h24_dense_load_xgb_b.csv
load,Direct,xgb,gain,35,dow_sin,0.005532,0.553,xgb_direct_hourly_load_h24_dense_load_xgb_b.csv
load,Direct,xgb,gain,36,y_lag24,0.003411,0.341,xgb_direct_hourly_load_h24_dense_load_xgb_b.csv
load,Direct,xgb,gain,37,load_lag24,0.002778,0.278,xgb_direct_hourly_load_h24_dense_load_xgb_b.csv
load,Direct,xgb,gain,38,w_gr_mean_temperature_2m,0.002349,0.235,xgb_direct_hourly_load_h24_dense_load_xgb_b.csv
load,Direct,xgb,gain,39,y_lag48,0.002316,0.232,xgb_direct_hourly_load_h24_dense_load_xgb_b.csv
load,Direct,xgb,gain,40,load_lag48,0.002183,0.218,xgb_direct_hourly_load_h24_dense_load_xgb_b.csv
load,Direct,xgb,gain,41,gen_solar_lag2,0.002132,0.213,xgb_direct_hourly_load_h24_dense_load_xgb_b.csv
load,Direct,xgb,gain,42,y_roll24,0.002009,0.201,xgb_direct_hourly_load_h24_dense_load_xgb_b.csv
load,Direct,xgb,gain,43,residual_load_lag1,0.001785,0.179,xgb_direct_hourly_load_h24_dense_load_xgb_b.csv
load,Direct,xgb,gain,44,w_thessaloniki_temperature_2m,0.001756,0.176,xgb_direct_hourly_load_h24_dense_load_xgb_b.csv
load,Direct,xgb,gain,45,w_larissa_temperature_2m,0.001674,0.167,xgb_direct_hourly_load_h24_dense_load_xgb_b.csv
load,Direct,xgb,gain,46,y_roll168,0.001583,0.158,xgb_direct_hourly_load_h24_dense_load_xgb_b.csv
load,Direct,xgb,gain,47,gen_solar_lag48,0.001372,0.137,xgb_direct_hourly_load_h24_dense_load_xgb_b.csv
load,Direct,xgb,gain,48,gen_solar_lag24,0.001352,0.135,xgb_direct_hourly_load_h24_dense_load_xgb_b.csv
load,Direct,xgb,gain,49,w_gr_mean_shortwave_radiation,0.001235,0.123,xgb_direct_hourly_load_h24_dense_load_xgb_b.csv
load,Direct,xgb,gain,50,gen_solar_lag1,0.001223,0.122,xgb_direct_hourly_load_h24_dense_load_xgb_b.csv
load,Direct,xgb,gain,51,w_gr_mean_cloud_cover,0.00122,0.122,xgb_direct_hourly_load_h24_dense_load_xgb_b.csv
load,Direct,xgb,gain,52,w_patras_temperature_2m,0.001167,0.117,xgb_direct_hourly_load_h24_dense_load_xgb_b.csv
load,Direct,xgb,gain,53,w_athens_precipitation,0.001155,0.115,xgb_direct_hourly_load_h24_dense_load_xgb_b.csv
load,Direct,xgb,gain,54,residual_load_lag24,0.001117,0.112,xgb_direct_hourly_load_h24_dense_load_xgb_b.csv
load,Direct,xgb,gain,55,w_larissa_precipitation,0.000997,0.1,xgb_direct_hourly_load_h24_dense_load_xgb_b.csv
load,Direct,xgb,gain,56,w_gr_mean_wind_gusts_10m,0.000985,0.099,xgb_direct_hourly_load_h24_dense_load_xgb_b.csv
load,Direct,xgb,gain,57,w_larissa_shortwave_radiation,0.000944,0.094,xgb_direct_hourly_load_h24_dense_load_xgb_b.csv
load,Direct,xgb,gain,58,w_athens_temperature_2m,0.000941,0.094,xgb_direct_hourly_load_h24_dense_load_xgb_b.csv
load,Direct,xgb,gain,59,w_thessaloniki_wind_gusts_10m,0.000914,0.091,xgb_direct_hourly_load_h24_dense_load_xgb_b.csv
load,Direct,xgb,gain,60,w_thessaloniki_wind_speed_10m,0.000912,0.091,xgb_direct_hourly_load_h24_dense_load_xgb_b.csv
load,Direct,xgb,gain,61,w_larissa_cloud_cover,0.000891,0.089,xgb_direct_hourly_load_h24_dense_load_xgb_b.csv
load,Direct,xgb,gain,62,w_larissa_relative_humidity_2m,0.000888,0.089,xgb_direct_hourly_load_h24_dense_load_xgb_b.csv
load,Direct,xgb,gain,63,w_gr_mean_wind_speed_10m,0.000885,0.088,xgb_direct_hourly_load_h24_dense_load_xgb_b.csv
load,Direct,xgb,gain,64,gen_solar_lag168,0.000881,0.088,xgb_direct_hourly_load_h24_dense_load_xgb_b.csv
load,Direct,xgb,gain,65,w_athens_cloud_cover,0.000823,0.082,xgb_direct_hourly_load_h24_dense_load_xgb_b.csv
load,Direct,xgb,gain,66,w_patras_wind_gusts_10m,0.000789,0.079,xgb_direct_hourly_load_h24_dense_load_xgb_b.csv
load,Direct,xgb,gain,67,w_heraklion_temperature_2m_missing,0.000761,0.076,xgb_direct_hourly_load_h24_dense_load_xgb_b.csv
load,Direct,xgb,gain,68,w_gr_mean_precipitation,0.000753,0.075,xgb_direct_hourly_load_h24_dense_load_xgb_b.csv
load,Direct,xgb,gain,69,w_patras_temperature_2m_missing,0.000751,0.075,xgb_direct_hourly_load_h24_dense_load_xgb_b.csv
load,Direct,xgb,gain,70,gen_wind_lag24,0.000737,0.074,xgb_direct_hourly_load_h24_dense_load_xgb_b.csv
load,Direct,xgb,gain,71,w_larissa_wind_gusts_10m,0.000725,0.073,xgb_direct_hourly_load_h24_dense_load_xgb_b.csv
load,Direct,xgb,gain,72,w_athens_shortwave_radiation,0.000721,0.072,xgb_direct_hourly_load_h24_dense_load_xgb_b.csv
load,Direct,xgb,gain,73,solar_fc_dayahead_missing,0.000716,0.072,xgb_direct_hourly_load_h24_dense_load_xgb_b.csv
load,Direct,xgb,gain,74,w_patras_cloud_cover,0.000711,0.071,xgb_direct_hourly_load_h24_dense_load_xgb_b.csv
load,Direct,xgb,gain,75,y_lag168,0.000708,0.071,xgb_direct_hourly_load_h24_dense_load_xgb_b.csv
load,Direct,xgb,gain,76,residual_load_lag48,0.000704,0.07,xgb_direct_hourly_load_h24_dense_load_xgb_b.csv
load,Direct,xgb,gain,77,w_heraklion_temperature_2m,0.00069,0.069,xgb_direct_hourly_load_h24_dense_load_xgb_b.csv
load,Direct,xgb,gain,78,gen_wind_lag1,0.000686,0.069,xgb_direct_hourly_load_h24_dense_load_xgb_b.csv
load,Direct,xgb,gain,79,residual_load_lag2,0.000674,0.067,xgb_direct_hourly_load_h24_dense_load_xgb_b.csv
load,Direct,xgb,gain,80,w_thessaloniki_precipitation,0.000648,0.065,xgb_direct_hourly_load_h24_dense_load_xgb_b.csv
load,Direct,xgb,gain,81,gen_fc_dayahead,0.000637,0.064,xgb_direct_hourly_load_h24_dense_load_xgb_b.csv
load,Direct,xgb,gain,82,w_thessaloniki_cloud_cover,0.000636,0.064,xgb_direct_hourly_load_h24_dense_load_xgb_b.csv
load,Direct,xgb,gain,83,w_patras_relative_humidity_2m,0.000635,0.064,xgb_direct_hourly_load_h24_dense_load_xgb_b.csv
load,Direct,xgb,gain,84,residual_load_lag6,0.000629,0.063,xgb_direct_hourly_load_h24_dense_load_xgb_b.csv
load,Direct,xgb,gain,85,residual_load_lag3,0.000629,0.063,xgb_direct_hourly_load_h24_dense_load_xgb_b.csv
load,Direct,xgb,gain,86,residual_load_lag12,0.00061,0.061,xgb_direct_hourly_load_h24_dense_load_xgb_b.csv
load,Direct,xgb,gain,87,load_lag168,0.000598,0.06,xgb_direct_hourly_load_h24_dense_load_xgb_b.csv
load,Direct,xgb,gain,88,w_gr_mean_relative_humidity_2m,0.000591,0.059,xgb_direct_hourly_load_h24_dense_load_xgb_b.csv
load,Direct,xgb,gain,89,gen_wind_lag48,0.00058,0.058,xgb_direct_hourly_load_h24_dense_load_xgb_b.csv
load,Direct,xgb,gain,90,w_patras_shortwave_radiation,0.000568,0.057,xgb_direct_hourly_load_h24_dense_load_xgb_b.csv
load,Direct,xgb,gain,91,w_patras_wind_speed_10m,0.000563,0.056,xgb_direct_hourly_load_h24_dense_load_xgb_b.csv
load,Direct,xgb,gain,92,w_athens_wind_gusts_10m,0.000562,0.056,xgb_direct_hourly_load_h24_dense_load_xgb_b.csv
load,Direct,xgb,gain,93,w_heraklion_wind_gusts_10m,0.000548,0.055,xgb_direct_hourly_load_h24_dense_load_xgb_b.csv
load,Direct,xgb,gain,94,w_heraklion_cloud_cover,0.000542,0.054,xgb_direct_hourly_load_h24_dense_load_xgb_b.csv
load,Direct,xgb,gain,95,gen_wind_lag2,0.000539,0.054,xgb_direct_hourly_load_h24_dense_load_xgb_b.csv
load,Direct,xgb,gain,96,w_thessaloniki_shortwave_radiation,0.000537,0.054,xgb_direct_hourly_load_h24_dense_load_xgb_b.csv
load,Direct,xgb,gain,97,w_patras_precipitation,0.000516,0.052,xgb_direct_hourly_load_h24_dense_load_xgb_b.csv
load,Direct,xgb,gain,98,residual_load_lag168,0.000512,0.051,xgb_direct_hourly_load_h24_dense_load_xgb_b.csv
load,Direct,xgb,gain,99,gen_wind_lag168,0.000511,0.051,xgb_direct_hourly_load_h24_dense_load_xgb_b.csv
load,Direct,xgb,gain,100,w_heraklion_relative_humidity_2m_missing,0.000509,0.051,xgb_direct_hourly_load_h24_dense_load_xgb_b.csv
load,Direct,xgb,gain,101,w_heraklion_shortwave_radiation,0.000507,0.051,xgb_direct_hourly_load_h24_dense_load_xgb_b.csv
load,Direct,xgb,gain,102,w_athens_wind_speed_10m,0.000506,0.051,xgb_direct_hourly_load_h24_dense_load_xgb_b.csv
load,Direct,xgb,gain,103,w_athens_relative_humidity_2m,0.000505,0.05,xgb_direct_hourly_load_h24_dense_load_xgb_b.csv
load,Direct,xgb,gain,104,w_heraklion_relative_humidity_2m,0.000501,0.05,xgb_direct_hourly_load_h24_dense_load_xgb_b.csv
load,Direct,xgb,gain,105,w_heraklion_precipitation,0.000491,0.049,xgb_direct_hourly_load_h24_dense_load_xgb_b.csv
load,Direct,xgb,gain,106,w_heraklion_wind_speed_10m,0.00048,0.048,xgb_direct_hourly_load_h24_dense_load_xgb_b.csv
load,Direct,xgb,gain,107,w_larissa_wind_speed_10m,0.00047,0.047,xgb_direct_hourly_load_h24_dense_load_xgb_b.csv
load,Direct,xgb,gain,108,wind_onshore_fc_dayahead_missing,0.000461,0.046,xgb_direct_hourly_load_h24_dense_load_xgb_b.csv
load,Direct,xgb,gain,109,w_thessaloniki_relative_humidity_2m,0.000455,0.045,xgb_direct_hourly_load_h24_dense_load_xgb_b.csv
load,Direct,xgb,gain,110,gen_fc_dayahead_missing,0.00045,0.045,xgb_direct_hourly_load_h24_dense_load_xgb_b.csv
load,Direct,xgb,gain,111,wind_onshore_fc_dayahead,0.000396,0.04,xgb_direct_hourly_load_h24_dense_load_xgb_b.csv
load,Direct,xgb,gain,112,solar_fc_dayahead,0.00033,0.033,xgb_direct_hourly_load_h24_dense_load_xgb_b.csv
load,Direct,xgb,gain,113,w_patras_relative_humidity_2m_missing,0.000218,0.022,xgb_direct_hourly_load_h24_dense_load_xgb_b.csv
load,Direct,xgb,gain,114,w_patras_precipitation_missing,0.000159,0.016,xgb_direct_hourly_load_h24_dense_load_xgb_b.csv
load,Direct,xgb,gain,115,w_patras_cloud_cover_missing,7.4e-05,0.007,xgb_direct_hourly_load_h24_dense_load_xgb_b.csv
load,Direct,xgb,gain,116,w_heraklion_cloud_cover_missing,5.8e-05,0.006,xgb_direct_hourly_load_h24_dense_load_xgb_b.csv
load,Direct,xgb,gain,117,w_heraklion_precipitation_missing,5.8e-05,0.006,xgb_direct_hourly_load_h24_dense_load_xgb_b.csv
load,Direct,xgb,gain,118,w_athens_temperature_2m_missing,2.7e-05,0.003,xgb_direct_hourly_load_h24_dense_load_xgb_b.csv
load,Direct,xgb,gain,119,w_gr_mean_temperature_2m_missing,2.1e-05,0.002,xgb_direct_hourly_load_h24_dense_load_xgb_b.csv
load,Direct,xgb,gain,120,w_larissa_cloud_cover_missing,0.0,0.0,xgb_direct_hourly_load_h24_dense_load_xgb_b.csv
load,Direct,xgb,gain,121,w_larissa_wind_speed_10m_missing,0.0,0.0,xgb_direct_hourly_load_h24_dense_load_xgb_b.csv
load,Direct,xgb,gain,122,w_larissa_wind_gusts_10m_missing,0.0,0.0,xgb_direct_hourly_load_h24_dense_load_xgb_b.csv
load,Direct,xgb,gain,123,w_larissa_shortwave_radiation_missing,0.0,0.0,xgb_direct_hourly_load_h24_dense_load_xgb_b.csv
load,Direct,xgb,gain,124,w_patras_shortwave_radiation_missing,0.0,0.0,xgb_direct_hourly_load_h24_dense_load_xgb_b.csv
load,Direct,xgb,gain,125,w_larissa_temperature_2m_missing,0.0,0.0,xgb_direct_hourly_load_h24_dense_load_xgb_b.csv
load,Direct,xgb,gain,126,w_larissa_relative_humidity_2m_missing,0.0,0.0,xgb_direct_hourly_load_h24_dense_load_xgb_b.csv
load,Direct,xgb,gain,127,w_larissa_precipitation_missing,0.0,0.0,xgb_direct_hourly_load_h24_dense_load_xgb_b.csv
load,Direct,xgb,gain,128,w_patras_wind_gusts_10m_missing,0.0,0.0,xgb_direct_hourly_load_h24_dense_load_xgb_b.csv
load,Direct,xgb,gain,129,w_patras_wind_speed_10m_missing,0.0,0.0,xgb_direct_hourly_load_h24_dense_load_xgb_b.csv
load,Direct,xgb,gain,130,w_thessaloniki_relative_humidity_2m_missing,0.0,0.0,xgb_direct_hourly_load_h24_dense_load_xgb_b.csv
load,Direct,xgb,gain,131,w_thessaloniki_precipitation_missing,0.0,0.0,xgb_direct_hourly_load_h24_dense_load_xgb_b.csv
load,Direct,xgb,gain,132,w_thessaloniki_wind_speed_10m_missing,0.0,0.0,xgb_direct_hourly_load_h24_dense_load_xgb_b.csv
load,Direct,xgb,gain,133,w_thessaloniki_cloud_cover_missing,0.0,0.0,xgb_direct_hourly_load_h24_dense_load_xgb_b.csv
load,Direct,xgb,gain,134,w_thessaloniki_shortwave_radiation_missing,0.0,0.0,xgb_direct_hourly_load_h24_dense_load_xgb_b.csv
load,Direct,xgb,gain,135,w_thessaloniki_wind_gusts_10m_missing,0.0,0.0,xgb_direct_hourly_load_h24_dense_load_xgb_b.csv
load,Direct,xgb,gain,136,w_athens_cloud_cover_missing,0.0,0.0,xgb_direct_hourly_load_h24_dense_load_xgb_b.csv
load,Direct,xgb,gain,137,w_athens_precipitation_missing,0.0,0.0,xgb_direct_hourly_load_h24_dense_load_xgb_b.csv
load,Direct,xgb,gain,138,w_athens_wind_gusts_10m_missing,0.0,0.0,xgb_direct_hourly_load_h24_dense_load_xgb_b.csv
load,Direct,xgb,gain,139,w_athens_wind_speed_10m_missing,0.0,0.0,xgb_direct_hourly_load_h24_dense_load_xgb_b.csv
load,Direct,xgb,gain,140,w_athens_relative_humidity_2m_missing,0.0,0.0,xgb_direct_hourly_load_h24_dense_load_xgb_b.csv
load,Direct,xgb,gain,141,w_thessaloniki_temperature_2m_missing,0.0,0.0,xgb_direct_hourly_load_h24_dense_load_xgb_b.csv
load,Direct,xgb,gain,142,w_athens_shortwave_radiation_missing,0.0,0.0,xgb_direct_hourly_load_h24_dense_load_xgb_b.csv
load,Direct,xgb,gain,143,w_gr_mean_shortwave_radiation_missing,0.0,0.0,xgb_direct_hourly_load_h24_dense_load_xgb_b.csv
load,Direct,xgb,gain,144,w_gr_mean_cloud_cover_missing,0.0,0.0,xgb_direct_hourly_load_h24_dense_load_xgb_b.csv
load,Direct,xgb,gain,145,w_gr_mean_wind_speed_10m_missing,0.0,0.0,xgb_direct_hourly_load_h24_dense_load_xgb_b.csv
load,Direct,xgb,gain,146,w_gr_mean_relative_humidity_2m_missing,0.0,0.0,xgb_direct_hourly_load_h24_dense_load_xgb_b.csv
load,Direct,xgb,gain,147,w_gr_mean_precipitation_missing,0.0,0.0,xgb_direct_hourly_load_h24_dense_load_xgb_b.csv
load,Direct,xgb,gain,148,w_gr_mean_wind_gusts_10m_missing,0.0,0.0,xgb_direct_hourly_load_h24_dense_load_xgb_b.csv
load,Direct,xgb,gain,149,w_heraklion_shortwave_radiation_missing,0.0,0.0,xgb_direct_hourly_load_h24_dense_load_xgb_b.csv
load,Direct,xgb,gain,150,w_heraklion_wind_speed_10m_missing,0.0,0.0,xgb_direct_hourly_load_h24_dense_load_xgb_b.csv
load,Direct,xgb,gain,151,w_heraklion_wind_gusts_10m_missing,0.0,0.0,xgb_direct_hourly_load_h24_dense_load_xgb_b.csv
load,MIMO,mlp,permutation,1,y_lag1,0.110594,11.059,mlp_hourly_load_mimo_h24_load_mlp_b.csv
load,MIMO,mlp,permutation,2,load_lag1,0.108429,10.843,mlp_hourly_load_mimo_h24_load_mlp_b.csv
load,MIMO,mlp,permutation,3,y_roll24,0.092117,9.212,mlp_hourly_load_mimo_h24_load_mlp_b.csv
load,MIMO,mlp,permutation,4,hour_cos,0.076113,7.611,mlp_hourly_load_mimo_h24_load_mlp_b.csv
load,MIMO,mlp,permutation,5,residual_load_lag1,0.069321,6.932,mlp_hourly_load_mimo_h24_load_mlp_b.csv
load,MIMO,mlp,permutation,6,gen_solar_lag2,0.044583,4.458,mlp_hourly_load_mimo_h24_load_mlp_b.csv
load,MIMO,mlp,permutation,7,gen_solar_lag1,0.028086,2.809,mlp_hourly_load_mimo_h24_load_mlp_b.csv
load,MIMO,mlp,permutation,8,w_athens_temperature_2m_missing,0.022595,2.26,mlp_hourly_load_mimo_h24_load_mlp_b.csv
load,MIMO,mlp,permutation,9,w_thessaloniki_relative_humidity_2m_missing,0.022408,2.241,mlp_hourly_load_mimo_h24_load_mlp_b.csv
load,MIMO,mlp,permutation,10,w_athens_wind_speed_10m_missing,0.022242,2.224,mlp_hourly_load_mimo_h24_load_mlp_b.csv
load,MIMO,mlp,permutation,11,w_athens_shortwave_radiation_missing,0.022201,2.22,mlp_hourly_load_mimo_h24_load_mlp_b.csv
load,MIMO,mlp,permutation,12,w_thessaloniki_shortwave_radiation_missing,0.021971,2.197,mlp_hourly_load_mimo_h24_load_mlp_b.csv
load,MIMO,mlp,permutation,13,w_athens_wind_gusts_10m_missing,0.021649,2.165,mlp_hourly_load_mimo_h24_load_mlp_b.csv
load,MIMO,mlp,permutation,14,w_thessaloniki_wind_speed_10m_missing,0.020997,2.1,mlp_hourly_load_mimo_h24_load_mlp_b.csv
load,MIMO,mlp,permutation,15,w_thessaloniki_precipitation_missing,0.020995,2.099,mlp_hourly_load_mimo_h24_load_mlp_b.csv
load,MIMO,mlp,permutation,16,hour_sin,0.020598,2.06,mlp_hourly_load_mimo_h24_load_mlp_b.csv
load,MIMO,mlp,permutation,17,w_thessaloniki_wind_gusts_10m_missing,0.020577,2.058,mlp_hourly_load_mimo_h24_load_mlp_b.csv
load,MIMO,mlp,permutation,18,w_thessaloniki_temperature_2m_missing,0.020325,2.032,mlp_hourly_load_mimo_h24_load_mlp_b.csv
load,MIMO,mlp,permutation,19,w_athens_cloud_cover_missing,0.019966,1.997,mlp_hourly_load_mimo_h24_load_mlp_b.csv
load,MIMO,mlp,permutation,20,w_athens_relative_humidity_2m_missing,0.019831,1.983,mlp_hourly_load_mimo_h24_load_mlp_b.csv
load,MIMO,mlp,permutation,21,w_thessaloniki_cloud_cover_missing,0.019583,1.958,mlp_hourly_load_mimo_h24_load_mlp_b.csv
load,MIMO,mlp,permutation,22,w_athens_precipitation_missing,0.019577,1.958,mlp_hourly_load_mimo_h24_load_mlp_b.csv
load,MIMO,mlp,permutation,23,gen_solar_lag24,0.016924,1.692,mlp_hourly_load_mimo_h24_load_mlp_b.csv
load,MIMO,mlp,permutation,24,hour,0.013492,1.349,mlp_hourly_load_mimo_h24_load_mlp_b.csv
load,MIMO,mlp,permutation,25,gen_solar_lag48,0.0124,1.24,mlp_hourly_load_mimo_h24_load_mlp_b.csv
load,MIMO,mlp,permutation,26,solar_fc_dayahead,0.011476,1.148,mlp_hourly_load_mimo_h24_load_mlp_b.csv
load,MIMO,mlp,permutation,27,w_larissa_temperature_2m,0.01136,1.136,mlp_hourly_load_mimo_h24_load_mlp_b.csv
load,MIMO,mlp,permutation,28,gen_solar_lag168,0.009648,0.965,mlp_hourly_load_mimo_h24_load_mlp_b.csv
load,MIMO,mlp,permutation,29,gen_wind_lag1,0.008827,0.883,mlp_hourly_load_mimo_h24_load_mlp_b.csv
load,MIMO,mlp,permutation,30,w_heraklion_shortwave_radiation,0.007503,0.75,mlp_hourly_load_mimo_h24_load_mlp_b.csv
load,MIMO,mlp,permutation,31,gen_wind_lag2,0.005769,0.577,mlp_hourly_load_mimo_h24_load_mlp_b.csv
load,MIMO,mlp,permutation,32,w_athens_temperature_2m,0.005024,0.502,mlp_hourly_load_mimo_h24_load_mlp_b.csv
load,MIMO,mlp,permutation,33,residual_load_lag6,0.004178,0.418,mlp_hourly_load_mimo_h24_load_mlp_b.csv
load,MIMO,mlp,permutation,34,load_lag12,0.003293,0.329,mlp_hourly_load_mimo_h24_load_mlp_b.csv
load,MIMO,mlp,permutation,35,y_lag12,0.00321,0.321,mlp_hourly_load_mimo_h24_load_mlp_b.csv
load,MIMO,mlp,permutation,36,y_roll168,0.002342,0.234,mlp_hourly_load_mimo_h24_load_mlp_b.csv
load,MIMO,mlp,permutation,37,y_lag6,0.002178,0.218,mlp_hourly_load_mimo_h24_load_mlp_b.csv
load,MIMO,mlp,permutation,38,dow,0.002098,0.21,mlp_hourly_load_mimo_h24_load_mlp_b.csv
load,MIMO,mlp,permutation,39,residual_load_lag3,0.002003,0.2,mlp_hourly_load_mimo_h24_load_mlp_b.csv
load,MIMO,mlp,permutation,40,w_gr_mean_temperature_2m,0.001971,0.197,mlp_hourly_load_mimo_h24_load_mlp_b.csv
load,MIMO,mlp,permutation,41,w_gr_mean_precipitation,0.001751,0.175,mlp_hourly_load_mimo_h24_load_mlp_b.csv
load,MIMO,mlp,permutation,42,residual_load_lag48,0.001664,0.166,mlp_hourly_load_mimo_h24_load_mlp_b.csv
load,MIMO,mlp,permutation,43,load_lag6,0.001482,0.148,mlp_hourly_load_mimo_h24_load_mlp_b.csv
load,MIMO,mlp,permutation,44,w_thessaloniki_temperature_2m,0.001459,0.146,mlp_hourly_load_mimo_h24_load_mlp_b.csv
load,MIMO,mlp,permutation,45,w_athens_wind_gusts_10m,0.001374,0.137,mlp_hourly_load_mimo_h24_load_mlp_b.csv
load,MIMO,mlp,permutation,46,is_holiday,0.001365,0.136,mlp_hourly_load_mimo_h24_load_mlp_b.csv
load,MIMO,mlp,permutation,47,w_gr_mean_cloud_cover,0.001323,0.132,mlp_hourly_load_mimo_h24_load_mlp_b.csv
load,MIMO,mlp,permutation,48,residual_load_lag24,0.00119,0.119,mlp_hourly_load_mimo_h24_load_mlp_b.csv
load,MIMO,mlp,permutation,49,w_larissa_cloud_cover,0.001152,0.115,mlp_hourly_load_mimo_h24_load_mlp_b.csv
load,MIMO,mlp,permutation,50,load_lag168,0.001105,0.11,mlp_hourly_load_mimo_h24_load_mlp_b.csv
load,MIMO,mlp,permutation,51,w_patras_precipitation,0.001077,0.108,mlp_hourly_load_mimo_h24_load_mlp_b.csv
load,MIMO,mlp,permutation,52,w_heraklion_wind_gusts_10m,0.000955,0.096,mlp_hourly_load_mimo_h24_load_mlp_b.csv
load,MIMO,mlp,permutation,53,w_larissa_shortwave_radiation,0.000953,0.095,mlp_hourly_load_mimo_h24_load_mlp_b.csv
load,MIMO,mlp,permutation,54,y_lag168,0.000932,0.093,mlp_hourly_load_mimo_h24_load_mlp_b.csv
load,MIMO,mlp,permutation,55,w_athens_wind_speed_10m,0.000925,0.092,mlp_hourly_load_mimo_h24_load_mlp_b.csv
load,MIMO,mlp,permutation,56,w_larissa_relative_humidity_2m,0.000839,0.084,mlp_hourly_load_mimo_h24_load_mlp_b.csv
load,MIMO,mlp,permutation,57,w_gr_mean_shortwave_radiation,0.000804,0.08,mlp_hourly_load_mimo_h24_load_mlp_b.csv
load,MIMO,mlp,permutation,58,w_larissa_wind_gusts_10m,0.000768,0.077,mlp_hourly_load_mimo_h24_load_mlp_b.csv
load,MIMO,mlp,permutation,59,wind_onshore_fc_dayahead,0.000704,0.07,mlp_hourly_load_mimo_h24_load_mlp_b.csv
load,MIMO,mlp,permutation,60,w_thessaloniki_precipitation,0.000679,0.068,mlp_hourly_load_mimo_h24_load_mlp_b.csv
load,MIMO,mlp,permutation,61,w_heraklion_wind_speed_10m,0.000588,0.059,mlp_hourly_load_mimo_h24_load_mlp_b.csv
load,MIMO,mlp,permutation,62,w_heraklion_precipitation,0.000546,0.055,mlp_hourly_load_mimo_h24_load_mlp_b.csv
load,MIMO,mlp,permutation,63,w_gr_mean_wind_speed_10m,0.000544,0.054,mlp_hourly_load_mimo_h24_load_mlp_b.csv
load,MIMO,mlp,permutation,64,w_gr_mean_relative_humidity_2m,0.000526,0.053,mlp_hourly_load_mimo_h24_load_mlp_b.csv
load,MIMO,mlp,permutation,65,w_larissa_wind_speed_10m,0.000497,0.05,mlp_hourly_load_mimo_h24_load_mlp_b.csv
load,MIMO,mlp,permutation,66,w_larissa_precipitation,0.000488,0.049,mlp_hourly_load_mimo_h24_load_mlp_b.csv
load,MIMO,mlp,permutation,67,w_heraklion_cloud_cover,0.000481,0.048,mlp_hourly_load_mimo_h24_load_mlp_b.csv
load,MIMO,mlp,permutation,68,w_athens_cloud_cover,0.000461,0.046,mlp_hourly_load_mimo_h24_load_mlp_b.csv
load,MIMO,mlp,permutation,69,w_thessaloniki_relative_humidity_2m,0.000448,0.045,mlp_hourly_load_mimo_h24_load_mlp_b.csv
load,MIMO,mlp,permutation,70,y_lag48,0.000433,0.043,mlp_hourly_load_mimo_h24_load_mlp_b.csv
load,MIMO,mlp,permutation,71,w_patras_wind_gusts_10m,0.000427,0.043,mlp_hourly_load_mimo_h24_load_mlp_b.csv
load,MIMO,mlp,permutation,72,w_thessaloniki_wind_gusts_10m,0.000424,0.042,mlp_hourly_load_mimo_h24_load_mlp_b.csv
load,MIMO,mlp,permutation,73,load_lag24,0.000382,0.038,mlp_hourly_load_mimo_h24_load_mlp_b.csv
load,MIMO,mlp,permutation,74,load_lag48,0.000368,0.037,mlp_hourly_load_mimo_h24_load_mlp_b.csv
load,MIMO,mlp,permutation,75,y_lag24,0.000309,0.031,mlp_hourly_load_mimo_h24_load_mlp_b.csv
load,MIMO,mlp,permutation,76,w_thessaloniki_cloud_cover,0.000292,0.029,mlp_hourly_load_mimo_h24_load_mlp_b.csv
load,MIMO,mlp,permutation,77,w_patras_shortwave_radiation,0.000247,0.025,mlp_hourly_load_mimo_h24_load_mlp_b.csv
load,MIMO,mlp,permutation,78,w_athens_relative_humidity_2m,0.000228,0.023,mlp_hourly_load_mimo_h24_load_mlp_b.csv
load,MIMO,mlp,permutation,79,residual_load_lag168,0.000221,0.022,mlp_hourly_load_mimo_h24_load_mlp_b.csv
load,MIMO,mlp,permutation,80,dow_cos,0.000219,0.022,mlp_hourly_load_mimo_h24_load_mlp_b.csv
load,MIMO,mlp,permutation,81,w_patras_wind_speed_10m,0.000214,0.021,mlp_hourly_load_mimo_h24_load_mlp_b.csv
load,MIMO,mlp,permutation,82,gen_wind_lag168,0.000167,0.017,mlp_hourly_load_mimo_h24_load_mlp_b.csv
load,MIMO,mlp,permutation,83,w_athens_shortwave_radiation,0.000161,0.016,mlp_hourly_load_mimo_h24_load_mlp_b.csv
load,MIMO,mlp,permutation,84,w_thessaloniki_shortwave_radiation,0.000125,0.012,mlp_hourly_load_mimo_h24_load_mlp_b.csv
load,MIMO,mlp,permutation,85,w_thessaloniki_wind_speed_10m,0.00012,0.012,mlp_hourly_load_mimo_h24_load_mlp_b.csv
load,MIMO,mlp,permutation,86,wind_onshore_fc_dayahead_missing,8.3e-05,0.008,mlp_hourly_load_mimo_h24_load_mlp_b.csv
load,MIMO,mlp,permutation,87,w_athens_precipitation,2.5e-05,0.003,mlp_hourly_load_mimo_h24_load_mlp_b.csv
load,MIMO,mlp,permutation,88,gen_wind_lag24,2.1e-05,0.002,mlp_hourly_load_mimo_h24_load_mlp_b.csv
load,MIMO,mlp,permutation,89,gen_fc_dayahead,0.0,0.0,mlp_hourly_load_mimo_h24_load_mlp_b.csv
load,MIMO,mlp,permutation,90,solar_fc_dayahead_missing,0.0,0.0,mlp_hourly_load_mimo_h24_load_mlp_b.csv
load,MIMO,mlp,permutation,91,w_gr_mean_precipitation_missing,0.0,0.0,mlp_hourly_load_mimo_h24_load_mlp_b.csv
load,MIMO,mlp,permutation,92,w_gr_mean_relative_humidity_2m_missing,0.0,0.0,mlp_hourly_load_mimo_h24_load_mlp_b.csv
load,MIMO,mlp,permutation,93,w_gr_mean_temperature_2m_missing,0.0,0.0,mlp_hourly_load_mimo_h24_load_mlp_b.csv
load,MIMO,mlp,permutation,94,w_heraklion_relative_humidity_2m,0.0,0.0,mlp_hourly_load_mimo_h24_load_mlp_b.csv
load,MIMO,mlp,permutation,95,w_patras_temperature_2m,0.0,0.0,mlp_hourly_load_mimo_h24_load_mlp_b.csv
load,MIMO,mlp,permutation,96,w_patras_relative_humidity_2m,0.0,0.0,mlp_hourly_load_mimo_h24_load_mlp_b.csv
load,MIMO,mlp,permutation,97,w_gr_mean_wind_gusts_10m,0.0,0.0,mlp_hourly_load_mimo_h24_load_mlp_b.csv
load,MIMO,mlp,permutation,98,gen_fc_dayahead_missing,0.0,0.0,mlp_hourly_load_mimo_h24_load_mlp_b.csv
load,MIMO,mlp,permutation,99,w_patras_cloud_cover,0.0,0.0,mlp_hourly_load_mimo_h24_load_mlp_b.csv
load,MIMO,mlp,permutation,100,w_gr_mean_cloud_cover_missing,0.0,0.0,mlp_hourly_load_mimo_h24_load_mlp_b.csv
load,MIMO,mlp,permutation,101,w_gr_mean_wind_speed_10m_missing,0.0,0.0,mlp_hourly_load_mimo_h24_load_mlp_b.csv
load,MIMO,mlp,permutation,102,w_gr_mean_wind_gusts_10m_missing,0.0,0.0,mlp_hourly_load_mimo_h24_load_mlp_b.csv
load,MIMO,mlp,permutation,103,w_gr_mean_shortwave_radiation_missing,0.0,0.0,mlp_hourly_load_mimo_h24_load_mlp_b.csv
load,MIMO,mlp,permutation,104,w_heraklion_temperature_2m,0.0,0.0,mlp_hourly_load_mimo_h24_load_mlp_b.csv
load,MIMO,mlp,permutation,105,w_heraklion_precipitation_missing,0.0,0.0,mlp_hourly_load_mimo_h24_load_mlp_b.csv
load,MIMO,mlp,permutation,106,w_heraklion_wind_gusts_10m_missing,0.0,0.0,mlp_hourly_load_mimo_h24_load_mlp_b.csv
load,MIMO,mlp,permutation,107,w_heraklion_wind_speed_10m_missing,0.0,0.0,mlp_hourly_load_mimo_h24_load_mlp_b.csv
load,MIMO,mlp,permutation,108,w_heraklion_cloud_cover_missing,0.0,0.0,mlp_hourly_load_mimo_h24_load_mlp_b.csv
load,MIMO,mlp,permutation,109,w_heraklion_shortwave_radiation_missing,0.0,0.0,mlp_hourly_load_mimo_h24_load_mlp_b.csv
load,MIMO,mlp,permutation,110,y_lag3,0.0,0.0,mlp_hourly_load_mimo_h24_load_mlp_b.csv
load,MIMO,mlp,permutation,111,y_lag2,0.0,0.0,mlp_hourly_load_mimo_h24_load_mlp_b.csv
load,MIMO,mlp,permutation,112,dow_sin,0.0,0.0,mlp_hourly_load_mimo_h24_load_mlp_b.csv
load,MIMO,mlp,permutation,113,w_larissa_wind_speed_10m_missing,0.0,0.0,mlp_hourly_load_mimo_h24_load_mlp_b.csv
load,MIMO,mlp,permutation,114,w_larissa_wind_gusts_10m_missing,0.0,0.0,mlp_hourly_load_mimo_h24_load_mlp_b.csv
load,MIMO,mlp,permutation,115,w_larissa_shortwave_radiation_missing,0.0,0.0,mlp_hourly_load_mimo_h24_load_mlp_b.csv
load,MIMO,mlp,permutation,116,w_heraklion_temperature_2m_missing,0.0,0.0,mlp_hourly_load_mimo_h24_load_mlp_b.csv
load,MIMO,mlp,permutation,117,w_heraklion_relative_humidity_2m_missing,0.0,0.0,mlp_hourly_load_mimo_h24_load_mlp_b.csv
load,MIMO,mlp,permutation,118,w_larissa_temperature_2m_missing,0.0,0.0,mlp_hourly_load_mimo_h24_load_mlp_b.csv
load,MIMO,mlp,permutation,119,w_patras_shortwave_radiation_missing,0.0,0.0,mlp_hourly_load_mimo_h24_load_mlp_b.csv
load,MIMO,mlp,permutation,120,w_patras_wind_gusts_10m_missing,0.0,0.0,mlp_hourly_load_mimo_h24_load_mlp_b.csv
load,MIMO,mlp,permutation,121,w_patras_wind_speed_10m_missing,0.0,0.0,mlp_hourly_load_mimo_h24_load_mlp_b.csv
load,MIMO,mlp,permutation,122,w_patras_cloud_cover_missing,0.0,0.0,mlp_hourly_load_mimo_h24_load_mlp_b.csv
load,MIMO,mlp,permutation,123,w_patras_precipitation_missing,0.0,0.0,mlp_hourly_load_mimo_h24_load_mlp_b.csv
load,MIMO,mlp,permutation,124,w_patras_relative_humidity_2m_missing,0.0,0.0,mlp_hourly_load_mimo_h24_load_mlp_b.csv
load,MIMO,mlp,permutation,125,w_patras_temperature_2m_missing,0.0,0.0,mlp_hourly_load_mimo_h24_load_mlp_b.csv
load,MIMO,mlp,permutation,126,w_larissa_relative_humidity_2m_missing,0.0,0.0,mlp_hourly_load_mimo_h24_load_mlp_b.csv
load,MIMO,mlp,permutation,127,w_larissa_precipitation_missing,0.0,0.0,mlp_hourly_load_mimo_h24_load_mlp_b.csv
load,MIMO,mlp,permutation,128,w_larissa_cloud_cover_missing,0.0,0.0,mlp_hourly_load_mimo_h24_load_mlp_b.csv
load,MIMO,mlp,permutation,129,load_lag2,0.0,0.0,mlp_hourly_load_mimo_h24_load_mlp_b.csv
load,MIMO,mlp,permutation,130,residual_load_lag2,0.0,0.0,mlp_hourly_load_mimo_h24_load_mlp_b.csv
load,MIMO,mlp,permutation,131,load_lag3,0.0,0.0,mlp_hourly_load_mimo_h24_load_mlp_b.csv
load,MIMO,mlp,permutation,132,residual_load_lag12,0.0,0.0,mlp_hourly_load_mimo_h24_load_mlp_b.csv
load,MIMO,mlp,permutation,133,gen_wind_lag48,0.0,0.0,mlp_hourly_load_mimo_h24_load_mlp_b.csv
load,MIMO,rf,MDI (impurity),1,y_roll24,0.310109,31.011,rf_hourly_load_mimo_h24_load_rf_b.csv
load,MIMO,rf,MDI (impurity),2,hour_cos,0.156498,15.65,rf_hourly_load_mimo_h24_load_rf_b.csv
load,MIMO,rf,MDI (impurity),3,hour,0.142824,14.282,rf_hourly_load_mimo_h24_load_rf_b.csv
load,MIMO,rf,MDI (impurity),4,hour_sin,0.124339,12.434,rf_hourly_load_mimo_h24_load_rf_b.csv
load,MIMO,rf,MDI (impurity),5,y_roll168,0.051643,5.164,rf_hourly_load_mimo_h24_load_rf_b.csv
load,MIMO,rf,MDI (impurity),6,load_lag1,0.031602,3.16,rf_hourly_load_mimo_h24_load_rf_b.csv
load,MIMO,rf,MDI (impurity),7,y_lag1,0.030727,3.073,rf_hourly_load_mimo_h24_load_rf_b.csv
load,MIMO,rf,MDI (impurity),8,dow_sin,0.015041,1.504,rf_hourly_load_mimo_h24_load_rf_b.csv
load,MIMO,rf,MDI (impurity),9,dow,0.013559,1.356,rf_hourly_load_mimo_h24_load_rf_b.csv
load,MIMO,rf,MDI (impurity),10,y_lag2,0.012676,1.268,rf_hourly_load_mimo_h24_load_rf_b.csv
load,MIMO,rf,MDI (impurity),11,load_lag2,0.012553,1.255,rf_hourly_load_mimo_h24_load_rf_b.csv
load,MIMO,rf,MDI (impurity),12,y_lag6,0.011764,1.176,rf_hourly_load_mimo_h24_load_rf_b.csv
load,MIMO,rf,MDI (impurity),13,load_lag6,0.011519,1.152,rf_hourly_load_mimo_h24_load_rf_b.csv
load,MIMO,rf,MDI (impurity),14,y_lag12,0.007769,0.777,rf_hourly_load_mimo_h24_load_rf_b.csv
load,MIMO,rf,MDI (impurity),15,load_lag12,0.007336,0.734,rf_hourly_load_mimo_h24_load_rf_b.csv
load,MIMO,rf,MDI (impurity),16,dow_cos,0.007134,0.713,rf_hourly_load_mimo_h24_load_rf_b.csv
load,MIMO,rf,MDI (impurity),17,load_lag3,0.006745,0.675,rf_hourly_load_mimo_h24_load_rf_b.csv
load,MIMO,rf,MDI (impurity),18,y_lag3,0.006445,0.644,rf_hourly_load_mimo_h24_load_rf_b.csv
load,MIMO,rf,MDI (impurity),19,gen_solar_lag1,0.004275,0.427,rf_hourly_load_mimo_h24_load_rf_b.csv
load,MIMO,rf,MDI (impurity),20,gen_solar_lag2,0.003527,0.353,rf_hourly_load_mimo_h24_load_rf_b.csv
load,MIMO,rf,MDI (impurity),21,gen_solar_lag24,0.002864,0.286,rf_hourly_load_mimo_h24_load_rf_b.csv
load,MIMO,rf,MDI (impurity),22,is_holiday,0.001819,0.182,rf_hourly_load_mimo_h24_load_rf_b.csv
load,MIMO,rf,MDI (impurity),23,gen_solar_lag48,0.001749,0.175,rf_hourly_load_mimo_h24_load_rf_b.csv
load,MIMO,rf,MDI (impurity),24,w_gr_mean_temperature_2m,0.00162,0.162,rf_hourly_load_mimo_h24_load_rf_b.csv
load,MIMO,rf,MDI (impurity),25,load_lag24,0.001394,0.139,rf_hourly_load_mimo_h24_load_rf_b.csv
load,MIMO,rf,MDI (impurity),26,y_lag24,0.001388,0.139,rf_hourly_load_mimo_h24_load_rf_b.csv
load,MIMO,rf,MDI (impurity),27,w_larissa_temperature_2m,0.001183,0.118,rf_hourly_load_mimo_h24_load_rf_b.csv
load,MIMO,rf,MDI (impurity),28,gen_solar_lag168,0.001022,0.102,rf_hourly_load_mimo_h24_load_rf_b.csv
load,MIMO,rf,MDI (impurity),29,residual_load_lag12,0.000773,0.077,rf_hourly_load_mimo_h24_load_rf_b.csv
load,MIMO,rf,MDI (impurity),30,load_lag48,0.000735,0.074,rf_hourly_load_mimo_h24_load_rf_b.csv
load,MIMO,rf,MDI (impurity),31,y_lag48,0.000733,0.073,rf_hourly_load_mimo_h24_load_rf_b.csv
load,MIMO,rf,MDI (impurity),32,w_thessaloniki_temperature_2m,0.000727,0.073,rf_hourly_load_mimo_h24_load_rf_b.csv
load,MIMO,rf,MDI (impurity),33,w_athens_temperature_2m,0.000609,0.061,rf_hourly_load_mimo_h24_load_rf_b.csv
load,MIMO,rf,MDI (impurity),34,w_patras_temperature_2m,0.000603,0.06,rf_hourly_load_mimo_h24_load_rf_b.csv
load,MIMO,rf,MDI (impurity),35,residual_load_lag24,0.000546,0.055,rf_hourly_load_mimo_h24_load_rf_b.csv
load,MIMO,rf,MDI (impurity),36,residual_load_lag6,0.000515,0.052,rf_hourly_load_mimo_h24_load_rf_b.csv
load,MIMO,rf,MDI (impurity),37,residual_load_lag48,0.0005,0.05,rf_hourly_load_mimo_h24_load_rf_b.csv
load,MIMO,rf,MDI (impurity),38,gen_fc_dayahead,0.000485,0.049,rf_hourly_load_mimo_h24_load_rf_b.csv
load,MIMO,rf,MDI (impurity),39,w_larissa_relative_humidity_2m,0.000482,0.048,rf_hourly_load_mimo_h24_load_rf_b.csv
load,MIMO,rf,MDI (impurity),40,w_gr_mean_cloud_cover,0.000468,0.047,rf_hourly_load_mimo_h24_load_rf_b.csv
load,MIMO,rf,MDI (impurity),41,gen_wind_lag168,0.000467,0.047,rf_hourly_load_mimo_h24_load_rf_b.csv
load,MIMO,rf,MDI (impurity),42,residual_load_lag168,0.000465,0.047,rf_hourly_load_mimo_h24_load_rf_b.csv
load,MIMO,rf,MDI (impurity),43,gen_wind_lag48,0.000463,0.046,rf_hourly_load_mimo_h24_load_rf_b.csv
load,MIMO,rf,MDI (impurity),44,w_gr_mean_relative_humidity_2m,0.000457,0.046,rf_hourly_load_mimo_h24_load_rf_b.csv
load,MIMO,rf,MDI (impurity),45,w_gr_mean_shortwave_radiation,0.000457,0.046,rf_hourly_load_mimo_h24_load_rf_b.csv
load,MIMO,rf,MDI (impurity),46,gen_wind_lag24,0.000419,0.042,rf_hourly_load_mimo_h24_load_rf_b.csv
load,MIMO,rf,MDI (impurity),47,load_lag168,0.000399,0.04,rf_hourly_load_mimo_h24_load_rf_b.csv
load,MIMO,rf,MDI (impurity),48,y_lag168,0.000396,0.04,rf_hourly_load_mimo_h24_load_rf_b.csv
load,MIMO,rf,MDI (impurity),49,residual_load_lag1,0.000371,0.037,rf_hourly_load_mimo_h24_load_rf_b.csv
load,MIMO,rf,MDI (impurity),50,residual_load_lag3,0.000312,0.031,rf_hourly_load_mimo_h24_load_rf_b.csv
load,MIMO,rf,MDI (impurity),51,w_gr_mean_wind_speed_10m,0.000308,0.031,rf_hourly_load_mimo_h24_load_rf_b.csv
load,MIMO,rf,MDI (impurity),52,w_larissa_cloud_cover,0.000295,0.03,rf_hourly_load_mimo_h24_load_rf_b.csv
load,MIMO,rf,MDI (impurity),53,solar_fc_dayahead,0.000287,0.029,rf_hourly_load_mimo_h24_load_rf_b.csv
load,MIMO,rf,MDI (impurity),54,w_gr_mean_wind_gusts_10m,0.000283,0.028,rf_hourly_load_mimo_h24_load_rf_b.csv
load,MIMO,rf,MDI (impurity),55,gen_wind_lag1,0.000283,0.028,rf_hourly_load_mimo_h24_load_rf_b.csv
load,MIMO,rf,MDI (impurity),56,w_heraklion_temperature_2m,0.00028,0.028,rf_hourly_load_mimo_h24_load_rf_b.csv
load,MIMO,rf,MDI (impurity),57,gen_wind_lag2,0.000267,0.027,rf_hourly_load_mimo_h24_load_rf_b.csv
load,MIMO,rf,MDI (impurity),58,w_athens_relative_humidity_2m,0.000266,0.027,rf_hourly_load_mimo_h24_load_rf_b.csv
load,MIMO,rf,MDI (impurity),59,residual_load_lag2,0.000261,0.026,rf_hourly_load_mimo_h24_load_rf_b.csv
load,MIMO,rf,MDI (impurity),60,w_larissa_shortwave_radiation,0.000258,0.026,rf_hourly_load_mimo_h24_load_rf_b.csv
load,MIMO,rf,MDI (impurity),61,w_thessaloniki_relative_humidity_2m,0.000258,0.026,rf_hourly_load_mimo_h24_load_rf_b.csv
load,MIMO,rf,MDI (impurity),62,w_patras_relative_humidity_2m,0.000251,0.025,rf_hourly_load_mimo_h24_load_rf_b.csv
load,MIMO,rf,MDI (impurity),63,wind_onshore_fc_dayahead,0.000249,0.025,rf_hourly_load_mimo_h24_load_rf_b.csv
load,MIMO,rf,MDI (impurity),64,w_larissa_wind_gusts_10m,0.000237,0.024,rf_hourly_load_mimo_h24_load_rf_b.csv
load,MIMO,rf,MDI (impurity),65,w_larissa_wind_speed_10m,0.000236,0.024,rf_hourly_load_mimo_h24_load_rf_b.csv
load,MIMO,rf,MDI (impurity),66,w_thessaloniki_wind_speed_10m,0.000231,0.023,rf_hourly_load_mimo_h24_load_rf_b.csv
load,MIMO,rf,MDI (impurity),67,w_heraklion_relative_humidity_2m,0.000223,0.022,rf_hourly_load_mimo_h24_load_rf_b.csv
load,MIMO,rf,MDI (impurity),68,w_heraklion_cloud_cover,0.000218,0.022,rf_hourly_load_mimo_h24_load_rf_b.csv
load,MIMO,rf,MDI (impurity),69,w_athens_shortwave_radiation,0.000216,0.022,rf_hourly_load_mimo_h24_load_rf_b.csv
load,MIMO,rf,MDI (impurity),70,w_thessaloniki_wind_gusts_10m,0.000215,0.021,rf_hourly_load_mimo_h24_load_rf_b.csv
load,MIMO,rf,MDI (impurity),71,w_athens_wind_speed_10m,0.00021,0.021,rf_hourly_load_mimo_h24_load_rf_b.csv
load,MIMO,rf,MDI (impurity),72,w_athens_cloud_cover,0.000199,0.02,rf_hourly_load_mimo_h24_load_rf_b.csv
load,MIMO,rf,MDI (impurity),73,w_thessaloniki_cloud_cover,0.00019,0.019,rf_hourly_load_mimo_h24_load_rf_b.csv
load,MIMO,rf,MDI (impurity),74,w_patras_wind_speed_10m,0.000187,0.019,rf_hourly_load_mimo_h24_load_rf_b.csv
load,MIMO,rf,MDI (impurity),75,w_heraklion_shortwave_radiation,0.000186,0.019,rf_hourly_load_mimo_h24_load_rf_b.csv
load,MIMO,rf,MDI (impurity),76,w_athens_wind_gusts_10m,0.000177,0.018,rf_hourly_load_mimo_h24_load_rf_b.csv
load,MIMO,rf,MDI (impurity),77,w_patras_wind_gusts_10m,0.000177,0.018,rf_hourly_load_mimo_h24_load_rf_b.csv
load,MIMO,rf,MDI (impurity),78,w_patras_cloud_cover,0.000175,0.017,rf_hourly_load_mimo_h24_load_rf_b.csv
load,MIMO,rf,MDI (impurity),79,w_patras_shortwave_radiation,0.000173,0.017,rf_hourly_load_mimo_h24_load_rf_b.csv
load,MIMO,rf,MDI (impurity),80,w_thessaloniki_shortwave_radiation,0.000168,0.017,rf_hourly_load_mimo_h24_load_rf_b.csv
load,MIMO,rf,MDI (impurity),81,w_heraklion_wind_speed_10m,0.000135,0.014,rf_hourly_load_mimo_h24_load_rf_b.csv
load,MIMO,rf,MDI (impurity),82,w_heraklion_wind_gusts_10m,0.00013,0.013,rf_hourly_load_mimo_h24_load_rf_b.csv
load,MIMO,rf,MDI (impurity),83,w_gr_mean_precipitation,9.1e-05,0.009,rf_hourly_load_mimo_h24_load_rf_b.csv
load,MIMO,rf,MDI (impurity),84,w_larissa_precipitation,2.2e-05,0.002,rf_hourly_load_mimo_h24_load_rf_b.csv
load,MIMO,rf,MDI (impurity),85,solar_fc_dayahead_missing,2e-05,0.002,rf_hourly_load_mimo_h24_load_rf_b.csv
load,MIMO,rf,MDI (impurity),86,wind_onshore_fc_dayahead_missing,1.7e-05,0.002,rf_hourly_load_mimo_h24_load_rf_b.csv
load,MIMO,rf,MDI (impurity),87,w_patras_precipitation,1.2e-05,0.001,rf_hourly_load_mimo_h24_load_rf_b.csv
load,MIMO,rf,MDI (impurity),88,w_athens_precipitation,1.1e-05,0.001,rf_hourly_load_mimo_h24_load_rf_b.csv
load,MIMO,rf,MDI (impurity),89,w_heraklion_precipitation,9e-06,0.001,rf_hourly_load_mimo_h24_load_rf_b.csv
load,MIMO,rf,MDI (impurity),90,w_thessaloniki_precipitation,8e-06,0.001,rf_hourly_load_mimo_h24_load_rf_b.csv
load,MIMO,rf,MDI (impurity),91,w_patras_wind_speed_10m_missing,3e-06,0.0,rf_hourly_load_mimo_h24_load_rf_b.csv
load,MIMO,rf,MDI (impurity),92,w_patras_precipitation_missing,3e-06,0.0,rf_hourly_load_mimo_h24_load_rf_b.csv
load,MIMO,rf,MDI (impurity),93,w_patras_temperature_2m_missing,3e-06,0.0,rf_hourly_load_mimo_h24_load_rf_b.csv
load,MIMO,rf,MDI (impurity),94,w_patras_shortwave_radiation_missing,3e-06,0.0,rf_hourly_load_mimo_h24_load_rf_b.csv
load,MIMO,rf,MDI (impurity),95,w_patras_relative_humidity_2m_missing,3e-06,0.0,rf_hourly_load_mimo_h24_load_rf_b.csv
load,MIMO,rf,MDI (impurity),96,w_patras_wind_gusts_10m_missing,3e-06,0.0,rf_hourly_load_mimo_h24_load_rf_b.csv
load,MIMO,rf,MDI (impurity),97,w_patras_cloud_cover_missing,3e-06,0.0,rf_hourly_load_mimo_h24_load_rf_b.csv
load,MIMO,rf,MDI (impurity),98,w_heraklion_cloud_cover_missing,2e-06,0.0,rf_hourly_load_mimo_h24_load_rf_b.csv
load,MIMO,rf,MDI (impurity),99,gen_fc_dayahead_missing,2e-06,0.0,rf_hourly_load_mimo_h24_load_rf_b.csv
load,MIMO,rf,MDI (impurity),100,w_heraklion_shortwave_radiation_missing,2e-06,0.0,rf_hourly_load_mimo_h24_load_rf_b.csv
load,MIMO,rf,MDI (impurity),101,w_heraklion_precipitation_missing,2e-06,0.0,rf_hourly_load_mimo_h24_load_rf_b.csv
load,MIMO,rf,MDI (impurity),102,w_heraklion_temperature_2m_missing,2e-06,0.0,rf_hourly_load_mimo_h24_load_rf_b.csv
load,MIMO,rf,MDI (impurity),103,w_heraklion_relative_humidity_2m_missing,2e-06,0.0,rf_hourly_load_mimo_h24_load_rf_b.csv
load,MIMO,rf,MDI (impurity),104,w_heraklion_wind_speed_10m_missing,2e-06,0.0,rf_hourly_load_mimo_h24_load_rf_b.csv
load,MIMO,rf,MDI (impurity),105,w_heraklion_wind_gusts_10m_missing,2e-06,0.0,rf_hourly_load_mimo_h24_load_rf_b.csv
load,MIMO,rf,MDI (impurity),106,w_thessaloniki_wind_speed_10m_missing,2e-06,0.0,rf_hourly_load_mimo_h24_load_rf_b.csv
load,MIMO,rf,MDI (impurity),107,w_athens_temperature_2m_missing,2e-06,0.0,rf_hourly_load_mimo_h24_load_rf_b.csv
load,MIMO,rf,MDI (impurity),108,w_athens_cloud_cover_missing,2e-06,0.0,rf_hourly_load_mimo_h24_load_rf_b.csv
load,MIMO,rf,MDI (impurity),109,w_thessaloniki_wind_gusts_10m_missing,2e-06,0.0,rf_hourly_load_mimo_h24_load_rf_b.csv
load,MIMO,rf,MDI (impurity),110,w_athens_wind_gusts_10m_missing,2e-06,0.0,rf_hourly_load_mimo_h24_load_rf_b.csv
load,MIMO,rf,MDI (impurity),111,w_thessaloniki_temperature_2m_missing,1e-06,0.0,rf_hourly_load_mimo_h24_load_rf_b.csv
load,MIMO,rf,MDI (impurity),112,w_athens_relative_humidity_2m_missing,1e-06,0.0,rf_hourly_load_mimo_h24_load_rf_b.csv
load,MIMO,rf,MDI (impurity),113,w_athens_precipitation_missing,1e-06,0.0,rf_hourly_load_mimo_h24_load_rf_b.csv
load,MIMO,rf,MDI (impurity),114,w_athens_shortwave_radiation_missing,1e-06,0.0,rf_hourly_load_mimo_h24_load_rf_b.csv
load,MIMO,rf,MDI (impurity),115,w_thessaloniki_precipitation_missing,1e-06,0.0,rf_hourly_load_mimo_h24_load_rf_b.csv
load,MIMO,rf,MDI (impurity),116,w_thessaloniki_cloud_cover_missing,1e-06,0.0,rf_hourly_load_mimo_h24_load_rf_b.csv
load,MIMO,rf,MDI (impurity),117,w_thessaloniki_shortwave_radiation_missing,1e-06,0.0,rf_hourly_load_mimo_h24_load_rf_b.csv
load,MIMO,rf,MDI (impurity),118,w_thessaloniki_relative_humidity_2m_missing,1e-06,0.0,rf_hourly_load_mimo_h24_load_rf_b.csv
load,MIMO,rf,MDI (impurity),119,w_gr_mean_shortwave_radiation_missing,1e-06,0.0,rf_hourly_load_mimo_h24_load_rf_b.csv
load,MIMO,rf,MDI (impurity),120,w_gr_mean_cloud_cover_missing,1e-06,0.0,rf_hourly_load_mimo_h24_load_rf_b.csv
load,MIMO,rf,MDI (impurity),121,w_larissa_wind_gusts_10m_missing,1e-06,0.0,rf_hourly_load_mimo_h24_load_rf_b.csv
load,MIMO,rf,MDI (impurity),122,w_athens_wind_speed_10m_missing,1e-06,0.0,rf_hourly_load_mimo_h24_load_rf_b.csv
load,MIMO,rf,MDI (impurity),123,w_gr_mean_wind_speed_10m_missing,1e-06,0.0,rf_hourly_load_mimo_h24_load_rf_b.csv
load,MIMO,rf,MDI (impurity),124,w_gr_mean_temperature_2m_missing,1e-06,0.0,rf_hourly_load_mimo_h24_load_rf_b.csv
load,MIMO,rf,MDI (impurity),125,w_larissa_precipitation_missing,1e-06,0.0,rf_hourly_load_mimo_h24_load_rf_b.csv
load,MIMO,rf,MDI (impurity),126,w_gr_mean_relative_humidity_2m_missing,1e-06,0.0,rf_hourly_load_mimo_h24_load_rf_b.csv
load,MIMO,rf,MDI (impurity),127,w_gr_mean_precipitation_missing,1e-06,0.0,rf_hourly_load_mimo_h24_load_rf_b.csv
load,MIMO,rf,MDI (impurity),128,w_larissa_wind_speed_10m_missing,1e-06,0.0,rf_hourly_load_mimo_h24_load_rf_b.csv
load,MIMO,rf,MDI (impurity),129,w_larissa_shortwave_radiation_missing,1e-06,0.0,rf_hourly_load_mimo_h24_load_rf_b.csv
load,MIMO,rf,MDI (impurity),130,w_larissa_temperature_2m_missing,1e-06,0.0,rf_hourly_load_mimo_h24_load_rf_b.csv
load,MIMO,rf,MDI (impurity),131,w_larissa_relative_humidity_2m_missing,1e-06,0.0,rf_hourly_load_mimo_h24_load_rf_b.csv
load,MIMO,rf,MDI (impurity),132,w_gr_mean_wind_gusts_10m_missing,1e-06,0.0,rf_hourly_load_mimo_h24_load_rf_b.csv
load,MIMO,rf,MDI (impurity),133,w_larissa_cloud_cover_missing,1e-06,0.0,rf_hourly_load_mimo_h24_load_rf_b.csv
load,MIMO,svr,permutation,1,y_lag1,0.107266,10.727,svr_hourly_load_mimo_h24_load_svr_b.csv
load,MIMO,svr,permutation,2,load_lag1,0.100937,10.094,svr_hourly_load_mimo_h24_load_svr_b.csv
load,MIMO,svr,permutation,3,gen_fc_dayahead,0.050783,5.078,svr_hourly_load_mimo_h24_load_svr_b.csv
load,MIMO,svr,permutation,4,residual_load_lag1,0.047271,4.727,svr_hourly_load_mimo_h24_load_svr_b.csv
load,MIMO,svr,permutation,5,y_lag24,0.04634,4.634,svr_hourly_load_mimo_h24_load_svr_b.csv
load,MIMO,svr,permutation,6,hour_cos,0.044616,4.462,svr_hourly_load_mimo_h24_load_svr_b.csv
load,MIMO,svr,permutation,7,y_lag2,0.043201,4.32,svr_hourly_load_mimo_h24_load_svr_b.csv
load,MIMO,svr,permutation,8,load_lag2,0.039445,3.944,svr_hourly_load_mimo_h24_load_svr_b.csv
load,MIMO,svr,permutation,9,load_lag24,0.034172,3.417,svr_hourly_load_mimo_h24_load_svr_b.csv
load,MIMO,svr,permutation,10,y_roll24,0.033857,3.386,svr_hourly_load_mimo_h24_load_svr_b.csv
load,MIMO,svr,permutation,11,w_larissa_temperature_2m,0.03283,3.283,svr_hourly_load_mimo_h24_load_svr_b.csv
load,MIMO,svr,permutation,12,y_lag168,0.032545,3.254,svr_hourly_load_mimo_h24_load_svr_b.csv
load,MIMO,svr,permutation,13,dow,0.030569,3.057,svr_hourly_load_mimo_h24_load_svr_b.csv
load,MIMO,svr,permutation,14,load_lag168,0.029172,2.917,svr_hourly_load_mimo_h24_load_svr_b.csv
load,MIMO,svr,permutation,15,y_lag48,0.024113,2.411,svr_hourly_load_mimo_h24_load_svr_b.csv
load,MIMO,svr,permutation,16,y_lag3,0.022387,2.239,svr_hourly_load_mimo_h24_load_svr_b.csv
load,MIMO,svr,permutation,17,w_heraklion_temperature_2m,0.018557,1.856,svr_hourly_load_mimo_h24_load_svr_b.csv
load,MIMO,svr,permutation,18,residual_load_lag168,0.017222,1.722,svr_hourly_load_mimo_h24_load_svr_b.csv
load,MIMO,svr,permutation,19,load_lag6,0.016762,1.676,svr_hourly_load_mimo_h24_load_svr_b.csv
load,MIMO,svr,permutation,20,load_lag3,0.015756,1.576,svr_hourly_load_mimo_h24_load_svr_b.csv
load,MIMO,svr,permutation,21,load_lag48,0.01562,1.562,svr_hourly_load_mimo_h24_load_svr_b.csv
load,MIMO,svr,permutation,22,w_patras_temperature_2m,0.015065,1.507,svr_hourly_load_mimo_h24_load_svr_b.csv
load,MIMO,svr,permutation,23,w_gr_mean_temperature_2m,0.014799,1.48,svr_hourly_load_mimo_h24_load_svr_b.csv
load,MIMO,svr,permutation,24,y_lag6,0.013984,1.398,svr_hourly_load_mimo_h24_load_svr_b.csv
load,MIMO,svr,permutation,25,residual_load_lag24,0.013784,1.378,svr_hourly_load_mimo_h24_load_svr_b.csv
load,MIMO,svr,permutation,26,w_gr_mean_precipitation,0.009874,0.987,svr_hourly_load_mimo_h24_load_svr_b.csv
load,MIMO,svr,permutation,27,w_thessaloniki_wind_gusts_10m,0.00906,0.906,svr_hourly_load_mimo_h24_load_svr_b.csv
load,MIMO,svr,permutation,28,residual_load_lag48,0.008821,0.882,svr_hourly_load_mimo_h24_load_svr_b.csv
load,MIMO,svr,permutation,29,dow_cos,0.008174,0.817,svr_hourly_load_mimo_h24_load_svr_b.csv
load,MIMO,svr,permutation,30,w_larissa_cloud_cover,0.007325,0.732,svr_hourly_load_mimo_h24_load_svr_b.csv
load,MIMO,svr,permutation,31,w_thessaloniki_wind_speed_10m,0.006991,0.699,svr_hourly_load_mimo_h24_load_svr_b.csv
load,MIMO,svr,permutation,32,w_athens_shortwave_radiation,0.006248,0.625,svr_hourly_load_mimo_h24_load_svr_b.csv
load,MIMO,svr,permutation,33,y_roll168,0.006046,0.605,svr_hourly_load_mimo_h24_load_svr_b.csv
load,MIMO,svr,permutation,34,w_thessaloniki_shortwave_radiation,0.005805,0.58,svr_hourly_load_mimo_h24_load_svr_b.csv
load,MIMO,svr,permutation,35,w_larissa_precipitation,0.005067,0.507,svr_hourly_load_mimo_h24_load_svr_b.csv
load,MIMO,svr,permutation,36,wind_onshore_fc_dayahead_missing,0.005001,0.5,svr_hourly_load_mimo_h24_load_svr_b.csv
load,MIMO,svr,permutation,37,gen_wind_lag1,0.004434,0.443,svr_hourly_load_mimo_h24_load_svr_b.csv
load,MIMO,svr,permutation,38,w_heraklion_wind_gusts_10m,0.003974,0.397,svr_hourly_load_mimo_h24_load_svr_b.csv
load,MIMO,svr,permutation,39,w_athens_cloud_cover,0.003934,0.393,svr_hourly_load_mimo_h24_load_svr_b.csv
load,MIMO,svr,permutation,40,w_gr_mean_wind_speed_10m,0.003874,0.387,svr_hourly_load_mimo_h24_load_svr_b.csv
load,MIMO,svr,permutation,41,is_holiday,0.003807,0.381,svr_hourly_load_mimo_h24_load_svr_b.csv
load,MIMO,svr,permutation,42,w_heraklion_wind_speed_10m,0.003727,0.373,svr_hourly_load_mimo_h24_load_svr_b.csv
load,MIMO,svr,permutation,43,residual_load_lag12,0.003695,0.369,svr_hourly_load_mimo_h24_load_svr_b.csv
load,MIMO,svr,permutation,44,w_patras_precipitation,0.003244,0.324,svr_hourly_load_mimo_h24_load_svr_b.csv
load,MIMO,svr,permutation,45,w_gr_mean_cloud_cover,0.002953,0.295,svr_hourly_load_mimo_h24_load_svr_b.csv
load,MIMO,svr,permutation,46,w_thessaloniki_relative_humidity_2m,0.002724,0.272,svr_hourly_load_mimo_h24_load_svr_b.csv
load,MIMO,svr,permutation,47,gen_wind_lag24,0.002508,0.251,svr_hourly_load_mimo_h24_load_svr_b.csv
load,MIMO,svr,permutation,48,dow_sin,0.00248,0.248,svr_hourly_load_mimo_h24_load_svr_b.csv
load,MIMO,svr,permutation,49,w_thessaloniki_wind_gusts_10m_missing,0.002363,0.236,svr_hourly_load_mimo_h24_load_svr_b.csv
load,MIMO,svr,permutation,50,wind_onshore_fc_dayahead,0.002188,0.219,svr_hourly_load_mimo_h24_load_svr_b.csv
load,MIMO,svr,permutation,51,w_heraklion_cloud_cover,0.002157,0.216,svr_hourly_load_mimo_h24_load_svr_b.csv
load,MIMO,svr,permutation,52,gen_wind_lag2,0.001878,0.188,svr_hourly_load_mimo_h24_load_svr_b.csv
load,MIMO,svr,permutation,53,residual_load_lag6,0.001393,0.139,svr_hourly_load_mimo_h24_load_svr_b.csv
load,MIMO,svr,permutation,54,hour,0.001383,0.138,svr_hourly_load_mimo_h24_load_svr_b.csv
load,MIMO,svr,permutation,55,w_thessaloniki_cloud_cover_missing,0.001157,0.116,svr_hourly_load_mimo_h24_load_svr_b.csv
load,MIMO,svr,permutation,56,w_larissa_relative_humidity_2m,0.001038,0.104,svr_hourly_load_mimo_h24_load_svr_b.csv
load,MIMO,svr,permutation,57,w_athens_wind_gusts_10m,0.000932,0.093,svr_hourly_load_mimo_h24_load_svr_b.csv
load,MIMO,svr,permutation,58,hour_sin,0.000753,0.075,svr_hourly_load_mimo_h24_load_svr_b.csv
load,MIMO,svr,permutation,59,w_athens_wind_speed_10m,0.000713,0.071,svr_hourly_load_mimo_h24_load_svr_b.csv
load,MIMO,svr,permutation,60,w_patras_wind_speed_10m,0.000705,0.07,svr_hourly_load_mimo_h24_load_svr_b.csv
load,MIMO,svr,permutation,61,w_athens_wind_speed_10m_missing,0.000701,0.07,svr_hourly_load_mimo_h24_load_svr_b.csv
load,MIMO,svr,permutation,62,w_thessaloniki_relative_humidity_2m_missing,0.000693,0.069,svr_hourly_load_mimo_h24_load_svr_b.csv
load,MIMO,svr,permutation,63,w_athens_temperature_2m_missing,0.000533,0.053,svr_hourly_load_mimo_h24_load_svr_b.csv
load,MIMO,svr,permutation,64,w_athens_shortwave_radiation_missing,0.000322,0.032,svr_hourly_load_mimo_h24_load_svr_b.csv
load,MIMO,svr,permutation,65,gen_solar_lag168,0.000244,0.024,svr_hourly_load_mimo_h24_load_svr_b.csv
load,MIMO,svr,permutation,66,w_patras_relative_humidity_2m,2.8e-05,0.003,svr_hourly_load_mimo_h24_load_svr_b.csv
load,MIMO,svr,permutation,67,solar_fc_dayahead,0.0,0.0,svr_hourly_load_mimo_h24_load_svr_b.csv
load,MIMO,svr,permutation,68,solar_fc_dayahead_missing,0.0,0.0,svr_hourly_load_mimo_h24_load_svr_b.csv
load,MIMO,svr,permutation,69,w_gr_mean_relative_humidity_2m,0.0,0.0,svr_hourly_load_mimo_h24_load_svr_b.csv
load,MIMO,svr,permutation,70,w_thessaloniki_shortwave_radiation_missing,0.0,0.0,svr_hourly_load_mimo_h24_load_svr_b.csv
load,MIMO,svr,permutation,71,w_thessaloniki_wind_speed_10m_missing,0.0,0.0,svr_hourly_load_mimo_h24_load_svr_b.csv
load,MIMO,svr,permutation,72,w_thessaloniki_temperature_2m_missing,0.0,0.0,svr_hourly_load_mimo_h24_load_svr_b.csv
load,MIMO,svr,permutation,73,w_thessaloniki_precipitation_missing,0.0,0.0,svr_hourly_load_mimo_h24_load_svr_b.csv
load,MIMO,svr,permutation,74,w_athens_relative_humidity_2m_missing,0.0,0.0,svr_hourly_load_mimo_h24_load_svr_b.csv
load,MIMO,svr,permutation,75,w_athens_precipitation_missing,0.0,0.0,svr_hourly_load_mimo_h24_load_svr_b.csv
load,MIMO,svr,permutation,76,w_athens_cloud_cover_missing,0.0,0.0,svr_hourly_load_mimo_h24_load_svr_b.csv
load,MIMO,svr,permutation,77,w_athens_wind_gusts_10m_missing,0.0,0.0,svr_hourly_load_mimo_h24_load_svr_b.csv
load,MIMO,svr,permutation,78,w_gr_mean_wind_gusts_10m_missing,0.0,0.0,svr_hourly_load_mimo_h24_load_svr_b.csv
load,MIMO,svr,permutation,79,w_gr_mean_shortwave_radiation_missing,0.0,0.0,svr_hourly_load_mimo_h24_load_svr_b.csv
load,MIMO,svr,permutation,80,w_heraklion_shortwave_radiation,0.0,0.0,svr_hourly_load_mimo_h24_load_svr_b.csv
load,MIMO,svr,permutation,81,w_gr_mean_temperature_2m_missing,0.0,0.0,svr_hourly_load_mimo_h24_load_svr_b.csv
load,MIMO,svr,permutation,82,w_gr_mean_relative_humidity_2m_missing,0.0,0.0,svr_hourly_load_mimo_h24_load_svr_b.csv
load,MIMO,svr,permutation,83,w_gr_mean_precipitation_missing,0.0,0.0,svr_hourly_load_mimo_h24_load_svr_b.csv
load,MIMO,svr,permutation,84,w_gr_mean_cloud_cover_missing,0.0,0.0,svr_hourly_load_mimo_h24_load_svr_b.csv
load,MIMO,svr,permutation,85,w_gr_mean_wind_speed_10m_missing,0.0,0.0,svr_hourly_load_mimo_h24_load_svr_b.csv
load,MIMO,svr,permutation,86,w_larissa_wind_speed_10m,0.0,0.0,svr_hourly_load_mimo_h24_load_svr_b.csv
load,MIMO,svr,permutation,87,w_larissa_shortwave_radiation,0.0,0.0,svr_hourly_load_mimo_h24_load_svr_b.csv
load,MIMO,svr,permutation,88,w_larissa_wind_gusts_10m,0.0,0.0,svr_hourly_load_mimo_h24_load_svr_b.csv
load,MIMO,svr,permutation,89,w_heraklion_precipitation,0.0,0.0,svr_hourly_load_mimo_h24_load_svr_b.csv
load,MIMO,svr,permutation,90,w_heraklion_relative_humidity_2m,0.0,0.0,svr_hourly_load_mimo_h24_load_svr_b.csv
load,MIMO,svr,permutation,91,gen_fc_dayahead_missing,0.0,0.0,svr_hourly_load_mimo_h24_load_svr_b.csv
load,MIMO,svr,permutation,92,w_gr_mean_wind_gusts_10m,0.0,0.0,svr_hourly_load_mimo_h24_load_svr_b.csv
load,MIMO,svr,permutation,93,w_gr_mean_shortwave_radiation,0.0,0.0,svr_hourly_load_mimo_h24_load_svr_b.csv
load,MIMO,svr,permutation,94,w_thessaloniki_temperature_2m,0.0,0.0,svr_hourly_load_mimo_h24_load_svr_b.csv
load,MIMO,svr,permutation,95,w_athens_temperature_2m,0.0,0.0,svr_hourly_load_mimo_h24_load_svr_b.csv
load,MIMO,svr,permutation,96,w_athens_relative_humidity_2m,0.0,0.0,svr_hourly_load_mimo_h24_load_svr_b.csv
load,MIMO,svr,permutation,97,w_thessaloniki_cloud_cover,0.0,0.0,svr_hourly_load_mimo_h24_load_svr_b.csv
load,MIMO,svr,permutation,98,w_thessaloniki_precipitation,0.0,0.0,svr_hourly_load_mimo_h24_load_svr_b.csv
load,MIMO,svr,permutation,99,w_patras_cloud_cover,0.0,0.0,svr_hourly_load_mimo_h24_load_svr_b.csv
load,MIMO,svr,permutation,100,w_patras_wind_gusts_10m,0.0,0.0,svr_hourly_load_mimo_h24_load_svr_b.csv
load,MIMO,svr,permutation,101,w_patras_shortwave_radiation,0.0,0.0,svr_hourly_load_mimo_h24_load_svr_b.csv
load,MIMO,svr,permutation,102,w_athens_precipitation,0.0,0.0,svr_hourly_load_mimo_h24_load_svr_b.csv
load,MIMO,svr,permutation,103,w_heraklion_wind_gusts_10m_missing,0.0,0.0,svr_hourly_load_mimo_h24_load_svr_b.csv
load,MIMO,svr,permutation,104,w_heraklion_cloud_cover_missing,0.0,0.0,svr_hourly_load_mimo_h24_load_svr_b.csv
load,MIMO,svr,permutation,105,w_heraklion_precipitation_missing,0.0,0.0,svr_hourly_load_mimo_h24_load_svr_b.csv
load,MIMO,svr,permutation,106,w_heraklion_shortwave_radiation_missing,0.0,0.0,svr_hourly_load_mimo_h24_load_svr_b.csv
load,MIMO,svr,permutation,107,w_heraklion_wind_speed_10m_missing,0.0,0.0,svr_hourly_load_mimo_h24_load_svr_b.csv
load,MIMO,svr,permutation,108,w_patras_shortwave_radiation_missing,0.0,0.0,svr_hourly_load_mimo_h24_load_svr_b.csv
load,MIMO,svr,permutation,109,w_larissa_temperature_2m_missing,0.0,0.0,svr_hourly_load_mimo_h24_load_svr_b.csv
load,MIMO,svr,permutation,110,w_larissa_relative_humidity_2m_missing,0.0,0.0,svr_hourly_load_mimo_h24_load_svr_b.csv
load,MIMO,svr,permutation,111,w_larissa_precipitation_missing,0.0,0.0,svr_hourly_load_mimo_h24_load_svr_b.csv
load,MIMO,svr,permutation,112,w_larissa_cloud_cover_missing,0.0,0.0,svr_hourly_load_mimo_h24_load_svr_b.csv
load,MIMO,svr,permutation,113,w_larissa_wind_speed_10m_missing,0.0,0.0,svr_hourly_load_mimo_h24_load_svr_b.csv
load,MIMO,svr,permutation,114,w_larissa_wind_gusts_10m_missing,0.0,0.0,svr_hourly_load_mimo_h24_load_svr_b.csv
load,MIMO,svr,permutation,115,w_larissa_shortwave_radiation_missing,0.0,0.0,svr_hourly_load_mimo_h24_load_svr_b.csv
load,MIMO,svr,permutation,116,w_heraklion_temperature_2m_missing,0.0,0.0,svr_hourly_load_mimo_h24_load_svr_b.csv
load,MIMO,svr,permutation,117,w_heraklion_relative_humidity_2m_missing,0.0,0.0,svr_hourly_load_mimo_h24_load_svr_b.csv
load,MIMO,svr,permutation,118,w_patras_cloud_cover_missing,0.0,0.0,svr_hourly_load_mimo_h24_load_svr_b.csv
load,MIMO,svr,permutation,119,w_patras_precipitation_missing,0.0,0.0,svr_hourly_load_mimo_h24_load_svr_b.csv
load,MIMO,svr,permutation,120,w_patras_relative_humidity_2m_missing,0.0,0.0,svr_hourly_load_mimo_h24_load_svr_b.csv
load,MIMO,svr,permutation,121,w_patras_wind_speed_10m_missing,0.0,0.0,svr_hourly_load_mimo_h24_load_svr_b.csv
load,MIMO,svr,permutation,122,w_patras_temperature_2m_missing,0.0,0.0,svr_hourly_load_mimo_h24_load_svr_b.csv
load,MIMO,svr,permutation,123,w_patras_wind_gusts_10m_missing,0.0,0.0,svr_hourly_load_mimo_h24_load_svr_b.csv
load,MIMO,svr,permutation,124,load_lag12,0.0,0.0,svr_hourly_load_mimo_h24_load_svr_b.csv
load,MIMO,svr,permutation,125,y_lag12,0.0,0.0,svr_hourly_load_mimo_h24_load_svr_b.csv
load,MIMO,svr,permutation,126,residual_load_lag3,0.0,0.0,svr_hourly_load_mimo_h24_load_svr_b.csv
load,MIMO,svr,permutation,127,residual_load_lag2,0.0,0.0,svr_hourly_load_mimo_h24_load_svr_b.csv
load,MIMO,svr,permutation,128,gen_solar_lag2,0.0,0.0,svr_hourly_load_mimo_h24_load_svr_b.csv
load,MIMO,svr,permutation,129,gen_solar_lag1,0.0,0.0,svr_hourly_load_mimo_h24_load_svr_b.csv
load,MIMO,svr,permutation,130,gen_solar_lag48,0.0,0.0,svr_hourly_load_mimo_h24_load_svr_b.csv
load,MIMO,svr,permutation,131,gen_solar_lag24,0.0,0.0,svr_hourly_load_mimo_h24_load_svr_b.csv
load,MIMO,svr,permutation,132,gen_wind_lag168,0.0,0.0,svr_hourly_load_mimo_h24_load_svr_b.csv
load,MIMO,svr,permutation,133,gen_wind_lag48,0.0,0.0,svr_hourly_load_mimo_h24_load_svr_b.csv
load,MIMO,xgb,gain,1,y_lag1,0.053191,5.319,xgb_hourly_load_mimo_h24_dense_load_xgb_b.csv
load,MIMO,xgb,gain,2,load_lag12,0.049027,4.903,xgb_hourly_load_mimo_h24_dense_load_xgb_b.csv
load,MIMO,xgb,gain,3,y_lag9,0.042379,4.238,xgb_hourly_load_mimo_h24_dense_load_xgb_b.csv
load,MIMO,xgb,gain,4,y_lag19,0.040428,4.043,xgb_hourly_load_mimo_h24_dense_load_xgb_b.csv
load,MIMO,xgb,gain,5,y_lag17,0.039857,3.986,xgb_hourly_load_mimo_h24_dense_load_xgb_b.csv
load,MIMO,xgb,gain,6,load_lag3,0.038298,3.83,xgb_hourly_load_mimo_h24_dense_load_xgb_b.csv
load,MIMO,xgb,gain,7,y_lag15,0.037877,3.788,xgb_hourly_load_mimo_h24_dense_load_xgb_b.csv
load,MIMO,xgb,gain,8,y_lag22,0.036255,3.626,xgb_hourly_load_mimo_h24_dense_load_xgb_b.csv
load,MIMO,xgb,gain,9,load_lag6,0.033284,3.328,xgb_hourly_load_mimo_h24_dense_load_xgb_b.csv
load,MIMO,xgb,gain,10,y_lag21,0.032957,3.296,xgb_hourly_load_mimo_h24_dense_load_xgb_b.csv
load,MIMO,xgb,gain,11,y_lag20,0.032555,3.255,xgb_hourly_load_mimo_h24_dense_load_xgb_b.csv
load,MIMO,xgb,gain,12,y_lag16,0.03074,3.074,xgb_hourly_load_mimo_h24_dense_load_xgb_b.csv
load,MIMO,xgb,gain,13,y_lag4,0.030144,3.014,xgb_hourly_load_mimo_h24_dense_load_xgb_b.csv
load,MIMO,xgb,gain,14,y_lag6,0.029653,2.965,xgb_hourly_load_mimo_h24_dense_load_xgb_b.csv
load,MIMO,xgb,gain,15,y_lag13,0.029637,2.964,xgb_hourly_load_mimo_h24_dense_load_xgb_b.csv
load,MIMO,xgb,gain,16,y_lag18,0.028716,2.872,xgb_hourly_load_mimo_h24_dense_load_xgb_b.csv
load,MIMO,xgb,gain,17,y_lag23,0.028506,2.851,xgb_hourly_load_mimo_h24_dense_load_xgb_b.csv
load,MIMO,xgb,gain,18,y_lag8,0.028322,2.832,xgb_hourly_load_mimo_h24_dense_load_xgb_b.csv
load,MIMO,xgb,gain,19,y_lag5,0.028239,2.824,xgb_hourly_load_mimo_h24_dense_load_xgb_b.csv
load,MIMO,xgb,gain,20,y_lag11,0.027458,2.746,xgb_hourly_load_mimo_h24_dense_load_xgb_b.csv
load,MIMO,xgb,gain,21,y_lag7,0.025365,2.537,xgb_hourly_load_mimo_h24_dense_load_xgb_b.csv
load,MIMO,xgb,gain,22,y_lag14,0.022635,2.264,xgb_hourly_load_mimo_h24_dense_load_xgb_b.csv
load,MIMO,xgb,gain,23,y_lag10,0.021842,2.184,xgb_hourly_load_mimo_h24_dense_load_xgb_b.csv
load,MIMO,xgb,gain,24,y_lag12,0.018966,1.897,xgb_hourly_load_mimo_h24_dense_load_xgb_b.csv
load,MIMO,xgb,gain,25,y_lag2,0.018582,1.858,xgb_hourly_load_mimo_h24_dense_load_xgb_b.csv
load,MIMO,xgb,gain,26,load_lag2,0.017752,1.775,xgb_hourly_load_mimo_h24_dense_load_xgb_b.csv
load,MIMO,xgb,gain,27,dow,0.01609,1.609,xgb_hourly_load_mimo_h24_dense_load_xgb_b.csv
load,MIMO,xgb,gain,28,load_lag1,0.015569,1.557,xgb_hourly_load_mimo_h24_dense_load_xgb_b.csv
load,MIMO,xgb,gain,29,y_lag3,0.015556,1.556,xgb_hourly_load_mimo_h24_dense_load_xgb_b.csv
load,MIMO,xgb,gain,30,dow_cos,0.014066,1.407,xgb_hourly_load_mimo_h24_dense_load_xgb_b.csv
load,MIMO,xgb,gain,31,hour_cos,0.013394,1.339,xgb_hourly_load_mimo_h24_dense_load_xgb_b.csv
load,MIMO,xgb,gain,32,is_holiday,0.008845,0.884,xgb_hourly_load_mimo_h24_dense_load_xgb_b.csv
load,MIMO,xgb,gain,33,hour,0.00849,0.849,xgb_hourly_load_mimo_h24_dense_load_xgb_b.csv
load,MIMO,xgb,gain,34,hour_sin,0.008185,0.819,xgb_hourly_load_mimo_h24_dense_load_xgb_b.csv
load,MIMO,xgb,gain,35,dow_sin,0.005539,0.554,xgb_hourly_load_mimo_h24_dense_load_xgb_b.csv
load,MIMO,xgb,gain,36,y_lag24,0.003478,0.348,xgb_hourly_load_mimo_h24_dense_load_xgb_b.csv
load,MIMO,xgb,gain,37,y_roll24,0.002465,0.246,xgb_hourly_load_mimo_h24_dense_load_xgb_b.csv
load,MIMO,xgb,gain,38,load_lag24,0.002461,0.246,xgb_hourly_load_mimo_h24_dense_load_xgb_b.csv
load,MIMO,xgb,gain,39,w_gr_mean_temperature_2m,0.002383,0.238,xgb_hourly_load_mimo_h24_dense_load_xgb_b.csv
load,MIMO,xgb,gain,40,y_lag48,0.002256,0.226,xgb_hourly_load_mimo_h24_dense_load_xgb_b.csv
load,MIMO,xgb,gain,41,gen_solar_lag2,0.002174,0.217,xgb_hourly_load_mimo_h24_dense_load_xgb_b.csv
load,MIMO,xgb,gain,42,load_lag48,0.002143,0.214,xgb_hourly_load_mimo_h24_dense_load_xgb_b.csv
load,MIMO,xgb,gain,43,residual_load_lag1,0.001937,0.194,xgb_hourly_load_mimo_h24_dense_load_xgb_b.csv
load,MIMO,xgb,gain,44,w_thessaloniki_temperature_2m,0.001692,0.169,xgb_hourly_load_mimo_h24_dense_load_xgb_b.csv
load,MIMO,xgb,gain,45,w_larissa_temperature_2m,0.001642,0.164,xgb_hourly_load_mimo_h24_dense_load_xgb_b.csv
load,MIMO,xgb,gain,46,y_roll168,0.00161,0.161,xgb_hourly_load_mimo_h24_dense_load_xgb_b.csv
load,MIMO,xgb,gain,47,gen_solar_lag24,0.001291,0.129,xgb_hourly_load_mimo_h24_dense_load_xgb_b.csv
load,MIMO,xgb,gain,48,gen_solar_lag48,0.001252,0.125,xgb_hourly_load_mimo_h24_dense_load_xgb_b.csv
load,MIMO,xgb,gain,49,gen_solar_lag1,0.00124,0.124,xgb_hourly_load_mimo_h24_dense_load_xgb_b.csv
load,MIMO,xgb,gain,50,w_gr_mean_cloud_cover,0.001231,0.123,xgb_hourly_load_mimo_h24_dense_load_xgb_b.csv
load,MIMO,xgb,gain,51,w_gr_mean_shortwave_radiation,0.001218,0.122,xgb_hourly_load_mimo_h24_dense_load_xgb_b.csv
load,MIMO,xgb,gain,52,w_athens_precipitation,0.001145,0.114,xgb_hourly_load_mimo_h24_dense_load_xgb_b.csv
load,MIMO,xgb,gain,53,w_patras_temperature_2m,0.001127,0.113,xgb_hourly_load_mimo_h24_dense_load_xgb_b.csv
load,MIMO,xgb,gain,54,residual_load_lag24,0.001099,0.11,xgb_hourly_load_mimo_h24_dense_load_xgb_b.csv
load,MIMO,xgb,gain,55,w_larissa_precipitation,0.000979,0.098,xgb_hourly_load_mimo_h24_dense_load_xgb_b.csv
load,MIMO,xgb,gain,56,w_gr_mean_wind_gusts_10m,0.000968,0.097,xgb_hourly_load_mimo_h24_dense_load_xgb_b.csv
load,MIMO,xgb,gain,57,w_thessaloniki_wind_gusts_10m,0.000949,0.095,xgb_hourly_load_mimo_h24_dense_load_xgb_b.csv
load,MIMO,xgb,gain,58,w_athens_temperature_2m,0.00093,0.093,xgb_hourly_load_mimo_h24_dense_load_xgb_b.csv
load,MIMO,xgb,gain,59,w_gr_mean_wind_speed_10m,0.000907,0.091,xgb_hourly_load_mimo_h24_dense_load_xgb_b.csv
load,MIMO,xgb,gain,60,w_thessaloniki_wind_speed_10m,0.000898,0.09,xgb_hourly_load_mimo_h24_dense_load_xgb_b.csv
load,MIMO,xgb,gain,61,gen_solar_lag168,0.000894,0.089,xgb_hourly_load_mimo_h24_dense_load_xgb_b.csv
load,MIMO,xgb,gain,62,w_larissa_relative_humidity_2m,0.000882,0.088,xgb_hourly_load_mimo_h24_dense_load_xgb_b.csv
load,MIMO,xgb,gain,63,w_larissa_cloud_cover,0.000864,0.086,xgb_hourly_load_mimo_h24_dense_load_xgb_b.csv
load,MIMO,xgb,gain,64,w_larissa_shortwave_radiation,0.000831,0.083,xgb_hourly_load_mimo_h24_dense_load_xgb_b.csv
load,MIMO,xgb,gain,65,w_athens_cloud_cover,0.000796,0.08,xgb_hourly_load_mimo_h24_dense_load_xgb_b.csv
load,MIMO,xgb,gain,66,w_patras_wind_gusts_10m,0.000777,0.078,xgb_hourly_load_mimo_h24_dense_load_xgb_b.csv
load,MIMO,xgb,gain,67,gen_wind_lag24,0.000738,0.074,xgb_hourly_load_mimo_h24_dense_load_xgb_b.csv
load,MIMO,xgb,gain,68,residual_load_lag12,0.000731,0.073,xgb_hourly_load_mimo_h24_dense_load_xgb_b.csv
load,MIMO,xgb,gain,69,w_larissa_wind_gusts_10m,0.000717,0.072,xgb_hourly_load_mimo_h24_dense_load_xgb_b.csv
load,MIMO,xgb,gain,70,w_gr_mean_precipitation,0.000716,0.072,xgb_hourly_load_mimo_h24_dense_load_xgb_b.csv
load,MIMO,xgb,gain,71,y_lag168,0.000712,0.071,xgb_hourly_load_mimo_h24_dense_load_xgb_b.csv
load,MIMO,xgb,gain,72,residual_load_lag2,0.000686,0.069,xgb_hourly_load_mimo_h24_dense_load_xgb_b.csv
load,MIMO,xgb,gain,73,w_athens_shortwave_radiation,0.000685,0.068,xgb_hourly_load_mimo_h24_dense_load_xgb_b.csv
load,MIMO,xgb,gain,74,w_patras_cloud_cover,0.000681,0.068,xgb_hourly_load_mimo_h24_dense_load_xgb_b.csv
load,MIMO,xgb,gain,75,w_heraklion_temperature_2m,0.000681,0.068,xgb_hourly_load_mimo_h24_dense_load_xgb_b.csv
load,MIMO,xgb,gain,76,gen_wind_lag1,0.00068,0.068,xgb_hourly_load_mimo_h24_dense_load_xgb_b.csv
load,MIMO,xgb,gain,77,residual_load_lag48,0.000676,0.068,xgb_hourly_load_mimo_h24_dense_load_xgb_b.csv
load,MIMO,xgb,gain,78,w_heraklion_relative_humidity_2m_missing,0.000671,0.067,xgb_hourly_load_mimo_h24_dense_load_xgb_b.csv
load,MIMO,xgb,gain,79,w_thessaloniki_precipitation,0.00066,0.066,xgb_hourly_load_mimo_h24_dense_load_xgb_b.csv
load,MIMO,xgb,gain,80,w_heraklion_temperature_2m_missing,0.000659,0.066,xgb_hourly_load_mimo_h24_dense_load_xgb_b.csv
load,MIMO,xgb,gain,81,residual_load_lag6,0.000657,0.066,xgb_hourly_load_mimo_h24_dense_load_xgb_b.csv
load,MIMO,xgb,gain,82,solar_fc_dayahead_missing,0.000656,0.066,xgb_hourly_load_mimo_h24_dense_load_xgb_b.csv
load,MIMO,xgb,gain,83,residual_load_lag3,0.000633,0.063,xgb_hourly_load_mimo_h24_dense_load_xgb_b.csv
load,MIMO,xgb,gain,84,w_patras_relative_humidity_2m,0.00063,0.063,xgb_hourly_load_mimo_h24_dense_load_xgb_b.csv
load,MIMO,xgb,gain,85,gen_fc_dayahead,0.000628,0.063,xgb_hourly_load_mimo_h24_dense_load_xgb_b.csv
load,MIMO,xgb,gain,86,w_thessaloniki_cloud_cover,0.000611,0.061,xgb_hourly_load_mimo_h24_dense_load_xgb_b.csv
load,MIMO,xgb,gain,87,w_gr_mean_relative_humidity_2m,0.000587,0.059,xgb_hourly_load_mimo_h24_dense_load_xgb_b.csv
load,MIMO,xgb,gain,88,gen_wind_lag48,0.000571,0.057,xgb_hourly_load_mimo_h24_dense_load_xgb_b.csv
load,MIMO,xgb,gain,89,w_athens_wind_gusts_10m,0.000554,0.055,xgb_hourly_load_mimo_h24_dense_load_xgb_b.csv
load,MIMO,xgb,gain,90,w_heraklion_cloud_cover,0.000547,0.055,xgb_hourly_load_mimo_h24_dense_load_xgb_b.csv
load,MIMO,xgb,gain,91,w_patras_wind_speed_10m,0.000545,0.055,xgb_hourly_load_mimo_h24_dense_load_xgb_b.csv
load,MIMO,xgb,gain,92,w_heraklion_shortwave_radiation,0.000541,0.054,xgb_hourly_load_mimo_h24_dense_load_xgb_b.csv
load,MIMO,xgb,gain,93,gen_wind_lag2,0.000538,0.054,xgb_hourly_load_mimo_h24_dense_load_xgb_b.csv
load,MIMO,xgb,gain,94,w_thessaloniki_shortwave_radiation,0.000537,0.054,xgb_hourly_load_mimo_h24_dense_load_xgb_b.csv
load,MIMO,xgb,gain,95,w_patras_precipitation,0.000535,0.054,xgb_hourly_load_mimo_h24_dense_load_xgb_b.csv
load,MIMO,xgb,gain,96,w_heraklion_wind_gusts_10m,0.00053,0.053,xgb_hourly_load_mimo_h24_dense_load_xgb_b.csv
load,MIMO,xgb,gain,97,w_patras_shortwave_radiation,0.00053,0.053,xgb_hourly_load_mimo_h24_dense_load_xgb_b.csv
load,MIMO,xgb,gain,98,load_lag168,0.000526,0.053,xgb_hourly_load_mimo_h24_dense_load_xgb_b.csv
load,MIMO,xgb,gain,99,w_athens_wind_speed_10m,0.000508,0.051,xgb_hourly_load_mimo_h24_dense_load_xgb_b.csv
load,MIMO,xgb,gain,100,residual_load_lag168,0.000507,0.051,xgb_hourly_load_mimo_h24_dense_load_xgb_b.csv
load,MIMO,xgb,gain,101,gen_wind_lag168,0.000505,0.05,xgb_hourly_load_mimo_h24_dense_load_xgb_b.csv
load,MIMO,xgb,gain,102,w_athens_relative_humidity_2m,0.000497,0.05,xgb_hourly_load_mimo_h24_dense_load_xgb_b.csv
load,MIMO,xgb,gain,103,w_heraklion_precipitation,0.000493,0.049,xgb_hourly_load_mimo_h24_dense_load_xgb_b.csv
load,MIMO,xgb,gain,104,w_heraklion_relative_humidity_2m,0.000481,0.048,xgb_hourly_load_mimo_h24_dense_load_xgb_b.csv
load,MIMO,xgb,gain,105,w_larissa_wind_speed_10m,0.000471,0.047,xgb_hourly_load_mimo_h24_dense_load_xgb_b.csv
load,MIMO,xgb,gain,106,w_heraklion_wind_speed_10m,0.000462,0.046,xgb_hourly_load_mimo_h24_dense_load_xgb_b.csv
load,MIMO,xgb,gain,107,wind_onshore_fc_dayahead_missing,0.000462,0.046,xgb_hourly_load_mimo_h24_dense_load_xgb_b.csv
load,MIMO,xgb,gain,108,w_thessaloniki_relative_humidity_2m,0.00045,0.045,xgb_hourly_load_mimo_h24_dense_load_xgb_b.csv
load,MIMO,xgb,gain,109,gen_fc_dayahead_missing,0.000418,0.042,xgb_hourly_load_mimo_h24_dense_load_xgb_b.csv
load,MIMO,xgb,gain,110,w_patras_temperature_2m_missing,0.000406,0.041,xgb_hourly_load_mimo_h24_dense_load_xgb_b.csv
load,MIMO,xgb,gain,111,wind_onshore_fc_dayahead,0.000398,0.04,xgb_hourly_load_mimo_h24_dense_load_xgb_b.csv
load,MIMO,xgb,gain,112,w_patras_relative_humidity_2m_missing,0.000326,0.033,xgb_hourly_load_mimo_h24_dense_load_xgb_b.csv
load,MIMO,xgb,gain,113,solar_fc_dayahead,0.000317,0.032,xgb_hourly_load_mimo_h24_dense_load_xgb_b.csv
load,MIMO,xgb,gain,114,w_patras_precipitation_missing,0.000116,0.012,xgb_hourly_load_mimo_h24_dense_load_xgb_b.csv
load,MIMO,xgb,gain,115,w_heraklion_precipitation_missing,9.5e-05,0.01,xgb_hourly_load_mimo_h24_dense_load_xgb_b.csv
load,MIMO,xgb,gain,116,w_heraklion_cloud_cover_missing,5.8e-05,0.006,xgb_hourly_load_mimo_h24_dense_load_xgb_b.csv
load,MIMO,xgb,gain,117,w_gr_mean_temperature_2m_missing,3.1e-05,0.003,xgb_hourly_load_mimo_h24_dense_load_xgb_b.csv
load,MIMO,xgb,gain,118,w_athens_temperature_2m_missing,1.4e-05,0.001,xgb_hourly_load_mimo_h24_dense_load_xgb_b.csv
load,MIMO,xgb,gain,119,w_patras_wind_speed_10m_missing,1.3e-05,0.001,xgb_hourly_load_mimo_h24_dense_load_xgb_b.csv
load,MIMO,xgb,gain,120,w_patras_cloud_cover_missing,7e-06,0.001,xgb_hourly_load_mimo_h24_dense_load_xgb_b.csv
load,MIMO,xgb,gain,121,w_larissa_wind_speed_10m_missing,0.0,0.0,xgb_hourly_load_mimo_h24_dense_load_xgb_b.csv
load,MIMO,xgb,gain,122,w_larissa_wind_gusts_10m_missing,0.0,0.0,xgb_hourly_load_mimo_h24_dense_load_xgb_b.csv
load,MIMO,xgb,gain,123,w_larissa_shortwave_radiation_missing,0.0,0.0,xgb_hourly_load_mimo_h24_dense_load_xgb_b.csv
load,MIMO,xgb,gain,124,w_larissa_cloud_cover_missing,0.0,0.0,xgb_hourly_load_mimo_h24_dense_load_xgb_b.csv
load,MIMO,xgb,gain,125,w_larissa_temperature_2m_missing,0.0,0.0,xgb_hourly_load_mimo_h24_dense_load_xgb_b.csv
load,MIMO,xgb,gain,126,w_larissa_relative_humidity_2m_missing,0.0,0.0,xgb_hourly_load_mimo_h24_dense_load_xgb_b.csv
load,MIMO,xgb,gain,127,w_larissa_precipitation_missing,0.0,0.0,xgb_hourly_load_mimo_h24_dense_load_xgb_b.csv
load,MIMO,xgb,gain,128,w_patras_wind_gusts_10m_missing,0.0,0.0,xgb_hourly_load_mimo_h24_dense_load_xgb_b.csv
load,MIMO,xgb,gain,129,w_athens_shortwave_radiation_missing,0.0,0.0,xgb_hourly_load_mimo_h24_dense_load_xgb_b.csv
load,MIMO,xgb,gain,130,w_thessaloniki_relative_humidity_2m_missing,0.0,0.0,xgb_hourly_load_mimo_h24_dense_load_xgb_b.csv
load,MIMO,xgb,gain,131,w_thessaloniki_precipitation_missing,0.0,0.0,xgb_hourly_load_mimo_h24_dense_load_xgb_b.csv
load,MIMO,xgb,gain,132,w_patras_shortwave_radiation_missing,0.0,0.0,xgb_hourly_load_mimo_h24_dense_load_xgb_b.csv
load,MIMO,xgb,gain,133,w_thessaloniki_cloud_cover_missing,0.0,0.0,xgb_hourly_load_mimo_h24_dense_load_xgb_b.csv
load,MIMO,xgb,gain,134,w_thessaloniki_shortwave_radiation_missing,0.0,0.0,xgb_hourly_load_mimo_h24_dense_load_xgb_b.csv
load,MIMO,xgb,gain,135,w_thessaloniki_wind_gusts_10m_missing,0.0,0.0,xgb_hourly_load_mimo_h24_dense_load_xgb_b.csv
load,MIMO,xgb,gain,136,w_athens_cloud_cover_missing,0.0,0.0,xgb_hourly_load_mimo_h24_dense_load_xgb_b.csv
load,MIMO,xgb,gain,137,w_athens_precipitation_missing,0.0,0.0,xgb_hourly_load_mimo_h24_dense_load_xgb_b.csv
load,MIMO,xgb,gain,138,w_athens_wind_gusts_10m_missing,0.0,0.0,xgb_hourly_load_mimo_h24_dense_load_xgb_b.csv
load,MIMO,xgb,gain,139,w_athens_wind_speed_10m_missing,0.0,0.0,xgb_hourly_load_mimo_h24_dense_load_xgb_b.csv
load,MIMO,xgb,gain,140,w_athens_relative_humidity_2m_missing,0.0,0.0,xgb_hourly_load_mimo_h24_dense_load_xgb_b.csv
load,MIMO,xgb,gain,141,w_thessaloniki_temperature_2m_missing,0.0,0.0,xgb_hourly_load_mimo_h24_dense_load_xgb_b.csv
load,MIMO,xgb,gain,142,w_gr_mean_wind_gusts_10m_missing,0.0,0.0,xgb_hourly_load_mimo_h24_dense_load_xgb_b.csv
load,MIMO,xgb,gain,143,w_gr_mean_shortwave_radiation_missing,0.0,0.0,xgb_hourly_load_mimo_h24_dense_load_xgb_b.csv
load,MIMO,xgb,gain,144,w_gr_mean_cloud_cover_missing,0.0,0.0,xgb_hourly_load_mimo_h24_dense_load_xgb_b.csv
load,MIMO,xgb,gain,145,w_gr_mean_wind_speed_10m_missing,0.0,0.0,xgb_hourly_load_mimo_h24_dense_load_xgb_b.csv
load,MIMO,xgb,gain,146,w_gr_mean_relative_humidity_2m_missing,0.0,0.0,xgb_hourly_load_mimo_h24_dense_load_xgb_b.csv
load,MIMO,xgb,gain,147,w_gr_mean_precipitation_missing,0.0,0.0,xgb_hourly_load_mimo_h24_dense_load_xgb_b.csv
load,MIMO,xgb,gain,148,w_thessaloniki_wind_speed_10m_missing,0.0,0.0,xgb_hourly_load_mimo_h24_dense_load_xgb_b.csv
load,MIMO,xgb,gain,149,w_heraklion_shortwave_radiation_missing,0.0,0.0,xgb_hourly_load_mimo_h24_dense_load_xgb_b.csv
load,MIMO,xgb,gain,150,w_heraklion_wind_speed_10m_missing,0.0,0.0,xgb_hourly_load_mimo_h24_dense_load_xgb_b.csv
load,MIMO,xgb,gain,151,w_heraklion_wind_gusts_10m_missing,0.0,0.0,xgb_hourly_load_mimo_h24_dense_load_xgb_b.csv
load,Recursive,lgbm,gain,1,load_lag1,0.050138,5.014,lgbm_hourly_load_openloop_daily_ss_optuna_load_lgbm_s.csv
load,Recursive,lgbm,gain,2,hour,0.031074,3.107,lgbm_hourly_load_openloop_daily_ss_optuna_load_lgbm_s.csv
load,Recursive,lgbm,gain,3,hour_sin,0.029006,2.901,lgbm_hourly_load_openloop_daily_ss_optuna_load_lgbm_s.csv
load,Recursive,lgbm,gain,4,gen_solar_lag2,0.02642,2.642,lgbm_hourly_load_openloop_daily_ss_optuna_load_lgbm_s.csv
load,Recursive,lgbm,gain,5,gen_solar_lag1,0.024422,2.442,lgbm_hourly_load_openloop_daily_ss_optuna_load_lgbm_s.csv
load,Recursive,lgbm,gain,6,hour_cos,0.024336,2.434,lgbm_hourly_load_openloop_daily_ss_optuna_load_lgbm_s.csv
load,Recursive,lgbm,gain,7,load_lag2,0.024164,2.416,lgbm_hourly_load_openloop_daily_ss_optuna_load_lgbm_s.csv
load,Recursive,lgbm,gain,8,y_lag1,0.022699,2.27,lgbm_hourly_load_openloop_daily_ss_optuna_load_lgbm_s.csv
load,Recursive,lgbm,gain,9,residual_load_lag1,0.022683,2.268,lgbm_hourly_load_openloop_daily_ss_optuna_load_lgbm_s.csv
load,Recursive,lgbm,gain,10,y_lag24,0.021907,2.191,lgbm_hourly_load_openloop_daily_ss_optuna_load_lgbm_s.csv
load,Recursive,lgbm,gain,11,y_roll168,0.021766,2.177,lgbm_hourly_load_openloop_daily_ss_optuna_load_lgbm_s.csv
load,Recursive,lgbm,gain,12,y_roll24,0.021249,2.125,lgbm_hourly_load_openloop_daily_ss_optuna_load_lgbm_s.csv
load,Recursive,lgbm,gain,13,load_lag6,0.020513,2.051,lgbm_hourly_load_openloop_daily_ss_optuna_load_lgbm_s.csv
load,Recursive,lgbm,gain,14,y_lag6,0.020129,2.013,lgbm_hourly_load_openloop_daily_ss_optuna_load_lgbm_s.csv
load,Recursive,lgbm,gain,15,y_lag2,0.0198,1.98,lgbm_hourly_load_openloop_daily_ss_optuna_load_lgbm_s.csv
load,Recursive,lgbm,gain,16,y_lag12,0.019016,1.902,lgbm_hourly_load_openloop_daily_ss_optuna_load_lgbm_s.csv
load,Recursive,lgbm,gain,17,dow,0.018468,1.847,lgbm_hourly_load_openloop_daily_ss_optuna_load_lgbm_s.csv
load,Recursive,lgbm,gain,18,load_lag12,0.017057,1.706,lgbm_hourly_load_openloop_daily_ss_optuna_load_lgbm_s.csv
load,Recursive,lgbm,gain,19,residual_load_lag6,0.016861,1.686,lgbm_hourly_load_openloop_daily_ss_optuna_load_lgbm_s.csv
load,Recursive,lgbm,gain,20,w_gr_mean_temperature_2m,0.01676,1.676,lgbm_hourly_load_openloop_daily_ss_optuna_load_lgbm_s.csv
load,Recursive,lgbm,gain,21,gen_solar_lag24,0.016587,1.659,lgbm_hourly_load_openloop_daily_ss_optuna_load_lgbm_s.csv
load,Recursive,lgbm,gain,22,gen_solar_lag168,0.016289,1.629,lgbm_hourly_load_openloop_daily_ss_optuna_load_lgbm_s.csv
load,Recursive,lgbm,gain,23,gen_solar_lag48,0.016242,1.624,lgbm_hourly_load_openloop_daily_ss_optuna_load_lgbm_s.csv
load,Recursive,lgbm,gain,24,y_lag3,0.016062,1.606,lgbm_hourly_load_openloop_daily_ss_optuna_load_lgbm_s.csv
load,Recursive,lgbm,gain,25,y_lag48,0.015898,1.59,lgbm_hourly_load_openloop_daily_ss_optuna_load_lgbm_s.csv
load,Recursive,lgbm,gain,26,load_lag3,0.015874,1.587,lgbm_hourly_load_openloop_daily_ss_optuna_load_lgbm_s.csv
load,Recursive,lgbm,gain,27,residual_load_lag12,0.015804,1.58,lgbm_hourly_load_openloop_daily_ss_optuna_load_lgbm_s.csv
load,Recursive,lgbm,gain,28,y_lag168,0.015694,1.569,lgbm_hourly_load_openloop_daily_ss_optuna_load_lgbm_s.csv
load,Recursive,lgbm,gain,29,residual_load_lag2,0.014291,1.429,lgbm_hourly_load_openloop_daily_ss_optuna_load_lgbm_s.csv
load,Recursive,lgbm,gain,30,gen_wind_lag24,0.013508,1.351,lgbm_hourly_load_openloop_daily_ss_optuna_load_lgbm_s.csv
load,Recursive,lgbm,gain,31,residual_load_lag3,0.01339,1.339,lgbm_hourly_load_openloop_daily_ss_optuna_load_lgbm_s.csv
load,Recursive,lgbm,gain,32,residual_load_lag24,0.01303,1.303,lgbm_hourly_load_openloop_daily_ss_optuna_load_lgbm_s.csv
load,Recursive,lgbm,gain,33,gen_wind_lag168,0.012771,1.277,lgbm_hourly_load_openloop_daily_ss_optuna_load_lgbm_s.csv
load,Recursive,lgbm,gain,34,gen_fc_dayahead,0.012646,1.265,lgbm_hourly_load_openloop_daily_ss_optuna_load_lgbm_s.csv
load,Recursive,lgbm,gain,35,w_larissa_temperature_2m,0.012286,1.229,lgbm_hourly_load_openloop_daily_ss_optuna_load_lgbm_s.csv
load,Recursive,lgbm,gain,36,gen_wind_lag48,0.012051,1.205,lgbm_hourly_load_openloop_daily_ss_optuna_load_lgbm_s.csv
load,Recursive,lgbm,gain,37,residual_load_lag168,0.011165,1.117,lgbm_hourly_load_openloop_daily_ss_optuna_load_lgbm_s.csv
load,Recursive,lgbm,gain,38,load_lag24,0.011095,1.109,lgbm_hourly_load_openloop_daily_ss_optuna_load_lgbm_s.csv
load,Recursive,lgbm,gain,39,residual_load_lag48,0.011055,1.106,lgbm_hourly_load_openloop_daily_ss_optuna_load_lgbm_s.csv
load,Recursive,lgbm,gain,40,w_patras_temperature_2m,0.010969,1.097,lgbm_hourly_load_openloop_daily_ss_optuna_load_lgbm_s.csv
load,Recursive,lgbm,gain,41,w_athens_temperature_2m,0.01075,1.075,lgbm_hourly_load_openloop_daily_ss_optuna_load_lgbm_s.csv
load,Recursive,lgbm,gain,42,gen_wind_lag1,0.01057,1.057,lgbm_hourly_load_openloop_daily_ss_optuna_load_lgbm_s.csv
load,Recursive,lgbm,gain,43,w_thessaloniki_temperature_2m,0.009598,0.96,lgbm_hourly_load_openloop_daily_ss_optuna_load_lgbm_s.csv
load,Recursive,lgbm,gain,44,gen_wind_lag2,0.009434,0.943,lgbm_hourly_load_openloop_daily_ss_optuna_load_lgbm_s.csv
load,Recursive,lgbm,gain,45,dow_sin,0.008697,0.87,lgbm_hourly_load_openloop_daily_ss_optuna_load_lgbm_s.csv
load,Recursive,lgbm,gain,46,solar_fc_dayahead,0.008658,0.866,lgbm_hourly_load_openloop_daily_ss_optuna_load_lgbm_s.csv
load,Recursive,lgbm,gain,47,load_lag168,0.008595,0.86,lgbm_hourly_load_openloop_daily_ss_optuna_load_lgbm_s.csv
load,Recursive,lgbm,gain,48,w_heraklion_temperature_2m,0.008062,0.806,lgbm_hourly_load_openloop_daily_ss_optuna_load_lgbm_s.csv
load,Recursive,lgbm,gain,49,load_lag48,0.008047,0.805,lgbm_hourly_load_openloop_daily_ss_optuna_load_lgbm_s.csv
load,Recursive,lgbm,gain,50,dow_cos,0.007757,0.776,lgbm_hourly_load_openloop_daily_ss_optuna_load_lgbm_s.csv
load,Recursive,lgbm,gain,51,w_gr_mean_relative_humidity_2m,0.007577,0.758,lgbm_hourly_load_openloop_daily_ss_optuna_load_lgbm_s.csv
load,Recursive,lgbm,gain,52,w_larissa_relative_humidity_2m,0.007224,0.722,lgbm_hourly_load_openloop_daily_ss_optuna_load_lgbm_s.csv
load,Recursive,lgbm,gain,53,w_gr_mean_cloud_cover,0.006668,0.667,lgbm_hourly_load_openloop_daily_ss_optuna_load_lgbm_s.csv
load,Recursive,lgbm,gain,54,w_heraklion_shortwave_radiation,0.006166,0.617,lgbm_hourly_load_openloop_daily_ss_optuna_load_lgbm_s.csv
load,Recursive,lgbm,gain,55,w_patras_relative_humidity_2m,0.005931,0.593,lgbm_hourly_load_openloop_daily_ss_optuna_load_lgbm_s.csv
load,Recursive,lgbm,gain,56,wind_onshore_fc_dayahead,0.005884,0.588,lgbm_hourly_load_openloop_daily_ss_optuna_load_lgbm_s.csv
load,Recursive,lgbm,gain,57,w_gr_mean_shortwave_radiation,0.005289,0.529,lgbm_hourly_load_openloop_daily_ss_optuna_load_lgbm_s.csv
load,Recursive,lgbm,gain,58,w_athens_relative_humidity_2m,0.005242,0.524,lgbm_hourly_load_openloop_daily_ss_optuna_load_lgbm_s.csv
load,Recursive,lgbm,gain,59,w_gr_mean_wind_gusts_10m,0.005226,0.523,lgbm_hourly_load_openloop_daily_ss_optuna_load_lgbm_s.csv
load,Recursive,lgbm,gain,60,w_patras_wind_speed_10m,0.005132,0.513,lgbm_hourly_load_openloop_daily_ss_optuna_load_lgbm_s.csv
load,Recursive,lgbm,gain,61,w_athens_shortwave_radiation,0.005116,0.512,lgbm_hourly_load_openloop_daily_ss_optuna_load_lgbm_s.csv
load,Recursive,lgbm,gain,62,w_heraklion_wind_speed_10m,0.005069,0.507,lgbm_hourly_load_openloop_daily_ss_optuna_load_lgbm_s.csv
load,Recursive,lgbm,gain,63,w_athens_wind_gusts_10m,0.004991,0.499,lgbm_hourly_load_openloop_daily_ss_optuna_load_lgbm_s.csv
load,Recursive,lgbm,gain,64,w_athens_wind_speed_10m,0.00496,0.496,lgbm_hourly_load_openloop_daily_ss_optuna_load_lgbm_s.csv
load,Recursive,lgbm,gain,65,w_heraklion_relative_humidity_2m,0.004944,0.494,lgbm_hourly_load_openloop_daily_ss_optuna_load_lgbm_s.csv
load,Recursive,lgbm,gain,66,w_thessaloniki_wind_speed_10m,0.00485,0.485,lgbm_hourly_load_openloop_daily_ss_optuna_load_lgbm_s.csv
load,Recursive,lgbm,gain,67,w_patras_shortwave_radiation,0.004826,0.483,lgbm_hourly_load_openloop_daily_ss_optuna_load_lgbm_s.csv
load,Recursive,lgbm,gain,68,w_thessaloniki_relative_humidity_2m,0.004811,0.481,lgbm_hourly_load_openloop_daily_ss_optuna_load_lgbm_s.csv
load,Recursive,lgbm,gain,69,w_patras_wind_gusts_10m,0.004795,0.48,lgbm_hourly_load_openloop_daily_ss_optuna_load_lgbm_s.csv
load,Recursive,lgbm,gain,70,w_heraklion_wind_gusts_10m,0.004795,0.48,lgbm_hourly_load_openloop_daily_ss_optuna_load_lgbm_s.csv
load,Recursive,lgbm,gain,71,w_gr_mean_wind_speed_10m,0.004709,0.471,lgbm_hourly_load_openloop_daily_ss_optuna_load_lgbm_s.csv
load,Recursive,lgbm,gain,72,w_larissa_wind_gusts_10m,0.004631,0.463,lgbm_hourly_load_openloop_daily_ss_optuna_load_lgbm_s.csv
load,Recursive,lgbm,gain,73,w_thessaloniki_wind_gusts_10m,0.00456,0.456,lgbm_hourly_load_openloop_daily_ss_optuna_load_lgbm_s.csv
load,Recursive,lgbm,gain,74,w_larissa_shortwave_radiation,0.004497,0.45,lgbm_hourly_load_openloop_daily_ss_optuna_load_lgbm_s.csv
load,Recursive,lgbm,gain,75,w_larissa_cloud_cover,0.004443,0.444,lgbm_hourly_load_openloop_daily_ss_optuna_load_lgbm_s.csv
load,Recursive,lgbm,gain,76,w_larissa_wind_speed_10m,0.004349,0.435,lgbm_hourly_load_openloop_daily_ss_optuna_load_lgbm_s.csv
load,Recursive,lgbm,gain,77,w_thessaloniki_shortwave_radiation,0.004208,0.421,lgbm_hourly_load_openloop_daily_ss_optuna_load_lgbm_s.csv
load,Recursive,lgbm,gain,78,w_athens_cloud_cover,0.0042,0.42,lgbm_hourly_load_openloop_daily_ss_optuna_load_lgbm_s.csv
load,Recursive,lgbm,gain,79,w_heraklion_cloud_cover,0.003894,0.389,lgbm_hourly_load_openloop_daily_ss_optuna_load_lgbm_s.csv
load,Recursive,lgbm,gain,80,w_patras_cloud_cover,0.003737,0.374,lgbm_hourly_load_openloop_daily_ss_optuna_load_lgbm_s.csv
load,Recursive,lgbm,gain,81,is_holiday,0.002915,0.291,lgbm_hourly_load_openloop_daily_ss_optuna_load_lgbm_s.csv
load,Recursive,lgbm,gain,82,w_thessaloniki_cloud_cover,0.002907,0.291,lgbm_hourly_load_openloop_daily_ss_optuna_load_lgbm_s.csv
load,Recursive,lgbm,gain,83,w_gr_mean_precipitation,0.00228,0.228,lgbm_hourly_load_openloop_daily_ss_optuna_load_lgbm_s.csv
load,Recursive,lgbm,gain,84,w_athens_precipitation,0.000862,0.086,lgbm_hourly_load_openloop_daily_ss_optuna_load_lgbm_s.csv
load,Recursive,lgbm,gain,85,w_larissa_precipitation,0.000705,0.071,lgbm_hourly_load_openloop_daily_ss_optuna_load_lgbm_s.csv
load,Recursive,lgbm,gain,86,w_heraklion_precipitation,0.00065,0.065,lgbm_hourly_load_openloop_daily_ss_optuna_load_lgbm_s.csv
load,Recursive,lgbm,gain,87,w_patras_precipitation,0.000619,0.062,lgbm_hourly_load_openloop_daily_ss_optuna_load_lgbm_s.csv
load,Recursive,lgbm,gain,88,w_thessaloniki_precipitation,0.00047,0.047,lgbm_hourly_load_openloop_daily_ss_optuna_load_lgbm_s.csv
load,Recursive,lgbm,gain,89,solar_fc_dayahead_missing,0.000266,0.027,lgbm_hourly_load_openloop_daily_ss_optuna_load_lgbm_s.csv
load,Recursive,lgbm,gain,90,wind_onshore_fc_dayahead_missing,0.00011,0.011,lgbm_hourly_load_openloop_daily_ss_optuna_load_lgbm_s.csv
load,Recursive,lgbm,gain,91,w_patras_relative_humidity_2m_missing,4.7e-05,0.005,lgbm_hourly_load_openloop_daily_ss_optuna_load_lgbm_s.csv
load,Recursive,lgbm,gain,92,w_heraklion_temperature_2m_missing,3.1e-05,0.003,lgbm_hourly_load_openloop_daily_ss_optuna_load_lgbm_s.csv
load,Recursive,lgbm,gain,93,gen_fc_dayahead_missing,2.4e-05,0.002,lgbm_hourly_load_openloop_daily_ss_optuna_load_lgbm_s.csv
load,Recursive,lgbm,gain,94,w_patras_temperature_2m_missing,1.6e-05,0.002,lgbm_hourly_load_openloop_daily_ss_optuna_load_lgbm_s.csv
load,Recursive,lgbm,gain,95,w_heraklion_relative_humidity_2m_missing,1.6e-05,0.002,lgbm_hourly_load_openloop_daily_ss_optuna_load_lgbm_s.csv
load,Recursive,lgbm,gain,96,w_patras_cloud_cover_missing,8e-06,0.001,lgbm_hourly_load_openloop_daily_ss_optuna_load_lgbm_s.csv
load,Recursive,lgbm,gain,97,w_patras_precipitation_missing,8e-06,0.001,lgbm_hourly_load_openloop_daily_ss_optuna_load_lgbm_s.csv
load,Recursive,lgbm,gain,98,w_gr_mean_temperature_2m_missing,0.0,0.0,lgbm_hourly_load_openloop_daily_ss_optuna_load_lgbm_s.csv
load,Recursive,lgbm,gain,99,w_gr_mean_cloud_cover_missing,0.0,0.0,lgbm_hourly_load_openloop_daily_ss_optuna_load_lgbm_s.csv
load,Recursive,lgbm,gain,100,w_gr_mean_precipitation_missing,0.0,0.0,lgbm_hourly_load_openloop_daily_ss_optuna_load_lgbm_s.csv
load,Recursive,lgbm,gain,101,w_gr_mean_relative_humidity_2m_missing,0.0,0.0,lgbm_hourly_load_openloop_daily_ss_optuna_load_lgbm_s.csv
load,Recursive,lgbm,gain,102,w_thessaloniki_shortwave_radiation_missing,0.0,0.0,lgbm_hourly_load_openloop_daily_ss_optuna_load_lgbm_s.csv
load,Recursive,lgbm,gain,103,w_thessaloniki_wind_gusts_10m_missing,0.0,0.0,lgbm_hourly_load_openloop_daily_ss_optuna_load_lgbm_s.csv
load,Recursive,lgbm,gain,104,w_thessaloniki_wind_speed_10m_missing,0.0,0.0,lgbm_hourly_load_openloop_daily_ss_optuna_load_lgbm_s.csv
load,Recursive,lgbm,gain,105,w_thessaloniki_cloud_cover_missing,0.0,0.0,lgbm_hourly_load_openloop_daily_ss_optuna_load_lgbm_s.csv
load,Recursive,lgbm,gain,106,w_thessaloniki_precipitation_missing,0.0,0.0,lgbm_hourly_load_openloop_daily_ss_optuna_load_lgbm_s.csv
load,Recursive,lgbm,gain,107,w_thessaloniki_relative_humidity_2m_missing,0.0,0.0,lgbm_hourly_load_openloop_daily_ss_optuna_load_lgbm_s.csv
load,Recursive,lgbm,gain,108,w_thessaloniki_temperature_2m_missing,0.0,0.0,lgbm_hourly_load_openloop_daily_ss_optuna_load_lgbm_s.csv
load,Recursive,lgbm,gain,109,w_athens_shortwave_radiation_missing,0.0,0.0,lgbm_hourly_load_openloop_daily_ss_optuna_load_lgbm_s.csv
load,Recursive,lgbm,gain,110,w_athens_wind_gusts_10m_missing,0.0,0.0,lgbm_hourly_load_openloop_daily_ss_optuna_load_lgbm_s.csv
load,Recursive,lgbm,gain,111,w_athens_wind_speed_10m_missing,0.0,0.0,lgbm_hourly_load_openloop_daily_ss_optuna_load_lgbm_s.csv
load,Recursive,lgbm,gain,112,w_athens_cloud_cover_missing,0.0,0.0,lgbm_hourly_load_openloop_daily_ss_optuna_load_lgbm_s.csv
load,Recursive,lgbm,gain,113,w_athens_precipitation_missing,0.0,0.0,lgbm_hourly_load_openloop_daily_ss_optuna_load_lgbm_s.csv
load,Recursive,lgbm,gain,114,w_athens_relative_humidity_2m_missing,0.0,0.0,lgbm_hourly_load_openloop_daily_ss_optuna_load_lgbm_s.csv
load,Recursive,lgbm,gain,115,w_athens_temperature_2m_missing,0.0,0.0,lgbm_hourly_load_openloop_daily_ss_optuna_load_lgbm_s.csv
load,Recursive,lgbm,gain,116,w_gr_mean_shortwave_radiation_missing,0.0,0.0,lgbm_hourly_load_openloop_daily_ss_optuna_load_lgbm_s.csv
load,Recursive,lgbm,gain,117,w_gr_mean_wind_gusts_10m_missing,0.0,0.0,lgbm_hourly_load_openloop_daily_ss_optuna_load_lgbm_s.csv
load,Recursive,lgbm,gain,118,w_gr_mean_wind_speed_10m_missing,0.0,0.0,lgbm_hourly_load_openloop_daily_ss_optuna_load_lgbm_s.csv
load,Recursive,lgbm,gain,119,w_heraklion_wind_gusts_10m_missing,0.0,0.0,lgbm_hourly_load_openloop_daily_ss_optuna_load_lgbm_s.csv
load,Recursive,lgbm,gain,120,w_heraklion_cloud_cover_missing,0.0,0.0,lgbm_hourly_load_openloop_daily_ss_optuna_load_lgbm_s.csv
load,Recursive,lgbm,gain,121,w_heraklion_wind_speed_10m_missing,0.0,0.0,lgbm_hourly_load_openloop_daily_ss_optuna_load_lgbm_s.csv
load,Recursive,lgbm,gain,122,w_heraklion_shortwave_radiation_missing,0.0,0.0,lgbm_hourly_load_openloop_daily_ss_optuna_load_lgbm_s.csv
load,Recursive,lgbm,gain,123,w_larissa_cloud_cover_missing,0.0,0.0,lgbm_hourly_load_openloop_daily_ss_optuna_load_lgbm_s.csv
load,Recursive,lgbm,gain,124,w_patras_wind_speed_10m_missing,0.0,0.0,lgbm_hourly_load_openloop_daily_ss_optuna_load_lgbm_s.csv
load,Recursive,lgbm,gain,125,w_heraklion_precipitation_missing,0.0,0.0,lgbm_hourly_load_openloop_daily_ss_optuna_load_lgbm_s.csv
load,Recursive,lgbm,gain,126,w_larissa_temperature_2m_missing,0.0,0.0,lgbm_hourly_load_openloop_daily_ss_optuna_load_lgbm_s.csv
load,Recursive,lgbm,gain,127,w_patras_shortwave_radiation_missing,0.0,0.0,lgbm_hourly_load_openloop_daily_ss_optuna_load_lgbm_s.csv
load,Recursive,lgbm,gain,128,w_larissa_relative_humidity_2m_missing,0.0,0.0,lgbm_hourly_load_openloop_daily_ss_optuna_load_lgbm_s.csv
load,Recursive,lgbm,gain,129,w_larissa_precipitation_missing,0.0,0.0,lgbm_hourly_load_openloop_daily_ss_optuna_load_lgbm_s.csv
load,Recursive,lgbm,gain,130,w_larissa_wind_speed_10m_missing,0.0,0.0,lgbm_hourly_load_openloop_daily_ss_optuna_load_lgbm_s.csv
load,Recursive,lgbm,gain,131,w_larissa_wind_gusts_10m_missing,0.0,0.0,lgbm_hourly_load_openloop_daily_ss_optuna_load_lgbm_s.csv
load,Recursive,lgbm,gain,132,w_larissa_shortwave_radiation_missing,0.0,0.0,lgbm_hourly_load_openloop_daily_ss_optuna_load_lgbm_s.csv
load,Recursive,lgbm,gain,133,w_patras_wind_gusts_10m_missing,0.0,0.0,lgbm_hourly_load_openloop_daily_ss_optuna_load_lgbm_s.csv
load,Recursive,mlp,permutation,1,y_lag1,0.237215,23.721,mlp_hourly_load_openloop_load_mlp_s.csv
load,Recursive,mlp,permutation,2,load_lag1,0.223218,22.322,mlp_hourly_load_openloop_load_mlp_s.csv
load,Recursive,mlp,permutation,3,residual_load_lag1,0.221235,22.124,mlp_hourly_load_openloop_load_mlp_s.csv
load,Recursive,mlp,permutation,4,hour_cos,0.046567,4.657,mlp_hourly_load_openloop_load_mlp_s.csv
load,Recursive,mlp,permutation,5,hour_sin,0.035442,3.544,mlp_hourly_load_openloop_load_mlp_s.csv
load,Recursive,mlp,permutation,6,gen_wind_lag1,0.032202,3.22,mlp_hourly_load_openloop_load_mlp_s.csv
load,Recursive,mlp,permutation,7,gen_solar_lag1,0.026084,2.608,mlp_hourly_load_openloop_load_mlp_s.csv
load,Recursive,mlp,permutation,8,y_roll168,0.024693,2.469,mlp_hourly_load_openloop_load_mlp_s.csv
load,Recursive,mlp,permutation,9,y_roll24,0.020767,2.077,mlp_hourly_load_openloop_load_mlp_s.csv
load,Recursive,mlp,permutation,10,residual_load_lag3,0.020658,2.066,mlp_hourly_load_openloop_load_mlp_s.csv
load,Recursive,mlp,permutation,11,gen_solar_lag2,0.013487,1.349,mlp_hourly_load_openloop_load_mlp_s.csv
load,Recursive,mlp,permutation,12,dow,0.011447,1.145,mlp_hourly_load_openloop_load_mlp_s.csv
load,Recursive,mlp,permutation,13,residual_load_lag2,0.011239,1.124,mlp_hourly_load_openloop_load_mlp_s.csv
load,Recursive,mlp,permutation,14,residual_load_lag24,0.008004,0.8,mlp_hourly_load_openloop_load_mlp_s.csv
load,Recursive,mlp,permutation,15,load_lag24,0.005518,0.552,mlp_hourly_load_openloop_load_mlp_s.csv
load,Recursive,mlp,permutation,16,solar_fc_dayahead_missing,0.005253,0.525,mlp_hourly_load_openloop_load_mlp_s.csv
load,Recursive,mlp,permutation,17,w_patras_shortwave_radiation,0.003765,0.377,mlp_hourly_load_openloop_load_mlp_s.csv
load,Recursive,mlp,permutation,18,load_lag2,0.003585,0.359,mlp_hourly_load_openloop_load_mlp_s.csv
load,Recursive,mlp,permutation,19,residual_load_lag6,0.003513,0.351,mlp_hourly_load_openloop_load_mlp_s.csv
load,Recursive,mlp,permutation,20,w_heraklion_temperature_2m,0.003042,0.304,mlp_hourly_load_openloop_load_mlp_s.csv
load,Recursive,mlp,permutation,21,y_lag24,0.002911,0.291,mlp_hourly_load_openloop_load_mlp_s.csv
load,Recursive,mlp,permutation,22,y_lag12,0.002829,0.283,mlp_hourly_load_openloop_load_mlp_s.csv
load,Recursive,mlp,permutation,23,load_lag12,0.002781,0.278,mlp_hourly_load_openloop_load_mlp_s.csv
load,Recursive,mlp,permutation,24,gen_wind_lag24,0.002254,0.225,mlp_hourly_load_openloop_load_mlp_s.csv
load,Recursive,mlp,permutation,25,y_lag3,0.002254,0.225,mlp_hourly_load_openloop_load_mlp_s.csv
load,Recursive,mlp,permutation,26,is_holiday,0.002159,0.216,mlp_hourly_load_openloop_load_mlp_s.csv
load,Recursive,mlp,permutation,27,load_lag3,0.002037,0.204,mlp_hourly_load_openloop_load_mlp_s.csv
load,Recursive,mlp,permutation,28,w_larissa_shortwave_radiation,0.00202,0.202,mlp_hourly_load_openloop_load_mlp_s.csv
load,Recursive,mlp,permutation,29,dow_cos,0.001765,0.176,mlp_hourly_load_openloop_load_mlp_s.csv
load,Recursive,mlp,permutation,30,dow_sin,0.001534,0.153,mlp_hourly_load_openloop_load_mlp_s.csv
load,Recursive,mlp,permutation,31,w_thessaloniki_relative_humidity_2m_missing,0.001517,0.152,mlp_hourly_load_openloop_load_mlp_s.csv
load,Recursive,mlp,permutation,32,w_athens_wind_speed_10m_missing,0.001363,0.136,mlp_hourly_load_openloop_load_mlp_s.csv
load,Recursive,mlp,permutation,33,y_lag6,0.001279,0.128,mlp_hourly_load_openloop_load_mlp_s.csv
load,Recursive,mlp,permutation,34,load_lag6,0.00122,0.122,mlp_hourly_load_openloop_load_mlp_s.csv
load,Recursive,mlp,permutation,35,w_heraklion_cloud_cover,0.001165,0.116,mlp_hourly_load_openloop_load_mlp_s.csv
load,Recursive,mlp,permutation,36,gen_wind_lag2,0.001156,0.116,mlp_hourly_load_openloop_load_mlp_s.csv
load,Recursive,mlp,permutation,37,w_athens_temperature_2m,0.000937,0.094,mlp_hourly_load_openloop_load_mlp_s.csv
load,Recursive,mlp,permutation,38,w_thessaloniki_temperature_2m_missing,0.000752,0.075,mlp_hourly_load_openloop_load_mlp_s.csv
load,Recursive,mlp,permutation,39,load_lag48,0.000728,0.073,mlp_hourly_load_openloop_load_mlp_s.csv
load,Recursive,mlp,permutation,40,w_larissa_wind_gusts_10m,0.000721,0.072,mlp_hourly_load_openloop_load_mlp_s.csv
load,Recursive,mlp,permutation,41,w_thessaloniki_cloud_cover_missing,0.000717,0.072,mlp_hourly_load_openloop_load_mlp_s.csv
load,Recursive,mlp,permutation,42,w_athens_relative_humidity_2m,0.000678,0.068,mlp_hourly_load_openloop_load_mlp_s.csv
load,Recursive,mlp,permutation,43,w_athens_temperature_2m_missing,0.000662,0.066,mlp_hourly_load_openloop_load_mlp_s.csv
load,Recursive,mlp,permutation,44,y_lag48,0.000545,0.054,mlp_hourly_load_openloop_load_mlp_s.csv
load,Recursive,mlp,permutation,45,w_athens_wind_gusts_10m,0.000513,0.051,mlp_hourly_load_openloop_load_mlp_s.csv
load,Recursive,mlp,permutation,46,w_patras_wind_gusts_10m,0.000508,0.051,mlp_hourly_load_openloop_load_mlp_s.csv
load,Recursive,mlp,permutation,47,w_larissa_relative_humidity_2m,0.000502,0.05,mlp_hourly_load_openloop_load_mlp_s.csv
load,Recursive,mlp,permutation,48,gen_wind_lag48,0.000476,0.048,mlp_hourly_load_openloop_load_mlp_s.csv
load,Recursive,mlp,permutation,49,w_athens_shortwave_radiation_missing,0.000475,0.048,mlp_hourly_load_openloop_load_mlp_s.csv
load,Recursive,mlp,permutation,50,w_larissa_cloud_cover,0.000473,0.047,mlp_hourly_load_openloop_load_mlp_s.csv
load,Recursive,mlp,permutation,51,w_gr_mean_wind_gusts_10m,0.00042,0.042,mlp_hourly_load_openloop_load_mlp_s.csv
load,Recursive,mlp,permutation,52,hour,0.000413,0.041,mlp_hourly_load_openloop_load_mlp_s.csv
load,Recursive,mlp,permutation,53,w_athens_relative_humidity_2m_missing,0.000358,0.036,mlp_hourly_load_openloop_load_mlp_s.csv
load,Recursive,mlp,permutation,54,w_heraklion_wind_gusts_10m,0.000327,0.033,mlp_hourly_load_openloop_load_mlp_s.csv
load,Recursive,mlp,permutation,55,w_thessaloniki_precipitation_missing,0.000304,0.03,mlp_hourly_load_openloop_load_mlp_s.csv
load,Recursive,mlp,permutation,56,w_thessaloniki_temperature_2m,0.000297,0.03,mlp_hourly_load_openloop_load_mlp_s.csv
load,Recursive,mlp,permutation,57,w_athens_shortwave_radiation,0.000291,0.029,mlp_hourly_load_openloop_load_mlp_s.csv
load,Recursive,mlp,permutation,58,w_patras_temperature_2m,0.00028,0.028,mlp_hourly_load_openloop_load_mlp_s.csv
load,Recursive,mlp,permutation,59,w_athens_precipitation,0.000255,0.026,mlp_hourly_load_openloop_load_mlp_s.csv
load,Recursive,mlp,permutation,60,residual_load_lag12,0.000173,0.017,mlp_hourly_load_openloop_load_mlp_s.csv
load,Recursive,mlp,permutation,61,w_patras_cloud_cover,0.000166,0.017,mlp_hourly_load_openloop_load_mlp_s.csv
load,Recursive,mlp,permutation,62,w_gr_mean_temperature_2m,0.000147,0.015,mlp_hourly_load_openloop_load_mlp_s.csv
load,Recursive,mlp,permutation,63,w_thessaloniki_precipitation,0.000114,0.011,mlp_hourly_load_openloop_load_mlp_s.csv
load,Recursive,mlp,permutation,64,w_athens_wind_gusts_10m_missing,0.000107,0.011,mlp_hourly_load_openloop_load_mlp_s.csv
load,Recursive,mlp,permutation,65,w_patras_wind_speed_10m,9.8e-05,0.01,mlp_hourly_load_openloop_load_mlp_s.csv
load,Recursive,mlp,permutation,66,w_thessaloniki_shortwave_radiation,9.8e-05,0.01,mlp_hourly_load_openloop_load_mlp_s.csv
load,Recursive,mlp,permutation,67,w_thessaloniki_wind_gusts_10m_missing,8.2e-05,0.008,mlp_hourly_load_openloop_load_mlp_s.csv
load,Recursive,mlp,permutation,68,w_athens_wind_speed_10m,6.8e-05,0.007,mlp_hourly_load_openloop_load_mlp_s.csv
load,Recursive,mlp,permutation,69,w_larissa_precipitation,4.1e-05,0.004,mlp_hourly_load_openloop_load_mlp_s.csv
load,Recursive,mlp,permutation,70,w_heraklion_precipitation,3.9e-05,0.004,mlp_hourly_load_openloop_load_mlp_s.csv
load,Recursive,mlp,permutation,71,w_patras_relative_humidity_2m,3e-05,0.003,mlp_hourly_load_openloop_load_mlp_s.csv
load,Recursive,mlp,permutation,72,wind_onshore_fc_dayahead,2.2e-05,0.002,mlp_hourly_load_openloop_load_mlp_s.csv
load,Recursive,mlp,permutation,73,wind_onshore_fc_dayahead_missing,6e-06,0.001,mlp_hourly_load_openloop_load_mlp_s.csv
load,Recursive,mlp,permutation,74,gen_fc_dayahead,0.0,0.0,mlp_hourly_load_openloop_load_mlp_s.csv
load,Recursive,mlp,permutation,75,solar_fc_dayahead,0.0,0.0,mlp_hourly_load_openloop_load_mlp_s.csv
load,Recursive,mlp,permutation,76,w_athens_cloud_cover_missing,0.0,0.0,mlp_hourly_load_openloop_load_mlp_s.csv
load,Recursive,mlp,permutation,77,w_athens_precipitation_missing,0.0,0.0,mlp_hourly_load_openloop_load_mlp_s.csv
load,Recursive,mlp,permutation,78,w_heraklion_relative_humidity_2m,0.0,0.0,mlp_hourly_load_openloop_load_mlp_s.csv
load,Recursive,mlp,permutation,79,w_heraklion_wind_speed_10m,0.0,0.0,mlp_hourly_load_openloop_load_mlp_s.csv
load,Recursive,mlp,permutation,80,w_heraklion_shortwave_radiation,0.0,0.0,mlp_hourly_load_openloop_load_mlp_s.csv
load,Recursive,mlp,permutation,81,w_gr_mean_temperature_2m_missing,0.0,0.0,mlp_hourly_load_openloop_load_mlp_s.csv
load,Recursive,mlp,permutation,82,w_gr_mean_wind_gusts_10m_missing,0.0,0.0,mlp_hourly_load_openloop_load_mlp_s.csv
load,Recursive,mlp,permutation,83,w_gr_mean_shortwave_radiation_missing,0.0,0.0,mlp_hourly_load_openloop_load_mlp_s.csv
load,Recursive,mlp,permutation,84,w_gr_mean_cloud_cover_missing,0.0,0.0,mlp_hourly_load_openloop_load_mlp_s.csv
load,Recursive,mlp,permutation,85,w_larissa_wind_speed_10m,0.0,0.0,mlp_hourly_load_openloop_load_mlp_s.csv
load,Recursive,mlp,permutation,86,w_athens_cloud_cover,0.0,0.0,mlp_hourly_load_openloop_load_mlp_s.csv
load,Recursive,mlp,permutation,87,w_gr_mean_cloud_cover,0.0,0.0,mlp_hourly_load_openloop_load_mlp_s.csv
load,Recursive,mlp,permutation,88,w_thessaloniki_cloud_cover,0.0,0.0,mlp_hourly_load_openloop_load_mlp_s.csv
load,Recursive,mlp,permutation,89,w_gr_mean_relative_humidity_2m,0.0,0.0,mlp_hourly_load_openloop_load_mlp_s.csv
load,Recursive,mlp,permutation,90,w_gr_mean_precipitation,0.0,0.0,mlp_hourly_load_openloop_load_mlp_s.csv
load,Recursive,mlp,permutation,91,w_gr_mean_shortwave_radiation,0.0,0.0,mlp_hourly_load_openloop_load_mlp_s.csv
load,Recursive,mlp,permutation,92,w_gr_mean_wind_speed_10m,0.0,0.0,mlp_hourly_load_openloop_load_mlp_s.csv
load,Recursive,mlp,permutation,93,gen_fc_dayahead_missing,0.0,0.0,mlp_hourly_load_openloop_load_mlp_s.csv
load,Recursive,mlp,permutation,94,w_thessaloniki_wind_gusts_10m,0.0,0.0,mlp_hourly_load_openloop_load_mlp_s.csv
load,Recursive,mlp,permutation,95,w_thessaloniki_relative_humidity_2m,0.0,0.0,mlp_hourly_load_openloop_load_mlp_s.csv
load,Recursive,mlp,permutation,96,w_patras_precipitation,0.0,0.0,mlp_hourly_load_openloop_load_mlp_s.csv
load,Recursive,mlp,permutation,97,w_thessaloniki_wind_speed_10m,0.0,0.0,mlp_hourly_load_openloop_load_mlp_s.csv
load,Recursive,mlp,permutation,98,w_gr_mean_relative_humidity_2m_missing,0.0,0.0,mlp_hourly_load_openloop_load_mlp_s.csv
load,Recursive,mlp,permutation,99,w_gr_mean_precipitation_missing,0.0,0.0,mlp_hourly_load_openloop_load_mlp_s.csv
load,Recursive,mlp,permutation,100,w_gr_mean_wind_speed_10m_missing,0.0,0.0,mlp_hourly_load_openloop_load_mlp_s.csv
load,Recursive,mlp,permutation,101,w_larissa_temperature_2m,0.0,0.0,mlp_hourly_load_openloop_load_mlp_s.csv
load,Recursive,mlp,permutation,102,w_thessaloniki_shortwave_radiation_missing,0.0,0.0,mlp_hourly_load_openloop_load_mlp_s.csv
load,Recursive,mlp,permutation,103,w_thessaloniki_wind_speed_10m_missing,0.0,0.0,mlp_hourly_load_openloop_load_mlp_s.csv
load,Recursive,mlp,permutation,104,y_lag2,0.0,0.0,mlp_hourly_load_openloop_load_mlp_s.csv
load,Recursive,mlp,permutation,105,w_heraklion_wind_speed_10m_missing,0.0,0.0,mlp_hourly_load_openloop_load_mlp_s.csv
load,Recursive,mlp,permutation,106,w_heraklion_wind_gusts_10m_missing,0.0,0.0,mlp_hourly_load_openloop_load_mlp_s.csv
load,Recursive,mlp,permutation,107,w_heraklion_shortwave_radiation_missing,0.0,0.0,mlp_hourly_load_openloop_load_mlp_s.csv
load,Recursive,mlp,permutation,108,w_heraklion_cloud_cover_missing,0.0,0.0,mlp_hourly_load_openloop_load_mlp_s.csv
load,Recursive,mlp,permutation,109,w_heraklion_precipitation_missing,0.0,0.0,mlp_hourly_load_openloop_load_mlp_s.csv
load,Recursive,mlp,permutation,110,w_larissa_relative_humidity_2m_missing,0.0,0.0,mlp_hourly_load_openloop_load_mlp_s.csv
load,Recursive,mlp,permutation,111,w_larissa_precipitation_missing,0.0,0.0,mlp_hourly_load_openloop_load_mlp_s.csv
load,Recursive,mlp,permutation,112,w_larissa_cloud_cover_missing,0.0,0.0,mlp_hourly_load_openloop_load_mlp_s.csv
load,Recursive,mlp,permutation,113,w_larissa_wind_speed_10m_missing,0.0,0.0,mlp_hourly_load_openloop_load_mlp_s.csv
load,Recursive,mlp,permutation,114,w_larissa_wind_gusts_10m_missing,0.0,0.0,mlp_hourly_load_openloop_load_mlp_s.csv
load,Recursive,mlp,permutation,115,w_larissa_shortwave_radiation_missing,0.0,0.0,mlp_hourly_load_openloop_load_mlp_s.csv
load,Recursive,mlp,permutation,116,w_heraklion_temperature_2m_missing,0.0,0.0,mlp_hourly_load_openloop_load_mlp_s.csv
load,Recursive,mlp,permutation,117,w_heraklion_relative_humidity_2m_missing,0.0,0.0,mlp_hourly_load_openloop_load_mlp_s.csv
load,Recursive,mlp,permutation,118,w_patras_cloud_cover_missing,0.0,0.0,mlp_hourly_load_openloop_load_mlp_s.csv
load,Recursive,mlp,permutation,119,w_patras_precipitation_missing,0.0,0.0,mlp_hourly_load_openloop_load_mlp_s.csv
load,Recursive,mlp,permutation,120,w_patras_wind_gusts_10m_missing,0.0,0.0,mlp_hourly_load_openloop_load_mlp_s.csv
load,Recursive,mlp,permutation,121,w_patras_wind_speed_10m_missing,0.0,0.0,mlp_hourly_load_openloop_load_mlp_s.csv
load,Recursive,mlp,permutation,122,w_patras_relative_humidity_2m_missing,0.0,0.0,mlp_hourly_load_openloop_load_mlp_s.csv
load,Recursive,mlp,permutation,123,w_patras_temperature_2m_missing,0.0,0.0,mlp_hourly_load_openloop_load_mlp_s.csv
load,Recursive,mlp,permutation,124,w_patras_shortwave_radiation_missing,0.0,0.0,mlp_hourly_load_openloop_load_mlp_s.csv
load,Recursive,mlp,permutation,125,w_larissa_temperature_2m_missing,0.0,0.0,mlp_hourly_load_openloop_load_mlp_s.csv
load,Recursive,mlp,permutation,126,load_lag168,0.0,0.0,mlp_hourly_load_openloop_load_mlp_s.csv
load,Recursive,mlp,permutation,127,y_lag168,0.0,0.0,mlp_hourly_load_openloop_load_mlp_s.csv
load,Recursive,mlp,permutation,128,residual_load_lag48,0.0,0.0,mlp_hourly_load_openloop_load_mlp_s.csv
load,Recursive,mlp,permutation,129,residual_load_lag168,0.0,0.0,mlp_hourly_load_openloop_load_mlp_s.csv
load,Recursive,mlp,permutation,130,gen_solar_lag48,0.0,0.0,mlp_hourly_load_openloop_load_mlp_s.csv
load,Recursive,mlp,permutation,131,gen_solar_lag24,0.0,0.0,mlp_hourly_load_openloop_load_mlp_s.csv
load,Recursive,mlp,permutation,132,gen_solar_lag168,0.0,0.0,mlp_hourly_load_openloop_load_mlp_s.csv
load,Recursive,mlp,permutation,133,gen_wind_lag168,0.0,0.0,mlp_hourly_load_openloop_load_mlp_s.csv
load,Recursive,rf,MDI (impurity),1,y_lag1,0.124649,12.465,rf_hourly_load_openloop_load_rf_s.csv
load,Recursive,rf,MDI (impurity),2,load_lag1,0.12173,12.173,rf_hourly_load_openloop_load_rf_s.csv
load,Recursive,rf,MDI (impurity),3,y_lag24,0.081131,8.113,rf_hourly_load_openloop_load_rf_s.csv
load,Recursive,rf,MDI (impurity),4,load_lag24,0.079754,7.975,rf_hourly_load_openloop_load_rf_s.csv
load,Recursive,rf,MDI (impurity),5,y_lag2,0.059056,5.906,rf_hourly_load_openloop_load_rf_s.csv
load,Recursive,rf,MDI (impurity),6,y_lag168,0.057321,5.732,rf_hourly_load_openloop_load_rf_s.csv
load,Recursive,rf,MDI (impurity),7,load_lag2,0.053281,5.328,rf_hourly_load_openloop_load_rf_s.csv
load,Recursive,rf,MDI (impurity),8,load_lag168,0.051064,5.106,rf_hourly_load_openloop_load_rf_s.csv
load,Recursive,rf,MDI (impurity),9,load_lag48,0.049617,4.962,rf_hourly_load_openloop_load_rf_s.csv
load,Recursive,rf,MDI (impurity),10,y_lag48,0.04593,4.593,rf_hourly_load_openloop_load_rf_s.csv
load,Recursive,rf,MDI (impurity),11,load_lag3,0.025034,2.503,rf_hourly_load_openloop_load_rf_s.csv
load,Recursive,rf,MDI (impurity),12,hour,0.02492,2.492,rf_hourly_load_openloop_load_rf_s.csv
load,Recursive,rf,MDI (impurity),13,y_lag3,0.023795,2.379,rf_hourly_load_openloop_load_rf_s.csv
load,Recursive,rf,MDI (impurity),14,y_roll24,0.022192,2.219,rf_hourly_load_openloop_load_rf_s.csv
load,Recursive,rf,MDI (impurity),15,residual_load_lag1,0.01661,1.661,rf_hourly_load_openloop_load_rf_s.csv
load,Recursive,rf,MDI (impurity),16,hour_cos,0.013237,1.324,rf_hourly_load_openloop_load_rf_s.csv
load,Recursive,rf,MDI (impurity),17,gen_solar_lag2,0.011959,1.196,rf_hourly_load_openloop_load_rf_s.csv
load,Recursive,rf,MDI (impurity),18,residual_load_lag24,0.011853,1.185,rf_hourly_load_openloop_load_rf_s.csv
load,Recursive,rf,MDI (impurity),19,residual_load_lag48,0.008696,0.87,rf_hourly_load_openloop_load_rf_s.csv
load,Recursive,rf,MDI (impurity),20,gen_solar_lag1,0.008652,0.865,rf_hourly_load_openloop_load_rf_s.csv
load,Recursive,rf,MDI (impurity),21,y_roll168,0.00819,0.819,rf_hourly_load_openloop_load_rf_s.csv
load,Recursive,rf,MDI (impurity),22,w_gr_mean_temperature_2m,0.0071,0.71,rf_hourly_load_openloop_load_rf_s.csv
load,Recursive,rf,MDI (impurity),23,residual_load_lag2,0.006352,0.635,rf_hourly_load_openloop_load_rf_s.csv
load,Recursive,rf,MDI (impurity),24,residual_load_lag168,0.005651,0.565,rf_hourly_load_openloop_load_rf_s.csv
load,Recursive,rf,MDI (impurity),25,w_athens_temperature_2m,0.005439,0.544,rf_hourly_load_openloop_load_rf_s.csv
load,Recursive,rf,MDI (impurity),26,w_larissa_temperature_2m,0.005406,0.541,rf_hourly_load_openloop_load_rf_s.csv
load,Recursive,rf,MDI (impurity),27,gen_solar_lag168,0.005123,0.512,rf_hourly_load_openloop_load_rf_s.csv
load,Recursive,rf,MDI (impurity),28,gen_solar_lag24,0.005022,0.502,rf_hourly_load_openloop_load_rf_s.csv
load,Recursive,rf,MDI (impurity),29,hour_sin,0.004821,0.482,rf_hourly_load_openloop_load_rf_s.csv
load,Recursive,rf,MDI (impurity),30,gen_solar_lag48,0.004768,0.477,rf_hourly_load_openloop_load_rf_s.csv
load,Recursive,rf,MDI (impurity),31,y_lag12,0.004543,0.454,rf_hourly_load_openloop_load_rf_s.csv
load,Recursive,rf,MDI (impurity),32,load_lag6,0.004344,0.434,rf_hourly_load_openloop_load_rf_s.csv
load,Recursive,rf,MDI (impurity),33,y_lag6,0.004096,0.41,rf_hourly_load_openloop_load_rf_s.csv
load,Recursive,rf,MDI (impurity),34,load_lag12,0.004062,0.406,rf_hourly_load_openloop_load_rf_s.csv
load,Recursive,rf,MDI (impurity),35,gen_fc_dayahead,0.003337,0.334,rf_hourly_load_openloop_load_rf_s.csv
load,Recursive,rf,MDI (impurity),36,dow,0.002782,0.278,rf_hourly_load_openloop_load_rf_s.csv
load,Recursive,rf,MDI (impurity),37,residual_load_lag3,0.00263,0.263,rf_hourly_load_openloop_load_rf_s.csv
load,Recursive,rf,MDI (impurity),38,w_thessaloniki_temperature_2m,0.002586,0.259,rf_hourly_load_openloop_load_rf_s.csv
load,Recursive,rf,MDI (impurity),39,residual_load_lag12,0.002433,0.243,rf_hourly_load_openloop_load_rf_s.csv
load,Recursive,rf,MDI (impurity),40,w_patras_temperature_2m,0.00225,0.225,rf_hourly_load_openloop_load_rf_s.csv
load,Recursive,rf,MDI (impurity),41,dow_sin,0.002246,0.225,rf_hourly_load_openloop_load_rf_s.csv
load,Recursive,rf,MDI (impurity),42,w_gr_mean_shortwave_radiation,0.001264,0.126,rf_hourly_load_openloop_load_rf_s.csv
load,Recursive,rf,MDI (impurity),43,w_heraklion_temperature_2m,0.001039,0.104,rf_hourly_load_openloop_load_rf_s.csv
load,Recursive,rf,MDI (impurity),44,w_larissa_relative_humidity_2m,0.001028,0.103,rf_hourly_load_openloop_load_rf_s.csv
load,Recursive,rf,MDI (impurity),45,residual_load_lag6,0.00094,0.094,rf_hourly_load_openloop_load_rf_s.csv
load,Recursive,rf,MDI (impurity),46,dow_cos,0.000909,0.091,rf_hourly_load_openloop_load_rf_s.csv
load,Recursive,rf,MDI (impurity),47,w_athens_shortwave_radiation,0.000806,0.081,rf_hourly_load_openloop_load_rf_s.csv
load,Recursive,rf,MDI (impurity),48,w_larissa_shortwave_radiation,0.000747,0.075,rf_hourly_load_openloop_load_rf_s.csv
load,Recursive,rf,MDI (impurity),49,solar_fc_dayahead,0.000655,0.066,rf_hourly_load_openloop_load_rf_s.csv
load,Recursive,rf,MDI (impurity),50,w_heraklion_shortwave_radiation,0.000638,0.064,rf_hourly_load_openloop_load_rf_s.csv
load,Recursive,rf,MDI (impurity),51,w_patras_shortwave_radiation,0.000627,0.063,rf_hourly_load_openloop_load_rf_s.csv
load,Recursive,rf,MDI (impurity),52,is_holiday,0.000613,0.061,rf_hourly_load_openloop_load_rf_s.csv
load,Recursive,rf,MDI (impurity),53,w_thessaloniki_shortwave_radiation,0.000575,0.057,rf_hourly_load_openloop_load_rf_s.csv
load,Recursive,rf,MDI (impurity),54,w_gr_mean_relative_humidity_2m,0.000524,0.052,rf_hourly_load_openloop_load_rf_s.csv
load,Recursive,rf,MDI (impurity),55,w_thessaloniki_relative_humidity_2m,0.000346,0.035,rf_hourly_load_openloop_load_rf_s.csv
load,Recursive,rf,MDI (impurity),56,gen_wind_lag1,0.000337,0.034,rf_hourly_load_openloop_load_rf_s.csv
load,Recursive,rf,MDI (impurity),57,gen_wind_lag2,0.000322,0.032,rf_hourly_load_openloop_load_rf_s.csv
load,Recursive,rf,MDI (impurity),58,w_heraklion_relative_humidity_2m,0.000306,0.031,rf_hourly_load_openloop_load_rf_s.csv
load,Recursive,rf,MDI (impurity),59,gen_wind_lag24,0.000284,0.028,rf_hourly_load_openloop_load_rf_s.csv
load,Recursive,rf,MDI (impurity),60,gen_wind_lag48,0.000249,0.025,rf_hourly_load_openloop_load_rf_s.csv
load,Recursive,rf,MDI (impurity),61,w_athens_relative_humidity_2m,0.000246,0.025,rf_hourly_load_openloop_load_rf_s.csv
load,Recursive,rf,MDI (impurity),62,w_larissa_wind_gusts_10m,0.000242,0.024,rf_hourly_load_openloop_load_rf_s.csv
load,Recursive,rf,MDI (impurity),63,w_gr_mean_wind_gusts_10m,0.000238,0.024,rf_hourly_load_openloop_load_rf_s.csv
load,Recursive,rf,MDI (impurity),64,w_gr_mean_wind_speed_10m,0.000215,0.021,rf_hourly_load_openloop_load_rf_s.csv
load,Recursive,rf,MDI (impurity),65,solar_fc_dayahead_missing,0.000203,0.02,rf_hourly_load_openloop_load_rf_s.csv
load,Recursive,rf,MDI (impurity),66,gen_wind_lag168,0.000202,0.02,rf_hourly_load_openloop_load_rf_s.csv
load,Recursive,rf,MDI (impurity),67,wind_onshore_fc_dayahead,0.000202,0.02,rf_hourly_load_openloop_load_rf_s.csv
load,Recursive,rf,MDI (impurity),68,w_gr_mean_cloud_cover,0.000161,0.016,rf_hourly_load_openloop_load_rf_s.csv
load,Recursive,rf,MDI (impurity),69,w_patras_relative_humidity_2m,0.000158,0.016,rf_hourly_load_openloop_load_rf_s.csv
load,Recursive,rf,MDI (impurity),70,w_larissa_wind_speed_10m,0.000155,0.015,rf_hourly_load_openloop_load_rf_s.csv
load,Recursive,rf,MDI (impurity),71,w_athens_wind_gusts_10m,0.000139,0.014,rf_hourly_load_openloop_load_rf_s.csv
load,Recursive,rf,MDI (impurity),72,w_heraklion_wind_gusts_10m,0.000138,0.014,rf_hourly_load_openloop_load_rf_s.csv
load,Recursive,rf,MDI (impurity),73,w_patras_wind_speed_10m,0.000137,0.014,rf_hourly_load_openloop_load_rf_s.csv
load,Recursive,rf,MDI (impurity),74,w_patras_wind_gusts_10m,0.000135,0.014,rf_hourly_load_openloop_load_rf_s.csv
load,Recursive,rf,MDI (impurity),75,w_heraklion_wind_speed_10m,0.000131,0.013,rf_hourly_load_openloop_load_rf_s.csv
load,Recursive,rf,MDI (impurity),76,w_thessaloniki_wind_gusts_10m,0.00013,0.013,rf_hourly_load_openloop_load_rf_s.csv
load,Recursive,rf,MDI (impurity),77,w_athens_wind_speed_10m,0.000129,0.013,rf_hourly_load_openloop_load_rf_s.csv
load,Recursive,rf,MDI (impurity),78,w_heraklion_cloud_cover,0.000128,0.013,rf_hourly_load_openloop_load_rf_s.csv
load,Recursive,rf,MDI (impurity),79,w_thessaloniki_wind_speed_10m,0.00012,0.012,rf_hourly_load_openloop_load_rf_s.csv
load,Recursive,rf,MDI (impurity),80,w_larissa_cloud_cover,0.000101,0.01,rf_hourly_load_openloop_load_rf_s.csv
load,Recursive,rf,MDI (impurity),81,w_athens_cloud_cover,9.2e-05,0.009,rf_hourly_load_openloop_load_rf_s.csv
load,Recursive,rf,MDI (impurity),82,w_patras_cloud_cover,9e-05,0.009,rf_hourly_load_openloop_load_rf_s.csv
load,Recursive,rf,MDI (impurity),83,w_thessaloniki_cloud_cover,8.4e-05,0.008,rf_hourly_load_openloop_load_rf_s.csv
load,Recursive,rf,MDI (impurity),84,w_gr_mean_precipitation,5.9e-05,0.006,rf_hourly_load_openloop_load_rf_s.csv
load,Recursive,rf,MDI (impurity),85,w_heraklion_precipitation,2.6e-05,0.003,rf_hourly_load_openloop_load_rf_s.csv
load,Recursive,rf,MDI (impurity),86,w_athens_precipitation,2.3e-05,0.002,rf_hourly_load_openloop_load_rf_s.csv
load,Recursive,rf,MDI (impurity),87,w_patras_precipitation,2.2e-05,0.002,rf_hourly_load_openloop_load_rf_s.csv
load,Recursive,rf,MDI (impurity),88,w_larissa_precipitation,1.8e-05,0.002,rf_hourly_load_openloop_load_rf_s.csv
load,Recursive,rf,MDI (impurity),89,w_thessaloniki_precipitation,1.6e-05,0.002,rf_hourly_load_openloop_load_rf_s.csv
load,Recursive,rf,MDI (impurity),90,w_patras_cloud_cover_missing,1.5e-05,0.001,rf_hourly_load_openloop_load_rf_s.csv
load,Recursive,rf,MDI (impurity),91,w_patras_relative_humidity_2m_missing,1.3e-05,0.001,rf_hourly_load_openloop_load_rf_s.csv
load,Recursive,rf,MDI (impurity),92,wind_onshore_fc_dayahead_missing,1.3e-05,0.001,rf_hourly_load_openloop_load_rf_s.csv
load,Recursive,rf,MDI (impurity),93,w_patras_precipitation_missing,1.3e-05,0.001,rf_hourly_load_openloop_load_rf_s.csv
load,Recursive,rf,MDI (impurity),94,w_gr_mean_wind_speed_10m_missing,1.2e-05,0.001,rf_hourly_load_openloop_load_rf_s.csv
load,Recursive,rf,MDI (impurity),95,w_patras_wind_gusts_10m_missing,1.2e-05,0.001,rf_hourly_load_openloop_load_rf_s.csv
load,Recursive,rf,MDI (impurity),96,w_patras_wind_speed_10m_missing,1.2e-05,0.001,rf_hourly_load_openloop_load_rf_s.csv
load,Recursive,rf,MDI (impurity),97,w_patras_shortwave_radiation_missing,1.2e-05,0.001,rf_hourly_load_openloop_load_rf_s.csv
load,Recursive,rf,MDI (impurity),98,w_patras_temperature_2m_missing,1.1e-05,0.001,rf_hourly_load_openloop_load_rf_s.csv
load,Recursive,rf,MDI (impurity),99,w_heraklion_wind_speed_10m_missing,1.1e-05,0.001,rf_hourly_load_openloop_load_rf_s.csv
load,Recursive,rf,MDI (impurity),100,w_heraklion_precipitation_missing,1.1e-05,0.001,rf_hourly_load_openloop_load_rf_s.csv
load,Recursive,rf,MDI (impurity),101,w_heraklion_shortwave_radiation_missing,1.1e-05,0.001,rf_hourly_load_openloop_load_rf_s.csv
load,Recursive,rf,MDI (impurity),102,w_heraklion_relative_humidity_2m_missing,1e-05,0.001,rf_hourly_load_openloop_load_rf_s.csv
load,Recursive,rf,MDI (impurity),103,w_heraklion_wind_gusts_10m_missing,1e-05,0.001,rf_hourly_load_openloop_load_rf_s.csv
load,Recursive,rf,MDI (impurity),104,w_athens_wind_speed_10m_missing,1e-05,0.001,rf_hourly_load_openloop_load_rf_s.csv
load,Recursive,rf,MDI (impurity),105,w_heraklion_temperature_2m_missing,1e-05,0.001,rf_hourly_load_openloop_load_rf_s.csv
load,Recursive,rf,MDI (impurity),106,w_thessaloniki_wind_gusts_10m_missing,9e-06,0.001,rf_hourly_load_openloop_load_rf_s.csv
load,Recursive,rf,MDI (impurity),107,w_larissa_wind_gusts_10m_missing,9e-06,0.001,rf_hourly_load_openloop_load_rf_s.csv
load,Recursive,rf,MDI (impurity),108,w_heraklion_cloud_cover_missing,9e-06,0.001,rf_hourly_load_openloop_load_rf_s.csv
load,Recursive,rf,MDI (impurity),109,w_gr_mean_wind_gusts_10m_missing,9e-06,0.001,rf_hourly_load_openloop_load_rf_s.csv
load,Recursive,rf,MDI (impurity),110,gen_fc_dayahead_missing,9e-06,0.001,rf_hourly_load_openloop_load_rf_s.csv
load,Recursive,rf,MDI (impurity),111,w_thessaloniki_shortwave_radiation_missing,9e-06,0.001,rf_hourly_load_openloop_load_rf_s.csv
load,Recursive,rf,MDI (impurity),112,w_athens_temperature_2m_missing,9e-06,0.001,rf_hourly_load_openloop_load_rf_s.csv
load,Recursive,rf,MDI (impurity),113,w_larissa_temperature_2m_missing,9e-06,0.001,rf_hourly_load_openloop_load_rf_s.csv
load,Recursive,rf,MDI (impurity),114,w_thessaloniki_wind_speed_10m_missing,8e-06,0.001,rf_hourly_load_openloop_load_rf_s.csv
load,Recursive,rf,MDI (impurity),115,w_larissa_cloud_cover_missing,8e-06,0.001,rf_hourly_load_openloop_load_rf_s.csv
load,Recursive,rf,MDI (impurity),116,w_athens_precipitation_missing,8e-06,0.001,rf_hourly_load_openloop_load_rf_s.csv
load,Recursive,rf,MDI (impurity),117,w_larissa_relative_humidity_2m_missing,7e-06,0.001,rf_hourly_load_openloop_load_rf_s.csv
load,Recursive,rf,MDI (impurity),118,w_thessaloniki_precipitation_missing,7e-06,0.001,rf_hourly_load_openloop_load_rf_s.csv
load,Recursive,rf,MDI (impurity),119,w_thessaloniki_relative_humidity_2m_missing,7e-06,0.001,rf_hourly_load_openloop_load_rf_s.csv
load,Recursive,rf,MDI (impurity),120,w_athens_wind_gusts_10m_missing,7e-06,0.001,rf_hourly_load_openloop_load_rf_s.csv
load,Recursive,rf,MDI (impurity),121,w_athens_shortwave_radiation_missing,7e-06,0.001,rf_hourly_load_openloop_load_rf_s.csv
load,Recursive,rf,MDI (impurity),122,w_gr_mean_temperature_2m_missing,7e-06,0.001,rf_hourly_load_openloop_load_rf_s.csv
load,Recursive,rf,MDI (impurity),123,w_thessaloniki_cloud_cover_missing,7e-06,0.001,rf_hourly_load_openloop_load_rf_s.csv
load,Recursive,rf,MDI (impurity),124,w_athens_relative_humidity_2m_missing,7e-06,0.001,rf_hourly_load_openloop_load_rf_s.csv
load,Recursive,rf,MDI (impurity),125,w_thessaloniki_temperature_2m_missing,7e-06,0.001,rf_hourly_load_openloop_load_rf_s.csv
load,Recursive,rf,MDI (impurity),126,w_larissa_shortwave_radiation_missing,7e-06,0.001,rf_hourly_load_openloop_load_rf_s.csv
load,Recursive,rf,MDI (impurity),127,w_gr_mean_shortwave_radiation_missing,7e-06,0.001,rf_hourly_load_openloop_load_rf_s.csv
load,Recursive,rf,MDI (impurity),128,w_athens_cloud_cover_missing,6e-06,0.001,rf_hourly_load_openloop_load_rf_s.csv
load,Recursive,rf,MDI (impurity),129,w_gr_mean_relative_humidity_2m_missing,6e-06,0.001,rf_hourly_load_openloop_load_rf_s.csv
load,Recursive,rf,MDI (impurity),130,w_larissa_wind_speed_10m_missing,6e-06,0.001,rf_hourly_load_openloop_load_rf_s.csv
load,Recursive,rf,MDI (impurity),131,w_gr_mean_precipitation_missing,5e-06,0.001,rf_hourly_load_openloop_load_rf_s.csv
load,Recursive,rf,MDI (impurity),132,w_gr_mean_cloud_cover_missing,5e-06,0.001,rf_hourly_load_openloop_load_rf_s.csv
load,Recursive,rf,MDI (impurity),133,w_larissa_precipitation_missing,5e-06,0.0,rf_hourly_load_openloop_load_rf_s.csv
load,Recursive,svr,permutation,1,y_lag1,0.111207,11.121,svr_hourly_load_openloop_load_svr_s.csv
load,Recursive,svr,permutation,2,load_lag1,0.108818,10.882,svr_hourly_load_openloop_load_svr_s.csv
load,Recursive,svr,permutation,3,residual_load_lag1,0.062898,6.29,svr_hourly_load_openloop_load_svr_s.csv
load,Recursive,svr,permutation,4,hour_cos,0.044549,4.455,svr_hourly_load_openloop_load_svr_s.csv
load,Recursive,svr,permutation,5,y_lag24,0.040096,4.01,svr_hourly_load_openloop_load_svr_s.csv
load,Recursive,svr,permutation,6,load_lag24,0.036596,3.66,svr_hourly_load_openloop_load_svr_s.csv
load,Recursive,svr,permutation,7,y_lag2,0.034822,3.482,svr_hourly_load_openloop_load_svr_s.csv
load,Recursive,svr,permutation,8,load_lag2,0.031194,3.119,svr_hourly_load_openloop_load_svr_s.csv
load,Recursive,svr,permutation,9,gen_fc_dayahead,0.026018,2.602,svr_hourly_load_openloop_load_svr_s.csv
load,Recursive,svr,permutation,10,y_roll24,0.024629,2.463,svr_hourly_load_openloop_load_svr_s.csv
load,Recursive,svr,permutation,11,residual_load_lag12,0.022478,2.248,svr_hourly_load_openloop_load_svr_s.csv
load,Recursive,svr,permutation,12,y_lag168,0.020979,2.098,svr_hourly_load_openloop_load_svr_s.csv
load,Recursive,svr,permutation,13,dow,0.020527,2.053,svr_hourly_load_openloop_load_svr_s.csv
load,Recursive,svr,permutation,14,load_lag48,0.020131,2.013,svr_hourly_load_openloop_load_svr_s.csv
load,Recursive,svr,permutation,15,y_lag48,0.019973,1.997,svr_hourly_load_openloop_load_svr_s.csv
load,Recursive,svr,permutation,16,load_lag168,0.018775,1.877,svr_hourly_load_openloop_load_svr_s.csv
load,Recursive,svr,permutation,17,gen_solar_lag24,0.018246,1.825,svr_hourly_load_openloop_load_svr_s.csv
load,Recursive,svr,permutation,18,residual_load_lag3,0.017215,1.721,svr_hourly_load_openloop_load_svr_s.csv
load,Recursive,svr,permutation,19,solar_fc_dayahead,0.016024,1.602,svr_hourly_load_openloop_load_svr_s.csv
load,Recursive,svr,permutation,20,gen_solar_lag2,0.013913,1.391,svr_hourly_load_openloop_load_svr_s.csv
load,Recursive,svr,permutation,21,gen_solar_lag1,0.013107,1.311,svr_hourly_load_openloop_load_svr_s.csv
load,Recursive,svr,permutation,22,gen_solar_lag48,0.012111,1.211,svr_hourly_load_openloop_load_svr_s.csv
load,Recursive,svr,permutation,23,gen_solar_lag168,0.011347,1.135,svr_hourly_load_openloop_load_svr_s.csv
load,Recursive,svr,permutation,24,y_roll168,0.011033,1.103,svr_hourly_load_openloop_load_svr_s.csv
load,Recursive,svr,permutation,25,y_lag3,0.010559,1.056,svr_hourly_load_openloop_load_svr_s.csv
load,Recursive,svr,permutation,26,load_lag3,0.010227,1.023,svr_hourly_load_openloop_load_svr_s.csv
load,Recursive,svr,permutation,27,residual_load_lag6,0.008747,0.875,svr_hourly_load_openloop_load_svr_s.csv
load,Recursive,svr,permutation,28,residual_load_lag24,0.008216,0.822,svr_hourly_load_openloop_load_svr_s.csv
load,Recursive,svr,permutation,29,residual_load_lag2,0.007448,0.745,svr_hourly_load_openloop_load_svr_s.csv
load,Recursive,svr,permutation,30,y_lag12,0.007355,0.735,svr_hourly_load_openloop_load_svr_s.csv
load,Recursive,svr,permutation,31,load_lag12,0.007257,0.726,svr_hourly_load_openloop_load_svr_s.csv
load,Recursive,svr,permutation,32,solar_fc_dayahead_missing,0.006776,0.678,svr_hourly_load_openloop_load_svr_s.csv
load,Recursive,svr,permutation,33,w_heraklion_shortwave_radiation,0.006382,0.638,svr_hourly_load_openloop_load_svr_s.csv
load,Recursive,svr,permutation,34,wind_onshore_fc_dayahead_missing,0.006219,0.622,svr_hourly_load_openloop_load_svr_s.csv
load,Recursive,svr,permutation,35,w_gr_mean_relative_humidity_2m,0.006068,0.607,svr_hourly_load_openloop_load_svr_s.csv
load,Recursive,svr,permutation,36,w_gr_mean_precipitation,0.00604,0.604,svr_hourly_load_openloop_load_svr_s.csv
load,Recursive,svr,permutation,37,gen_wind_lag1,0.005927,0.593,svr_hourly_load_openloop_load_svr_s.csv
load,Recursive,svr,permutation,38,w_patras_shortwave_radiation,0.005799,0.58,svr_hourly_load_openloop_load_svr_s.csv
load,Recursive,svr,permutation,39,w_gr_mean_shortwave_radiation,0.005699,0.57,svr_hourly_load_openloop_load_svr_s.csv
load,Recursive,svr,permutation,40,residual_load_lag48,0.005447,0.545,svr_hourly_load_openloop_load_svr_s.csv
load,Recursive,svr,permutation,41,is_holiday,0.005434,0.543,svr_hourly_load_openloop_load_svr_s.csv
load,Recursive,svr,permutation,42,load_lag6,0.005407,0.541,svr_hourly_load_openloop_load_svr_s.csv
load,Recursive,svr,permutation,43,w_larissa_temperature_2m,0.005079,0.508,svr_hourly_load_openloop_load_svr_s.csv
load,Recursive,svr,permutation,44,y_lag6,0.00468,0.468,svr_hourly_load_openloop_load_svr_s.csv
load,Recursive,svr,permutation,45,residual_load_lag168,0.004379,0.438,svr_hourly_load_openloop_load_svr_s.csv
load,Recursive,svr,permutation,46,w_larissa_relative_humidity_2m,0.004305,0.431,svr_hourly_load_openloop_load_svr_s.csv
load,Recursive,svr,permutation,47,w_larissa_shortwave_radiation,0.004302,0.43,svr_hourly_load_openloop_load_svr_s.csv
load,Recursive,svr,permutation,48,w_larissa_wind_gusts_10m,0.004212,0.421,svr_hourly_load_openloop_load_svr_s.csv
load,Recursive,svr,permutation,49,w_gr_mean_wind_speed_10m,0.004147,0.415,svr_hourly_load_openloop_load_svr_s.csv
load,Recursive,svr,permutation,50,w_gr_mean_wind_gusts_10m,0.004138,0.414,svr_hourly_load_openloop_load_svr_s.csv
load,Recursive,svr,permutation,51,gen_wind_lag24,0.004004,0.4,svr_hourly_load_openloop_load_svr_s.csv
load,Recursive,svr,permutation,52,hour_sin,0.003997,0.4,svr_hourly_load_openloop_load_svr_s.csv
load,Recursive,svr,permutation,53,dow_sin,0.003838,0.384,svr_hourly_load_openloop_load_svr_s.csv
load,Recursive,svr,permutation,54,w_gr_mean_temperature_2m,0.003726,0.373,svr_hourly_load_openloop_load_svr_s.csv
load,Recursive,svr,permutation,55,gen_wind_lag168,0.003348,0.335,svr_hourly_load_openloop_load_svr_s.csv
load,Recursive,svr,permutation,56,w_patras_temperature_2m,0.003315,0.332,svr_hourly_load_openloop_load_svr_s.csv
load,Recursive,svr,permutation,57,w_heraklion_cloud_cover,0.003284,0.328,svr_hourly_load_openloop_load_svr_s.csv
load,Recursive,svr,permutation,58,w_patras_precipitation,0.00319,0.319,svr_hourly_load_openloop_load_svr_s.csv
load,Recursive,svr,permutation,59,gen_wind_lag2,0.003096,0.31,svr_hourly_load_openloop_load_svr_s.csv
load,Recursive,svr,permutation,60,w_patras_relative_humidity_2m,0.002938,0.294,svr_hourly_load_openloop_load_svr_s.csv
load,Recursive,svr,permutation,61,w_gr_mean_cloud_cover,0.002902,0.29,svr_hourly_load_openloop_load_svr_s.csv
load,Recursive,svr,permutation,62,wind_onshore_fc_dayahead,0.002584,0.258,svr_hourly_load_openloop_load_svr_s.csv
load,Recursive,svr,permutation,63,w_patras_wind_gusts_10m,0.0025,0.25,svr_hourly_load_openloop_load_svr_s.csv
load,Recursive,svr,permutation,64,hour,0.002476,0.248,svr_hourly_load_openloop_load_svr_s.csv
load,Recursive,svr,permutation,65,dow_cos,0.002299,0.23,svr_hourly_load_openloop_load_svr_s.csv
load,Recursive,svr,permutation,66,w_heraklion_wind_gusts_10m,0.001868,0.187,svr_hourly_load_openloop_load_svr_s.csv
load,Recursive,svr,permutation,67,w_thessaloniki_relative_humidity_2m_missing,0.001738,0.174,svr_hourly_load_openloop_load_svr_s.csv
load,Recursive,svr,permutation,68,w_patras_wind_speed_10m,0.001687,0.169,svr_hourly_load_openloop_load_svr_s.csv
load,Recursive,svr,permutation,69,w_athens_shortwave_radiation_missing,0.001632,0.163,svr_hourly_load_openloop_load_svr_s.csv
load,Recursive,svr,permutation,70,w_athens_temperature_2m_missing,0.001472,0.147,svr_hourly_load_openloop_load_svr_s.csv
load,Recursive,svr,permutation,71,w_athens_wind_gusts_10m_missing,0.001456,0.146,svr_hourly_load_openloop_load_svr_s.csv
load,Recursive,svr,permutation,72,w_thessaloniki_wind_speed_10m_missing,0.001444,0.144,svr_hourly_load_openloop_load_svr_s.csv
load,Recursive,svr,permutation,73,w_athens_precipitation_missing,0.001437,0.144,svr_hourly_load_openloop_load_svr_s.csv
load,Recursive,svr,permutation,74,w_athens_cloud_cover_missing,0.001403,0.14,svr_hourly_load_openloop_load_svr_s.csv
load,Recursive,svr,permutation,75,w_heraklion_wind_speed_10m,0.001362,0.136,svr_hourly_load_openloop_load_svr_s.csv
load,Recursive,svr,permutation,76,w_thessaloniki_relative_humidity_2m,0.00135,0.135,svr_hourly_load_openloop_load_svr_s.csv
load,Recursive,svr,permutation,77,w_thessaloniki_wind_gusts_10m_missing,0.0013,0.13,svr_hourly_load_openloop_load_svr_s.csv
load,Recursive,svr,permutation,78,w_thessaloniki_precipitation_missing,0.001118,0.112,svr_hourly_load_openloop_load_svr_s.csv
load,Recursive,svr,permutation,79,gen_wind_lag48,0.001094,0.109,svr_hourly_load_openloop_load_svr_s.csv
load,Recursive,svr,permutation,80,w_larissa_precipitation,0.001081,0.108,svr_hourly_load_openloop_load_svr_s.csv
load,Recursive,svr,permutation,81,w_athens_relative_humidity_2m,0.001073,0.107,svr_hourly_load_openloop_load_svr_s.csv
load,Recursive,svr,permutation,82,w_thessaloniki_temperature_2m_missing,0.001048,0.105,svr_hourly_load_openloop_load_svr_s.csv
load,Recursive,svr,permutation,83,w_heraklion_temperature_2m,0.000936,0.094,svr_hourly_load_openloop_load_svr_s.csv
load,Recursive,svr,permutation,84,w_larissa_wind_speed_10m,0.000895,0.09,svr_hourly_load_openloop_load_svr_s.csv
load,Recursive,svr,permutation,85,w_thessaloniki_wind_gusts_10m,0.00088,0.088,svr_hourly_load_openloop_load_svr_s.csv
load,Recursive,svr,permutation,86,w_thessaloniki_wind_speed_10m,0.000846,0.085,svr_hourly_load_openloop_load_svr_s.csv
load,Recursive,svr,permutation,87,w_thessaloniki_cloud_cover_missing,0.000825,0.083,svr_hourly_load_openloop_load_svr_s.csv
load,Recursive,svr,permutation,88,w_heraklion_relative_humidity_2m,0.000766,0.077,svr_hourly_load_openloop_load_svr_s.csv
load,Recursive,svr,permutation,89,w_athens_wind_speed_10m_missing,0.000697,0.07,svr_hourly_load_openloop_load_svr_s.csv
load,Recursive,svr,permutation,90,w_athens_temperature_2m,0.000678,0.068,svr_hourly_load_openloop_load_svr_s.csv
load,Recursive,svr,permutation,91,w_thessaloniki_precipitation,0.000662,0.066,svr_hourly_load_openloop_load_svr_s.csv
load,Recursive,svr,permutation,92,w_athens_wind_gusts_10m,0.000638,0.064,svr_hourly_load_openloop_load_svr_s.csv
load,Recursive,svr,permutation,93,w_thessaloniki_shortwave_radiation_missing,0.000564,0.056,svr_hourly_load_openloop_load_svr_s.csv
load,Recursive,svr,permutation,94,w_patras_cloud_cover,0.000548,0.055,svr_hourly_load_openloop_load_svr_s.csv
load,Recursive,svr,permutation,95,w_athens_relative_humidity_2m_missing,0.000537,0.054,svr_hourly_load_openloop_load_svr_s.csv
load,Recursive,svr,permutation,96,w_athens_cloud_cover,0.000532,0.053,svr_hourly_load_openloop_load_svr_s.csv
load,Recursive,svr,permutation,97,w_larissa_cloud_cover,0.000488,0.049,svr_hourly_load_openloop_load_svr_s.csv
load,Recursive,svr,permutation,98,w_athens_shortwave_radiation,0.000419,0.042,svr_hourly_load_openloop_load_svr_s.csv
load,Recursive,svr,permutation,99,w_thessaloniki_temperature_2m,0.000408,0.041,svr_hourly_load_openloop_load_svr_s.csv
load,Recursive,svr,permutation,100,w_thessaloniki_shortwave_radiation,0.000393,0.039,svr_hourly_load_openloop_load_svr_s.csv
load,Recursive,svr,permutation,101,w_athens_wind_speed_10m,0.000289,0.029,svr_hourly_load_openloop_load_svr_s.csv
load,Recursive,svr,permutation,102,w_gr_mean_wind_gusts_10m_missing,0.0,0.0,svr_hourly_load_openloop_load_svr_s.csv
load,Recursive,svr,permutation,103,w_gr_mean_shortwave_radiation_missing,0.0,0.0,svr_hourly_load_openloop_load_svr_s.csv
load,Recursive,svr,permutation,104,w_heraklion_precipitation,0.0,0.0,svr_hourly_load_openloop_load_svr_s.csv
load,Recursive,svr,permutation,105,w_gr_mean_temperature_2m_missing,0.0,0.0,svr_hourly_load_openloop_load_svr_s.csv
load,Recursive,svr,permutation,106,w_gr_mean_relative_humidity_2m_missing,0.0,0.0,svr_hourly_load_openloop_load_svr_s.csv
load,Recursive,svr,permutation,107,w_gr_mean_precipitation_missing,0.0,0.0,svr_hourly_load_openloop_load_svr_s.csv
load,Recursive,svr,permutation,108,w_gr_mean_cloud_cover_missing,0.0,0.0,svr_hourly_load_openloop_load_svr_s.csv
load,Recursive,svr,permutation,109,w_gr_mean_wind_speed_10m_missing,0.0,0.0,svr_hourly_load_openloop_load_svr_s.csv
load,Recursive,svr,permutation,110,w_athens_precipitation,0.0,0.0,svr_hourly_load_openloop_load_svr_s.csv
load,Recursive,svr,permutation,111,gen_fc_dayahead_missing,0.0,0.0,svr_hourly_load_openloop_load_svr_s.csv
load,Recursive,svr,permutation,112,w_thessaloniki_cloud_cover,0.0,0.0,svr_hourly_load_openloop_load_svr_s.csv
load,Recursive,svr,permutation,113,w_heraklion_wind_gusts_10m_missing,0.0,0.0,svr_hourly_load_openloop_load_svr_s.csv
load,Recursive,svr,permutation,114,w_heraklion_shortwave_radiation_missing,0.0,0.0,svr_hourly_load_openloop_load_svr_s.csv
load,Recursive,svr,permutation,115,w_heraklion_wind_speed_10m_missing,0.0,0.0,svr_hourly_load_openloop_load_svr_s.csv
load,Recursive,svr,permutation,116,w_heraklion_cloud_cover_missing,0.0,0.0,svr_hourly_load_openloop_load_svr_s.csv
load,Recursive,svr,permutation,117,w_heraklion_precipitation_missing,0.0,0.0,svr_hourly_load_openloop_load_svr_s.csv
load,Recursive,svr,permutation,118,w_patras_cloud_cover_missing,0.0,0.0,svr_hourly_load_openloop_load_svr_s.csv
load,Recursive,svr,permutation,119,w_patras_precipitation_missing,0.0,0.0,svr_hourly_load_openloop_load_svr_s.csv
load,Recursive,svr,permutation,120,w_patras_relative_humidity_2m_missing,0.0,0.0,svr_hourly_load_openloop_load_svr_s.csv
load,Recursive,svr,permutation,121,w_patras_wind_speed_10m_missing,0.0,0.0,svr_hourly_load_openloop_load_svr_s.csv
load,Recursive,svr,permutation,122,w_patras_temperature_2m_missing,0.0,0.0,svr_hourly_load_openloop_load_svr_s.csv
load,Recursive,svr,permutation,123,w_patras_wind_gusts_10m_missing,0.0,0.0,svr_hourly_load_openloop_load_svr_s.csv
load,Recursive,svr,permutation,124,w_patras_shortwave_radiation_missing,0.0,0.0,svr_hourly_load_openloop_load_svr_s.csv
load,Recursive,svr,permutation,125,w_larissa_temperature_2m_missing,0.0,0.0,svr_hourly_load_openloop_load_svr_s.csv
load,Recursive,svr,permutation,126,w_larissa_relative_humidity_2m_missing,0.0,0.0,svr_hourly_load_openloop_load_svr_s.csv
load,Recursive,svr,permutation,127,w_larissa_precipitation_missing,0.0,0.0,svr_hourly_load_openloop_load_svr_s.csv
load,Recursive,svr,permutation,128,w_larissa_cloud_cover_missing,0.0,0.0,svr_hourly_load_openloop_load_svr_s.csv
load,Recursive,svr,permutation,129,w_larissa_wind_speed_10m_missing,0.0,0.0,svr_hourly_load_openloop_load_svr_s.csv
load,Recursive,svr,permutation,130,w_larissa_wind_gusts_10m_missing,0.0,0.0,svr_hourly_load_openloop_load_svr_s.csv
load,Recursive,svr,permutation,131,w_larissa_shortwave_radiation_missing,0.0,0.0,svr_hourly_load_openloop_load_svr_s.csv
load,Recursive,svr,permutation,132,w_heraklion_temperature_2m_missing,0.0,0.0,svr_hourly_load_openloop_load_svr_s.csv
load,Recursive,svr,permutation,133,w_heraklion_relative_humidity_2m_missing,0.0,0.0,svr_hourly_load_openloop_load_svr_s.csv
load,Recursive,xgb,gain,1,y_lag1,0.47138,47.138,xgb_hourly_load_openloop_load_xgb_s.csv
load,Recursive,xgb,gain,2,load_lag1,0.372776,37.278,xgb_hourly_load_openloop_load_xgb_s.csv
load,Recursive,xgb,gain,3,hour_cos,0.064856,6.486,xgb_hourly_load_openloop_load_xgb_s.csv
load,Recursive,xgb,gain,4,y_lag24,0.020642,2.064,xgb_hourly_load_openloop_load_xgb_s.csv
load,Recursive,xgb,gain,5,load_lag24,0.012593,1.259,xgb_hourly_load_openloop_load_xgb_s.csv
load,Recursive,xgb,gain,6,hour_sin,0.007571,0.757,xgb_hourly_load_openloop_load_xgb_s.csv
load,Recursive,xgb,gain,7,gen_solar_lag2,0.004923,0.492,xgb_hourly_load_openloop_load_xgb_s.csv
load,Recursive,xgb,gain,8,load_lag2,0.004668,0.467,xgb_hourly_load_openloop_load_xgb_s.csv
load,Recursive,xgb,gain,9,hour,0.00308,0.308,xgb_hourly_load_openloop_load_xgb_s.csv
load,Recursive,xgb,gain,10,gen_solar_lag24,0.00291,0.291,xgb_hourly_load_openloop_load_xgb_s.csv
load,Recursive,xgb,gain,11,y_lag12,0.002906,0.291,xgb_hourly_load_openloop_load_xgb_s.csv
load,Recursive,xgb,gain,12,load_lag12,0.002882,0.288,xgb_hourly_load_openloop_load_xgb_s.csv
load,Recursive,xgb,gain,13,gen_solar_lag1,0.002439,0.244,xgb_hourly_load_openloop_load_xgb_s.csv
load,Recursive,xgb,gain,14,y_lag2,0.002392,0.239,xgb_hourly_load_openloop_load_xgb_s.csv
load,Recursive,xgb,gain,15,y_roll24,0.002165,0.217,xgb_hourly_load_openloop_load_xgb_s.csv
load,Recursive,xgb,gain,16,is_holiday,0.0021,0.21,xgb_hourly_load_openloop_load_xgb_s.csv
load,Recursive,xgb,gain,17,load_lag168,0.001588,0.159,xgb_hourly_load_openloop_load_xgb_s.csv
load,Recursive,xgb,gain,18,gen_solar_lag48,0.001543,0.154,xgb_hourly_load_openloop_load_xgb_s.csv
load,Recursive,xgb,gain,19,dow,0.001346,0.135,xgb_hourly_load_openloop_load_xgb_s.csv
load,Recursive,xgb,gain,20,load_lag3,0.001011,0.101,xgb_hourly_load_openloop_load_xgb_s.csv
load,Recursive,xgb,gain,21,gen_solar_lag168,0.001008,0.101,xgb_hourly_load_openloop_load_xgb_s.csv
load,Recursive,xgb,gain,22,y_lag3,0.000982,0.098,xgb_hourly_load_openloop_load_xgb_s.csv
load,Recursive,xgb,gain,23,y_lag6,0.000973,0.097,xgb_hourly_load_openloop_load_xgb_s.csv
load,Recursive,xgb,gain,24,load_lag6,0.000853,0.085,xgb_hourly_load_openloop_load_xgb_s.csv
load,Recursive,xgb,gain,25,residual_load_lag12,0.000654,0.065,xgb_hourly_load_openloop_load_xgb_s.csv
load,Recursive,xgb,gain,26,w_gr_mean_temperature_2m,0.000581,0.058,xgb_hourly_load_openloop_load_xgb_s.csv
load,Recursive,xgb,gain,27,dow_sin,0.00047,0.047,xgb_hourly_load_openloop_load_xgb_s.csv
load,Recursive,xgb,gain,28,w_gr_mean_shortwave_radiation,0.000418,0.042,xgb_hourly_load_openloop_load_xgb_s.csv
load,Recursive,xgb,gain,29,w_larissa_temperature_2m,0.000406,0.041,xgb_hourly_load_openloop_load_xgb_s.csv
load,Recursive,xgb,gain,30,w_larissa_shortwave_radiation,0.000352,0.035,xgb_hourly_load_openloop_load_xgb_s.csv
load,Recursive,xgb,gain,31,y_lag168,0.000351,0.035,xgb_hourly_load_openloop_load_xgb_s.csv
load,Recursive,xgb,gain,32,residual_load_lag1,0.000326,0.033,xgb_hourly_load_openloop_load_xgb_s.csv
load,Recursive,xgb,gain,33,w_thessaloniki_temperature_2m,0.000293,0.029,xgb_hourly_load_openloop_load_xgb_s.csv
load,Recursive,xgb,gain,34,w_athens_shortwave_radiation,0.000283,0.028,xgb_hourly_load_openloop_load_xgb_s.csv
load,Recursive,xgb,gain,35,w_athens_temperature_2m,0.000251,0.025,xgb_hourly_load_openloop_load_xgb_s.csv
load,Recursive,xgb,gain,36,w_patras_temperature_2m,0.000238,0.024,xgb_hourly_load_openloop_load_xgb_s.csv
load,Recursive,xgb,gain,37,w_thessaloniki_shortwave_radiation,0.000215,0.021,xgb_hourly_load_openloop_load_xgb_s.csv
load,Recursive,xgb,gain,38,w_heraklion_shortwave_radiation,0.000211,0.021,xgb_hourly_load_openloop_load_xgb_s.csv
load,Recursive,xgb,gain,39,y_roll168,0.000208,0.021,xgb_hourly_load_openloop_load_xgb_s.csv
load,Recursive,xgb,gain,40,dow_cos,0.0002,0.02,xgb_hourly_load_openloop_load_xgb_s.csv
load,Recursive,xgb,gain,41,w_athens_precipitation,0.000179,0.018,xgb_hourly_load_openloop_load_xgb_s.csv
load,Recursive,xgb,gain,42,y_lag48,0.000177,0.018,xgb_hourly_load_openloop_load_xgb_s.csv
load,Recursive,xgb,gain,43,residual_load_lag6,0.000174,0.017,xgb_hourly_load_openloop_load_xgb_s.csv
load,Recursive,xgb,gain,44,w_patras_shortwave_radiation,0.00016,0.016,xgb_hourly_load_openloop_load_xgb_s.csv
load,Recursive,xgb,gain,45,w_patras_temperature_2m_missing,0.000145,0.015,xgb_hourly_load_openloop_load_xgb_s.csv
load,Recursive,xgb,gain,46,w_heraklion_precipitation,0.000141,0.014,xgb_hourly_load_openloop_load_xgb_s.csv
load,Recursive,xgb,gain,47,load_lag48,0.000138,0.014,xgb_hourly_load_openloop_load_xgb_s.csv
load,Recursive,xgb,gain,48,w_larissa_relative_humidity_2m,0.000138,0.014,xgb_hourly_load_openloop_load_xgb_s.csv
load,Recursive,xgb,gain,49,w_heraklion_temperature_2m,0.00013,0.013,xgb_hourly_load_openloop_load_xgb_s.csv
load,Recursive,xgb,gain,50,residual_load_lag3,0.000121,0.012,xgb_hourly_load_openloop_load_xgb_s.csv
load,Recursive,xgb,gain,51,w_patras_relative_humidity_2m_missing,0.000118,0.012,xgb_hourly_load_openloop_load_xgb_s.csv
load,Recursive,xgb,gain,52,residual_load_lag24,0.000109,0.011,xgb_hourly_load_openloop_load_xgb_s.csv
load,Recursive,xgb,gain,53,residual_load_lag48,0.000104,0.01,xgb_hourly_load_openloop_load_xgb_s.csv
load,Recursive,xgb,gain,54,residual_load_lag2,0.0001,0.01,xgb_hourly_load_openloop_load_xgb_s.csv
load,Recursive,xgb,gain,55,w_larissa_precipitation,0.0001,0.01,xgb_hourly_load_openloop_load_xgb_s.csv
load,Recursive,xgb,gain,56,residual_load_lag168,9.6e-05,0.01,xgb_hourly_load_openloop_load_xgb_s.csv
load,Recursive,xgb,gain,57,w_thessaloniki_precipitation,9.5e-05,0.009,xgb_hourly_load_openloop_load_xgb_s.csv
load,Recursive,xgb,gain,58,w_heraklion_cloud_cover,9.2e-05,0.009,xgb_hourly_load_openloop_load_xgb_s.csv
load,Recursive,xgb,gain,59,w_heraklion_temperature_2m_missing,9.2e-05,0.009,xgb_hourly_load_openloop_load_xgb_s.csv
load,Recursive,xgb,gain,60,w_patras_relative_humidity_2m,9.1e-05,0.009,xgb_hourly_load_openloop_load_xgb_s.csv
load,Recursive,xgb,gain,61,gen_fc_dayahead,9.1e-05,0.009,xgb_hourly_load_openloop_load_xgb_s.csv
load,Recursive,xgb,gain,62,w_gr_mean_relative_humidity_2m,9e-05,0.009,xgb_hourly_load_openloop_load_xgb_s.csv
load,Recursive,xgb,gain,63,w_heraklion_wind_gusts_10m,8.8e-05,0.009,xgb_hourly_load_openloop_load_xgb_s.csv
load,Recursive,xgb,gain,64,w_athens_relative_humidity_2m,8.5e-05,0.009,xgb_hourly_load_openloop_load_xgb_s.csv
load,Recursive,xgb,gain,65,w_patras_precipitation,8.4e-05,0.008,xgb_hourly_load_openloop_load_xgb_s.csv
load,Recursive,xgb,gain,66,w_heraklion_relative_humidity_2m_missing,8.2e-05,0.008,xgb_hourly_load_openloop_load_xgb_s.csv
load,Recursive,xgb,gain,67,gen_wind_lag24,8e-05,0.008,xgb_hourly_load_openloop_load_xgb_s.csv
load,Recursive,xgb,gain,68,gen_wind_lag1,7.9e-05,0.008,xgb_hourly_load_openloop_load_xgb_s.csv
load,Recursive,xgb,gain,69,w_athens_wind_gusts_10m,7.5e-05,0.008,xgb_hourly_load_openloop_load_xgb_s.csv
load,Recursive,xgb,gain,70,w_larissa_wind_gusts_10m,7.3e-05,0.007,xgb_hourly_load_openloop_load_xgb_s.csv
load,Recursive,xgb,gain,71,gen_wind_lag48,7.3e-05,0.007,xgb_hourly_load_openloop_load_xgb_s.csv
load,Recursive,xgb,gain,72,w_thessaloniki_wind_gusts_10m,7.3e-05,0.007,xgb_hourly_load_openloop_load_xgb_s.csv
load,Recursive,xgb,gain,73,w_heraklion_relative_humidity_2m,7.2e-05,0.007,xgb_hourly_load_openloop_load_xgb_s.csv
load,Recursive,xgb,gain,74,w_patras_wind_gusts_10m,7.2e-05,0.007,xgb_hourly_load_openloop_load_xgb_s.csv
load,Recursive,xgb,gain,75,w_thessaloniki_relative_humidity_2m,7.1e-05,0.007,xgb_hourly_load_openloop_load_xgb_s.csv
load,Recursive,xgb,gain,76,gen_wind_lag168,7.1e-05,0.007,xgb_hourly_load_openloop_load_xgb_s.csv
load,Recursive,xgb,gain,77,gen_wind_lag2,7.1e-05,0.007,xgb_hourly_load_openloop_load_xgb_s.csv
load,Recursive,xgb,gain,78,w_athens_cloud_cover,7.1e-05,0.007,xgb_hourly_load_openloop_load_xgb_s.csv
load,Recursive,xgb,gain,79,w_gr_mean_cloud_cover,7.1e-05,0.007,xgb_hourly_load_openloop_load_xgb_s.csv
load,Recursive,xgb,gain,80,w_gr_mean_wind_gusts_10m,7.1e-05,0.007,xgb_hourly_load_openloop_load_xgb_s.csv
load,Recursive,xgb,gain,81,w_heraklion_wind_speed_10m,7e-05,0.007,xgb_hourly_load_openloop_load_xgb_s.csv
load,Recursive,xgb,gain,82,w_patras_wind_speed_10m,7e-05,0.007,xgb_hourly_load_openloop_load_xgb_s.csv
load,Recursive,xgb,gain,83,solar_fc_dayahead_missing,6.8e-05,0.007,xgb_hourly_load_openloop_load_xgb_s.csv
load,Recursive,xgb,gain,84,w_gr_mean_precipitation,6.8e-05,0.007,xgb_hourly_load_openloop_load_xgb_s.csv
load,Recursive,xgb,gain,85,w_larissa_cloud_cover,6.8e-05,0.007,xgb_hourly_load_openloop_load_xgb_s.csv
load,Recursive,xgb,gain,86,w_thessaloniki_wind_speed_10m,6.8e-05,0.007,xgb_hourly_load_openloop_load_xgb_s.csv
load,Recursive,xgb,gain,87,gen_fc_dayahead_missing,6.5e-05,0.006,xgb_hourly_load_openloop_load_xgb_s.csv
load,Recursive,xgb,gain,88,w_patras_cloud_cover,6.3e-05,0.006,xgb_hourly_load_openloop_load_xgb_s.csv
load,Recursive,xgb,gain,89,w_athens_wind_speed_10m,6.1e-05,0.006,xgb_hourly_load_openloop_load_xgb_s.csv
load,Recursive,xgb,gain,90,w_larissa_wind_speed_10m,5.7e-05,0.006,xgb_hourly_load_openloop_load_xgb_s.csv
load,Recursive,xgb,gain,91,w_gr_mean_wind_speed_10m,5.5e-05,0.006,xgb_hourly_load_openloop_load_xgb_s.csv
load,Recursive,xgb,gain,92,w_thessaloniki_cloud_cover,5.5e-05,0.005,xgb_hourly_load_openloop_load_xgb_s.csv
load,Recursive,xgb,gain,93,wind_onshore_fc_dayahead_missing,4.4e-05,0.004,xgb_hourly_load_openloop_load_xgb_s.csv
load,Recursive,xgb,gain,94,solar_fc_dayahead,4e-05,0.004,xgb_hourly_load_openloop_load_xgb_s.csv
load,Recursive,xgb,gain,95,w_patras_precipitation_missing,3.2e-05,0.003,xgb_hourly_load_openloop_load_xgb_s.csv
load,Recursive,xgb,gain,96,wind_onshore_fc_dayahead,2.8e-05,0.003,xgb_hourly_load_openloop_load_xgb_s.csv
load,Recursive,xgb,gain,97,w_gr_mean_wind_speed_10m_missing,0.0,0.0,xgb_hourly_load_openloop_load_xgb_s.csv
load,Recursive,xgb,gain,98,w_gr_mean_temperature_2m_missing,0.0,0.0,xgb_hourly_load_openloop_load_xgb_s.csv
load,Recursive,xgb,gain,99,w_gr_mean_cloud_cover_missing,0.0,0.0,xgb_hourly_load_openloop_load_xgb_s.csv
load,Recursive,xgb,gain,100,w_gr_mean_precipitation_missing,0.0,0.0,xgb_hourly_load_openloop_load_xgb_s.csv
load,Recursive,xgb,gain,101,w_gr_mean_relative_humidity_2m_missing,0.0,0.0,xgb_hourly_load_openloop_load_xgb_s.csv
load,Recursive,xgb,gain,102,w_thessaloniki_shortwave_radiation_missing,0.0,0.0,xgb_hourly_load_openloop_load_xgb_s.csv
load,Recursive,xgb,gain,103,w_thessaloniki_wind_gusts_10m_missing,0.0,0.0,xgb_hourly_load_openloop_load_xgb_s.csv
load,Recursive,xgb,gain,104,w_thessaloniki_wind_speed_10m_missing,0.0,0.0,xgb_hourly_load_openloop_load_xgb_s.csv
load,Recursive,xgb,gain,105,w_thessaloniki_cloud_cover_missing,0.0,0.0,xgb_hourly_load_openloop_load_xgb_s.csv
load,Recursive,xgb,gain,106,w_thessaloniki_precipitation_missing,0.0,0.0,xgb_hourly_load_openloop_load_xgb_s.csv
load,Recursive,xgb,gain,107,w_thessaloniki_relative_humidity_2m_missing,0.0,0.0,xgb_hourly_load_openloop_load_xgb_s.csv
load,Recursive,xgb,gain,108,w_thessaloniki_temperature_2m_missing,0.0,0.0,xgb_hourly_load_openloop_load_xgb_s.csv
load,Recursive,xgb,gain,109,w_athens_shortwave_radiation_missing,0.0,0.0,xgb_hourly_load_openloop_load_xgb_s.csv
load,Recursive,xgb,gain,110,w_athens_wind_gusts_10m_missing,0.0,0.0,xgb_hourly_load_openloop_load_xgb_s.csv
load,Recursive,xgb,gain,111,w_athens_wind_speed_10m_missing,0.0,0.0,xgb_hourly_load_openloop_load_xgb_s.csv
load,Recursive,xgb,gain,112,w_athens_cloud_cover_missing,0.0,0.0,xgb_hourly_load_openloop_load_xgb_s.csv
load,Recursive,xgb,gain,113,w_athens_precipitation_missing,0.0,0.0,xgb_hourly_load_openloop_load_xgb_s.csv
load,Recursive,xgb,gain,114,w_athens_relative_humidity_2m_missing,0.0,0.0,xgb_hourly_load_openloop_load_xgb_s.csv
load,Recursive,xgb,gain,115,w_athens_temperature_2m_missing,0.0,0.0,xgb_hourly_load_openloop_load_xgb_s.csv
load,Recursive,xgb,gain,116,w_gr_mean_shortwave_radiation_missing,0.0,0.0,xgb_hourly_load_openloop_load_xgb_s.csv
load,Recursive,xgb,gain,117,w_gr_mean_wind_gusts_10m_missing,0.0,0.0,xgb_hourly_load_openloop_load_xgb_s.csv
load,Recursive,xgb,gain,118,w_heraklion_wind_gusts_10m_missing,0.0,0.0,xgb_hourly_load_openloop_load_xgb_s.csv
load,Recursive,xgb,gain,119,w_heraklion_wind_speed_10m_missing,0.0,0.0,xgb_hourly_load_openloop_load_xgb_s.csv
load,Recursive,xgb,gain,120,w_heraklion_cloud_cover_missing,0.0,0.0,xgb_hourly_load_openloop_load_xgb_s.csv
load,Recursive,xgb,gain,121,w_heraklion_precipitation_missing,0.0,0.0,xgb_hourly_load_openloop_load_xgb_s.csv
load,Recursive,xgb,gain,122,w_heraklion_shortwave_radiation_missing,0.0,0.0,xgb_hourly_load_openloop_load_xgb_s.csv
load,Recursive,xgb,gain,123,w_patras_wind_gusts_10m_missing,0.0,0.0,xgb_hourly_load_openloop_load_xgb_s.csv
load,Recursive,xgb,gain,124,w_patras_wind_speed_10m_missing,0.0,0.0,xgb_hourly_load_openloop_load_xgb_s.csv
load,Recursive,xgb,gain,125,w_patras_cloud_cover_missing,0.0,0.0,xgb_hourly_load_openloop_load_xgb_s.csv
load,Recursive,xgb,gain,126,w_larissa_temperature_2m_missing,0.0,0.0,xgb_hourly_load_openloop_load_xgb_s.csv
load,Recursive,xgb,gain,127,w_patras_shortwave_radiation_missing,0.0,0.0,xgb_hourly_load_openloop_load_xgb_s.csv
load,Recursive,xgb,gain,128,w_larissa_relative_humidity_2m_missing,0.0,0.0,xgb_hourly_load_openloop_load_xgb_s.csv
load,Recursive,xgb,gain,129,w_larissa_precipitation_missing,0.0,0.0,xgb_hourly_load_openloop_load_xgb_s.csv
load,Recursive,xgb,gain,130,w_larissa_wind_speed_10m_missing,0.0,0.0,xgb_hourly_load_openloop_load_xgb_s.csv
load,Recursive,xgb,gain,131,w_larissa_cloud_cover_missing,0.0,0.0,xgb_hourly_load_openloop_load_xgb_s.csv
load,Recursive,xgb,gain,132,w_larissa_shortwave_radiation_missing,0.0,0.0,xgb_hourly_load_openloop_load_xgb_s.csv
load,Recursive,xgb,gain,133,w_larissa_wind_gusts_10m_missing,0.0,0.0,xgb_hourly_load_openloop_load_xgb_s.csv
load,Teacher-Forcing,lgbm,gain,1,y_lag1,0.700533,70.053,lgbm_hourly_load_load_lgbm_s.csv
load,Teacher-Forcing,lgbm,gain,2,load_lag1,0.223863,22.386,lgbm_hourly_load_load_lgbm_s.csv
load,Teacher-Forcing,lgbm,gain,3,hour_cos,0.030269,3.027,lgbm_hourly_load_load_lgbm_s.csv
load,Teacher-Forcing,lgbm,gain,4,y_lag24,0.012923,1.292,lgbm_hourly_load_load_lgbm_s.csv
load,Teacher-Forcing,lgbm,gain,5,y_lag12,0.004019,0.402,lgbm_hourly_load_load_lgbm_s.csv
load,Teacher-Forcing,lgbm,gain,6,hour_sin,0.00381,0.381,lgbm_hourly_load_load_lgbm_s.csv
load,Teacher-Forcing,lgbm,gain,7,gen_solar_lag2,0.003313,0.331,lgbm_hourly_load_load_lgbm_s.csv
load,Teacher-Forcing,lgbm,gain,8,hour,0.003254,0.325,lgbm_hourly_load_load_lgbm_s.csv
load,Teacher-Forcing,lgbm,gain,9,y_lag2,0.001929,0.193,lgbm_hourly_load_load_lgbm_s.csv
load,Teacher-Forcing,lgbm,gain,10,y_roll24,0.001665,0.167,lgbm_hourly_load_load_lgbm_s.csv
load,Teacher-Forcing,lgbm,gain,11,gen_solar_lag1,0.001334,0.133,lgbm_hourly_load_load_lgbm_s.csv
load,Teacher-Forcing,lgbm,gain,12,y_lag3,0.001313,0.131,lgbm_hourly_load_load_lgbm_s.csv
load,Teacher-Forcing,lgbm,gain,13,dow,0.00115,0.115,lgbm_hourly_load_load_lgbm_s.csv
load,Teacher-Forcing,lgbm,gain,14,gen_solar_lag24,0.001128,0.113,lgbm_hourly_load_load_lgbm_s.csv
load,Teacher-Forcing,lgbm,gain,15,y_lag6,0.000924,0.092,lgbm_hourly_load_load_lgbm_s.csv
load,Teacher-Forcing,lgbm,gain,16,load_lag24,0.000889,0.089,lgbm_hourly_load_load_lgbm_s.csv
load,Teacher-Forcing,lgbm,gain,17,w_gr_mean_temperature_2m,0.000779,0.078,lgbm_hourly_load_load_lgbm_s.csv
load,Teacher-Forcing,lgbm,gain,18,y_lag168,0.000754,0.075,lgbm_hourly_load_load_lgbm_s.csv
load,Teacher-Forcing,lgbm,gain,19,gen_solar_lag48,0.000578,0.058,lgbm_hourly_load_load_lgbm_s.csv
load,Teacher-Forcing,lgbm,gain,20,residual_load_lag12,0.000567,0.057,lgbm_hourly_load_load_lgbm_s.csv
load,Teacher-Forcing,lgbm,gain,21,gen_solar_lag168,0.00055,0.055,lgbm_hourly_load_load_lgbm_s.csv
load,Teacher-Forcing,lgbm,gain,22,w_larissa_temperature_2m,0.000249,0.025,lgbm_hourly_load_load_lgbm_s.csv
load,Teacher-Forcing,lgbm,gain,23,residual_load_lag1,0.000247,0.025,lgbm_hourly_load_load_lgbm_s.csv
load,Teacher-Forcing,lgbm,gain,24,dow_sin,0.000239,0.024,lgbm_hourly_load_load_lgbm_s.csv
load,Teacher-Forcing,lgbm,gain,25,load_lag2,0.000229,0.023,lgbm_hourly_load_load_lgbm_s.csv
load,Teacher-Forcing,lgbm,gain,26,w_gr_mean_shortwave_radiation,0.000193,0.019,lgbm_hourly_load_load_lgbm_s.csv
load,Teacher-Forcing,lgbm,gain,27,load_lag168,0.000177,0.018,lgbm_hourly_load_load_lgbm_s.csv
load,Teacher-Forcing,lgbm,gain,28,y_roll168,0.000169,0.017,lgbm_hourly_load_load_lgbm_s.csv
load,Teacher-Forcing,lgbm,gain,29,residual_load_lag6,0.000164,0.016,lgbm_hourly_load_load_lgbm_s.csv
load,Teacher-Forcing,lgbm,gain,30,is_holiday,0.000158,0.016,lgbm_hourly_load_load_lgbm_s.csv
load,Teacher-Forcing,lgbm,gain,31,w_athens_temperature_2m,0.000156,0.016,lgbm_hourly_load_load_lgbm_s.csv
load,Teacher-Forcing,lgbm,gain,32,y_lag48,0.000134,0.013,lgbm_hourly_load_load_lgbm_s.csv
load,Teacher-Forcing,lgbm,gain,33,gen_fc_dayahead,0.000133,0.013,lgbm_hourly_load_load_lgbm_s.csv
load,Teacher-Forcing,lgbm,gain,34,load_lag6,0.000131,0.013,lgbm_hourly_load_load_lgbm_s.csv
load,Teacher-Forcing,lgbm,gain,35,load_lag3,0.00013,0.013,lgbm_hourly_load_load_lgbm_s.csv
load,Teacher-Forcing,lgbm,gain,36,w_patras_temperature_2m,0.000109,0.011,lgbm_hourly_load_load_lgbm_s.csv
load,Teacher-Forcing,lgbm,gain,37,w_thessaloniki_temperature_2m,0.000105,0.011,lgbm_hourly_load_load_lgbm_s.csv
load,Teacher-Forcing,lgbm,gain,38,dow_cos,8.8e-05,0.009,lgbm_hourly_load_load_lgbm_s.csv
load,Teacher-Forcing,lgbm,gain,39,solar_fc_dayahead,8.5e-05,0.009,lgbm_hourly_load_load_lgbm_s.csv
load,Teacher-Forcing,lgbm,gain,40,w_larissa_shortwave_radiation,8.4e-05,0.008,lgbm_hourly_load_load_lgbm_s.csv
load,Teacher-Forcing,lgbm,gain,41,w_athens_shortwave_radiation,7.9e-05,0.008,lgbm_hourly_load_load_lgbm_s.csv
load,Teacher-Forcing,lgbm,gain,42,residual_load_lag3,7.2e-05,0.007,lgbm_hourly_load_load_lgbm_s.csv
load,Teacher-Forcing,lgbm,gain,43,residual_load_lag2,6.8e-05,0.007,lgbm_hourly_load_load_lgbm_s.csv
load,Teacher-Forcing,lgbm,gain,44,residual_load_lag24,6.7e-05,0.007,lgbm_hourly_load_load_lgbm_s.csv
load,Teacher-Forcing,lgbm,gain,45,gen_wind_lag48,5.9e-05,0.006,lgbm_hourly_load_load_lgbm_s.csv
load,Teacher-Forcing,lgbm,gain,46,gen_wind_lag24,5.7e-05,0.006,lgbm_hourly_load_load_lgbm_s.csv
load,Teacher-Forcing,lgbm,gain,47,residual_load_lag168,5.6e-05,0.006,lgbm_hourly_load_load_lgbm_s.csv
load,Teacher-Forcing,lgbm,gain,48,residual_load_lag48,5.4e-05,0.005,lgbm_hourly_load_load_lgbm_s.csv
load,Teacher-Forcing,lgbm,gain,49,w_heraklion_shortwave_radiation,5.4e-05,0.005,lgbm_hourly_load_load_lgbm_s.csv
load,Teacher-Forcing,lgbm,gain,50,gen_wind_lag1,5e-05,0.005,lgbm_hourly_load_load_lgbm_s.csv
load,Teacher-Forcing,lgbm,gain,51,w_larissa_relative_humidity_2m,4.6e-05,0.005,lgbm_hourly_load_load_lgbm_s.csv
load,Teacher-Forcing,lgbm,gain,52,gen_wind_lag168,4.5e-05,0.005,lgbm_hourly_load_load_lgbm_s.csv
load,Teacher-Forcing,lgbm,gain,53,w_gr_mean_relative_humidity_2m,4.4e-05,0.004,lgbm_hourly_load_load_lgbm_s.csv
load,Teacher-Forcing,lgbm,gain,54,w_gr_mean_cloud_cover,4.3e-05,0.004,lgbm_hourly_load_load_lgbm_s.csv
load,Teacher-Forcing,lgbm,gain,55,w_heraklion_temperature_2m,4.1e-05,0.004,lgbm_hourly_load_load_lgbm_s.csv
load,Teacher-Forcing,lgbm,gain,56,w_patras_relative_humidity_2m,3.7e-05,0.004,lgbm_hourly_load_load_lgbm_s.csv
load,Teacher-Forcing,lgbm,gain,57,w_thessaloniki_shortwave_radiation,3.7e-05,0.004,lgbm_hourly_load_load_lgbm_s.csv
load,Teacher-Forcing,lgbm,gain,58,w_gr_mean_wind_gusts_10m,3.2e-05,0.003,lgbm_hourly_load_load_lgbm_s.csv
load,Teacher-Forcing,lgbm,gain,59,gen_wind_lag2,3.1e-05,0.003,lgbm_hourly_load_load_lgbm_s.csv
load,Teacher-Forcing,lgbm,gain,60,w_athens_relative_humidity_2m,3e-05,0.003,lgbm_hourly_load_load_lgbm_s.csv
load,Teacher-Forcing,lgbm,gain,61,w_patras_shortwave_radiation,2.9e-05,0.003,lgbm_hourly_load_load_lgbm_s.csv
load,Teacher-Forcing,lgbm,gain,62,w_thessaloniki_relative_humidity_2m,2.7e-05,0.003,lgbm_hourly_load_load_lgbm_s.csv
load,Teacher-Forcing,lgbm,gain,63,wind_onshore_fc_dayahead,2.6e-05,0.003,lgbm_hourly_load_load_lgbm_s.csv
load,Teacher-Forcing,lgbm,gain,64,w_athens_cloud_cover,2.6e-05,0.003,lgbm_hourly_load_load_lgbm_s.csv
load,Teacher-Forcing,lgbm,gain,65,w_patras_wind_gusts_10m,2.6e-05,0.003,lgbm_hourly_load_load_lgbm_s.csv
load,Teacher-Forcing,lgbm,gain,66,w_gr_mean_wind_speed_10m,2.4e-05,0.002,lgbm_hourly_load_load_lgbm_s.csv
load,Teacher-Forcing,lgbm,gain,67,w_athens_wind_speed_10m,2.2e-05,0.002,lgbm_hourly_load_load_lgbm_s.csv
load,Teacher-Forcing,lgbm,gain,68,w_patras_wind_speed_10m,2.1e-05,0.002,lgbm_hourly_load_load_lgbm_s.csv
load,Teacher-Forcing,lgbm,gain,69,w_heraklion_wind_gusts_10m,2e-05,0.002,lgbm_hourly_load_load_lgbm_s.csv
load,Teacher-Forcing,lgbm,gain,70,w_heraklion_relative_humidity_2m,2e-05,0.002,lgbm_hourly_load_load_lgbm_s.csv
load,Teacher-Forcing,lgbm,gain,71,w_larissa_wind_gusts_10m,2e-05,0.002,lgbm_hourly_load_load_lgbm_s.csv
load,Teacher-Forcing,lgbm,gain,72,load_lag12,1.9e-05,0.002,lgbm_hourly_load_load_lgbm_s.csv
load,Teacher-Forcing,lgbm,gain,73,w_athens_wind_gusts_10m,1.8e-05,0.002,lgbm_hourly_load_load_lgbm_s.csv
load,Teacher-Forcing,lgbm,gain,74,w_heraklion_wind_speed_10m,1.8e-05,0.002,lgbm_hourly_load_load_lgbm_s.csv
load,Teacher-Forcing,lgbm,gain,75,w_patras_cloud_cover,1.7e-05,0.002,lgbm_hourly_load_load_lgbm_s.csv
load,Teacher-Forcing,lgbm,gain,76,w_larissa_cloud_cover,1.7e-05,0.002,lgbm_hourly_load_load_lgbm_s.csv
load,Teacher-Forcing,lgbm,gain,77,w_larissa_wind_speed_10m,1.7e-05,0.002,lgbm_hourly_load_load_lgbm_s.csv
load,Teacher-Forcing,lgbm,gain,78,w_heraklion_cloud_cover,1.6e-05,0.002,lgbm_hourly_load_load_lgbm_s.csv
load,Teacher-Forcing,lgbm,gain,79,w_thessaloniki_wind_speed_10m,1.6e-05,0.002,lgbm_hourly_load_load_lgbm_s.csv
load,Teacher-Forcing,lgbm,gain,80,w_thessaloniki_wind_gusts_10m,1.5e-05,0.001,lgbm_hourly_load_load_lgbm_s.csv
load,Teacher-Forcing,lgbm,gain,81,w_gr_mean_precipitation,1.3e-05,0.001,lgbm_hourly_load_load_lgbm_s.csv
load,Teacher-Forcing,lgbm,gain,82,w_thessaloniki_cloud_cover,1.3e-05,0.001,lgbm_hourly_load_load_lgbm_s.csv
load,Teacher-Forcing,lgbm,gain,83,load_lag48,1.2e-05,0.001,lgbm_hourly_load_load_lgbm_s.csv
load,Teacher-Forcing,lgbm,gain,84,w_athens_precipitation,8e-06,0.001,lgbm_hourly_load_load_lgbm_s.csv
load,Teacher-Forcing,lgbm,gain,85,wind_onshore_fc_dayahead_missing,3e-06,0.0,lgbm_hourly_load_load_lgbm_s.csv
load,Teacher-Forcing,lgbm,gain,86,w_larissa_precipitation,3e-06,0.0,lgbm_hourly_load_load_lgbm_s.csv
load,Teacher-Forcing,lgbm,gain,87,w_patras_precipitation,2e-06,0.0,lgbm_hourly_load_load_lgbm_s.csv
load,Teacher-Forcing,lgbm,gain,88,w_thessaloniki_precipitation,2e-06,0.0,lgbm_hourly_load_load_lgbm_s.csv
load,Teacher-Forcing,lgbm,gain,89,w_heraklion_precipitation,2e-06,0.0,lgbm_hourly_load_load_lgbm_s.csv
load,Teacher-Forcing,lgbm,gain,90,gen_fc_dayahead_missing,1e-06,0.0,lgbm_hourly_load_load_lgbm_s.csv
load,Teacher-Forcing,lgbm,gain,91,solar_fc_dayahead_missing,1e-06,0.0,lgbm_hourly_load_load_lgbm_s.csv
load,Teacher-Forcing,lgbm,gain,92,w_gr_mean_temperature_2m_missing,0.0,0.0,lgbm_hourly_load_load_lgbm_s.csv
load,Teacher-Forcing,lgbm,gain,93,w_gr_mean_relative_humidity_2m_missing,0.0,0.0,lgbm_hourly_load_load_lgbm_s.csv
load,Teacher-Forcing,lgbm,gain,94,w_gr_mean_wind_speed_10m_missing,0.0,0.0,lgbm_hourly_load_load_lgbm_s.csv
load,Teacher-Forcing,lgbm,gain,95,w_gr_mean_cloud_cover_missing,0.0,0.0,lgbm_hourly_load_load_lgbm_s.csv
load,Teacher-Forcing,lgbm,gain,96,w_gr_mean_precipitation_missing,0.0,0.0,lgbm_hourly_load_load_lgbm_s.csv
load,Teacher-Forcing,lgbm,gain,97,w_athens_precipitation_missing,0.0,0.0,lgbm_hourly_load_load_lgbm_s.csv
load,Teacher-Forcing,lgbm,gain,98,w_athens_relative_humidity_2m_missing,0.0,0.0,lgbm_hourly_load_load_lgbm_s.csv
load,Teacher-Forcing,lgbm,gain,99,w_athens_temperature_2m_missing,0.0,0.0,lgbm_hourly_load_load_lgbm_s.csv
load,Teacher-Forcing,lgbm,gain,100,w_gr_mean_shortwave_radiation_missing,0.0,0.0,lgbm_hourly_load_load_lgbm_s.csv
load,Teacher-Forcing,lgbm,gain,101,w_gr_mean_wind_gusts_10m_missing,0.0,0.0,lgbm_hourly_load_load_lgbm_s.csv
load,Teacher-Forcing,lgbm,gain,102,w_thessaloniki_shortwave_radiation_missing,0.0,0.0,lgbm_hourly_load_load_lgbm_s.csv
load,Teacher-Forcing,lgbm,gain,103,w_thessaloniki_wind_gusts_10m_missing,0.0,0.0,lgbm_hourly_load_load_lgbm_s.csv
load,Teacher-Forcing,lgbm,gain,104,w_thessaloniki_wind_speed_10m_missing,0.0,0.0,lgbm_hourly_load_load_lgbm_s.csv
load,Teacher-Forcing,lgbm,gain,105,w_thessaloniki_cloud_cover_missing,0.0,0.0,lgbm_hourly_load_load_lgbm_s.csv
load,Teacher-Forcing,lgbm,gain,106,w_thessaloniki_precipitation_missing,0.0,0.0,lgbm_hourly_load_load_lgbm_s.csv
load,Teacher-Forcing,lgbm,gain,107,w_thessaloniki_relative_humidity_2m_missing,0.0,0.0,lgbm_hourly_load_load_lgbm_s.csv
load,Teacher-Forcing,lgbm,gain,108,w_thessaloniki_temperature_2m_missing,0.0,0.0,lgbm_hourly_load_load_lgbm_s.csv
load,Teacher-Forcing,lgbm,gain,109,w_athens_shortwave_radiation_missing,0.0,0.0,lgbm_hourly_load_load_lgbm_s.csv
load,Teacher-Forcing,lgbm,gain,110,w_athens_wind_gusts_10m_missing,0.0,0.0,lgbm_hourly_load_load_lgbm_s.csv
load,Teacher-Forcing,lgbm,gain,111,w_athens_wind_speed_10m_missing,0.0,0.0,lgbm_hourly_load_load_lgbm_s.csv
load,Teacher-Forcing,lgbm,gain,112,w_athens_cloud_cover_missing,0.0,0.0,lgbm_hourly_load_load_lgbm_s.csv
load,Teacher-Forcing,lgbm,gain,113,w_heraklion_wind_gusts_10m_missing,0.0,0.0,lgbm_hourly_load_load_lgbm_s.csv
load,Teacher-Forcing,lgbm,gain,114,w_heraklion_shortwave_radiation_missing,0.0,0.0,lgbm_hourly_load_load_lgbm_s.csv
load,Teacher-Forcing,lgbm,gain,115,w_heraklion_wind_speed_10m_missing,0.0,0.0,lgbm_hourly_load_load_lgbm_s.csv
load,Teacher-Forcing,lgbm,gain,116,w_heraklion_cloud_cover_missing,0.0,0.0,lgbm_hourly_load_load_lgbm_s.csv
load,Teacher-Forcing,lgbm,gain,117,w_heraklion_precipitation_missing,0.0,0.0,lgbm_hourly_load_load_lgbm_s.csv
load,Teacher-Forcing,lgbm,gain,118,w_patras_cloud_cover_missing,0.0,0.0,lgbm_hourly_load_load_lgbm_s.csv
load,Teacher-Forcing,lgbm,gain,119,w_patras_precipitation_missing,0.0,0.0,lgbm_hourly_load_load_lgbm_s.csv
load,Teacher-Forcing,lgbm,gain,120,w_patras_relative_humidity_2m_missing,0.0,0.0,lgbm_hourly_load_load_lgbm_s.csv
load,Teacher-Forcing,lgbm,gain,121,w_patras_wind_speed_10m_missing,0.0,0.0,lgbm_hourly_load_load_lgbm_s.csv
load,Teacher-Forcing,lgbm,gain,122,w_patras_temperature_2m_missing,0.0,0.0,lgbm_hourly_load_load_lgbm_s.csv
load,Teacher-Forcing,lgbm,gain,123,w_patras_wind_gusts_10m_missing,0.0,0.0,lgbm_hourly_load_load_lgbm_s.csv
load,Teacher-Forcing,lgbm,gain,124,w_patras_shortwave_radiation_missing,0.0,0.0,lgbm_hourly_load_load_lgbm_s.csv
load,Teacher-Forcing,lgbm,gain,125,w_larissa_temperature_2m_missing,0.0,0.0,lgbm_hourly_load_load_lgbm_s.csv
load,Teacher-Forcing,lgbm,gain,126,w_larissa_relative_humidity_2m_missing,0.0,0.0,lgbm_hourly_load_load_lgbm_s.csv
load,Teacher-Forcing,lgbm,gain,127,w_larissa_precipitation_missing,0.0,0.0,lgbm_hourly_load_load_lgbm_s.csv
load,Teacher-Forcing,lgbm,gain,128,w_larissa_cloud_cover_missing,0.0,0.0,lgbm_hourly_load_load_lgbm_s.csv
load,Teacher-Forcing,lgbm,gain,129,w_larissa_wind_speed_10m_missing,0.0,0.0,lgbm_hourly_load_load_lgbm_s.csv
load,Teacher-Forcing,lgbm,gain,130,w_larissa_wind_gusts_10m_missing,0.0,0.0,lgbm_hourly_load_load_lgbm_s.csv
load,Teacher-Forcing,lgbm,gain,131,w_larissa_shortwave_radiation_missing,0.0,0.0,lgbm_hourly_load_load_lgbm_s.csv
load,Teacher-Forcing,lgbm,gain,132,w_heraklion_temperature_2m_missing,0.0,0.0,lgbm_hourly_load_load_lgbm_s.csv
load,Teacher-Forcing,lgbm,gain,133,w_heraklion_relative_humidity_2m_missing,0.0,0.0,lgbm_hourly_load_load_lgbm_s.csv
load,Teacher-Forcing,mlp,permutation,1,y_lag1,0.206468,20.647,mlp_hourly_load_load_mlp_s.csv
load,Teacher-Forcing,mlp,permutation,2,load_lag1,0.205248,20.525,mlp_hourly_load_load_mlp_s.csv
load,Teacher-Forcing,mlp,permutation,3,residual_load_lag1,0.197121,19.712,mlp_hourly_load_load_mlp_s.csv
load,Teacher-Forcing,mlp,permutation,4,hour_cos,0.056223,5.622,mlp_hourly_load_load_mlp_s.csv
load,Teacher-Forcing,mlp,permutation,5,gen_solar_lag1,0.051684,5.168,mlp_hourly_load_load_mlp_s.csv
load,Teacher-Forcing,mlp,permutation,6,hour_sin,0.040654,4.065,mlp_hourly_load_load_mlp_s.csv
load,Teacher-Forcing,mlp,permutation,7,gen_wind_lag1,0.030153,3.015,mlp_hourly_load_load_mlp_s.csv
load,Teacher-Forcing,mlp,permutation,8,residual_load_lag3,0.021707,2.171,mlp_hourly_load_load_mlp_s.csv
load,Teacher-Forcing,mlp,permutation,9,y_roll24,0.021547,2.155,mlp_hourly_load_load_mlp_s.csv
load,Teacher-Forcing,mlp,permutation,10,gen_solar_lag2,0.016626,1.663,mlp_hourly_load_load_mlp_s.csv
load,Teacher-Forcing,mlp,permutation,11,y_roll168,0.014475,1.447,mlp_hourly_load_load_mlp_s.csv
load,Teacher-Forcing,mlp,permutation,12,residual_load_lag2,0.013587,1.359,mlp_hourly_load_load_mlp_s.csv
load,Teacher-Forcing,mlp,permutation,13,gen_solar_lag24,0.010382,1.038,mlp_hourly_load_load_mlp_s.csv
load,Teacher-Forcing,mlp,permutation,14,dow,0.009528,0.953,mlp_hourly_load_load_mlp_s.csv
load,Teacher-Forcing,mlp,permutation,15,solar_fc_dayahead,0.009438,0.944,mlp_hourly_load_load_mlp_s.csv
load,Teacher-Forcing,mlp,permutation,16,residual_load_lag24,0.008858,0.886,mlp_hourly_load_load_mlp_s.csv
load,Teacher-Forcing,mlp,permutation,17,hour,0.005682,0.568,mlp_hourly_load_load_mlp_s.csv
load,Teacher-Forcing,mlp,permutation,18,y_lag24,0.005569,0.557,mlp_hourly_load_load_mlp_s.csv
load,Teacher-Forcing,mlp,permutation,19,w_athens_temperature_2m_missing,0.005347,0.535,mlp_hourly_load_load_mlp_s.csv
load,Teacher-Forcing,mlp,permutation,20,residual_load_lag6,0.005037,0.504,mlp_hourly_load_load_mlp_s.csv
load,Teacher-Forcing,mlp,permutation,21,y_lag3,0.003688,0.369,mlp_hourly_load_load_mlp_s.csv
load,Teacher-Forcing,mlp,permutation,22,load_lag2,0.00351,0.351,mlp_hourly_load_load_mlp_s.csv
load,Teacher-Forcing,mlp,permutation,23,w_patras_temperature_2m,0.003485,0.348,mlp_hourly_load_load_mlp_s.csv
load,Teacher-Forcing,mlp,permutation,24,load_lag24,0.003307,0.331,mlp_hourly_load_load_mlp_s.csv
load,Teacher-Forcing,mlp,permutation,25,residual_load_lag12,0.003271,0.327,mlp_hourly_load_load_mlp_s.csv
load,Teacher-Forcing,mlp,permutation,26,residual_load_lag48,0.003195,0.32,mlp_hourly_load_load_mlp_s.csv
load,Teacher-Forcing,mlp,permutation,27,w_gr_mean_shortwave_radiation,0.002923,0.292,mlp_hourly_load_load_mlp_s.csv
load,Teacher-Forcing,mlp,permutation,28,w_larissa_temperature_2m,0.002919,0.292,mlp_hourly_load_load_mlp_s.csv
load,Teacher-Forcing,mlp,permutation,29,w_thessaloniki_cloud_cover_missing,0.002866,0.287,mlp_hourly_load_load_mlp_s.csv
load,Teacher-Forcing,mlp,permutation,30,w_larissa_shortwave_radiation,0.002476,0.248,mlp_hourly_load_load_mlp_s.csv
load,Teacher-Forcing,mlp,permutation,31,gen_solar_lag48,0.002185,0.219,mlp_hourly_load_load_mlp_s.csv
load,Teacher-Forcing,mlp,permutation,32,is_holiday,0.002112,0.211,mlp_hourly_load_load_mlp_s.csv
load,Teacher-Forcing,mlp,permutation,33,load_lag12,0.002031,0.203,mlp_hourly_load_load_mlp_s.csv
load,Teacher-Forcing,mlp,permutation,34,load_lag3,0.001934,0.193,mlp_hourly_load_load_mlp_s.csv
load,Teacher-Forcing,mlp,permutation,35,w_athens_cloud_cover_missing,0.001739,0.174,mlp_hourly_load_load_mlp_s.csv
load,Teacher-Forcing,mlp,permutation,36,y_lag6,0.001579,0.158,mlp_hourly_load_load_mlp_s.csv
load,Teacher-Forcing,mlp,permutation,37,gen_fc_dayahead,0.001449,0.145,mlp_hourly_load_load_mlp_s.csv
load,Teacher-Forcing,mlp,permutation,38,solar_fc_dayahead_missing,0.001423,0.142,mlp_hourly_load_load_mlp_s.csv
load,Teacher-Forcing,mlp,permutation,39,w_heraklion_temperature_2m,0.001404,0.14,mlp_hourly_load_load_mlp_s.csv
load,Teacher-Forcing,mlp,permutation,40,load_lag168,0.001343,0.134,mlp_hourly_load_load_mlp_s.csv
load,Teacher-Forcing,mlp,permutation,41,load_lag6,0.00127,0.127,mlp_hourly_load_load_mlp_s.csv
load,Teacher-Forcing,mlp,permutation,42,gen_wind_lag24,0.001235,0.124,mlp_hourly_load_load_mlp_s.csv
load,Teacher-Forcing,mlp,permutation,43,w_athens_temperature_2m,0.001209,0.121,mlp_hourly_load_load_mlp_s.csv
load,Teacher-Forcing,mlp,permutation,44,dow_cos,0.001091,0.109,mlp_hourly_load_load_mlp_s.csv
load,Teacher-Forcing,mlp,permutation,45,y_lag2,0.00108,0.108,mlp_hourly_load_load_mlp_s.csv
load,Teacher-Forcing,mlp,permutation,46,w_athens_precipitation_missing,0.001032,0.103,mlp_hourly_load_load_mlp_s.csv
load,Teacher-Forcing,mlp,permutation,47,w_athens_relative_humidity_2m,0.000925,0.092,mlp_hourly_load_load_mlp_s.csv
load,Teacher-Forcing,mlp,permutation,48,w_thessaloniki_wind_gusts_10m_missing,0.000879,0.088,mlp_hourly_load_load_mlp_s.csv
load,Teacher-Forcing,mlp,permutation,49,gen_solar_lag168,0.000798,0.08,mlp_hourly_load_load_mlp_s.csv
load,Teacher-Forcing,mlp,permutation,50,w_thessaloniki_temperature_2m,0.000792,0.079,mlp_hourly_load_load_mlp_s.csv
load,Teacher-Forcing,mlp,permutation,51,y_lag168,0.000688,0.069,mlp_hourly_load_load_mlp_s.csv
load,Teacher-Forcing,mlp,permutation,52,w_patras_relative_humidity_2m,0.000622,0.062,mlp_hourly_load_load_mlp_s.csv
load,Teacher-Forcing,mlp,permutation,53,w_gr_mean_precipitation,0.000498,0.05,mlp_hourly_load_load_mlp_s.csv
load,Teacher-Forcing,mlp,permutation,54,dow_sin,0.000442,0.044,mlp_hourly_load_load_mlp_s.csv
load,Teacher-Forcing,mlp,permutation,55,gen_wind_lag48,0.000424,0.042,mlp_hourly_load_load_mlp_s.csv
load,Teacher-Forcing,mlp,permutation,56,w_patras_wind_speed_10m,0.000367,0.037,mlp_hourly_load_load_mlp_s.csv
load,Teacher-Forcing,mlp,permutation,57,wind_onshore_fc_dayahead,0.000307,0.031,mlp_hourly_load_load_mlp_s.csv
load,Teacher-Forcing,mlp,permutation,58,w_athens_wind_gusts_10m,0.00029,0.029,mlp_hourly_load_load_mlp_s.csv
load,Teacher-Forcing,mlp,permutation,59,w_heraklion_cloud_cover,0.000235,0.024,mlp_hourly_load_load_mlp_s.csv
load,Teacher-Forcing,mlp,permutation,60,w_gr_mean_wind_gusts_10m,0.000198,0.02,mlp_hourly_load_load_mlp_s.csv
load,Teacher-Forcing,mlp,permutation,61,y_lag48,0.000189,0.019,mlp_hourly_load_load_mlp_s.csv
load,Teacher-Forcing,mlp,permutation,62,w_gr_mean_temperature_2m,0.000157,0.016,mlp_hourly_load_load_mlp_s.csv
load,Teacher-Forcing,mlp,permutation,63,w_athens_shortwave_radiation_missing,0.000152,0.015,mlp_hourly_load_load_mlp_s.csv
load,Teacher-Forcing,mlp,permutation,64,w_athens_wind_gusts_10m_missing,0.000147,0.015,mlp_hourly_load_load_mlp_s.csv
load,Teacher-Forcing,mlp,permutation,65,w_thessaloniki_wind_speed_10m_missing,0.000144,0.014,mlp_hourly_load_load_mlp_s.csv
load,Teacher-Forcing,mlp,permutation,66,w_heraklion_precipitation,0.000132,0.013,mlp_hourly_load_load_mlp_s.csv
load,Teacher-Forcing,mlp,permutation,67,wind_onshore_fc_dayahead_missing,0.000118,0.012,mlp_hourly_load_load_mlp_s.csv
load,Teacher-Forcing,mlp,permutation,68,w_patras_wind_gusts_10m,0.000111,0.011,mlp_hourly_load_load_mlp_s.csv
load,Teacher-Forcing,mlp,permutation,69,w_larissa_relative_humidity_2m,8.4e-05,0.008,mlp_hourly_load_load_mlp_s.csv
load,Teacher-Forcing,mlp,permutation,70,w_athens_shortwave_radiation,8.2e-05,0.008,mlp_hourly_load_load_mlp_s.csv
load,Teacher-Forcing,mlp,permutation,71,gen_wind_lag2,6.5e-05,0.006,mlp_hourly_load_load_mlp_s.csv
load,Teacher-Forcing,mlp,permutation,72,w_larissa_cloud_cover,4.8e-05,0.005,mlp_hourly_load_load_mlp_s.csv
load,Teacher-Forcing,mlp,permutation,73,w_athens_precipitation,1.2e-05,0.001,mlp_hourly_load_load_mlp_s.csv
load,Teacher-Forcing,mlp,permutation,74,y_lag12,4e-06,0.0,mlp_hourly_load_load_mlp_s.csv
load,Teacher-Forcing,mlp,permutation,75,w_thessaloniki_shortwave_radiation_missing,0.0,0.0,mlp_hourly_load_load_mlp_s.csv
load,Teacher-Forcing,mlp,permutation,76,w_thessaloniki_relative_humidity_2m_missing,0.0,0.0,mlp_hourly_load_load_mlp_s.csv
load,Teacher-Forcing,mlp,permutation,77,w_thessaloniki_temperature_2m_missing,0.0,0.0,mlp_hourly_load_load_mlp_s.csv
load,Teacher-Forcing,mlp,permutation,78,w_heraklion_wind_speed_10m,0.0,0.0,mlp_hourly_load_load_mlp_s.csv
load,Teacher-Forcing,mlp,permutation,79,w_heraklion_wind_gusts_10m,0.0,0.0,mlp_hourly_load_load_mlp_s.csv
load,Teacher-Forcing,mlp,permutation,80,w_heraklion_shortwave_radiation,0.0,0.0,mlp_hourly_load_load_mlp_s.csv
load,Teacher-Forcing,mlp,permutation,81,w_gr_mean_temperature_2m_missing,0.0,0.0,mlp_hourly_load_load_mlp_s.csv
load,Teacher-Forcing,mlp,permutation,82,w_gr_mean_relative_humidity_2m_missing,0.0,0.0,mlp_hourly_load_load_mlp_s.csv
load,Teacher-Forcing,mlp,permutation,83,w_gr_mean_precipitation_missing,0.0,0.0,mlp_hourly_load_load_mlp_s.csv
load,Teacher-Forcing,mlp,permutation,84,w_gr_mean_cloud_cover_missing,0.0,0.0,mlp_hourly_load_load_mlp_s.csv
load,Teacher-Forcing,mlp,permutation,85,w_gr_mean_wind_speed_10m_missing,0.0,0.0,mlp_hourly_load_load_mlp_s.csv
load,Teacher-Forcing,mlp,permutation,86,w_heraklion_relative_humidity_2m,0.0,0.0,mlp_hourly_load_load_mlp_s.csv
load,Teacher-Forcing,mlp,permutation,87,w_larissa_wind_gusts_10m,0.0,0.0,mlp_hourly_load_load_mlp_s.csv
load,Teacher-Forcing,mlp,permutation,88,w_larissa_wind_speed_10m,0.0,0.0,mlp_hourly_load_load_mlp_s.csv
load,Teacher-Forcing,mlp,permutation,89,w_gr_mean_cloud_cover,0.0,0.0,mlp_hourly_load_load_mlp_s.csv
load,Teacher-Forcing,mlp,permutation,90,w_gr_mean_relative_humidity_2m,0.0,0.0,mlp_hourly_load_load_mlp_s.csv
load,Teacher-Forcing,mlp,permutation,91,gen_fc_dayahead_missing,0.0,0.0,mlp_hourly_load_load_mlp_s.csv
load,Teacher-Forcing,mlp,permutation,92,w_thessaloniki_relative_humidity_2m,0.0,0.0,mlp_hourly_load_load_mlp_s.csv
load,Teacher-Forcing,mlp,permutation,93,w_thessaloniki_precipitation,0.0,0.0,mlp_hourly_load_load_mlp_s.csv
load,Teacher-Forcing,mlp,permutation,94,w_thessaloniki_wind_gusts_10m,0.0,0.0,mlp_hourly_load_load_mlp_s.csv
load,Teacher-Forcing,mlp,permutation,95,w_thessaloniki_shortwave_radiation,0.0,0.0,mlp_hourly_load_load_mlp_s.csv
load,Teacher-Forcing,mlp,permutation,96,w_thessaloniki_cloud_cover,0.0,0.0,mlp_hourly_load_load_mlp_s.csv
load,Teacher-Forcing,mlp,permutation,97,w_thessaloniki_wind_speed_10m,0.0,0.0,mlp_hourly_load_load_mlp_s.csv
load,Teacher-Forcing,mlp,permutation,98,w_patras_precipitation,0.0,0.0,mlp_hourly_load_load_mlp_s.csv
load,Teacher-Forcing,mlp,permutation,99,w_patras_cloud_cover,0.0,0.0,mlp_hourly_load_load_mlp_s.csv
load,Teacher-Forcing,mlp,permutation,100,w_patras_shortwave_radiation,0.0,0.0,mlp_hourly_load_load_mlp_s.csv
load,Teacher-Forcing,mlp,permutation,101,w_larissa_precipitation,0.0,0.0,mlp_hourly_load_load_mlp_s.csv
load,Teacher-Forcing,mlp,permutation,102,w_athens_cloud_cover,0.0,0.0,mlp_hourly_load_load_mlp_s.csv
load,Teacher-Forcing,mlp,permutation,103,w_gr_mean_wind_speed_10m,0.0,0.0,mlp_hourly_load_load_mlp_s.csv
load,Teacher-Forcing,mlp,permutation,104,w_athens_wind_speed_10m,0.0,0.0,mlp_hourly_load_load_mlp_s.csv
load,Teacher-Forcing,mlp,permutation,105,w_thessaloniki_precipitation_missing,0.0,0.0,mlp_hourly_load_load_mlp_s.csv
load,Teacher-Forcing,mlp,permutation,106,w_athens_relative_humidity_2m_missing,0.0,0.0,mlp_hourly_load_load_mlp_s.csv
load,Teacher-Forcing,mlp,permutation,107,w_gr_mean_shortwave_radiation_missing,0.0,0.0,mlp_hourly_load_load_mlp_s.csv
load,Teacher-Forcing,mlp,permutation,108,w_gr_mean_wind_gusts_10m_missing,0.0,0.0,mlp_hourly_load_load_mlp_s.csv
load,Teacher-Forcing,mlp,permutation,109,w_athens_wind_speed_10m_missing,0.0,0.0,mlp_hourly_load_load_mlp_s.csv
load,Teacher-Forcing,mlp,permutation,110,w_heraklion_wind_gusts_10m_missing,0.0,0.0,mlp_hourly_load_load_mlp_s.csv
load,Teacher-Forcing,mlp,permutation,111,w_heraklion_wind_speed_10m_missing,0.0,0.0,mlp_hourly_load_load_mlp_s.csv
load,Teacher-Forcing,mlp,permutation,112,w_heraklion_cloud_cover_missing,0.0,0.0,mlp_hourly_load_load_mlp_s.csv
load,Teacher-Forcing,mlp,permutation,113,w_heraklion_precipitation_missing,0.0,0.0,mlp_hourly_load_load_mlp_s.csv
load,Teacher-Forcing,mlp,permutation,114,w_heraklion_shortwave_radiation_missing,0.0,0.0,mlp_hourly_load_load_mlp_s.csv
load,Teacher-Forcing,mlp,permutation,115,w_larissa_shortwave_radiation_missing,0.0,0.0,mlp_hourly_load_load_mlp_s.csv
load,Teacher-Forcing,mlp,permutation,116,w_heraklion_temperature_2m_missing,0.0,0.0,mlp_hourly_load_load_mlp_s.csv
load,Teacher-Forcing,mlp,permutation,117,w_heraklion_relative_humidity_2m_missing,0.0,0.0,mlp_hourly_load_load_mlp_s.csv
load,Teacher-Forcing,mlp,permutation,118,w_patras_cloud_cover_missing,0.0,0.0,mlp_hourly_load_load_mlp_s.csv
load,Teacher-Forcing,mlp,permutation,119,w_patras_precipitation_missing,0.0,0.0,mlp_hourly_load_load_mlp_s.csv
load,Teacher-Forcing,mlp,permutation,120,w_patras_relative_humidity_2m_missing,0.0,0.0,mlp_hourly_load_load_mlp_s.csv
load,Teacher-Forcing,mlp,permutation,121,w_patras_wind_speed_10m_missing,0.0,0.0,mlp_hourly_load_load_mlp_s.csv
load,Teacher-Forcing,mlp,permutation,122,w_patras_temperature_2m_missing,0.0,0.0,mlp_hourly_load_load_mlp_s.csv
load,Teacher-Forcing,mlp,permutation,123,w_patras_wind_gusts_10m_missing,0.0,0.0,mlp_hourly_load_load_mlp_s.csv
load,Teacher-Forcing,mlp,permutation,124,w_patras_shortwave_radiation_missing,0.0,0.0,mlp_hourly_load_load_mlp_s.csv
load,Teacher-Forcing,mlp,permutation,125,w_larissa_temperature_2m_missing,0.0,0.0,mlp_hourly_load_load_mlp_s.csv
load,Teacher-Forcing,mlp,permutation,126,w_larissa_relative_humidity_2m_missing,0.0,0.0,mlp_hourly_load_load_mlp_s.csv
load,Teacher-Forcing,mlp,permutation,127,w_larissa_precipitation_missing,0.0,0.0,mlp_hourly_load_load_mlp_s.csv
load,Teacher-Forcing,mlp,permutation,128,w_larissa_cloud_cover_missing,0.0,0.0,mlp_hourly_load_load_mlp_s.csv
load,Teacher-Forcing,mlp,permutation,129,w_larissa_wind_speed_10m_missing,0.0,0.0,mlp_hourly_load_load_mlp_s.csv
load,Teacher-Forcing,mlp,permutation,130,w_larissa_wind_gusts_10m_missing,0.0,0.0,mlp_hourly_load_load_mlp_s.csv
load,Teacher-Forcing,mlp,permutation,131,load_lag48,0.0,0.0,mlp_hourly_load_load_mlp_s.csv
load,Teacher-Forcing,mlp,permutation,132,residual_load_lag168,0.0,0.0,mlp_hourly_load_load_mlp_s.csv
load,Teacher-Forcing,mlp,permutation,133,gen_wind_lag168,0.0,0.0,mlp_hourly_load_load_mlp_s.csv
load,Teacher-Forcing,rf,MDI (impurity),1,load_lag1,0.123197,12.32,rf_hourly_load_load_rf_s.csv
load,Teacher-Forcing,rf,MDI (impurity),2,y_lag1,0.122301,12.23,rf_hourly_load_load_rf_s.csv
load,Teacher-Forcing,rf,MDI (impurity),3,y_lag24,0.082694,8.269,rf_hourly_load_load_rf_s.csv
load,Teacher-Forcing,rf,MDI (impurity),4,load_lag24,0.082015,8.202,rf_hourly_load_load_rf_s.csv
load,Teacher-Forcing,rf,MDI (impurity),5,y_lag168,0.058096,5.81,rf_hourly_load_load_rf_s.csv
load,Teacher-Forcing,rf,MDI (impurity),6,y_lag2,0.055161,5.516,rf_hourly_load_load_rf_s.csv
load,Teacher-Forcing,rf,MDI (impurity),7,load_lag2,0.05293,5.293,rf_hourly_load_load_rf_s.csv
load,Teacher-Forcing,rf,MDI (impurity),8,load_lag48,0.048343,4.834,rf_hourly_load_load_rf_s.csv
load,Teacher-Forcing,rf,MDI (impurity),9,load_lag168,0.048066,4.807,rf_hourly_load_load_rf_s.csv
load,Teacher-Forcing,rf,MDI (impurity),10,y_lag48,0.046623,4.662,rf_hourly_load_load_rf_s.csv
load,Teacher-Forcing,rf,MDI (impurity),11,load_lag3,0.026201,2.62,rf_hourly_load_load_rf_s.csv
load,Teacher-Forcing,rf,MDI (impurity),12,hour,0.024832,2.483,rf_hourly_load_load_rf_s.csv
load,Teacher-Forcing,rf,MDI (impurity),13,y_roll24,0.023274,2.327,rf_hourly_load_load_rf_s.csv
load,Teacher-Forcing,rf,MDI (impurity),14,y_lag3,0.022895,2.29,rf_hourly_load_load_rf_s.csv
load,Teacher-Forcing,rf,MDI (impurity),15,residual_load_lag1,0.016788,1.679,rf_hourly_load_load_rf_s.csv
load,Teacher-Forcing,rf,MDI (impurity),16,hour_cos,0.013202,1.32,rf_hourly_load_load_rf_s.csv
load,Teacher-Forcing,rf,MDI (impurity),17,gen_solar_lag2,0.011883,1.188,rf_hourly_load_load_rf_s.csv
load,Teacher-Forcing,rf,MDI (impurity),18,residual_load_lag24,0.011859,1.186,rf_hourly_load_load_rf_s.csv
load,Teacher-Forcing,rf,MDI (impurity),19,y_roll168,0.008716,0.872,rf_hourly_load_load_rf_s.csv
load,Teacher-Forcing,rf,MDI (impurity),20,residual_load_lag48,0.008215,0.822,rf_hourly_load_load_rf_s.csv
load,Teacher-Forcing,rf,MDI (impurity),21,w_gr_mean_temperature_2m,0.007751,0.775,rf_hourly_load_load_rf_s.csv
load,Teacher-Forcing,rf,MDI (impurity),22,gen_solar_lag1,0.007624,0.762,rf_hourly_load_load_rf_s.csv
load,Teacher-Forcing,rf,MDI (impurity),23,residual_load_lag2,0.00648,0.648,rf_hourly_load_load_rf_s.csv
load,Teacher-Forcing,rf,MDI (impurity),24,w_larissa_temperature_2m,0.005674,0.567,rf_hourly_load_load_rf_s.csv
load,Teacher-Forcing,rf,MDI (impurity),25,gen_solar_lag24,0.005555,0.555,rf_hourly_load_load_rf_s.csv
load,Teacher-Forcing,rf,MDI (impurity),26,residual_load_lag168,0.005529,0.553,rf_hourly_load_load_rf_s.csv
load,Teacher-Forcing,rf,MDI (impurity),27,hour_sin,0.005392,0.539,rf_hourly_load_load_rf_s.csv
load,Teacher-Forcing,rf,MDI (impurity),28,gen_solar_lag168,0.005382,0.538,rf_hourly_load_load_rf_s.csv
load,Teacher-Forcing,rf,MDI (impurity),29,w_athens_temperature_2m,0.005143,0.514,rf_hourly_load_load_rf_s.csv
load,Teacher-Forcing,rf,MDI (impurity),30,gen_solar_lag48,0.004747,0.475,rf_hourly_load_load_rf_s.csv
load,Teacher-Forcing,rf,MDI (impurity),31,y_lag6,0.004643,0.464,rf_hourly_load_load_rf_s.csv
load,Teacher-Forcing,rf,MDI (impurity),32,load_lag12,0.004569,0.457,rf_hourly_load_load_rf_s.csv
load,Teacher-Forcing,rf,MDI (impurity),33,y_lag12,0.004361,0.436,rf_hourly_load_load_rf_s.csv
load,Teacher-Forcing,rf,MDI (impurity),34,gen_fc_dayahead,0.00436,0.436,rf_hourly_load_load_rf_s.csv
load,Teacher-Forcing,rf,MDI (impurity),35,load_lag6,0.003933,0.393,rf_hourly_load_load_rf_s.csv
load,Teacher-Forcing,rf,MDI (impurity),36,dow,0.002819,0.282,rf_hourly_load_load_rf_s.csv
load,Teacher-Forcing,rf,MDI (impurity),37,residual_load_lag12,0.0027,0.27,rf_hourly_load_load_rf_s.csv
load,Teacher-Forcing,rf,MDI (impurity),38,w_thessaloniki_temperature_2m,0.002696,0.27,rf_hourly_load_load_rf_s.csv
load,Teacher-Forcing,rf,MDI (impurity),39,w_patras_temperature_2m,0.002584,0.258,rf_hourly_load_load_rf_s.csv
load,Teacher-Forcing,rf,MDI (impurity),40,dow_sin,0.002227,0.223,rf_hourly_load_load_rf_s.csv
load,Teacher-Forcing,rf,MDI (impurity),41,residual_load_lag3,0.002212,0.221,rf_hourly_load_load_rf_s.csv
load,Teacher-Forcing,rf,MDI (impurity),42,w_gr_mean_shortwave_radiation,0.001312,0.131,rf_hourly_load_load_rf_s.csv
load,Teacher-Forcing,rf,MDI (impurity),43,residual_load_lag6,0.001083,0.108,rf_hourly_load_load_rf_s.csv
load,Teacher-Forcing,rf,MDI (impurity),44,w_heraklion_temperature_2m,0.001059,0.106,rf_hourly_load_load_rf_s.csv
load,Teacher-Forcing,rf,MDI (impurity),45,w_larissa_relative_humidity_2m,0.000948,0.095,rf_hourly_load_load_rf_s.csv
load,Teacher-Forcing,rf,MDI (impurity),46,dow_cos,0.000938,0.094,rf_hourly_load_load_rf_s.csv
load,Teacher-Forcing,rf,MDI (impurity),47,solar_fc_dayahead,0.000769,0.077,rf_hourly_load_load_rf_s.csv
load,Teacher-Forcing,rf,MDI (impurity),48,w_larissa_shortwave_radiation,0.000769,0.077,rf_hourly_load_load_rf_s.csv
load,Teacher-Forcing,rf,MDI (impurity),49,w_athens_shortwave_radiation,0.000672,0.067,rf_hourly_load_load_rf_s.csv
load,Teacher-Forcing,rf,MDI (impurity),50,w_patras_shortwave_radiation,0.000653,0.065,rf_hourly_load_load_rf_s.csv
load,Teacher-Forcing,rf,MDI (impurity),51,w_thessaloniki_shortwave_radiation,0.000619,0.062,rf_hourly_load_load_rf_s.csv
load,Teacher-Forcing,rf,MDI (impurity),52,is_holiday,0.000608,0.061,rf_hourly_load_load_rf_s.csv
load,Teacher-Forcing,rf,MDI (impurity),53,w_heraklion_shortwave_radiation,0.000604,0.06,rf_hourly_load_load_rf_s.csv
load,Teacher-Forcing,rf,MDI (impurity),54,w_gr_mean_relative_humidity_2m,0.000412,0.041,rf_hourly_load_load_rf_s.csv
load,Teacher-Forcing,rf,MDI (impurity),55,gen_wind_lag2,0.000332,0.033,rf_hourly_load_load_rf_s.csv
load,Teacher-Forcing,rf,MDI (impurity),56,w_thessaloniki_relative_humidity_2m,0.000328,0.033,rf_hourly_load_load_rf_s.csv
load,Teacher-Forcing,rf,MDI (impurity),57,gen_wind_lag1,0.000312,0.031,rf_hourly_load_load_rf_s.csv
load,Teacher-Forcing,rf,MDI (impurity),58,w_heraklion_relative_humidity_2m,0.000284,0.028,rf_hourly_load_load_rf_s.csv
load,Teacher-Forcing,rf,MDI (impurity),59,gen_wind_lag24,0.000284,0.028,rf_hourly_load_load_rf_s.csv
load,Teacher-Forcing,rf,MDI (impurity),60,w_larissa_wind_gusts_10m,0.000269,0.027,rf_hourly_load_load_rf_s.csv
load,Teacher-Forcing,rf,MDI (impurity),61,gen_wind_lag48,0.000234,0.023,rf_hourly_load_load_rf_s.csv
load,Teacher-Forcing,rf,MDI (impurity),62,w_gr_mean_wind_gusts_10m,0.000227,0.023,rf_hourly_load_load_rf_s.csv
load,Teacher-Forcing,rf,MDI (impurity),63,w_athens_relative_humidity_2m,0.000222,0.022,rf_hourly_load_load_rf_s.csv
load,Teacher-Forcing,rf,MDI (impurity),64,wind_onshore_fc_dayahead,0.000212,0.021,rf_hourly_load_load_rf_s.csv
load,Teacher-Forcing,rf,MDI (impurity),65,w_gr_mean_wind_speed_10m,0.000207,0.021,rf_hourly_load_load_rf_s.csv
load,Teacher-Forcing,rf,MDI (impurity),66,gen_wind_lag168,0.000206,0.021,rf_hourly_load_load_rf_s.csv
load,Teacher-Forcing,rf,MDI (impurity),67,solar_fc_dayahead_missing,0.000189,0.019,rf_hourly_load_load_rf_s.csv
load,Teacher-Forcing,rf,MDI (impurity),68,w_patras_relative_humidity_2m,0.00018,0.018,rf_hourly_load_load_rf_s.csv
load,Teacher-Forcing,rf,MDI (impurity),69,w_gr_mean_cloud_cover,0.000165,0.016,rf_hourly_load_load_rf_s.csv
load,Teacher-Forcing,rf,MDI (impurity),70,w_larissa_wind_speed_10m,0.000159,0.016,rf_hourly_load_load_rf_s.csv
load,Teacher-Forcing,rf,MDI (impurity),71,w_athens_wind_gusts_10m,0.000135,0.013,rf_hourly_load_load_rf_s.csv
load,Teacher-Forcing,rf,MDI (impurity),72,w_patras_wind_speed_10m,0.000135,0.013,rf_hourly_load_load_rf_s.csv
load,Teacher-Forcing,rf,MDI (impurity),73,w_heraklion_wind_gusts_10m,0.000133,0.013,rf_hourly_load_load_rf_s.csv
load,Teacher-Forcing,rf,MDI (impurity),74,w_heraklion_wind_speed_10m,0.000133,0.013,rf_hourly_load_load_rf_s.csv
load,Teacher-Forcing,rf,MDI (impurity),75,w_athens_wind_speed_10m,0.000129,0.013,rf_hourly_load_load_rf_s.csv
load,Teacher-Forcing,rf,MDI (impurity),76,w_patras_wind_gusts_10m,0.000128,0.013,rf_hourly_load_load_rf_s.csv
load,Teacher-Forcing,rf,MDI (impurity),77,w_heraklion_cloud_cover,0.000127,0.013,rf_hourly_load_load_rf_s.csv
load,Teacher-Forcing,rf,MDI (impurity),78,w_thessaloniki_wind_gusts_10m,0.000124,0.012,rf_hourly_load_load_rf_s.csv
load,Teacher-Forcing,rf,MDI (impurity),79,w_thessaloniki_wind_speed_10m,0.00012,0.012,rf_hourly_load_load_rf_s.csv
load,Teacher-Forcing,rf,MDI (impurity),80,w_larissa_cloud_cover,9.8e-05,0.01,rf_hourly_load_load_rf_s.csv
load,Teacher-Forcing,rf,MDI (impurity),81,w_athens_cloud_cover,9.3e-05,0.009,rf_hourly_load_load_rf_s.csv
load,Teacher-Forcing,rf,MDI (impurity),82,w_patras_cloud_cover,9.1e-05,0.009,rf_hourly_load_load_rf_s.csv
load,Teacher-Forcing,rf,MDI (impurity),83,w_thessaloniki_cloud_cover,8.4e-05,0.008,rf_hourly_load_load_rf_s.csv
load,Teacher-Forcing,rf,MDI (impurity),84,w_gr_mean_precipitation,6e-05,0.006,rf_hourly_load_load_rf_s.csv
load,Teacher-Forcing,rf,MDI (impurity),85,w_heraklion_precipitation,2.5e-05,0.002,rf_hourly_load_load_rf_s.csv
load,Teacher-Forcing,rf,MDI (impurity),86,w_athens_precipitation,2.2e-05,0.002,rf_hourly_load_load_rf_s.csv
load,Teacher-Forcing,rf,MDI (impurity),87,w_patras_precipitation,2.1e-05,0.002,rf_hourly_load_load_rf_s.csv
load,Teacher-Forcing,rf,MDI (impurity),88,w_larissa_precipitation,1.7e-05,0.002,rf_hourly_load_load_rf_s.csv
load,Teacher-Forcing,rf,MDI (impurity),89,w_thessaloniki_precipitation,1.5e-05,0.002,rf_hourly_load_load_rf_s.csv
load,Teacher-Forcing,rf,MDI (impurity),90,wind_onshore_fc_dayahead_missing,1.5e-05,0.001,rf_hourly_load_load_rf_s.csv
load,Teacher-Forcing,rf,MDI (impurity),91,w_patras_relative_humidity_2m_missing,1.4e-05,0.001,rf_hourly_load_load_rf_s.csv
load,Teacher-Forcing,rf,MDI (impurity),92,w_patras_wind_gusts_10m_missing,1.3e-05,0.001,rf_hourly_load_load_rf_s.csv
load,Teacher-Forcing,rf,MDI (impurity),93,w_patras_temperature_2m_missing,1.3e-05,0.001,rf_hourly_load_load_rf_s.csv
load,Teacher-Forcing,rf,MDI (impurity),94,w_patras_shortwave_radiation_missing,1.2e-05,0.001,rf_hourly_load_load_rf_s.csv
load,Teacher-Forcing,rf,MDI (impurity),95,w_patras_wind_speed_10m_missing,1.2e-05,0.001,rf_hourly_load_load_rf_s.csv
load,Teacher-Forcing,rf,MDI (impurity),96,w_patras_cloud_cover_missing,1.2e-05,0.001,rf_hourly_load_load_rf_s.csv
load,Teacher-Forcing,rf,MDI (impurity),97,w_patras_precipitation_missing,1.1e-05,0.001,rf_hourly_load_load_rf_s.csv
load,Teacher-Forcing,rf,MDI (impurity),98,w_heraklion_relative_humidity_2m_missing,1.1e-05,0.001,rf_hourly_load_load_rf_s.csv
load,Teacher-Forcing,rf,MDI (impurity),99,w_heraklion_shortwave_radiation_missing,1.1e-05,0.001,rf_hourly_load_load_rf_s.csv
load,Teacher-Forcing,rf,MDI (impurity),100,w_heraklion_temperature_2m_missing,1e-05,0.001,rf_hourly_load_load_rf_s.csv
load,Teacher-Forcing,rf,MDI (impurity),101,w_heraklion_wind_speed_10m_missing,1e-05,0.001,rf_hourly_load_load_rf_s.csv
load,Teacher-Forcing,rf,MDI (impurity),102,w_heraklion_cloud_cover_missing,1e-05,0.001,rf_hourly_load_load_rf_s.csv
load,Teacher-Forcing,rf,MDI (impurity),103,w_heraklion_wind_gusts_10m_missing,1e-05,0.001,rf_hourly_load_load_rf_s.csv
load,Teacher-Forcing,rf,MDI (impurity),104,w_heraklion_precipitation_missing,1e-05,0.001,rf_hourly_load_load_rf_s.csv
load,Teacher-Forcing,rf,MDI (impurity),105,w_larissa_temperature_2m_missing,8e-06,0.001,rf_hourly_load_load_rf_s.csv
load,Teacher-Forcing,rf,MDI (impurity),106,w_larissa_wind_speed_10m_missing,8e-06,0.001,rf_hourly_load_load_rf_s.csv
load,Teacher-Forcing,rf,MDI (impurity),107,w_thessaloniki_wind_gusts_10m_missing,8e-06,0.001,rf_hourly_load_load_rf_s.csv
load,Teacher-Forcing,rf,MDI (impurity),108,gen_fc_dayahead_missing,8e-06,0.001,rf_hourly_load_load_rf_s.csv
load,Teacher-Forcing,rf,MDI (impurity),109,w_athens_wind_speed_10m_missing,8e-06,0.001,rf_hourly_load_load_rf_s.csv
load,Teacher-Forcing,rf,MDI (impurity),110,w_larissa_wind_gusts_10m_missing,8e-06,0.001,rf_hourly_load_load_rf_s.csv
load,Teacher-Forcing,rf,MDI (impurity),111,w_thessaloniki_cloud_cover_missing,8e-06,0.001,rf_hourly_load_load_rf_s.csv
load,Teacher-Forcing,rf,MDI (impurity),112,w_athens_precipitation_missing,8e-06,0.001,rf_hourly_load_load_rf_s.csv
load,Teacher-Forcing,rf,MDI (impurity),113,w_athens_wind_gusts_10m_missing,8e-06,0.001,rf_hourly_load_load_rf_s.csv
load,Teacher-Forcing,rf,MDI (impurity),114,w_gr_mean_cloud_cover_missing,8e-06,0.001,rf_hourly_load_load_rf_s.csv
load,Teacher-Forcing,rf,MDI (impurity),115,w_athens_cloud_cover_missing,8e-06,0.001,rf_hourly_load_load_rf_s.csv
load,Teacher-Forcing,rf,MDI (impurity),116,w_thessaloniki_relative_humidity_2m_missing,8e-06,0.001,rf_hourly_load_load_rf_s.csv
load,Teacher-Forcing,rf,MDI (impurity),117,w_larissa_cloud_cover_missing,7e-06,0.001,rf_hourly_load_load_rf_s.csv
load,Teacher-Forcing,rf,MDI (impurity),118,w_thessaloniki_wind_speed_10m_missing,7e-06,0.001,rf_hourly_load_load_rf_s.csv
load,Teacher-Forcing,rf,MDI (impurity),119,w_athens_shortwave_radiation_missing,7e-06,0.001,rf_hourly_load_load_rf_s.csv
load,Teacher-Forcing,rf,MDI (impurity),120,w_gr_mean_shortwave_radiation_missing,7e-06,0.001,rf_hourly_load_load_rf_s.csv
load,Teacher-Forcing,rf,MDI (impurity),121,w_thessaloniki_precipitation_missing,7e-06,0.001,rf_hourly_load_load_rf_s.csv
load,Teacher-Forcing,rf,MDI (impurity),122,w_gr_mean_relative_humidity_2m_missing,7e-06,0.001,rf_hourly_load_load_rf_s.csv
load,Teacher-Forcing,rf,MDI (impurity),123,w_larissa_precipitation_missing,7e-06,0.001,rf_hourly_load_load_rf_s.csv
load,Teacher-Forcing,rf,MDI (impurity),124,w_gr_mean_wind_gusts_10m_missing,7e-06,0.001,rf_hourly_load_load_rf_s.csv
load,Teacher-Forcing,rf,MDI (impurity),125,w_athens_temperature_2m_missing,7e-06,0.001,rf_hourly_load_load_rf_s.csv
load,Teacher-Forcing,rf,MDI (impurity),126,w_thessaloniki_shortwave_radiation_missing,7e-06,0.001,rf_hourly_load_load_rf_s.csv
load,Teacher-Forcing,rf,MDI (impurity),127,w_athens_relative_humidity_2m_missing,7e-06,0.001,rf_hourly_load_load_rf_s.csv
load,Teacher-Forcing,rf,MDI (impurity),128,w_thessaloniki_temperature_2m_missing,7e-06,0.001,rf_hourly_load_load_rf_s.csv
load,Teacher-Forcing,rf,MDI (impurity),129,w_gr_mean_precipitation_missing,7e-06,0.001,rf_hourly_load_load_rf_s.csv
load,Teacher-Forcing,rf,MDI (impurity),130,w_larissa_shortwave_radiation_missing,6e-06,0.001,rf_hourly_load_load_rf_s.csv
load,Teacher-Forcing,rf,MDI (impurity),131,w_gr_mean_temperature_2m_missing,6e-06,0.001,rf_hourly_load_load_rf_s.csv
load,Teacher-Forcing,rf,MDI (impurity),132,w_gr_mean_wind_speed_10m_missing,5e-06,0.001,rf_hourly_load_load_rf_s.csv
load,Teacher-Forcing,rf,MDI (impurity),133,w_larissa_relative_humidity_2m_missing,5e-06,0.0,rf_hourly_load_load_rf_s.csv
load,Teacher-Forcing,svr,permutation,1,y_lag1,0.127396,12.74,svr_hourly_load_load_svr_s.csv
load,Teacher-Forcing,svr,permutation,2,load_lag1,0.125733,12.573,svr_hourly_load_load_svr_s.csv
load,Teacher-Forcing,svr,permutation,3,residual_load_lag1,0.074346,7.435,svr_hourly_load_load_svr_s.csv
load,Teacher-Forcing,svr,permutation,4,hour_cos,0.039925,3.993,svr_hourly_load_load_svr_s.csv
load,Teacher-Forcing,svr,permutation,5,y_lag24,0.033658,3.366,svr_hourly_load_load_svr_s.csv
load,Teacher-Forcing,svr,permutation,6,load_lag24,0.031445,3.145,svr_hourly_load_load_svr_s.csv
load,Teacher-Forcing,svr,permutation,7,y_roll24,0.029825,2.983,svr_hourly_load_load_svr_s.csv
load,Teacher-Forcing,svr,permutation,8,y_lag2,0.029635,2.964,svr_hourly_load_load_svr_s.csv
load,Teacher-Forcing,svr,permutation,9,load_lag2,0.025768,2.577,svr_hourly_load_load_svr_s.csv
load,Teacher-Forcing,svr,permutation,10,gen_fc_dayahead,0.021412,2.141,svr_hourly_load_load_svr_s.csv
load,Teacher-Forcing,svr,permutation,11,residual_load_lag3,0.01985,1.985,svr_hourly_load_load_svr_s.csv
load,Teacher-Forcing,svr,permutation,12,y_lag48,0.01865,1.865,svr_hourly_load_load_svr_s.csv
load,Teacher-Forcing,svr,permutation,13,load_lag48,0.017522,1.752,svr_hourly_load_load_svr_s.csv
load,Teacher-Forcing,svr,permutation,14,gen_solar_lag24,0.016259,1.626,svr_hourly_load_load_svr_s.csv
load,Teacher-Forcing,svr,permutation,15,dow,0.01616,1.616,svr_hourly_load_load_svr_s.csv
load,Teacher-Forcing,svr,permutation,16,y_lag168,0.015937,1.594,svr_hourly_load_load_svr_s.csv
load,Teacher-Forcing,svr,permutation,17,gen_solar_lag1,0.01586,1.586,svr_hourly_load_load_svr_s.csv
load,Teacher-Forcing,svr,permutation,18,load_lag168,0.014955,1.496,svr_hourly_load_load_svr_s.csv
load,Teacher-Forcing,svr,permutation,19,solar_fc_dayahead,0.014736,1.474,svr_hourly_load_load_svr_s.csv
load,Teacher-Forcing,svr,permutation,20,residual_load_lag12,0.014543,1.454,svr_hourly_load_load_svr_s.csv
load,Teacher-Forcing,svr,permutation,21,y_roll168,0.014188,1.419,svr_hourly_load_load_svr_s.csv
load,Teacher-Forcing,svr,permutation,22,gen_solar_lag2,0.014066,1.407,svr_hourly_load_load_svr_s.csv
load,Teacher-Forcing,svr,permutation,23,y_lag3,0.011141,1.114,svr_hourly_load_load_svr_s.csv
load,Teacher-Forcing,svr,permutation,24,gen_solar_lag48,0.01085,1.085,svr_hourly_load_load_svr_s.csv
load,Teacher-Forcing,svr,permutation,25,load_lag3,0.010501,1.05,svr_hourly_load_load_svr_s.csv
load,Teacher-Forcing,svr,permutation,26,gen_wind_lag1,0.010059,1.006,svr_hourly_load_load_svr_s.csv
load,Teacher-Forcing,svr,permutation,27,gen_solar_lag168,0.00964,0.964,svr_hourly_load_load_svr_s.csv
load,Teacher-Forcing,svr,permutation,28,residual_load_lag24,0.007853,0.785,svr_hourly_load_load_svr_s.csv
load,Teacher-Forcing,svr,permutation,29,residual_load_lag6,0.007444,0.744,svr_hourly_load_load_svr_s.csv
load,Teacher-Forcing,svr,permutation,30,load_lag12,0.007331,0.733,svr_hourly_load_load_svr_s.csv
load,Teacher-Forcing,svr,permutation,31,load_lag6,0.007033,0.703,svr_hourly_load_load_svr_s.csv
load,Teacher-Forcing,svr,permutation,32,y_lag12,0.006998,0.7,svr_hourly_load_load_svr_s.csv
load,Teacher-Forcing,svr,permutation,33,w_larissa_temperature_2m,0.006949,0.695,svr_hourly_load_load_svr_s.csv
load,Teacher-Forcing,svr,permutation,34,residual_load_lag2,0.00654,0.654,svr_hourly_load_load_svr_s.csv
load,Teacher-Forcing,svr,permutation,35,w_heraklion_shortwave_radiation,0.006448,0.645,svr_hourly_load_load_svr_s.csv
load,Teacher-Forcing,svr,permutation,36,w_gr_mean_precipitation,0.006163,0.616,svr_hourly_load_load_svr_s.csv
load,Teacher-Forcing,svr,permutation,37,w_patras_shortwave_radiation,0.006056,0.606,svr_hourly_load_load_svr_s.csv
load,Teacher-Forcing,svr,permutation,38,w_gr_mean_wind_gusts_10m,0.005945,0.594,svr_hourly_load_load_svr_s.csv
load,Teacher-Forcing,svr,permutation,39,residual_load_lag48,0.005944,0.594,svr_hourly_load_load_svr_s.csv
load,Teacher-Forcing,svr,permutation,40,w_gr_mean_relative_humidity_2m,0.005901,0.59,svr_hourly_load_load_svr_s.csv
load,Teacher-Forcing,svr,permutation,41,y_lag6,0.005793,0.579,svr_hourly_load_load_svr_s.csv
load,Teacher-Forcing,svr,permutation,42,w_gr_mean_shortwave_radiation,0.005492,0.549,svr_hourly_load_load_svr_s.csv
load,Teacher-Forcing,svr,permutation,43,solar_fc_dayahead_missing,0.00519,0.519,svr_hourly_load_load_svr_s.csv
load,Teacher-Forcing,svr,permutation,44,wind_onshore_fc_dayahead_missing,0.005147,0.515,svr_hourly_load_load_svr_s.csv
load,Teacher-Forcing,svr,permutation,45,gen_wind_lag24,0.004984,0.498,svr_hourly_load_load_svr_s.csv
load,Teacher-Forcing,svr,permutation,46,w_gr_mean_wind_speed_10m,0.004918,0.492,svr_hourly_load_load_svr_s.csv
load,Teacher-Forcing,svr,permutation,47,w_patras_temperature_2m,0.004841,0.484,svr_hourly_load_load_svr_s.csv
load,Teacher-Forcing,svr,permutation,48,w_larissa_shortwave_radiation,0.00478,0.478,svr_hourly_load_load_svr_s.csv
load,Teacher-Forcing,svr,permutation,49,w_gr_mean_temperature_2m,0.004606,0.461,svr_hourly_load_load_svr_s.csv
load,Teacher-Forcing,svr,permutation,50,w_larissa_relative_humidity_2m,0.004182,0.418,svr_hourly_load_load_svr_s.csv
load,Teacher-Forcing,svr,permutation,51,residual_load_lag168,0.004153,0.415,svr_hourly_load_load_svr_s.csv
load,Teacher-Forcing,svr,permutation,52,w_patras_precipitation,0.003821,0.382,svr_hourly_load_load_svr_s.csv
load,Teacher-Forcing,svr,permutation,53,is_holiday,0.003582,0.358,svr_hourly_load_load_svr_s.csv
load,Teacher-Forcing,svr,permutation,54,dow_cos,0.003485,0.348,svr_hourly_load_load_svr_s.csv
load,Teacher-Forcing,svr,permutation,55,gen_wind_lag2,0.003417,0.342,svr_hourly_load_load_svr_s.csv
load,Teacher-Forcing,svr,permutation,56,hour_sin,0.003291,0.329,svr_hourly_load_load_svr_s.csv
load,Teacher-Forcing,svr,permutation,57,wind_onshore_fc_dayahead,0.003148,0.315,svr_hourly_load_load_svr_s.csv
load,Teacher-Forcing,svr,permutation,58,w_larissa_wind_gusts_10m,0.003108,0.311,svr_hourly_load_load_svr_s.csv
load,Teacher-Forcing,svr,permutation,59,w_patras_wind_gusts_10m,0.003029,0.303,svr_hourly_load_load_svr_s.csv
load,Teacher-Forcing,svr,permutation,60,w_heraklion_cloud_cover,0.002936,0.294,svr_hourly_load_load_svr_s.csv
load,Teacher-Forcing,svr,permutation,61,gen_wind_lag168,0.002604,0.26,svr_hourly_load_load_svr_s.csv
load,Teacher-Forcing,svr,permutation,62,w_patras_wind_speed_10m,0.002372,0.237,svr_hourly_load_load_svr_s.csv
load,Teacher-Forcing,svr,permutation,63,w_patras_relative_humidity_2m,0.002218,0.222,svr_hourly_load_load_svr_s.csv
load,Teacher-Forcing,svr,permutation,64,dow_sin,0.002114,0.211,svr_hourly_load_load_svr_s.csv
load,Teacher-Forcing,svr,permutation,65,w_gr_mean_cloud_cover,0.002006,0.201,svr_hourly_load_load_svr_s.csv
load,Teacher-Forcing,svr,permutation,66,w_heraklion_wind_gusts_10m,0.001878,0.188,svr_hourly_load_load_svr_s.csv
load,Teacher-Forcing,svr,permutation,67,w_heraklion_wind_speed_10m,0.001847,0.185,svr_hourly_load_load_svr_s.csv
load,Teacher-Forcing,svr,permutation,68,w_thessaloniki_relative_humidity_2m_missing,0.0016,0.16,svr_hourly_load_load_svr_s.csv
load,Teacher-Forcing,svr,permutation,69,hour,0.001519,0.152,svr_hourly_load_load_svr_s.csv
load,Teacher-Forcing,svr,permutation,70,w_athens_shortwave_radiation_missing,0.001505,0.151,svr_hourly_load_load_svr_s.csv
load,Teacher-Forcing,svr,permutation,71,w_athens_temperature_2m_missing,0.001473,0.147,svr_hourly_load_load_svr_s.csv
load,Teacher-Forcing,svr,permutation,72,w_athens_relative_humidity_2m,0.001457,0.146,svr_hourly_load_load_svr_s.csv
load,Teacher-Forcing,svr,permutation,73,w_athens_wind_gusts_10m_missing,0.001434,0.143,svr_hourly_load_load_svr_s.csv
load,Teacher-Forcing,svr,permutation,74,w_heraklion_temperature_2m,0.001374,0.137,svr_hourly_load_load_svr_s.csv
load,Teacher-Forcing,svr,permutation,75,w_thessaloniki_relative_humidity_2m,0.001359,0.136,svr_hourly_load_load_svr_s.csv
load,Teacher-Forcing,svr,permutation,76,w_athens_cloud_cover_missing,0.001317,0.132,svr_hourly_load_load_svr_s.csv
load,Teacher-Forcing,svr,permutation,77,w_thessaloniki_wind_gusts_10m_missing,0.0013,0.13,svr_hourly_load_load_svr_s.csv
load,Teacher-Forcing,svr,permutation,78,w_athens_precipitation_missing,0.001225,0.122,svr_hourly_load_load_svr_s.csv
load,Teacher-Forcing,svr,permutation,79,w_thessaloniki_wind_speed_10m_missing,0.001125,0.113,svr_hourly_load_load_svr_s.csv
load,Teacher-Forcing,svr,permutation,80,w_larissa_precipitation,0.001118,0.112,svr_hourly_load_load_svr_s.csv
load,Teacher-Forcing,svr,permutation,81,w_thessaloniki_precipitation_missing,0.000996,0.1,svr_hourly_load_load_svr_s.csv
load,Teacher-Forcing,svr,permutation,82,w_larissa_cloud_cover,0.000946,0.095,svr_hourly_load_load_svr_s.csv
load,Teacher-Forcing,svr,permutation,83,w_thessaloniki_wind_gusts_10m,0.000898,0.09,svr_hourly_load_load_svr_s.csv
load,Teacher-Forcing,svr,permutation,84,gen_wind_lag48,0.00086,0.086,svr_hourly_load_load_svr_s.csv
load,Teacher-Forcing,svr,permutation,85,w_thessaloniki_cloud_cover_missing,0.000811,0.081,svr_hourly_load_load_svr_s.csv
load,Teacher-Forcing,svr,permutation,86,w_larissa_wind_speed_10m,0.000756,0.076,svr_hourly_load_load_svr_s.csv
load,Teacher-Forcing,svr,permutation,87,w_thessaloniki_temperature_2m_missing,0.00073,0.073,svr_hourly_load_load_svr_s.csv
load,Teacher-Forcing,svr,permutation,88,w_athens_cloud_cover,0.000691,0.069,svr_hourly_load_load_svr_s.csv
load,Teacher-Forcing,svr,permutation,89,w_patras_cloud_cover,0.000679,0.068,svr_hourly_load_load_svr_s.csv
load,Teacher-Forcing,svr,permutation,90,w_athens_relative_humidity_2m_missing,0.000679,0.068,svr_hourly_load_load_svr_s.csv
load,Teacher-Forcing,svr,permutation,91,w_athens_wind_speed_10m_missing,0.000651,0.065,svr_hourly_load_load_svr_s.csv
load,Teacher-Forcing,svr,permutation,92,w_thessaloniki_wind_speed_10m,0.000644,0.064,svr_hourly_load_load_svr_s.csv
load,Teacher-Forcing,svr,permutation,93,w_thessaloniki_precipitation,0.000636,0.064,svr_hourly_load_load_svr_s.csv
load,Teacher-Forcing,svr,permutation,94,w_athens_temperature_2m,0.000631,0.063,svr_hourly_load_load_svr_s.csv
load,Teacher-Forcing,svr,permutation,95,w_heraklion_relative_humidity_2m,0.000616,0.062,svr_hourly_load_load_svr_s.csv
load,Teacher-Forcing,svr,permutation,96,w_athens_wind_gusts_10m,0.000527,0.053,svr_hourly_load_load_svr_s.csv
load,Teacher-Forcing,svr,permutation,97,w_thessaloniki_shortwave_radiation_missing,0.000271,0.027,svr_hourly_load_load_svr_s.csv
load,Teacher-Forcing,svr,permutation,98,w_athens_shortwave_radiation,0.000185,0.019,svr_hourly_load_load_svr_s.csv
load,Teacher-Forcing,svr,permutation,99,w_athens_wind_speed_10m,0.000185,0.018,svr_hourly_load_load_svr_s.csv
load,Teacher-Forcing,svr,permutation,100,w_thessaloniki_cloud_cover,0.000146,0.015,svr_hourly_load_load_svr_s.csv
load,Teacher-Forcing,svr,permutation,101,w_thessaloniki_temperature_2m,5e-05,0.005,svr_hourly_load_load_svr_s.csv
load,Teacher-Forcing,svr,permutation,102,w_gr_mean_wind_gusts_10m_missing,0.0,0.0,svr_hourly_load_load_svr_s.csv
load,Teacher-Forcing,svr,permutation,103,w_gr_mean_shortwave_radiation_missing,0.0,0.0,svr_hourly_load_load_svr_s.csv
load,Teacher-Forcing,svr,permutation,104,w_heraklion_precipitation,0.0,0.0,svr_hourly_load_load_svr_s.csv
load,Teacher-Forcing,svr,permutation,105,w_gr_mean_temperature_2m_missing,0.0,0.0,svr_hourly_load_load_svr_s.csv
load,Teacher-Forcing,svr,permutation,106,w_gr_mean_relative_humidity_2m_missing,0.0,0.0,svr_hourly_load_load_svr_s.csv
load,Teacher-Forcing,svr,permutation,107,w_gr_mean_precipitation_missing,0.0,0.0,svr_hourly_load_load_svr_s.csv
load,Teacher-Forcing,svr,permutation,108,w_gr_mean_cloud_cover_missing,0.0,0.0,svr_hourly_load_load_svr_s.csv
load,Teacher-Forcing,svr,permutation,109,w_gr_mean_wind_speed_10m_missing,0.0,0.0,svr_hourly_load_load_svr_s.csv
load,Teacher-Forcing,svr,permutation,110,w_athens_precipitation,0.0,0.0,svr_hourly_load_load_svr_s.csv
load,Teacher-Forcing,svr,permutation,111,gen_fc_dayahead_missing,0.0,0.0,svr_hourly_load_load_svr_s.csv
load,Teacher-Forcing,svr,permutation,112,w_thessaloniki_shortwave_radiation,0.0,0.0,svr_hourly_load_load_svr_s.csv
load,Teacher-Forcing,svr,permutation,113,w_heraklion_wind_gusts_10m_missing,0.0,0.0,svr_hourly_load_load_svr_s.csv
load,Teacher-Forcing,svr,permutation,114,w_heraklion_shortwave_radiation_missing,0.0,0.0,svr_hourly_load_load_svr_s.csv
load,Teacher-Forcing,svr,permutation,115,w_heraklion_wind_speed_10m_missing,0.0,0.0,svr_hourly_load_load_svr_s.csv
load,Teacher-Forcing,svr,permutation,116,w_heraklion_cloud_cover_missing,0.0,0.0,svr_hourly_load_load_svr_s.csv
load,Teacher-Forcing,svr,permutation,117,w_heraklion_precipitation_missing,0.0,0.0,svr_hourly_load_load_svr_s.csv
load,Teacher-Forcing,svr,permutation,118,w_patras_cloud_cover_missing,0.0,0.0,svr_hourly_load_load_svr_s.csv
load,Teacher-Forcing,svr,permutation,119,w_patras_precipitation_missing,0.0,0.0,svr_hourly_load_load_svr_s.csv
load,Teacher-Forcing,svr,permutation,120,w_patras_relative_humidity_2m_missing,0.0,0.0,svr_hourly_load_load_svr_s.csv
load,Teacher-Forcing,svr,permutation,121,w_patras_wind_speed_10m_missing,0.0,0.0,svr_hourly_load_load_svr_s.csv
load,Teacher-Forcing,svr,permutation,122,w_patras_temperature_2m_missing,0.0,0.0,svr_hourly_load_load_svr_s.csv
load,Teacher-Forcing,svr,permutation,123,w_patras_wind_gusts_10m_missing,0.0,0.0,svr_hourly_load_load_svr_s.csv
load,Teacher-Forcing,svr,permutation,124,w_patras_shortwave_radiation_missing,0.0,0.0,svr_hourly_load_load_svr_s.csv
load,Teacher-Forcing,svr,permutation,125,w_larissa_temperature_2m_missing,0.0,0.0,svr_hourly_load_load_svr_s.csv
load,Teacher-Forcing,svr,permutation,126,w_larissa_relative_humidity_2m_missing,0.0,0.0,svr_hourly_load_load_svr_s.csv
load,Teacher-Forcing,svr,permutation,127,w_larissa_precipitation_missing,0.0,0.0,svr_hourly_load_load_svr_s.csv
load,Teacher-Forcing,svr,permutation,128,w_larissa_cloud_cover_missing,0.0,0.0,svr_hourly_load_load_svr_s.csv
load,Teacher-Forcing,svr,permutation,129,w_larissa_wind_speed_10m_missing,0.0,0.0,svr_hourly_load_load_svr_s.csv
load,Teacher-Forcing,svr,permutation,130,w_larissa_wind_gusts_10m_missing,0.0,0.0,svr_hourly_load_load_svr_s.csv
load,Teacher-Forcing,svr,permutation,131,w_larissa_shortwave_radiation_missing,0.0,0.0,svr_hourly_load_load_svr_s.csv
load,Teacher-Forcing,svr,permutation,132,w_heraklion_temperature_2m_missing,0.0,0.0,svr_hourly_load_load_svr_s.csv
load,Teacher-Forcing,svr,permutation,133,w_heraklion_relative_humidity_2m_missing,0.0,0.0,svr_hourly_load_load_svr_s.csv
load,Teacher-Forcing,xgb,gain,1,y_lag1,0.765694,76.569,xgb_hourly_load_load_xgb_s.csv
load,Teacher-Forcing,xgb,gain,2,load_lag1,0.074563,7.456,xgb_hourly_load_load_xgb_s.csv
load,Teacher-Forcing,xgb,gain,3,hour_cos,0.046536,4.654,xgb_hourly_load_load_xgb_s.csv
load,Teacher-Forcing,xgb,gain,4,y_lag24,0.026795,2.68,xgb_hourly_load_load_xgb_s.csv
load,Teacher-Forcing,xgb,gain,5,hour_sin,0.010325,1.032,xgb_hourly_load_load_xgb_s.csv
load,Teacher-Forcing,xgb,gain,6,load_lag24,0.005565,0.556,xgb_hourly_load_load_xgb_s.csv
load,Teacher-Forcing,xgb,gain,7,gen_solar_lag2,0.005479,0.548,xgb_hourly_load_load_xgb_s.csv
load,Teacher-Forcing,xgb,gain,8,y_lag12,0.004649,0.465,xgb_hourly_load_load_xgb_s.csv
load,Teacher-Forcing,xgb,gain,9,load_lag168,0.003831,0.383,xgb_hourly_load_load_xgb_s.csv
load,Teacher-Forcing,xgb,gain,10,gen_solar_lag24,0.003761,0.376,xgb_hourly_load_load_xgb_s.csv
load,Teacher-Forcing,xgb,gain,11,hour,0.003555,0.355,xgb_hourly_load_load_xgb_s.csv
load,Teacher-Forcing,xgb,gain,12,load_lag2,0.003446,0.345,xgb_hourly_load_load_xgb_s.csv
load,Teacher-Forcing,xgb,gain,13,gen_solar_lag1,0.003403,0.34,xgb_hourly_load_load_xgb_s.csv
load,Teacher-Forcing,xgb,gain,14,y_lag168,0.002693,0.269,xgb_hourly_load_load_xgb_s.csv
load,Teacher-Forcing,xgb,gain,15,dow,0.002682,0.268,xgb_hourly_load_load_xgb_s.csv
load,Teacher-Forcing,xgb,gain,16,load_lag12,0.002493,0.249,xgb_hourly_load_load_xgb_s.csv
load,Teacher-Forcing,xgb,gain,17,y_lag2,0.002486,0.249,xgb_hourly_load_load_xgb_s.csv
load,Teacher-Forcing,xgb,gain,18,y_roll24,0.002189,0.219,xgb_hourly_load_load_xgb_s.csv
load,Teacher-Forcing,xgb,gain,19,y_lag3,0.002051,0.205,xgb_hourly_load_load_xgb_s.csv
load,Teacher-Forcing,xgb,gain,20,w_gr_mean_temperature_2m,0.001894,0.189,xgb_hourly_load_load_xgb_s.csv
load,Teacher-Forcing,xgb,gain,21,is_holiday,0.001858,0.186,xgb_hourly_load_load_xgb_s.csv
load,Teacher-Forcing,xgb,gain,22,gen_solar_lag48,0.001847,0.185,xgb_hourly_load_load_xgb_s.csv
load,Teacher-Forcing,xgb,gain,23,dow_sin,0.001432,0.143,xgb_hourly_load_load_xgb_s.csv
load,Teacher-Forcing,xgb,gain,24,load_lag3,0.001326,0.133,xgb_hourly_load_load_xgb_s.csv
load,Teacher-Forcing,xgb,gain,25,y_lag6,0.001061,0.106,xgb_hourly_load_load_xgb_s.csv
load,Teacher-Forcing,xgb,gain,26,w_gr_mean_shortwave_radiation,0.000946,0.095,xgb_hourly_load_load_xgb_s.csv
load,Teacher-Forcing,xgb,gain,27,gen_solar_lag168,0.000906,0.091,xgb_hourly_load_load_xgb_s.csv
load,Teacher-Forcing,xgb,gain,28,residual_load_lag1,0.000894,0.089,xgb_hourly_load_load_xgb_s.csv
load,Teacher-Forcing,xgb,gain,29,w_larissa_temperature_2m,0.000879,0.088,xgb_hourly_load_load_xgb_s.csv
load,Teacher-Forcing,xgb,gain,30,load_lag6,0.000856,0.086,xgb_hourly_load_load_xgb_s.csv
load,Teacher-Forcing,xgb,gain,31,residual_load_lag12,0.000785,0.078,xgb_hourly_load_load_xgb_s.csv
load,Teacher-Forcing,xgb,gain,32,w_athens_shortwave_radiation,0.000545,0.055,xgb_hourly_load_load_xgb_s.csv
load,Teacher-Forcing,xgb,gain,33,w_athens_temperature_2m,0.000531,0.053,xgb_hourly_load_load_xgb_s.csv
load,Teacher-Forcing,xgb,gain,34,dow_cos,0.000502,0.05,xgb_hourly_load_load_xgb_s.csv
load,Teacher-Forcing,xgb,gain,35,w_thessaloniki_temperature_2m,0.000501,0.05,xgb_hourly_load_load_xgb_s.csv
load,Teacher-Forcing,xgb,gain,36,w_patras_temperature_2m,0.000487,0.049,xgb_hourly_load_load_xgb_s.csv
load,Teacher-Forcing,xgb,gain,37,w_larissa_shortwave_radiation,0.000482,0.048,xgb_hourly_load_load_xgb_s.csv
load,Teacher-Forcing,xgb,gain,38,w_heraklion_temperature_2m_missing,0.000432,0.043,xgb_hourly_load_load_xgb_s.csv
load,Teacher-Forcing,xgb,gain,39,gen_fc_dayahead_missing,0.000403,0.04,xgb_hourly_load_load_xgb_s.csv
load,Teacher-Forcing,xgb,gain,40,w_heraklion_shortwave_radiation,0.000375,0.038,xgb_hourly_load_load_xgb_s.csv
load,Teacher-Forcing,xgb,gain,41,gen_fc_dayahead,0.000328,0.033,xgb_hourly_load_load_xgb_s.csv
load,Teacher-Forcing,xgb,gain,42,y_roll168,0.000305,0.03,xgb_hourly_load_load_xgb_s.csv
load,Teacher-Forcing,xgb,gain,43,residual_load_lag6,0.000304,0.03,xgb_hourly_load_load_xgb_s.csv
load,Teacher-Forcing,xgb,gain,44,y_lag48,0.000304,0.03,xgb_hourly_load_load_xgb_s.csv
load,Teacher-Forcing,xgb,gain,45,w_thessaloniki_shortwave_radiation,0.000301,0.03,xgb_hourly_load_load_xgb_s.csv
load,Teacher-Forcing,xgb,gain,46,w_athens_precipitation,0.0003,0.03,xgb_hourly_load_load_xgb_s.csv
load,Teacher-Forcing,xgb,gain,47,w_larissa_relative_humidity_2m,0.000298,0.03,xgb_hourly_load_load_xgb_s.csv
load,Teacher-Forcing,xgb,gain,48,residual_load_lag2,0.000237,0.024,xgb_hourly_load_load_xgb_s.csv
load,Teacher-Forcing,xgb,gain,49,w_patras_shortwave_radiation,0.000213,0.021,xgb_hourly_load_load_xgb_s.csv
load,Teacher-Forcing,xgb,gain,50,residual_load_lag3,0.000209,0.021,xgb_hourly_load_load_xgb_s.csv
load,Teacher-Forcing,xgb,gain,51,solar_fc_dayahead_missing,0.000208,0.021,xgb_hourly_load_load_xgb_s.csv
load,Teacher-Forcing,xgb,gain,52,w_gr_mean_wind_gusts_10m,0.000206,0.021,xgb_hourly_load_load_xgb_s.csv
load,Teacher-Forcing,xgb,gain,53,residual_load_lag48,0.000199,0.02,xgb_hourly_load_load_xgb_s.csv
load,Teacher-Forcing,xgb,gain,54,w_gr_mean_cloud_cover,0.000195,0.019,xgb_hourly_load_load_xgb_s.csv
load,Teacher-Forcing,xgb,gain,55,w_heraklion_temperature_2m,0.000188,0.019,xgb_hourly_load_load_xgb_s.csv
load,Teacher-Forcing,xgb,gain,56,load_lag48,0.000187,0.019,xgb_hourly_load_load_xgb_s.csv
load,Teacher-Forcing,xgb,gain,57,gen_wind_lag1,0.000183,0.018,xgb_hourly_load_load_xgb_s.csv
load,Teacher-Forcing,xgb,gain,58,w_patras_relative_humidity_2m,0.000181,0.018,xgb_hourly_load_load_xgb_s.csv
load,Teacher-Forcing,xgb,gain,59,solar_fc_dayahead,0.000181,0.018,xgb_hourly_load_load_xgb_s.csv
load,Teacher-Forcing,xgb,gain,60,residual_load_lag24,0.000179,0.018,xgb_hourly_load_load_xgb_s.csv
load,Teacher-Forcing,xgb,gain,61,w_athens_wind_gusts_10m,0.000176,0.018,xgb_hourly_load_load_xgb_s.csv
load,Teacher-Forcing,xgb,gain,62,w_athens_relative_humidity_2m,0.00017,0.017,xgb_hourly_load_load_xgb_s.csv
load,Teacher-Forcing,xgb,gain,63,w_gr_mean_relative_humidity_2m,0.000169,0.017,xgb_hourly_load_load_xgb_s.csv
load,Teacher-Forcing,xgb,gain,64,w_heraklion_cloud_cover,0.000164,0.016,xgb_hourly_load_load_xgb_s.csv
load,Teacher-Forcing,xgb,gain,65,w_patras_wind_gusts_10m,0.00016,0.016,xgb_hourly_load_load_xgb_s.csv
load,Teacher-Forcing,xgb,gain,66,w_thessaloniki_relative_humidity_2m,0.000147,0.015,xgb_hourly_load_load_xgb_s.csv
load,Teacher-Forcing,xgb,gain,67,w_gr_mean_wind_speed_10m,0.000144,0.014,xgb_hourly_load_load_xgb_s.csv
load,Teacher-Forcing,xgb,gain,68,gen_wind_lag24,0.000143,0.014,xgb_hourly_load_load_xgb_s.csv
load,Teacher-Forcing,xgb,gain,69,residual_load_lag168,0.00014,0.014,xgb_hourly_load_load_xgb_s.csv
load,Teacher-Forcing,xgb,gain,70,w_athens_cloud_cover,0.000138,0.014,xgb_hourly_load_load_xgb_s.csv
load,Teacher-Forcing,xgb,gain,71,w_athens_wind_speed_10m,0.000137,0.014,xgb_hourly_load_load_xgb_s.csv
load,Teacher-Forcing,xgb,gain,72,w_thessaloniki_wind_gusts_10m,0.000135,0.014,xgb_hourly_load_load_xgb_s.csv
load,Teacher-Forcing,xgb,gain,73,w_gr_mean_precipitation,0.000134,0.013,xgb_hourly_load_load_xgb_s.csv
load,Teacher-Forcing,xgb,gain,74,w_heraklion_wind_gusts_10m,0.000133,0.013,xgb_hourly_load_load_xgb_s.csv
load,Teacher-Forcing,xgb,gain,75,gen_wind_lag48,0.000128,0.013,xgb_hourly_load_load_xgb_s.csv
load,Teacher-Forcing,xgb,gain,76,w_thessaloniki_wind_speed_10m,0.000122,0.012,xgb_hourly_load_load_xgb_s.csv
load,Teacher-Forcing,xgb,gain,77,w_heraklion_wind_speed_10m,0.000118,0.012,xgb_hourly_load_load_xgb_s.csv
load,Teacher-Forcing,xgb,gain,78,w_heraklion_precipitation,0.000118,0.012,xgb_hourly_load_load_xgb_s.csv
load,Teacher-Forcing,xgb,gain,79,w_larissa_wind_gusts_10m,0.000117,0.012,xgb_hourly_load_load_xgb_s.csv
load,Teacher-Forcing,xgb,gain,80,w_heraklion_relative_humidity_2m,0.000116,0.012,xgb_hourly_load_load_xgb_s.csv
load,Teacher-Forcing,xgb,gain,81,gen_wind_lag168,0.000116,0.012,xgb_hourly_load_load_xgb_s.csv
load,Teacher-Forcing,xgb,gain,82,w_larissa_cloud_cover,0.000115,0.012,xgb_hourly_load_load_xgb_s.csv
load,Teacher-Forcing,xgb,gain,83,gen_wind_lag2,0.000115,0.012,xgb_hourly_load_load_xgb_s.csv
load,Teacher-Forcing,xgb,gain,84,w_larissa_precipitation,0.000114,0.011,xgb_hourly_load_load_xgb_s.csv
load,Teacher-Forcing,xgb,gain,85,w_patras_cloud_cover,0.000109,0.011,xgb_hourly_load_load_xgb_s.csv
load,Teacher-Forcing,xgb,gain,86,wind_onshore_fc_dayahead,0.000106,0.011,xgb_hourly_load_load_xgb_s.csv
load,Teacher-Forcing,xgb,gain,87,w_thessaloniki_cloud_cover,0.000105,0.011,xgb_hourly_load_load_xgb_s.csv
load,Teacher-Forcing,xgb,gain,88,w_larissa_wind_speed_10m,0.000102,0.01,xgb_hourly_load_load_xgb_s.csv
load,Teacher-Forcing,xgb,gain,89,wind_onshore_fc_dayahead_missing,0.000102,0.01,xgb_hourly_load_load_xgb_s.csv
load,Teacher-Forcing,xgb,gain,90,w_patras_wind_speed_10m,0.000102,0.01,xgb_hourly_load_load_xgb_s.csv
load,Teacher-Forcing,xgb,gain,91,w_patras_precipitation,9.3e-05,0.009,xgb_hourly_load_load_xgb_s.csv
load,Teacher-Forcing,xgb,gain,92,w_thessaloniki_precipitation,9.2e-05,0.009,xgb_hourly_load_load_xgb_s.csv
load,Teacher-Forcing,xgb,gain,93,w_heraklion_relative_humidity_2m_missing,7.5e-05,0.007,xgb_hourly_load_load_xgb_s.csv
load,Teacher-Forcing,xgb,gain,94,w_gr_mean_wind_speed_10m_missing,0.0,0.0,xgb_hourly_load_load_xgb_s.csv
load,Teacher-Forcing,xgb,gain,95,w_gr_mean_cloud_cover_missing,0.0,0.0,xgb_hourly_load_load_xgb_s.csv
load,Teacher-Forcing,xgb,gain,96,w_gr_mean_precipitation_missing,0.0,0.0,xgb_hourly_load_load_xgb_s.csv
load,Teacher-Forcing,xgb,gain,97,w_gr_mean_relative_humidity_2m_missing,0.0,0.0,xgb_hourly_load_load_xgb_s.csv
load,Teacher-Forcing,xgb,gain,98,w_gr_mean_temperature_2m_missing,0.0,0.0,xgb_hourly_load_load_xgb_s.csv
load,Teacher-Forcing,xgb,gain,99,w_athens_temperature_2m_missing,0.0,0.0,xgb_hourly_load_load_xgb_s.csv
load,Teacher-Forcing,xgb,gain,100,w_gr_mean_shortwave_radiation_missing,0.0,0.0,xgb_hourly_load_load_xgb_s.csv
load,Teacher-Forcing,xgb,gain,101,w_gr_mean_wind_gusts_10m_missing,0.0,0.0,xgb_hourly_load_load_xgb_s.csv
load,Teacher-Forcing,xgb,gain,102,w_thessaloniki_shortwave_radiation_missing,0.0,0.0,xgb_hourly_load_load_xgb_s.csv
load,Teacher-Forcing,xgb,gain,103,w_thessaloniki_wind_gusts_10m_missing,0.0,0.0,xgb_hourly_load_load_xgb_s.csv
load,Teacher-Forcing,xgb,gain,104,w_thessaloniki_wind_speed_10m_missing,0.0,0.0,xgb_hourly_load_load_xgb_s.csv
load,Teacher-Forcing,xgb,gain,105,w_thessaloniki_cloud_cover_missing,0.0,0.0,xgb_hourly_load_load_xgb_s.csv
load,Teacher-Forcing,xgb,gain,106,w_thessaloniki_precipitation_missing,0.0,0.0,xgb_hourly_load_load_xgb_s.csv
load,Teacher-Forcing,xgb,gain,107,w_thessaloniki_relative_humidity_2m_missing,0.0,0.0,xgb_hourly_load_load_xgb_s.csv
load,Teacher-Forcing,xgb,gain,108,w_thessaloniki_temperature_2m_missing,0.0,0.0,xgb_hourly_load_load_xgb_s.csv
load,Teacher-Forcing,xgb,gain,109,w_athens_shortwave_radiation_missing,0.0,0.0,xgb_hourly_load_load_xgb_s.csv
load,Teacher-Forcing,xgb,gain,110,w_athens_wind_gusts_10m_missing,0.0,0.0,xgb_hourly_load_load_xgb_s.csv
load,Teacher-Forcing,xgb,gain,111,w_athens_wind_speed_10m_missing,0.0,0.0,xgb_hourly_load_load_xgb_s.csv
load,Teacher-Forcing,xgb,gain,112,w_athens_cloud_cover_missing,0.0,0.0,xgb_hourly_load_load_xgb_s.csv
load,Teacher-Forcing,xgb,gain,113,w_athens_precipitation_missing,0.0,0.0,xgb_hourly_load_load_xgb_s.csv
load,Teacher-Forcing,xgb,gain,114,w_athens_relative_humidity_2m_missing,0.0,0.0,xgb_hourly_load_load_xgb_s.csv
load,Teacher-Forcing,xgb,gain,115,w_heraklion_wind_gusts_10m_missing,0.0,0.0,xgb_hourly_load_load_xgb_s.csv
load,Teacher-Forcing,xgb,gain,116,w_heraklion_cloud_cover_missing,0.0,0.0,xgb_hourly_load_load_xgb_s.csv
load,Teacher-Forcing,xgb,gain,117,w_heraklion_wind_speed_10m_missing,0.0,0.0,xgb_hourly_load_load_xgb_s.csv
load,Teacher-Forcing,xgb,gain,118,w_patras_relative_humidity_2m_missing,0.0,0.0,xgb_hourly_load_load_xgb_s.csv
load,Teacher-Forcing,xgb,gain,119,w_patras_temperature_2m_missing,0.0,0.0,xgb_hourly_load_load_xgb_s.csv
load,Teacher-Forcing,xgb,gain,120,w_patras_wind_speed_10m_missing,0.0,0.0,xgb_hourly_load_load_xgb_s.csv
load,Teacher-Forcing,xgb,gain,121,w_heraklion_precipitation_missing,0.0,0.0,xgb_hourly_load_load_xgb_s.csv
load,Teacher-Forcing,xgb,gain,122,w_heraklion_shortwave_radiation_missing,0.0,0.0,xgb_hourly_load_load_xgb_s.csv
load,Teacher-Forcing,xgb,gain,123,w_patras_wind_gusts_10m_missing,0.0,0.0,xgb_hourly_load_load_xgb_s.csv
load,Teacher-Forcing,xgb,gain,124,w_patras_precipitation_missing,0.0,0.0,xgb_hourly_load_load_xgb_s.csv
load,Teacher-Forcing,xgb,gain,125,w_patras_cloud_cover_missing,0.0,0.0,xgb_hourly_load_load_xgb_s.csv
load,Teacher-Forcing,xgb,gain,126,w_larissa_temperature_2m_missing,0.0,0.0,xgb_hourly_load_load_xgb_s.csv
load,Teacher-Forcing,xgb,gain,127,w_patras_shortwave_radiation_missing,0.0,0.0,xgb_hourly_load_load_xgb_s.csv
load,Teacher-Forcing,xgb,gain,128,w_larissa_relative_humidity_2m_missing,0.0,0.0,xgb_hourly_load_load_xgb_s.csv
load,Teacher-Forcing,xgb,gain,129,w_larissa_precipitation_missing,0.0,0.0,xgb_hourly_load_load_xgb_s.csv
load,Teacher-Forcing,xgb,gain,130,w_larissa_wind_speed_10m_missing,0.0,0.0,xgb_hourly_load_load_xgb_s.csv
load,Teacher-Forcing,xgb,gain,131,w_larissa_cloud_cover_missing,0.0,0.0,xgb_hourly_load_load_xgb_s.csv
load,Teacher-Forcing,xgb,gain,132,w_larissa_shortwave_radiation_missing,0.0,0.0,xgb_hourly_load_load_xgb_s.csv
load,Teacher-Forcing,xgb,gain,133,w_larissa_wind_gusts_10m_missing,0.0,0.0,xgb_hourly_load_load_xgb_s.csv
price,Direct,lgbm,gain,1,gen_wind_lag48,0.020777,2.078,lgbm_direct_hourly_price_h24_dense_price_lgbm_b.csv
price,Direct,lgbm,gain,2,gen_wind_lag24,0.020255,2.025,lgbm_direct_hourly_price_h24_dense_price_lgbm_b.csv
price,Direct,lgbm,gain,3,y_roll168,0.019293,1.929,lgbm_direct_hourly_price_h24_dense_price_lgbm_b.csv
price,Direct,lgbm,gain,4,gen_wind_lag168,0.019103,1.91,lgbm_direct_hourly_price_h24_dense_price_lgbm_b.csv
price,Direct,lgbm,gain,5,wind_onshore_fc_dayahead,0.019005,1.9,lgbm_direct_hourly_price_h24_dense_price_lgbm_b.csv
price,Direct,lgbm,gain,6,co2_lag168,0.015941,1.594,lgbm_direct_hourly_price_h24_dense_price_lgbm_b.csv
price,Direct,lgbm,gain,7,gen_fc_dayahead,0.015185,1.518,lgbm_direct_hourly_price_h24_dense_price_lgbm_b.csv
price,Direct,lgbm,gain,8,dow,0.014914,1.491,lgbm_direct_hourly_price_h24_dense_price_lgbm_b.csv
price,Direct,lgbm,gain,9,gas_lag168,0.014886,1.489,lgbm_direct_hourly_price_h24_dense_price_lgbm_b.csv
price,Direct,lgbm,gain,10,y_roll24,0.014016,1.402,lgbm_direct_hourly_price_h24_dense_price_lgbm_b.csv
price,Direct,lgbm,gain,11,y_lag1,0.0135,1.35,lgbm_direct_hourly_price_h24_dense_price_lgbm_b.csv
price,Direct,lgbm,gain,12,residual_load_lag12,0.013349,1.335,lgbm_direct_hourly_price_h24_dense_price_lgbm_b.csv
price,Direct,lgbm,gain,13,co2_lag48,0.01178,1.178,lgbm_direct_hourly_price_h24_dense_price_lgbm_b.csv
price,Direct,lgbm,gain,14,residual_load_lag6,0.011731,1.173,lgbm_direct_hourly_price_h24_dense_price_lgbm_b.csv
price,Direct,lgbm,gain,15,gen_wind_lag2,0.011443,1.144,lgbm_direct_hourly_price_h24_dense_price_lgbm_b.csv
price,Direct,lgbm,gain,16,load_lag12,0.011243,1.124,lgbm_direct_hourly_price_h24_dense_price_lgbm_b.csv
price,Direct,lgbm,gain,17,gen_wind_lag1,0.011146,1.115,lgbm_direct_hourly_price_h24_dense_price_lgbm_b.csv
price,Direct,lgbm,gain,18,w_gr_mean_cloud_cover,0.011077,1.108,lgbm_direct_hourly_price_h24_dense_price_lgbm_b.csv
price,Direct,lgbm,gain,19,gas_lag48,0.011072,1.107,lgbm_direct_hourly_price_h24_dense_price_lgbm_b.csv
price,Direct,lgbm,gain,20,y_lag168,0.010768,1.077,lgbm_direct_hourly_price_h24_dense_price_lgbm_b.csv
price,Direct,lgbm,gain,21,y_lag48,0.010756,1.076,lgbm_direct_hourly_price_h24_dense_price_lgbm_b.csv
price,Direct,lgbm,gain,22,residual_load_lag168,0.01073,1.073,lgbm_direct_hourly_price_h24_dense_price_lgbm_b.csv
price,Direct,lgbm,gain,23,gas_price,0.010347,1.035,lgbm_direct_hourly_price_h24_dense_price_lgbm_b.csv
price,Direct,lgbm,gain,24,load_lag6,0.010315,1.031,lgbm_direct_hourly_price_h24_dense_price_lgbm_b.csv
price,Direct,lgbm,gain,25,residual_load_lag48,0.010286,1.029,lgbm_direct_hourly_price_h24_dense_price_lgbm_b.csv
price,Direct,lgbm,gain,26,w_patras_relative_humidity_2m,0.010276,1.028,lgbm_direct_hourly_price_h24_dense_price_lgbm_b.csv
price,Direct,lgbm,gain,27,w_patras_temperature_2m,0.010119,1.012,lgbm_direct_hourly_price_h24_dense_price_lgbm_b.csv
price,Direct,lgbm,gain,28,w_patras_wind_speed_10m,0.009981,0.998,lgbm_direct_hourly_price_h24_dense_price_lgbm_b.csv
price,Direct,lgbm,gain,29,w_patras_wind_gusts_10m,0.009835,0.983,lgbm_direct_hourly_price_h24_dense_price_lgbm_b.csv
price,Direct,lgbm,gain,30,y_lag2,0.009825,0.983,lgbm_direct_hourly_price_h24_dense_price_lgbm_b.csv
price,Direct,lgbm,gain,31,load_lag168,0.009698,0.97,lgbm_direct_hourly_price_h24_dense_price_lgbm_b.csv
price,Direct,lgbm,gain,32,y_lag9,0.009691,0.969,lgbm_direct_hourly_price_h24_dense_price_lgbm_b.csv
price,Direct,lgbm,gain,33,y_lag4,0.009558,0.956,lgbm_direct_hourly_price_h24_dense_price_lgbm_b.csv
price,Direct,lgbm,gain,34,co2_price,0.009451,0.945,lgbm_direct_hourly_price_h24_dense_price_lgbm_b.csv
price,Direct,lgbm,gain,35,w_heraklion_temperature_2m,0.009433,0.943,lgbm_direct_hourly_price_h24_dense_price_lgbm_b.csv
price,Direct,lgbm,gain,36,y_lag20,0.009429,0.943,lgbm_direct_hourly_price_h24_dense_price_lgbm_b.csv
price,Direct,lgbm,gain,37,residual_load_lag24,0.009387,0.939,lgbm_direct_hourly_price_h24_dense_price_lgbm_b.csv
price,Direct,lgbm,gain,38,y_lag3,0.009384,0.938,lgbm_direct_hourly_price_h24_dense_price_lgbm_b.csv
price,Direct,lgbm,gain,39,y_lag8,0.009346,0.935,lgbm_direct_hourly_price_h24_dense_price_lgbm_b.csv
price,Direct,lgbm,gain,40,y_lag7,0.009342,0.934,lgbm_direct_hourly_price_h24_dense_price_lgbm_b.csv
price,Direct,lgbm,gain,41,y_lag5,0.0093,0.93,lgbm_direct_hourly_price_h24_dense_price_lgbm_b.csv
price,Direct,lgbm,gain,42,y_lag10,0.009239,0.924,lgbm_direct_hourly_price_h24_dense_price_lgbm_b.csv
price,Direct,lgbm,gain,43,y_lag6,0.009204,0.92,lgbm_direct_hourly_price_h24_dense_price_lgbm_b.csv
price,Direct,lgbm,gain,44,y_lag11,0.009191,0.919,lgbm_direct_hourly_price_h24_dense_price_lgbm_b.csv
price,Direct,lgbm,gain,45,y_lag15,0.009056,0.906,lgbm_direct_hourly_price_h24_dense_price_lgbm_b.csv
price,Direct,lgbm,gain,46,y_lag21,0.009016,0.902,lgbm_direct_hourly_price_h24_dense_price_lgbm_b.csv
price,Direct,lgbm,gain,47,y_lag17,0.009007,0.901,lgbm_direct_hourly_price_h24_dense_price_lgbm_b.csv
price,Direct,lgbm,gain,48,y_lag13,0.008975,0.898,lgbm_direct_hourly_price_h24_dense_price_lgbm_b.csv
price,Direct,lgbm,gain,49,y_lag19,0.008917,0.892,lgbm_direct_hourly_price_h24_dense_price_lgbm_b.csv
price,Direct,lgbm,gain,50,y_lag22,0.008856,0.886,lgbm_direct_hourly_price_h24_dense_price_lgbm_b.csv
price,Direct,lgbm,gain,51,gas_lag24,0.008837,0.884,lgbm_direct_hourly_price_h24_dense_price_lgbm_b.csv
price,Direct,lgbm,gain,52,y_lag16,0.008772,0.877,lgbm_direct_hourly_price_h24_dense_price_lgbm_b.csv
price,Direct,lgbm,gain,53,y_lag12,0.008733,0.873,lgbm_direct_hourly_price_h24_dense_price_lgbm_b.csv
price,Direct,lgbm,gain,54,load_lag48,0.008726,0.873,lgbm_direct_hourly_price_h24_dense_price_lgbm_b.csv
price,Direct,lgbm,gain,55,y_lag24,0.008696,0.87,lgbm_direct_hourly_price_h24_dense_price_lgbm_b.csv
price,Direct,lgbm,gain,56,y_lag18,0.008682,0.868,lgbm_direct_hourly_price_h24_dense_price_lgbm_b.csv
price,Direct,lgbm,gain,57,w_heraklion_wind_speed_10m,0.008656,0.866,lgbm_direct_hourly_price_h24_dense_price_lgbm_b.csv
price,Direct,lgbm,gain,58,w_heraklion_relative_humidity_2m,0.008603,0.86,lgbm_direct_hourly_price_h24_dense_price_lgbm_b.csv
price,Direct,lgbm,gain,59,w_gr_mean_wind_gusts_10m,0.00856,0.856,lgbm_direct_hourly_price_h24_dense_price_lgbm_b.csv
price,Direct,lgbm,gain,60,w_gr_mean_wind_speed_10m,0.008513,0.851,lgbm_direct_hourly_price_h24_dense_price_lgbm_b.csv
price,Direct,lgbm,gain,61,y_lag14,0.008496,0.85,lgbm_direct_hourly_price_h24_dense_price_lgbm_b.csv
price,Direct,lgbm,gain,62,w_larissa_wind_speed_10m,0.008362,0.836,lgbm_direct_hourly_price_h24_dense_price_lgbm_b.csv
price,Direct,lgbm,gain,63,w_gr_mean_relative_humidity_2m,0.00828,0.828,lgbm_direct_hourly_price_h24_dense_price_lgbm_b.csv
price,Direct,lgbm,gain,64,co2_lag24,0.008261,0.826,lgbm_direct_hourly_price_h24_dense_price_lgbm_b.csv
price,Direct,lgbm,gain,65,y_lag23,0.008221,0.822,lgbm_direct_hourly_price_h24_dense_price_lgbm_b.csv
price,Direct,lgbm,gain,66,hour,0.008212,0.821,lgbm_direct_hourly_price_h24_dense_price_lgbm_b.csv
price,Direct,lgbm,gain,67,residual_load_lag3,0.008187,0.819,lgbm_direct_hourly_price_h24_dense_price_lgbm_b.csv
price,Direct,lgbm,gain,68,w_athens_relative_humidity_2m,0.008142,0.814,lgbm_direct_hourly_price_h24_dense_price_lgbm_b.csv
price,Direct,lgbm,gain,69,w_thessaloniki_wind_speed_10m,0.008123,0.812,lgbm_direct_hourly_price_h24_dense_price_lgbm_b.csv
price,Direct,lgbm,gain,70,w_larissa_temperature_2m,0.008028,0.803,lgbm_direct_hourly_price_h24_dense_price_lgbm_b.csv
price,Direct,lgbm,gain,71,dow_sin,0.007964,0.796,lgbm_direct_hourly_price_h24_dense_price_lgbm_b.csv
price,Direct,lgbm,gain,72,load_lag3,0.007913,0.791,lgbm_direct_hourly_price_h24_dense_price_lgbm_b.csv
price,Direct,lgbm,gain,73,w_larissa_relative_humidity_2m,0.007767,0.777,lgbm_direct_hourly_price_h24_dense_price_lgbm_b.csv
price,Direct,lgbm,gain,74,w_patras_cloud_cover,0.007611,0.761,lgbm_direct_hourly_price_h24_dense_price_lgbm_b.csv
price,Direct,lgbm,gain,75,w_heraklion_wind_gusts_10m,0.007608,0.761,lgbm_direct_hourly_price_h24_dense_price_lgbm_b.csv
price,Direct,lgbm,gain,76,w_thessaloniki_relative_humidity_2m,0.007606,0.761,lgbm_direct_hourly_price_h24_dense_price_lgbm_b.csv
price,Direct,lgbm,gain,77,w_larissa_wind_gusts_10m,0.007577,0.758,lgbm_direct_hourly_price_h24_dense_price_lgbm_b.csv
price,Direct,lgbm,gain,78,w_thessaloniki_wind_gusts_10m,0.00755,0.755,lgbm_direct_hourly_price_h24_dense_price_lgbm_b.csv
price,Direct,lgbm,gain,79,w_larissa_cloud_cover,0.007492,0.749,lgbm_direct_hourly_price_h24_dense_price_lgbm_b.csv
price,Direct,lgbm,gain,80,residual_load_lag1,0.007272,0.727,lgbm_direct_hourly_price_h24_dense_price_lgbm_b.csv
price,Direct,lgbm,gain,81,load_lag24,0.007226,0.723,lgbm_direct_hourly_price_h24_dense_price_lgbm_b.csv
price,Direct,lgbm,gain,82,w_athens_temperature_2m,0.007174,0.717,lgbm_direct_hourly_price_h24_dense_price_lgbm_b.csv
price,Direct,lgbm,gain,83,w_thessaloniki_temperature_2m,0.007156,0.716,lgbm_direct_hourly_price_h24_dense_price_lgbm_b.csv
price,Direct,lgbm,gain,84,w_athens_wind_speed_10m,0.006673,0.667,lgbm_direct_hourly_price_h24_dense_price_lgbm_b.csv
price,Direct,lgbm,gain,85,w_athens_wind_gusts_10m,0.006577,0.658,lgbm_direct_hourly_price_h24_dense_price_lgbm_b.csv
price,Direct,lgbm,gain,86,load_lag1,0.006572,0.657,lgbm_direct_hourly_price_h24_dense_price_lgbm_b.csv
price,Direct,lgbm,gain,87,w_heraklion_cloud_cover,0.006544,0.654,lgbm_direct_hourly_price_h24_dense_price_lgbm_b.csv
price,Direct,lgbm,gain,88,solar_fc_dayahead,0.006458,0.646,lgbm_direct_hourly_price_h24_dense_price_lgbm_b.csv
price,Direct,lgbm,gain,89,w_gr_mean_temperature_2m,0.006364,0.636,lgbm_direct_hourly_price_h24_dense_price_lgbm_b.csv
price,Direct,lgbm,gain,90,load_lag2,0.006356,0.636,lgbm_direct_hourly_price_h24_dense_price_lgbm_b.csv
price,Direct,lgbm,gain,91,w_thessaloniki_cloud_cover,0.006284,0.628,lgbm_direct_hourly_price_h24_dense_price_lgbm_b.csv
price,Direct,lgbm,gain,92,residual_load_lag2,0.006159,0.616,lgbm_direct_hourly_price_h24_dense_price_lgbm_b.csv
price,Direct,lgbm,gain,93,co2_lag12,0.006019,0.602,lgbm_direct_hourly_price_h24_dense_price_lgbm_b.csv
price,Direct,lgbm,gain,94,gas_lag12,0.00572,0.572,lgbm_direct_hourly_price_h24_dense_price_lgbm_b.csv
price,Direct,lgbm,gain,95,gen_solar_lag2,0.005515,0.551,lgbm_direct_hourly_price_h24_dense_price_lgbm_b.csv
price,Direct,lgbm,gain,96,w_athens_cloud_cover,0.005405,0.54,lgbm_direct_hourly_price_h24_dense_price_lgbm_b.csv
price,Direct,lgbm,gain,97,dow_cos,0.00528,0.528,lgbm_direct_hourly_price_h24_dense_price_lgbm_b.csv
price,Direct,lgbm,gain,98,hour_sin,0.005225,0.523,lgbm_direct_hourly_price_h24_dense_price_lgbm_b.csv
price,Direct,lgbm,gain,99,hour_cos,0.003731,0.373,lgbm_direct_hourly_price_h24_dense_price_lgbm_b.csv
price,Direct,lgbm,gain,100,gen_solar_lag1,0.003671,0.367,lgbm_direct_hourly_price_h24_dense_price_lgbm_b.csv
price,Direct,lgbm,gain,101,gen_solar_lag168,0.003622,0.362,lgbm_direct_hourly_price_h24_dense_price_lgbm_b.csv
price,Direct,lgbm,gain,102,co2_lag6,0.003532,0.353,lgbm_direct_hourly_price_h24_dense_price_lgbm_b.csv
price,Direct,lgbm,gain,103,gas_lag6,0.003504,0.35,lgbm_direct_hourly_price_h24_dense_price_lgbm_b.csv
price,Direct,lgbm,gain,104,gen_solar_lag48,0.003504,0.35,lgbm_direct_hourly_price_h24_dense_price_lgbm_b.csv
price,Direct,lgbm,gain,105,gas_lag1,0.003503,0.35,lgbm_direct_hourly_price_h24_dense_price_lgbm_b.csv
price,Direct,lgbm,gain,106,co2_lag1,0.003251,0.325,lgbm_direct_hourly_price_h24_dense_price_lgbm_b.csv
price,Direct,lgbm,gain,107,gen_solar_lag24,0.003138,0.314,lgbm_direct_hourly_price_h24_dense_price_lgbm_b.csv
price,Direct,lgbm,gain,108,w_patras_shortwave_radiation,0.002825,0.282,lgbm_direct_hourly_price_h24_dense_price_lgbm_b.csv
price,Direct,lgbm,gain,109,w_gr_mean_precipitation,0.002584,0.258,lgbm_direct_hourly_price_h24_dense_price_lgbm_b.csv
price,Direct,lgbm,gain,110,w_heraklion_shortwave_radiation,0.002544,0.254,lgbm_direct_hourly_price_h24_dense_price_lgbm_b.csv
price,Direct,lgbm,gain,111,gas_lag3,0.002255,0.225,lgbm_direct_hourly_price_h24_dense_price_lgbm_b.csv
price,Direct,lgbm,gain,112,co2_lag3,0.002235,0.223,lgbm_direct_hourly_price_h24_dense_price_lgbm_b.csv
price,Direct,lgbm,gain,113,w_larissa_shortwave_radiation,0.002188,0.219,lgbm_direct_hourly_price_h24_dense_price_lgbm_b.csv
price,Direct,lgbm,gain,114,gas_lag2,0.002038,0.204,lgbm_direct_hourly_price_h24_dense_price_lgbm_b.csv
price,Direct,lgbm,gain,115,w_gr_mean_shortwave_radiation,0.002007,0.201,lgbm_direct_hourly_price_h24_dense_price_lgbm_b.csv
price,Direct,lgbm,gain,116,w_thessaloniki_shortwave_radiation,0.001955,0.195,lgbm_direct_hourly_price_h24_dense_price_lgbm_b.csv
price,Direct,lgbm,gain,117,co2_lag2,0.00193,0.193,lgbm_direct_hourly_price_h24_dense_price_lgbm_b.csv
price,Direct,lgbm,gain,118,w_athens_shortwave_radiation,0.001895,0.19,lgbm_direct_hourly_price_h24_dense_price_lgbm_b.csv
price,Direct,lgbm,gain,119,w_patras_precipitation,0.001302,0.13,lgbm_direct_hourly_price_h24_dense_price_lgbm_b.csv
price,Direct,lgbm,gain,120,load_fc,0.001254,0.125,lgbm_direct_hourly_price_h24_dense_price_lgbm_b.csv
price,Direct,lgbm,gain,121,is_holiday,0.001166,0.117,lgbm_direct_hourly_price_h24_dense_price_lgbm_b.csv
price,Direct,lgbm,gain,122,w_thessaloniki_precipitation,0.00102,0.102,lgbm_direct_hourly_price_h24_dense_price_lgbm_b.csv
price,Direct,lgbm,gain,123,w_larissa_precipitation,0.000985,0.099,lgbm_direct_hourly_price_h24_dense_price_lgbm_b.csv
price,Direct,lgbm,gain,124,w_heraklion_precipitation,0.000833,0.083,lgbm_direct_hourly_price_h24_dense_price_lgbm_b.csv
price,Direct,lgbm,gain,125,w_athens_precipitation,0.000555,0.056,lgbm_direct_hourly_price_h24_dense_price_lgbm_b.csv
price,Direct,lgbm,gain,126,solar_fc_dayahead_missing,0.000183,0.018,lgbm_direct_hourly_price_h24_dense_price_lgbm_b.csv
price,Direct,lgbm,gain,127,gen_fc_dayahead_missing,0.000132,0.013,lgbm_direct_hourly_price_h24_dense_price_lgbm_b.csv
price,Direct,lgbm,gain,128,wind_onshore_fc_dayahead_missing,6.8e-05,0.007,lgbm_direct_hourly_price_h24_dense_price_lgbm_b.csv
price,Direct,lgbm,gain,129,w_heraklion_relative_humidity_2m_missing,1e-06,0.0,lgbm_direct_hourly_price_h24_dense_price_lgbm_b.csv
price,Direct,lgbm,gain,130,w_heraklion_temperature_2m_missing,1e-06,0.0,lgbm_direct_hourly_price_h24_dense_price_lgbm_b.csv
price,Direct,lgbm,gain,131,w_patras_temperature_2m_missing,1e-06,0.0,lgbm_direct_hourly_price_h24_dense_price_lgbm_b.csv
price,Direct,lgbm,gain,132,w_athens_temperature_2m_missing,1e-06,0.0,lgbm_direct_hourly_price_h24_dense_price_lgbm_b.csv
price,Direct,lgbm,gain,133,w_heraklion_wind_gusts_10m_missing,0.0,0.0,lgbm_direct_hourly_price_h24_dense_price_lgbm_b.csv
price,Direct,lgbm,gain,134,w_heraklion_shortwave_radiation_missing,0.0,0.0,lgbm_direct_hourly_price_h24_dense_price_lgbm_b.csv
price,Direct,lgbm,gain,135,w_larissa_temperature_2m_missing,0.0,0.0,lgbm_direct_hourly_price_h24_dense_price_lgbm_b.csv
price,Direct,lgbm,gain,136,w_larissa_relative_humidity_2m_missing,0.0,0.0,lgbm_direct_hourly_price_h24_dense_price_lgbm_b.csv
price,Direct,lgbm,gain,137,w_patras_cloud_cover_missing,0.0,0.0,lgbm_direct_hourly_price_h24_dense_price_lgbm_b.csv
price,Direct,lgbm,gain,138,w_patras_wind_speed_10m_missing,0.0,0.0,lgbm_direct_hourly_price_h24_dense_price_lgbm_b.csv
price,Direct,lgbm,gain,139,w_gr_mean_relative_humidity_2m_missing,0.0,0.0,lgbm_direct_hourly_price_h24_dense_price_lgbm_b.csv
price,Direct,lgbm,gain,140,w_gr_mean_wind_gusts_10m_missing,0.0,0.0,lgbm_direct_hourly_price_h24_dense_price_lgbm_b.csv
price,Direct,lgbm,gain,141,w_gr_mean_wind_speed_10m_missing,0.0,0.0,lgbm_direct_hourly_price_h24_dense_price_lgbm_b.csv
price,Direct,lgbm,gain,142,w_gr_mean_cloud_cover_missing,0.0,0.0,lgbm_direct_hourly_price_h24_dense_price_lgbm_b.csv
price,Direct,lgbm,gain,143,w_gr_mean_temperature_2m_missing,0.0,0.0,lgbm_direct_hourly_price_h24_dense_price_lgbm_b.csv
price,Direct,lgbm,gain,144,w_gr_mean_precipitation_missing,0.0,0.0,lgbm_direct_hourly_price_h24_dense_price_lgbm_b.csv
price,Direct,lgbm,gain,145,w_patras_wind_gusts_10m_missing,0.0,0.0,lgbm_direct_hourly_price_h24_dense_price_lgbm_b.csv
price,Direct,lgbm,gain,146,w_patras_shortwave_radiation_missing,0.0,0.0,lgbm_direct_hourly_price_h24_dense_price_lgbm_b.csv
price,Direct,lgbm,gain,147,w_larissa_cloud_cover_missing,0.0,0.0,lgbm_direct_hourly_price_h24_dense_price_lgbm_b.csv
price,Direct,lgbm,gain,148,w_larissa_precipitation_missing,0.0,0.0,lgbm_direct_hourly_price_h24_dense_price_lgbm_b.csv
price,Direct,lgbm,gain,149,w_larissa_wind_gusts_10m_missing,0.0,0.0,lgbm_direct_hourly_price_h24_dense_price_lgbm_b.csv
price,Direct,lgbm,gain,150,w_larissa_wind_speed_10m_missing,0.0,0.0,lgbm_direct_hourly_price_h24_dense_price_lgbm_b.csv
price,Direct,lgbm,gain,151,w_larissa_shortwave_radiation_missing,0.0,0.0,lgbm_direct_hourly_price_h24_dense_price_lgbm_b.csv
price,Direct,lgbm,gain,152,w_heraklion_precipitation_missing,0.0,0.0,lgbm_direct_hourly_price_h24_dense_price_lgbm_b.csv
price,Direct,lgbm,gain,153,w_heraklion_cloud_cover_missing,0.0,0.0,lgbm_direct_hourly_price_h24_dense_price_lgbm_b.csv
price,Direct,lgbm,gain,154,w_heraklion_wind_speed_10m_missing,0.0,0.0,lgbm_direct_hourly_price_h24_dense_price_lgbm_b.csv
price,Direct,lgbm,gain,155,w_gr_mean_shortwave_radiation_missing,0.0,0.0,lgbm_direct_hourly_price_h24_dense_price_lgbm_b.csv
price,Direct,lgbm,gain,156,w_athens_relative_humidity_2m_missing,0.0,0.0,lgbm_direct_hourly_price_h24_dense_price_lgbm_b.csv
price,Direct,lgbm,gain,157,w_athens_cloud_cover_missing,0.0,0.0,lgbm_direct_hourly_price_h24_dense_price_lgbm_b.csv
price,Direct,lgbm,gain,158,w_athens_precipitation_missing,0.0,0.0,lgbm_direct_hourly_price_h24_dense_price_lgbm_b.csv
price,Direct,lgbm,gain,159,w_athens_wind_gusts_10m_missing,0.0,0.0,lgbm_direct_hourly_price_h24_dense_price_lgbm_b.csv
price,Direct,lgbm,gain,160,w_athens_shortwave_radiation_missing,0.0,0.0,lgbm_direct_hourly_price_h24_dense_price_lgbm_b.csv
price,Direct,lgbm,gain,161,w_thessaloniki_temperature_2m_missing,0.0,0.0,lgbm_direct_hourly_price_h24_dense_price_lgbm_b.csv
price,Direct,lgbm,gain,162,w_athens_wind_speed_10m_missing,0.0,0.0,lgbm_direct_hourly_price_h24_dense_price_lgbm_b.csv
price,Direct,lgbm,gain,163,w_thessaloniki_relative_humidity_2m_missing,0.0,0.0,lgbm_direct_hourly_price_h24_dense_price_lgbm_b.csv
price,Direct,lgbm,gain,164,w_thessaloniki_precipitation_missing,0.0,0.0,lgbm_direct_hourly_price_h24_dense_price_lgbm_b.csv
price,Direct,lgbm,gain,165,w_thessaloniki_wind_speed_10m_missing,0.0,0.0,lgbm_direct_hourly_price_h24_dense_price_lgbm_b.csv
price,Direct,lgbm,gain,166,w_thessaloniki_cloud_cover_missing,0.0,0.0,lgbm_direct_hourly_price_h24_dense_price_lgbm_b.csv
price,Direct,lgbm,gain,167,w_thessaloniki_wind_gusts_10m_missing,0.0,0.0,lgbm_direct_hourly_price_h24_dense_price_lgbm_b.csv
price,Direct,lgbm,gain,168,w_thessaloniki_shortwave_radiation_missing,0.0,0.0,lgbm_direct_hourly_price_h24_dense_price_lgbm_b.csv
price,Direct,lgbm,gain,169,w_patras_relative_humidity_2m_missing,0.0,0.0,lgbm_direct_hourly_price_h24_dense_price_lgbm_b.csv
price,Direct,lgbm,gain,170,w_patras_precipitation_missing,0.0,0.0,lgbm_direct_hourly_price_h24_dense_price_lgbm_b.csv
price,Direct,xgb,gain,1,y_lag1,0.050839,5.084,xgb_direct_hourly_price_h24_dense_price_xgb_b.csv
price,Direct,xgb,gain,2,y_lag6,0.035334,3.533,xgb_direct_hourly_price_h24_dense_price_xgb_b.csv
price,Direct,xgb,gain,3,y_lag19,0.03478,3.478,xgb_direct_hourly_price_h24_dense_price_xgb_b.csv
price,Direct,xgb,gain,4,y_lag13,0.033102,3.31,xgb_direct_hourly_price_h24_dense_price_xgb_b.csv
price,Direct,xgb,gain,5,y_lag2,0.031837,3.184,xgb_direct_hourly_price_h24_dense_price_xgb_b.csv
price,Direct,xgb,gain,6,y_lag22,0.030754,3.075,xgb_direct_hourly_price_h24_dense_price_xgb_b.csv
price,Direct,xgb,gain,7,y_lag4,0.030707,3.071,xgb_direct_hourly_price_h24_dense_price_xgb_b.csv
price,Direct,xgb,gain,8,y_lag14,0.029723,2.972,xgb_direct_hourly_price_h24_dense_price_xgb_b.csv
price,Direct,xgb,gain,9,y_lag16,0.029558,2.956,xgb_direct_hourly_price_h24_dense_price_xgb_b.csv
price,Direct,xgb,gain,10,y_lag3,0.029014,2.901,xgb_direct_hourly_price_h24_dense_price_xgb_b.csv
price,Direct,xgb,gain,11,y_lag8,0.028679,2.868,xgb_direct_hourly_price_h24_dense_price_xgb_b.csv
price,Direct,xgb,gain,12,y_lag10,0.027856,2.786,xgb_direct_hourly_price_h24_dense_price_xgb_b.csv
price,Direct,xgb,gain,13,y_lag9,0.027777,2.778,xgb_direct_hourly_price_h24_dense_price_xgb_b.csv
price,Direct,xgb,gain,14,y_lag11,0.027732,2.773,xgb_direct_hourly_price_h24_dense_price_xgb_b.csv
price,Direct,xgb,gain,15,y_lag15,0.027682,2.768,xgb_direct_hourly_price_h24_dense_price_xgb_b.csv
price,Direct,xgb,gain,16,y_lag21,0.026444,2.644,xgb_direct_hourly_price_h24_dense_price_xgb_b.csv
price,Direct,xgb,gain,17,y_lag20,0.025066,2.507,xgb_direct_hourly_price_h24_dense_price_xgb_b.csv
price,Direct,xgb,gain,18,y_lag18,0.024893,2.489,xgb_direct_hourly_price_h24_dense_price_xgb_b.csv
price,Direct,xgb,gain,19,y_lag17,0.024522,2.452,xgb_direct_hourly_price_h24_dense_price_xgb_b.csv
price,Direct,xgb,gain,20,y_lag12,0.024258,2.426,xgb_direct_hourly_price_h24_dense_price_xgb_b.csv
price,Direct,xgb,gain,21,y_lag7,0.024242,2.424,xgb_direct_hourly_price_h24_dense_price_xgb_b.csv
price,Direct,xgb,gain,22,y_lag5,0.021047,2.105,xgb_direct_hourly_price_h24_dense_price_xgb_b.csv
price,Direct,xgb,gain,23,y_lag23,0.019898,1.99,xgb_direct_hourly_price_h24_dense_price_xgb_b.csv
price,Direct,xgb,gain,24,gas_lag168,0.015523,1.552,xgb_direct_hourly_price_h24_dense_price_xgb_b.csv
price,Direct,xgb,gain,25,y_roll168,0.013956,1.396,xgb_direct_hourly_price_h24_dense_price_xgb_b.csv
price,Direct,xgb,gain,26,y_lag24,0.012717,1.272,xgb_direct_hourly_price_h24_dense_price_xgb_b.csv
price,Direct,xgb,gain,27,dow,0.01049,1.049,xgb_direct_hourly_price_h24_dense_price_xgb_b.csv
price,Direct,xgb,gain,28,dow_cos,0.009521,0.952,xgb_direct_hourly_price_h24_dense_price_xgb_b.csv
price,Direct,xgb,gain,29,gas_lag48,0.008655,0.866,xgb_direct_hourly_price_h24_dense_price_xgb_b.csv
price,Direct,xgb,gain,30,gas_lag2,0.007837,0.784,xgb_direct_hourly_price_h24_dense_price_xgb_b.csv
price,Direct,xgb,gain,31,hour,0.007805,0.78,xgb_direct_hourly_price_h24_dense_price_xgb_b.csv
price,Direct,xgb,gain,32,hour_sin,0.007081,0.708,xgb_direct_hourly_price_h24_dense_price_xgb_b.csv
price,Direct,xgb,gain,33,hour_cos,0.006883,0.688,xgb_direct_hourly_price_h24_dense_price_xgb_b.csv
price,Direct,xgb,gain,34,dow_sin,0.006257,0.626,xgb_direct_hourly_price_h24_dense_price_xgb_b.csv
price,Direct,xgb,gain,35,gas_lag3,0.006158,0.616,xgb_direct_hourly_price_h24_dense_price_xgb_b.csv
price,Direct,xgb,gain,36,y_lag48,0.005992,0.599,xgb_direct_hourly_price_h24_dense_price_xgb_b.csv
price,Direct,xgb,gain,37,gas_lag6,0.005364,0.536,xgb_direct_hourly_price_h24_dense_price_xgb_b.csv
price,Direct,xgb,gain,38,gas_lag24,0.005009,0.501,xgb_direct_hourly_price_h24_dense_price_xgb_b.csv
price,Direct,xgb,gain,39,gen_solar_lag2,0.00469,0.469,xgb_direct_hourly_price_h24_dense_price_xgb_b.csv
price,Direct,xgb,gain,40,w_heraklion_temperature_2m_missing,0.004495,0.449,xgb_direct_hourly_price_h24_dense_price_xgb_b.csv
price,Direct,xgb,gain,41,y_lag168,0.004051,0.405,xgb_direct_hourly_price_h24_dense_price_xgb_b.csv
price,Direct,xgb,gain,42,gas_lag12,0.004028,0.403,xgb_direct_hourly_price_h24_dense_price_xgb_b.csv
price,Direct,xgb,gain,43,gas_lag1,0.00395,0.395,xgb_direct_hourly_price_h24_dense_price_xgb_b.csv
price,Direct,xgb,gain,44,gen_wind_lag24,0.003685,0.369,xgb_direct_hourly_price_h24_dense_price_xgb_b.csv
price,Direct,xgb,gain,45,co2_lag168,0.003596,0.36,xgb_direct_hourly_price_h24_dense_price_xgb_b.csv
price,Direct,xgb,gain,46,y_roll24,0.003539,0.354,xgb_direct_hourly_price_h24_dense_price_xgb_b.csv
price,Direct,xgb,gain,47,gen_solar_lag1,0.003509,0.351,xgb_direct_hourly_price_h24_dense_price_xgb_b.csv
price,Direct,xgb,gain,48,w_thessaloniki_shortwave_radiation,0.003326,0.333,xgb_direct_hourly_price_h24_dense_price_xgb_b.csv
price,Direct,xgb,gain,49,co2_lag48,0.003246,0.325,xgb_direct_hourly_price_h24_dense_price_xgb_b.csv
price,Direct,xgb,gain,50,co2_lag12,0.003229,0.323,xgb_direct_hourly_price_h24_dense_price_xgb_b.csv
price,Direct,xgb,gain,51,w_thessaloniki_temperature_2m,0.003096,0.31,xgb_direct_hourly_price_h24_dense_price_xgb_b.csv
price,Direct,xgb,gain,52,co2_lag6,0.002982,0.298,xgb_direct_hourly_price_h24_dense_price_xgb_b.csv
price,Direct,xgb,gain,53,w_patras_temperature_2m,0.002896,0.29,xgb_direct_hourly_price_h24_dense_price_xgb_b.csv
price,Direct,xgb,gain,54,co2_lag2,0.002861,0.286,xgb_direct_hourly_price_h24_dense_price_xgb_b.csv
price,Direct,xgb,gain,55,co2_lag24,0.0027,0.27,xgb_direct_hourly_price_h24_dense_price_xgb_b.csv
price,Direct,xgb,gain,56,load_lag6,0.002677,0.268,xgb_direct_hourly_price_h24_dense_price_xgb_b.csv
price,Direct,xgb,gain,57,co2_lag3,0.002674,0.267,xgb_direct_hourly_price_h24_dense_price_xgb_b.csv
price,Direct,xgb,gain,58,w_heraklion_relative_humidity_2m_missing,0.002627,0.263,xgb_direct_hourly_price_h24_dense_price_xgb_b.csv
price,Direct,xgb,gain,59,w_athens_relative_humidity_2m,0.002533,0.253,xgb_direct_hourly_price_h24_dense_price_xgb_b.csv
price,Direct,xgb,gain,60,load_lag3,0.00252,0.252,xgb_direct_hourly_price_h24_dense_price_xgb_b.csv
price,Direct,xgb,gain,61,w_larissa_shortwave_radiation,0.002508,0.251,xgb_direct_hourly_price_h24_dense_price_xgb_b.csv
price,Direct,xgb,gain,62,co2_lag1,0.00249,0.249,xgb_direct_hourly_price_h24_dense_price_xgb_b.csv
price,Direct,xgb,gain,63,gen_wind_lag48,0.002481,0.248,xgb_direct_hourly_price_h24_dense_price_xgb_b.csv
price,Direct,xgb,gain,64,w_patras_shortwave_radiation,0.002469,0.247,xgb_direct_hourly_price_h24_dense_price_xgb_b.csv
price,Direct,xgb,gain,65,wind_onshore_fc_dayahead,0.002452,0.245,xgb_direct_hourly_price_h24_dense_price_xgb_b.csv
price,Direct,xgb,gain,66,load_lag12,0.002439,0.244,xgb_direct_hourly_price_h24_dense_price_xgb_b.csv
price,Direct,xgb,gain,67,is_holiday,0.002404,0.24,xgb_direct_hourly_price_h24_dense_price_xgb_b.csv
price,Direct,xgb,gain,68,load_lag168,0.002399,0.24,xgb_direct_hourly_price_h24_dense_price_xgb_b.csv
price,Direct,xgb,gain,69,load_lag2,0.002395,0.24,xgb_direct_hourly_price_h24_dense_price_xgb_b.csv
price,Direct,xgb,gain,70,gen_fc_dayahead,0.002358,0.236,xgb_direct_hourly_price_h24_dense_price_xgb_b.csv
price,Direct,xgb,gain,71,w_thessaloniki_precipitation,0.002327,0.233,xgb_direct_hourly_price_h24_dense_price_xgb_b.csv
price,Direct,xgb,gain,72,gen_solar_lag24,0.002312,0.231,xgb_direct_hourly_price_h24_dense_price_xgb_b.csv
price,Direct,xgb,gain,73,w_athens_shortwave_radiation,0.002305,0.231,xgb_direct_hourly_price_h24_dense_price_xgb_b.csv
price,Direct,xgb,gain,74,gen_wind_lag1,0.002247,0.225,xgb_direct_hourly_price_h24_dense_price_xgb_b.csv
price,Direct,xgb,gain,75,load_lag1,0.002231,0.223,xgb_direct_hourly_price_h24_dense_price_xgb_b.csv
price,Direct,xgb,gain,76,gen_solar_lag168,0.002166,0.217,xgb_direct_hourly_price_h24_dense_price_xgb_b.csv
price,Direct,xgb,gain,77,gas_price,0.002154,0.215,xgb_direct_hourly_price_h24_dense_price_xgb_b.csv
price,Direct,xgb,gain,78,residual_load_lag24,0.002146,0.215,xgb_direct_hourly_price_h24_dense_price_xgb_b.csv
price,Direct,xgb,gain,79,w_gr_mean_shortwave_radiation,0.002119,0.212,xgb_direct_hourly_price_h24_dense_price_xgb_b.csv
price,Direct,xgb,gain,80,residual_load_lag12,0.002096,0.21,xgb_direct_hourly_price_h24_dense_price_xgb_b.csv
price,Direct,xgb,gain,81,w_athens_temperature_2m,0.002069,0.207,xgb_direct_hourly_price_h24_dense_price_xgb_b.csv
price,Direct,xgb,gain,82,w_larissa_temperature_2m,0.002052,0.205,xgb_direct_hourly_price_h24_dense_price_xgb_b.csv
price,Direct,xgb,gain,83,solar_fc_dayahead,0.002026,0.203,xgb_direct_hourly_price_h24_dense_price_xgb_b.csv
price,Direct,xgb,gain,84,w_heraklion_shortwave_radiation,0.00202,0.202,xgb_direct_hourly_price_h24_dense_price_xgb_b.csv
price,Direct,xgb,gain,85,gen_solar_lag48,0.002015,0.202,xgb_direct_hourly_price_h24_dense_price_xgb_b.csv
price,Direct,xgb,gain,86,gen_wind_lag2,0.002001,0.2,xgb_direct_hourly_price_h24_dense_price_xgb_b.csv
price,Direct,xgb,gain,87,w_heraklion_temperature_2m,0.001998,0.2,xgb_direct_hourly_price_h24_dense_price_xgb_b.csv
price,Direct,xgb,gain,88,solar_fc_dayahead_missing,0.001976,0.198,xgb_direct_hourly_price_h24_dense_price_xgb_b.csv
price,Direct,xgb,gain,89,load_lag24,0.001932,0.193,xgb_direct_hourly_price_h24_dense_price_xgb_b.csv
price,Direct,xgb,gain,90,gen_wind_lag168,0.001924,0.192,xgb_direct_hourly_price_h24_dense_price_xgb_b.csv
price,Direct,xgb,gain,91,load_lag48,0.001917,0.192,xgb_direct_hourly_price_h24_dense_price_xgb_b.csv
price,Direct,xgb,gain,92,residual_load_lag168,0.001877,0.188,xgb_direct_hourly_price_h24_dense_price_xgb_b.csv
price,Direct,xgb,gain,93,load_fc,0.001876,0.188,xgb_direct_hourly_price_h24_dense_price_xgb_b.csv
price,Direct,xgb,gain,94,residual_load_lag6,0.001831,0.183,xgb_direct_hourly_price_h24_dense_price_xgb_b.csv
price,Direct,xgb,gain,95,w_heraklion_wind_gusts_10m,0.00183,0.183,xgb_direct_hourly_price_h24_dense_price_xgb_b.csv
price,Direct,xgb,gain,96,residual_load_lag1,0.001829,0.183,xgb_direct_hourly_price_h24_dense_price_xgb_b.csv
price,Direct,xgb,gain,97,w_thessaloniki_wind_gusts_10m,0.001824,0.182,xgb_direct_hourly_price_h24_dense_price_xgb_b.csv
price,Direct,xgb,gain,98,residual_load_lag48,0.00181,0.181,xgb_direct_hourly_price_h24_dense_price_xgb_b.csv
price,Direct,xgb,gain,99,w_heraklion_relative_humidity_2m,0.001788,0.179,xgb_direct_hourly_price_h24_dense_price_xgb_b.csv
price,Direct,xgb,gain,100,w_thessaloniki_relative_humidity_2m,0.001788,0.179,xgb_direct_hourly_price_h24_dense_price_xgb_b.csv
price,Direct,xgb,gain,101,w_larissa_precipitation,0.001788,0.179,xgb_direct_hourly_price_h24_dense_price_xgb_b.csv
price,Direct,xgb,gain,102,residual_load_lag3,0.001773,0.177,xgb_direct_hourly_price_h24_dense_price_xgb_b.csv
price,Direct,xgb,gain,103,residual_load_lag2,0.001755,0.176,xgb_direct_hourly_price_h24_dense_price_xgb_b.csv
price,Direct,xgb,gain,104,w_patras_wind_gusts_10m,0.001731,0.173,xgb_direct_hourly_price_h24_dense_price_xgb_b.csv
price,Direct,xgb,gain,105,w_larissa_relative_humidity_2m,0.001693,0.169,xgb_direct_hourly_price_h24_dense_price_xgb_b.csv
price,Direct,xgb,gain,106,w_thessaloniki_cloud_cover,0.001677,0.168,xgb_direct_hourly_price_h24_dense_price_xgb_b.csv
price,Direct,xgb,gain,107,w_gr_mean_relative_humidity_2m,0.00167,0.167,xgb_direct_hourly_price_h24_dense_price_xgb_b.csv
price,Direct,xgb,gain,108,w_gr_mean_cloud_cover,0.001647,0.165,xgb_direct_hourly_price_h24_dense_price_xgb_b.csv
price,Direct,xgb,gain,109,w_heraklion_precipitation,0.001645,0.164,xgb_direct_hourly_price_h24_dense_price_xgb_b.csv
price,Direct,xgb,gain,110,w_heraklion_wind_speed_10m,0.001636,0.164,xgb_direct_hourly_price_h24_dense_price_xgb_b.csv
price,Direct,xgb,gain,111,co2_price,0.001634,0.163,xgb_direct_hourly_price_h24_dense_price_xgb_b.csv
price,Direct,xgb,gain,112,w_heraklion_cloud_cover,0.001599,0.16,xgb_direct_hourly_price_h24_dense_price_xgb_b.csv
price,Direct,xgb,gain,113,w_patras_relative_humidity_2m,0.001571,0.157,xgb_direct_hourly_price_h24_dense_price_xgb_b.csv
price,Direct,xgb,gain,114,w_gr_mean_wind_gusts_10m,0.001566,0.157,xgb_direct_hourly_price_h24_dense_price_xgb_b.csv
price,Direct,xgb,gain,115,w_larissa_cloud_cover,0.001565,0.157,xgb_direct_hourly_price_h24_dense_price_xgb_b.csv
price,Direct,xgb,gain,116,w_patras_wind_speed_10m,0.001556,0.156,xgb_direct_hourly_price_h24_dense_price_xgb_b.csv
price,Direct,xgb,gain,117,w_athens_wind_gusts_10m,0.001553,0.155,xgb_direct_hourly_price_h24_dense_price_xgb_b.csv
price,Direct,xgb,gain,118,w_thessaloniki_wind_speed_10m,0.001534,0.153,xgb_direct_hourly_price_h24_dense_price_xgb_b.csv
price,Direct,xgb,gain,119,w_athens_precipitation,0.00153,0.153,xgb_direct_hourly_price_h24_dense_price_xgb_b.csv
price,Direct,xgb,gain,120,w_patras_cloud_cover,0.001524,0.152,xgb_direct_hourly_price_h24_dense_price_xgb_b.csv
price,Direct,xgb,gain,121,w_larissa_wind_gusts_10m,0.001454,0.145,xgb_direct_hourly_price_h24_dense_price_xgb_b.csv
price,Direct,xgb,gain,122,w_patras_precipitation,0.001402,0.14,xgb_direct_hourly_price_h24_dense_price_xgb_b.csv
price,Direct,xgb,gain,123,w_athens_cloud_cover,0.001399,0.14,xgb_direct_hourly_price_h24_dense_price_xgb_b.csv
price,Direct,xgb,gain,124,w_gr_mean_temperature_2m,0.001361,0.136,xgb_direct_hourly_price_h24_dense_price_xgb_b.csv
price,Direct,xgb,gain,125,w_athens_wind_speed_10m,0.001336,0.134,xgb_direct_hourly_price_h24_dense_price_xgb_b.csv
price,Direct,xgb,gain,126,w_gr_mean_wind_speed_10m,0.001272,0.127,xgb_direct_hourly_price_h24_dense_price_xgb_b.csv
price,Direct,xgb,gain,127,w_larissa_wind_speed_10m,0.001214,0.121,xgb_direct_hourly_price_h24_dense_price_xgb_b.csv
price,Direct,xgb,gain,128,w_gr_mean_precipitation,0.001191,0.119,xgb_direct_hourly_price_h24_dense_price_xgb_b.csv
price,Direct,xgb,gain,129,w_heraklion_cloud_cover_missing,0.000978,0.098,xgb_direct_hourly_price_h24_dense_price_xgb_b.csv
price,Direct,xgb,gain,130,w_athens_temperature_2m_missing,0.000782,0.078,xgb_direct_hourly_price_h24_dense_price_xgb_b.csv
price,Direct,xgb,gain,131,gen_fc_dayahead_missing,0.000731,0.073,xgb_direct_hourly_price_h24_dense_price_xgb_b.csv
price,Direct,xgb,gain,132,wind_onshore_fc_dayahead_missing,0.000546,0.055,xgb_direct_hourly_price_h24_dense_price_xgb_b.csv
price,Direct,xgb,gain,133,w_heraklion_precipitation_missing,0.000458,0.046,xgb_direct_hourly_price_h24_dense_price_xgb_b.csv
price,Direct,xgb,gain,134,w_athens_relative_humidity_2m_missing,0.000239,0.024,xgb_direct_hourly_price_h24_dense_price_xgb_b.csv
price,Direct,xgb,gain,135,w_patras_temperature_2m_missing,0.000141,0.014,xgb_direct_hourly_price_h24_dense_price_xgb_b.csv
price,Direct,xgb,gain,136,w_patras_relative_humidity_2m_missing,6.4e-05,0.006,xgb_direct_hourly_price_h24_dense_price_xgb_b.csv
price,Direct,xgb,gain,137,w_heraklion_wind_gusts_10m_missing,0.0,0.0,xgb_direct_hourly_price_h24_dense_price_xgb_b.csv
price,Direct,xgb,gain,138,w_heraklion_shortwave_radiation_missing,0.0,0.0,xgb_direct_hourly_price_h24_dense_price_xgb_b.csv
price,Direct,xgb,gain,139,w_gr_mean_temperature_2m_missing,0.0,0.0,xgb_direct_hourly_price_h24_dense_price_xgb_b.csv
price,Direct,xgb,gain,140,w_gr_mean_cloud_cover_missing,0.0,0.0,xgb_direct_hourly_price_h24_dense_price_xgb_b.csv
price,Direct,xgb,gain,141,w_larissa_relative_humidity_2m_missing,0.0,0.0,xgb_direct_hourly_price_h24_dense_price_xgb_b.csv
price,Direct,xgb,gain,142,w_larissa_temperature_2m_missing,0.0,0.0,xgb_direct_hourly_price_h24_dense_price_xgb_b.csv
price,Direct,xgb,gain,143,w_patras_cloud_cover_missing,0.0,0.0,xgb_direct_hourly_price_h24_dense_price_xgb_b.csv
price,Direct,xgb,gain,144,w_patras_wind_speed_10m_missing,0.0,0.0,xgb_direct_hourly_price_h24_dense_price_xgb_b.csv
price,Direct,xgb,gain,145,w_patras_wind_gusts_10m_missing,0.0,0.0,xgb_direct_hourly_price_h24_dense_price_xgb_b.csv
price,Direct,xgb,gain,146,w_patras_shortwave_radiation_missing,0.0,0.0,xgb_direct_hourly_price_h24_dense_price_xgb_b.csv
price,Direct,xgb,gain,147,w_larissa_cloud_cover_missing,0.0,0.0,xgb_direct_hourly_price_h24_dense_price_xgb_b.csv
price,Direct,xgb,gain,148,w_larissa_precipitation_missing,0.0,0.0,xgb_direct_hourly_price_h24_dense_price_xgb_b.csv
price,Direct,xgb,gain,149,w_larissa_wind_speed_10m_missing,0.0,0.0,xgb_direct_hourly_price_h24_dense_price_xgb_b.csv
price,Direct,xgb,gain,150,w_heraklion_wind_speed_10m_missing,0.0,0.0,xgb_direct_hourly_price_h24_dense_price_xgb_b.csv
price,Direct,xgb,gain,151,w_larissa_shortwave_radiation_missing,0.0,0.0,xgb_direct_hourly_price_h24_dense_price_xgb_b.csv
price,Direct,xgb,gain,152,w_larissa_wind_gusts_10m_missing,0.0,0.0,xgb_direct_hourly_price_h24_dense_price_xgb_b.csv
price,Direct,xgb,gain,153,w_gr_mean_precipitation_missing,0.0,0.0,xgb_direct_hourly_price_h24_dense_price_xgb_b.csv
price,Direct,xgb,gain,154,w_gr_mean_relative_humidity_2m_missing,0.0,0.0,xgb_direct_hourly_price_h24_dense_price_xgb_b.csv
price,Direct,xgb,gain,155,w_gr_mean_shortwave_radiation_missing,0.0,0.0,xgb_direct_hourly_price_h24_dense_price_xgb_b.csv
price,Direct,xgb,gain,156,w_gr_mean_wind_gusts_10m_missing,0.0,0.0,xgb_direct_hourly_price_h24_dense_price_xgb_b.csv
price,Direct,xgb,gain,157,w_gr_mean_wind_speed_10m_missing,0.0,0.0,xgb_direct_hourly_price_h24_dense_price_xgb_b.csv
price,Direct,xgb,gain,158,w_athens_precipitation_missing,0.0,0.0,xgb_direct_hourly_price_h24_dense_price_xgb_b.csv
price,Direct,xgb,gain,159,w_athens_wind_gusts_10m_missing,0.0,0.0,xgb_direct_hourly_price_h24_dense_price_xgb_b.csv
price,Direct,xgb,gain,160,w_athens_shortwave_radiation_missing,0.0,0.0,xgb_direct_hourly_price_h24_dense_price_xgb_b.csv
price,Direct,xgb,gain,161,w_athens_cloud_cover_missing,0.0,0.0,xgb_direct_hourly_price_h24_dense_price_xgb_b.csv
price,Direct,xgb,gain,162,w_athens_wind_speed_10m_missing,0.0,0.0,xgb_direct_hourly_price_h24_dense_price_xgb_b.csv
price,Direct,xgb,gain,163,w_thessaloniki_relative_humidity_2m_missing,0.0,0.0,xgb_direct_hourly_price_h24_dense_price_xgb_b.csv
price,Direct,xgb,gain,164,w_thessaloniki_temperature_2m_missing,0.0,0.0,xgb_direct_hourly_price_h24_dense_price_xgb_b.csv
price,Direct,xgb,gain,165,w_thessaloniki_precipitation_missing,0.0,0.0,xgb_direct_hourly_price_h24_dense_price_xgb_b.csv
price,Direct,xgb,gain,166,w_thessaloniki_cloud_cover_missing,0.0,0.0,xgb_direct_hourly_price_h24_dense_price_xgb_b.csv
price,Direct,xgb,gain,167,w_thessaloniki_wind_gusts_10m_missing,0.0,0.0,xgb_direct_hourly_price_h24_dense_price_xgb_b.csv
price,Direct,xgb,gain,168,w_thessaloniki_wind_speed_10m_missing,0.0,0.0,xgb_direct_hourly_price_h24_dense_price_xgb_b.csv
price,Direct,xgb,gain,169,w_thessaloniki_shortwave_radiation_missing,0.0,0.0,xgb_direct_hourly_price_h24_dense_price_xgb_b.csv
price,Direct,xgb,gain,170,w_patras_precipitation_missing,0.0,0.0,xgb_direct_hourly_price_h24_dense_price_xgb_b.csv
price,MIMO,mlp,permutation,1,gen_fc_dayahead,0.159479,15.948,mlp_hourly_price_mimo_h24_with_load_price_mlp_b.csv
price,MIMO,mlp,permutation,2,hour_cos,0.081041,8.104,mlp_hourly_price_mimo_h24_with_load_price_mlp_b.csv
price,MIMO,mlp,permutation,3,w_gr_mean_relative_humidity_2m,0.065491,6.549,mlp_hourly_price_mimo_h24_with_load_price_mlp_b.csv
price,MIMO,mlp,permutation,4,w_heraklion_temperature_2m,0.056064,5.606,mlp_hourly_price_mimo_h24_with_load_price_mlp_b.csv
price,MIMO,mlp,permutation,5,w_gr_mean_temperature_2m,0.046353,4.635,mlp_hourly_price_mimo_h24_with_load_price_mlp_b.csv
price,MIMO,mlp,permutation,6,gen_wind_lag24,0.043223,4.322,mlp_hourly_price_mimo_h24_with_load_price_mlp_b.csv
price,MIMO,mlp,permutation,7,w_athens_relative_humidity_2m,0.039719,3.972,mlp_hourly_price_mimo_h24_with_load_price_mlp_b.csv
price,MIMO,mlp,permutation,8,w_patras_temperature_2m,0.038699,3.87,mlp_hourly_price_mimo_h24_with_load_price_mlp_b.csv
price,MIMO,mlp,permutation,9,w_larissa_temperature_2m,0.034266,3.427,mlp_hourly_price_mimo_h24_with_load_price_mlp_b.csv
price,MIMO,mlp,permutation,10,load_lag12,0.033496,3.35,mlp_hourly_price_mimo_h24_with_load_price_mlp_b.csv
price,MIMO,mlp,permutation,11,w_heraklion_shortwave_radiation,0.028999,2.9,mlp_hourly_price_mimo_h24_with_load_price_mlp_b.csv
price,MIMO,mlp,permutation,12,w_thessaloniki_relative_humidity_2m,0.024179,2.418,mlp_hourly_price_mimo_h24_with_load_price_mlp_b.csv
price,MIMO,mlp,permutation,13,load_lag168,0.023971,2.397,mlp_hourly_price_mimo_h24_with_load_price_mlp_b.csv
price,MIMO,mlp,permutation,14,gen_wind_lag2,0.023701,2.37,mlp_hourly_price_mimo_h24_with_load_price_mlp_b.csv
price,MIMO,mlp,permutation,15,w_athens_cloud_cover_missing,0.020151,2.015,mlp_hourly_price_mimo_h24_with_load_price_mlp_b.csv
price,MIMO,mlp,permutation,16,y_lag168,0.020059,2.006,mlp_hourly_price_mimo_h24_with_load_price_mlp_b.csv
price,MIMO,mlp,permutation,17,solar_fc_dayahead,0.019705,1.971,mlp_hourly_price_mimo_h24_with_load_price_mlp_b.csv
price,MIMO,mlp,permutation,18,w_heraklion_relative_humidity_2m,0.017346,1.735,mlp_hourly_price_mimo_h24_with_load_price_mlp_b.csv
price,MIMO,mlp,permutation,19,residual_load_lag168,0.016223,1.622,mlp_hourly_price_mimo_h24_with_load_price_mlp_b.csv
price,MIMO,mlp,permutation,20,is_holiday,0.014121,1.412,mlp_hourly_price_mimo_h24_with_load_price_mlp_b.csv
price,MIMO,mlp,permutation,21,residual_load_lag2,0.013562,1.356,mlp_hourly_price_mimo_h24_with_load_price_mlp_b.csv
price,MIMO,mlp,permutation,22,gen_solar_lag2,0.01356,1.356,mlp_hourly_price_mimo_h24_with_load_price_mlp_b.csv
price,MIMO,mlp,permutation,23,wind_onshore_fc_dayahead,0.01327,1.327,mlp_hourly_price_mimo_h24_with_load_price_mlp_b.csv
price,MIMO,mlp,permutation,24,w_gr_mean_wind_speed_10m,0.013026,1.303,mlp_hourly_price_mimo_h24_with_load_price_mlp_b.csv
price,MIMO,mlp,permutation,25,w_thessaloniki_relative_humidity_2m_missing,0.012523,1.252,mlp_hourly_price_mimo_h24_with_load_price_mlp_b.csv
price,MIMO,mlp,permutation,26,gen_wind_lag48,0.011186,1.119,mlp_hourly_price_mimo_h24_with_load_price_mlp_b.csv
price,MIMO,mlp,permutation,27,w_thessaloniki_cloud_cover,0.009567,0.957,mlp_hourly_price_mimo_h24_with_load_price_mlp_b.csv
price,MIMO,mlp,permutation,28,w_thessaloniki_temperature_2m_missing,0.009065,0.906,mlp_hourly_price_mimo_h24_with_load_price_mlp_b.csv
price,MIMO,mlp,permutation,29,w_patras_wind_gusts_10m,0.008668,0.867,mlp_hourly_price_mimo_h24_with_load_price_mlp_b.csv
price,MIMO,mlp,permutation,30,w_heraklion_precipitation,0.007769,0.777,mlp_hourly_price_mimo_h24_with_load_price_mlp_b.csv
price,MIMO,mlp,permutation,31,load_lag6,0.007498,0.75,mlp_hourly_price_mimo_h24_with_load_price_mlp_b.csv
price,MIMO,mlp,permutation,32,w_athens_cloud_cover,0.006371,0.637,mlp_hourly_price_mimo_h24_with_load_price_mlp_b.csv
price,MIMO,mlp,permutation,33,w_athens_shortwave_radiation_missing,0.006123,0.612,mlp_hourly_price_mimo_h24_with_load_price_mlp_b.csv
price,MIMO,mlp,permutation,34,w_athens_precipitation_missing,0.006073,0.607,mlp_hourly_price_mimo_h24_with_load_price_mlp_b.csv
price,MIMO,mlp,permutation,35,w_thessaloniki_wind_speed_10m_missing,0.005723,0.572,mlp_hourly_price_mimo_h24_with_load_price_mlp_b.csv
price,MIMO,mlp,permutation,36,co2_price,0.005374,0.537,mlp_hourly_price_mimo_h24_with_load_price_mlp_b.csv
price,MIMO,mlp,permutation,37,w_athens_relative_humidity_2m_missing,0.004561,0.456,mlp_hourly_price_mimo_h24_with_load_price_mlp_b.csv
price,MIMO,mlp,permutation,38,co2_lag2,0.004351,0.435,mlp_hourly_price_mimo_h24_with_load_price_mlp_b.csv
price,MIMO,mlp,permutation,39,co2_lag24,0.004095,0.409,mlp_hourly_price_mimo_h24_with_load_price_mlp_b.csv
price,MIMO,mlp,permutation,40,w_heraklion_cloud_cover,0.004029,0.403,mlp_hourly_price_mimo_h24_with_load_price_mlp_b.csv
price,MIMO,mlp,permutation,41,gen_solar_lag168,0.003907,0.391,mlp_hourly_price_mimo_h24_with_load_price_mlp_b.csv
price,MIMO,mlp,permutation,42,w_patras_precipitation,0.003832,0.383,mlp_hourly_price_mimo_h24_with_load_price_mlp_b.csv
price,MIMO,mlp,permutation,43,co2_lag1,0.003252,0.325,mlp_hourly_price_mimo_h24_with_load_price_mlp_b.csv
price,MIMO,mlp,permutation,44,w_thessaloniki_temperature_2m,0.003243,0.324,mlp_hourly_price_mimo_h24_with_load_price_mlp_b.csv
price,MIMO,mlp,permutation,45,gen_fc_dayahead_missing,0.003243,0.324,mlp_hourly_price_mimo_h24_with_load_price_mlp_b.csv
price,MIMO,mlp,permutation,46,w_thessaloniki_cloud_cover_missing,0.001997,0.2,mlp_hourly_price_mimo_h24_with_load_price_mlp_b.csv
price,MIMO,mlp,permutation,47,co2_lag3,0.001839,0.184,mlp_hourly_price_mimo_h24_with_load_price_mlp_b.csv
price,MIMO,mlp,permutation,48,gas_lag48,0.001446,0.145,mlp_hourly_price_mimo_h24_with_load_price_mlp_b.csv
price,MIMO,mlp,permutation,49,residual_load_lag24,0.001237,0.124,mlp_hourly_price_mimo_h24_with_load_price_mlp_b.csv
price,MIMO,mlp,permutation,50,wind_onshore_fc_dayahead_missing,0.001033,0.103,mlp_hourly_price_mimo_h24_with_load_price_mlp_b.csv
price,MIMO,mlp,permutation,51,gas_lag6,0.000908,0.091,mlp_hourly_price_mimo_h24_with_load_price_mlp_b.csv
price,MIMO,mlp,permutation,52,gas_price,0.000583,0.058,mlp_hourly_price_mimo_h24_with_load_price_mlp_b.csv
price,MIMO,mlp,permutation,53,gas_lag168,0.000423,0.042,mlp_hourly_price_mimo_h24_with_load_price_mlp_b.csv
price,MIMO,mlp,permutation,54,co2_lag12,0.00038,0.038,mlp_hourly_price_mimo_h24_with_load_price_mlp_b.csv
price,MIMO,mlp,permutation,55,w_heraklion_wind_speed_10m,0.0,0.0,mlp_hourly_price_mimo_h24_with_load_price_mlp_b.csv
price,MIMO,mlp,permutation,56,w_larissa_cloud_cover,0.0,0.0,mlp_hourly_price_mimo_h24_with_load_price_mlp_b.csv
price,MIMO,mlp,permutation,57,w_patras_cloud_cover,0.0,0.0,mlp_hourly_price_mimo_h24_with_load_price_mlp_b.csv
price,MIMO,mlp,permutation,58,w_larissa_wind_speed_10m,0.0,0.0,mlp_hourly_price_mimo_h24_with_load_price_mlp_b.csv
price,MIMO,mlp,permutation,59,w_larissa_wind_gusts_10m,0.0,0.0,mlp_hourly_price_mimo_h24_with_load_price_mlp_b.csv
price,MIMO,mlp,permutation,60,w_larissa_shortwave_radiation,0.0,0.0,mlp_hourly_price_mimo_h24_with_load_price_mlp_b.csv
price,MIMO,mlp,permutation,61,w_patras_shortwave_radiation,0.0,0.0,mlp_hourly_price_mimo_h24_with_load_price_mlp_b.csv
price,MIMO,mlp,permutation,62,w_larissa_relative_humidity_2m,0.0,0.0,mlp_hourly_price_mimo_h24_with_load_price_mlp_b.csv
price,MIMO,mlp,permutation,63,w_larissa_precipitation,0.0,0.0,mlp_hourly_price_mimo_h24_with_load_price_mlp_b.csv
price,MIMO,mlp,permutation,64,w_patras_relative_humidity_2m,0.0,0.0,mlp_hourly_price_mimo_h24_with_load_price_mlp_b.csv
price,MIMO,mlp,permutation,65,w_athens_wind_speed_10m,0.0,0.0,mlp_hourly_price_mimo_h24_with_load_price_mlp_b.csv
price,MIMO,mlp,permutation,66,w_athens_wind_gusts_10m,0.0,0.0,mlp_hourly_price_mimo_h24_with_load_price_mlp_b.csv
price,MIMO,mlp,permutation,67,w_athens_shortwave_radiation,0.0,0.0,mlp_hourly_price_mimo_h24_with_load_price_mlp_b.csv
price,MIMO,mlp,permutation,68,w_gr_mean_precipitation,0.0,0.0,mlp_hourly_price_mimo_h24_with_load_price_mlp_b.csv
price,MIMO,mlp,permutation,69,w_gr_mean_cloud_cover,0.0,0.0,mlp_hourly_price_mimo_h24_with_load_price_mlp_b.csv
price,MIMO,mlp,permutation,70,w_gr_mean_wind_gusts_10m,0.0,0.0,mlp_hourly_price_mimo_h24_with_load_price_mlp_b.csv
price,MIMO,mlp,permutation,71,w_gr_mean_shortwave_radiation,0.0,0.0,mlp_hourly_price_mimo_h24_with_load_price_mlp_b.csv
price,MIMO,mlp,permutation,72,w_athens_temperature_2m,0.0,0.0,mlp_hourly_price_mimo_h24_with_load_price_mlp_b.csv
price,MIMO,mlp,permutation,73,solar_fc_dayahead_missing,0.0,0.0,mlp_hourly_price_mimo_h24_with_load_price_mlp_b.csv
price,MIMO,mlp,permutation,74,w_patras_wind_speed_10m,0.0,0.0,mlp_hourly_price_mimo_h24_with_load_price_mlp_b.csv
price,MIMO,mlp,permutation,75,w_athens_precipitation,0.0,0.0,mlp_hourly_price_mimo_h24_with_load_price_mlp_b.csv
price,MIMO,mlp,permutation,76,w_thessaloniki_precipitation,0.0,0.0,mlp_hourly_price_mimo_h24_with_load_price_mlp_b.csv
price,MIMO,mlp,permutation,77,w_thessaloniki_wind_gusts_10m,0.0,0.0,mlp_hourly_price_mimo_h24_with_load_price_mlp_b.csv
price,MIMO,mlp,permutation,78,w_thessaloniki_wind_speed_10m,0.0,0.0,mlp_hourly_price_mimo_h24_with_load_price_mlp_b.csv
price,MIMO,mlp,permutation,79,w_thessaloniki_shortwave_radiation,0.0,0.0,mlp_hourly_price_mimo_h24_with_load_price_mlp_b.csv
price,MIMO,mlp,permutation,80,w_gr_mean_cloud_cover_missing,0.0,0.0,mlp_hourly_price_mimo_h24_with_load_price_mlp_b.csv
price,MIMO,mlp,permutation,81,w_larissa_relative_humidity_2m_missing,0.0,0.0,mlp_hourly_price_mimo_h24_with_load_price_mlp_b.csv
price,MIMO,mlp,permutation,82,w_larissa_temperature_2m_missing,0.0,0.0,mlp_hourly_price_mimo_h24_with_load_price_mlp_b.csv
price,MIMO,mlp,permutation,83,w_patras_shortwave_radiation_missing,0.0,0.0,mlp_hourly_price_mimo_h24_with_load_price_mlp_b.csv
price,MIMO,mlp,permutation,84,w_patras_wind_gusts_10m_missing,0.0,0.0,mlp_hourly_price_mimo_h24_with_load_price_mlp_b.csv
price,MIMO,mlp,permutation,85,w_patras_wind_speed_10m_missing,0.0,0.0,mlp_hourly_price_mimo_h24_with_load_price_mlp_b.csv
price,MIMO,mlp,permutation,86,w_larissa_precipitation_missing,0.0,0.0,mlp_hourly_price_mimo_h24_with_load_price_mlp_b.csv
price,MIMO,mlp,permutation,87,w_larissa_wind_speed_10m_missing,0.0,0.0,mlp_hourly_price_mimo_h24_with_load_price_mlp_b.csv
price,MIMO,mlp,permutation,88,w_larissa_cloud_cover_missing,0.0,0.0,mlp_hourly_price_mimo_h24_with_load_price_mlp_b.csv
price,MIMO,mlp,permutation,89,w_heraklion_precipitation_missing,0.0,0.0,mlp_hourly_price_mimo_h24_with_load_price_mlp_b.csv
price,MIMO,mlp,permutation,90,w_heraklion_cloud_cover_missing,0.0,0.0,mlp_hourly_price_mimo_h24_with_load_price_mlp_b.csv
price,MIMO,mlp,permutation,91,w_heraklion_wind_gusts_10m_missing,0.0,0.0,mlp_hourly_price_mimo_h24_with_load_price_mlp_b.csv
price,MIMO,mlp,permutation,92,w_heraklion_wind_speed_10m_missing,0.0,0.0,mlp_hourly_price_mimo_h24_with_load_price_mlp_b.csv
price,MIMO,mlp,permutation,93,w_larissa_shortwave_radiation_missing,0.0,0.0,mlp_hourly_price_mimo_h24_with_load_price_mlp_b.csv
price,MIMO,mlp,permutation,94,w_heraklion_temperature_2m_missing,0.0,0.0,mlp_hourly_price_mimo_h24_with_load_price_mlp_b.csv
price,MIMO,mlp,permutation,95,w_heraklion_relative_humidity_2m_missing,0.0,0.0,mlp_hourly_price_mimo_h24_with_load_price_mlp_b.csv
price,MIMO,mlp,permutation,96,w_gr_mean_wind_speed_10m_missing,0.0,0.0,mlp_hourly_price_mimo_h24_with_load_price_mlp_b.csv
price,MIMO,mlp,permutation,97,w_athens_wind_gusts_10m_missing,0.0,0.0,mlp_hourly_price_mimo_h24_with_load_price_mlp_b.csv
price,MIMO,mlp,permutation,98,w_athens_wind_speed_10m_missing,0.0,0.0,mlp_hourly_price_mimo_h24_with_load_price_mlp_b.csv
price,MIMO,mlp,permutation,99,w_athens_temperature_2m_missing,0.0,0.0,mlp_hourly_price_mimo_h24_with_load_price_mlp_b.csv
price,MIMO,mlp,permutation,100,w_gr_mean_shortwave_radiation_missing,0.0,0.0,mlp_hourly_price_mimo_h24_with_load_price_mlp_b.csv
price,MIMO,mlp,permutation,101,w_thessaloniki_precipitation_missing,0.0,0.0,mlp_hourly_price_mimo_h24_with_load_price_mlp_b.csv
price,MIMO,mlp,permutation,102,w_thessaloniki_wind_gusts_10m_missing,0.0,0.0,mlp_hourly_price_mimo_h24_with_load_price_mlp_b.csv
price,MIMO,mlp,permutation,103,w_thessaloniki_shortwave_radiation_missing,0.0,0.0,mlp_hourly_price_mimo_h24_with_load_price_mlp_b.csv
price,MIMO,mlp,permutation,104,w_patras_temperature_2m_missing,0.0,0.0,mlp_hourly_price_mimo_h24_with_load_price_mlp_b.csv
price,MIMO,mlp,permutation,105,w_patras_relative_humidity_2m_missing,0.0,0.0,mlp_hourly_price_mimo_h24_with_load_price_mlp_b.csv
price,MIMO,mlp,permutation,106,w_patras_precipitation_missing,0.0,0.0,mlp_hourly_price_mimo_h24_with_load_price_mlp_b.csv
price,MIMO,mlp,permutation,107,w_patras_cloud_cover_missing,0.0,0.0,mlp_hourly_price_mimo_h24_with_load_price_mlp_b.csv
price,MIMO,mlp,permutation,108,w_gr_mean_precipitation_missing,0.0,0.0,mlp_hourly_price_mimo_h24_with_load_price_mlp_b.csv
price,MIMO,mlp,permutation,109,w_gr_mean_wind_gusts_10m_missing,0.0,0.0,mlp_hourly_price_mimo_h24_with_load_price_mlp_b.csv
price,MIMO,mlp,permutation,110,w_heraklion_wind_gusts_10m,0.0,0.0,mlp_hourly_price_mimo_h24_with_load_price_mlp_b.csv
price,MIMO,mlp,permutation,111,w_gr_mean_temperature_2m_missing,0.0,0.0,mlp_hourly_price_mimo_h24_with_load_price_mlp_b.csv
price,MIMO,mlp,permutation,112,w_gr_mean_relative_humidity_2m_missing,0.0,0.0,mlp_hourly_price_mimo_h24_with_load_price_mlp_b.csv
price,MIMO,mlp,permutation,113,load_lag2,0.0,0.0,mlp_hourly_price_mimo_h24_with_load_price_mlp_b.csv
price,MIMO,mlp,permutation,114,load_lag3,0.0,0.0,mlp_hourly_price_mimo_h24_with_load_price_mlp_b.csv
price,MIMO,mlp,permutation,115,y_lag48,0.0,0.0,mlp_hourly_price_mimo_h24_with_load_price_mlp_b.csv
price,MIMO,mlp,permutation,116,load_lag1,0.0,0.0,mlp_hourly_price_mimo_h24_with_load_price_mlp_b.csv
price,MIMO,mlp,permutation,117,y_lag24,0.0,0.0,mlp_hourly_price_mimo_h24_with_load_price_mlp_b.csv
price,MIMO,mlp,permutation,118,y_lag3,0.0,0.0,mlp_hourly_price_mimo_h24_with_load_price_mlp_b.csv
price,MIMO,mlp,permutation,119,y_lag6,0.0,0.0,mlp_hourly_price_mimo_h24_with_load_price_mlp_b.csv
price,MIMO,mlp,permutation,120,y_lag12,0.0,0.0,mlp_hourly_price_mimo_h24_with_load_price_mlp_b.csv
price,MIMO,mlp,permutation,121,y_lag1,0.0,0.0,mlp_hourly_price_mimo_h24_with_load_price_mlp_b.csv
price,MIMO,mlp,permutation,122,dow_cos,0.0,0.0,mlp_hourly_price_mimo_h24_with_load_price_mlp_b.csv
price,MIMO,mlp,permutation,123,dow_sin,0.0,0.0,mlp_hourly_price_mimo_h24_with_load_price_mlp_b.csv
price,MIMO,mlp,permutation,124,y_lag2,0.0,0.0,mlp_hourly_price_mimo_h24_with_load_price_mlp_b.csv
price,MIMO,mlp,permutation,125,w_heraklion_shortwave_radiation_missing,0.0,0.0,mlp_hourly_price_mimo_h24_with_load_price_mlp_b.csv
price,MIMO,mlp,permutation,126,hour,0.0,0.0,mlp_hourly_price_mimo_h24_with_load_price_mlp_b.csv
price,MIMO,mlp,permutation,127,dow,0.0,0.0,mlp_hourly_price_mimo_h24_with_load_price_mlp_b.csv
price,MIMO,mlp,permutation,128,hour_sin,0.0,0.0,mlp_hourly_price_mimo_h24_with_load_price_mlp_b.csv
price,MIMO,mlp,permutation,129,w_larissa_wind_gusts_10m_missing,0.0,0.0,mlp_hourly_price_mimo_h24_with_load_price_mlp_b.csv
price,MIMO,mlp,permutation,130,gas_lag12,0.0,0.0,mlp_hourly_price_mimo_h24_with_load_price_mlp_b.csv
price,MIMO,mlp,permutation,131,gas_lag2,0.0,0.0,mlp_hourly_price_mimo_h24_with_load_price_mlp_b.csv
price,MIMO,mlp,permutation,132,gas_lag1,0.0,0.0,mlp_hourly_price_mimo_h24_with_load_price_mlp_b.csv
price,MIMO,mlp,permutation,133,residual_load_lag48,0.0,0.0,mlp_hourly_price_mimo_h24_with_load_price_mlp_b.csv
price,MIMO,mlp,permutation,134,gas_lag3,0.0,0.0,mlp_hourly_price_mimo_h24_with_load_price_mlp_b.csv
price,MIMO,mlp,permutation,135,residual_load_lag6,0.0,0.0,mlp_hourly_price_mimo_h24_with_load_price_mlp_b.csv
price,MIMO,mlp,permutation,136,residual_load_lag12,0.0,0.0,mlp_hourly_price_mimo_h24_with_load_price_mlp_b.csv
price,MIMO,mlp,permutation,137,load_lag24,0.0,0.0,mlp_hourly_price_mimo_h24_with_load_price_mlp_b.csv
price,MIMO,mlp,permutation,138,gas_lag24,0.0,0.0,mlp_hourly_price_mimo_h24_with_load_price_mlp_b.csv
price,MIMO,mlp,permutation,139,co2_lag6,0.0,0.0,mlp_hourly_price_mimo_h24_with_load_price_mlp_b.csv
price,MIMO,mlp,permutation,140,co2_lag48,0.0,0.0,mlp_hourly_price_mimo_h24_with_load_price_mlp_b.csv
price,MIMO,mlp,permutation,141,gen_solar_lag1,0.0,0.0,mlp_hourly_price_mimo_h24_with_load_price_mlp_b.csv
price,MIMO,mlp,permutation,142,residual_load_lag3,0.0,0.0,mlp_hourly_price_mimo_h24_with_load_price_mlp_b.csv
price,MIMO,mlp,permutation,143,load_lag48,0.0,0.0,mlp_hourly_price_mimo_h24_with_load_price_mlp_b.csv
price,MIMO,mlp,permutation,144,residual_load_lag1,0.0,0.0,mlp_hourly_price_mimo_h24_with_load_price_mlp_b.csv
price,MIMO,mlp,permutation,145,gen_solar_lag48,0.0,0.0,mlp_hourly_price_mimo_h24_with_load_price_mlp_b.csv
price,MIMO,mlp,permutation,146,gen_solar_lag24,0.0,0.0,mlp_hourly_price_mimo_h24_with_load_price_mlp_b.csv
price,MIMO,mlp,permutation,147,co2_lag168,0.0,0.0,mlp_hourly_price_mimo_h24_with_load_price_mlp_b.csv
price,MIMO,mlp,permutation,148,gen_wind_lag1,0.0,0.0,mlp_hourly_price_mimo_h24_with_load_price_mlp_b.csv
price,MIMO,mlp,permutation,149,gen_wind_lag168,0.0,0.0,mlp_hourly_price_mimo_h24_with_load_price_mlp_b.csv
price,MIMO,mlp,permutation,150,y_roll24,0.0,0.0,mlp_hourly_price_mimo_h24_with_load_price_mlp_b.csv
price,MIMO,mlp,permutation,151,y_roll168,0.0,0.0,mlp_hourly_price_mimo_h24_with_load_price_mlp_b.csv
price,MIMO,mlp,permutation,152,load_fc,0.0,0.0,mlp_hourly_price_mimo_h24_with_load_price_mlp_b.csv
price,MIMO,mlp,permutation,153,load_pred_h01,0.0,0.0,mlp_hourly_price_mimo_h24_with_load_price_mlp_b.csv
price,MIMO,mlp,permutation,154,load_pred_h02,0.0,0.0,mlp_hourly_price_mimo_h24_with_load_price_mlp_b.csv
price,MIMO,mlp,permutation,155,load_pred_h03,0.0,0.0,mlp_hourly_price_mimo_h24_with_load_price_mlp_b.csv
price,MIMO,mlp,permutation,156,load_pred_h04,0.0,0.0,mlp_hourly_price_mimo_h24_with_load_price_mlp_b.csv
price,MIMO,mlp,permutation,157,load_pred_h05,0.0,0.0,mlp_hourly_price_mimo_h24_with_load_price_mlp_b.csv
price,MIMO,mlp,permutation,158,load_pred_h06,0.0,0.0,mlp_hourly_price_mimo_h24_with_load_price_mlp_b.csv
price,MIMO,mlp,permutation,159,load_pred_h07,0.0,0.0,mlp_hourly_price_mimo_h24_with_load_price_mlp_b.csv
price,MIMO,mlp,permutation,160,load_pred_h08,0.0,0.0,mlp_hourly_price_mimo_h24_with_load_price_mlp_b.csv
price,MIMO,mlp,permutation,161,load_pred_h09,0.0,0.0,mlp_hourly_price_mimo_h24_with_load_price_mlp_b.csv
price,MIMO,mlp,permutation,162,load_pred_h10,0.0,0.0,mlp_hourly_price_mimo_h24_with_load_price_mlp_b.csv
price,MIMO,mlp,permutation,163,load_pred_h11,0.0,0.0,mlp_hourly_price_mimo_h24_with_load_price_mlp_b.csv
price,MIMO,mlp,permutation,164,load_pred_h12,0.0,0.0,mlp_hourly_price_mimo_h24_with_load_price_mlp_b.csv
price,MIMO,mlp,permutation,165,load_pred_h13,0.0,0.0,mlp_hourly_price_mimo_h24_with_load_price_mlp_b.csv
price,MIMO,mlp,permutation,166,load_pred_h14,0.0,0.0,mlp_hourly_price_mimo_h24_with_load_price_mlp_b.csv
price,MIMO,mlp,permutation,167,load_pred_h15,0.0,0.0,mlp_hourly_price_mimo_h24_with_load_price_mlp_b.csv
price,MIMO,mlp,permutation,168,load_pred_h16,0.0,0.0,mlp_hourly_price_mimo_h24_with_load_price_mlp_b.csv
price,MIMO,mlp,permutation,169,load_pred_h17,0.0,0.0,mlp_hourly_price_mimo_h24_with_load_price_mlp_b.csv
price,MIMO,mlp,permutation,170,load_pred_h18,0.0,0.0,mlp_hourly_price_mimo_h24_with_load_price_mlp_b.csv
price,MIMO,mlp,permutation,171,load_pred_h19,0.0,0.0,mlp_hourly_price_mimo_h24_with_load_price_mlp_b.csv
price,MIMO,mlp,permutation,172,load_pred_h20,0.0,0.0,mlp_hourly_price_mimo_h24_with_load_price_mlp_b.csv
price,MIMO,mlp,permutation,173,load_pred_h21,0.0,0.0,mlp_hourly_price_mimo_h24_with_load_price_mlp_b.csv
price,MIMO,mlp,permutation,174,load_pred_h22,0.0,0.0,mlp_hourly_price_mimo_h24_with_load_price_mlp_b.csv
price,MIMO,mlp,permutation,175,load_pred_h23,0.0,0.0,mlp_hourly_price_mimo_h24_with_load_price_mlp_b.csv
price,MIMO,mlp,permutation,176,load_pred_h24,0.0,0.0,mlp_hourly_price_mimo_h24_with_load_price_mlp_b.csv
price,MIMO,rf,MDI (impurity),1,y_roll24,0.515752,51.575,rf_hourly_price_mimo_h24_with_load_price_rf_b.csv
price,MIMO,rf,MDI (impurity),2,y_roll168,0.165525,16.552,rf_hourly_price_mimo_h24_with_load_price_rf_b.csv
price,MIMO,rf,MDI (impurity),3,gas_lag168,0.045985,4.598,rf_hourly_price_mimo_h24_with_load_price_rf_b.csv
price,MIMO,rf,MDI (impurity),4,gas_price,0.025764,2.576,rf_hourly_price_mimo_h24_with_load_price_rf_b.csv
price,MIMO,rf,MDI (impurity),5,hour_sin,0.017338,1.734,rf_hourly_price_mimo_h24_with_load_price_rf_b.csv
price,MIMO,rf,MDI (impurity),6,gas_lag48,0.015699,1.57,rf_hourly_price_mimo_h24_with_load_price_rf_b.csv
price,MIMO,rf,MDI (impurity),7,hour,0.015547,1.555,rf_hourly_price_mimo_h24_with_load_price_rf_b.csv
price,MIMO,rf,MDI (impurity),8,gas_lag6,0.014495,1.449,rf_hourly_price_mimo_h24_with_load_price_rf_b.csv
price,MIMO,rf,MDI (impurity),9,gas_lag1,0.012874,1.287,rf_hourly_price_mimo_h24_with_load_price_rf_b.csv
price,MIMO,rf,MDI (impurity),10,hour_cos,0.01118,1.118,rf_hourly_price_mimo_h24_with_load_price_rf_b.csv
price,MIMO,rf,MDI (impurity),11,gas_lag3,0.010688,1.069,rf_hourly_price_mimo_h24_with_load_price_rf_b.csv
price,MIMO,rf,MDI (impurity),12,y_lag1,0.010079,1.008,rf_hourly_price_mimo_h24_with_load_price_rf_b.csv
price,MIMO,rf,MDI (impurity),13,gas_lag2,0.00871,0.871,rf_hourly_price_mimo_h24_with_load_price_rf_b.csv
price,MIMO,rf,MDI (impurity),14,gas_lag12,0.007648,0.765,rf_hourly_price_mimo_h24_with_load_price_rf_b.csv
price,MIMO,rf,MDI (impurity),15,solar_fc_dayahead,0.007424,0.742,rf_hourly_price_mimo_h24_with_load_price_rf_b.csv
price,MIMO,rf,MDI (impurity),16,gen_solar_lag2,0.006676,0.668,rf_hourly_price_mimo_h24_with_load_price_rf_b.csv
price,MIMO,rf,MDI (impurity),17,y_lag6,0.005427,0.543,rf_hourly_price_mimo_h24_with_load_price_rf_b.csv
price,MIMO,rf,MDI (impurity),18,y_lag12,0.004522,0.452,rf_hourly_price_mimo_h24_with_load_price_rf_b.csv
price,MIMO,rf,MDI (impurity),19,gen_solar_lag1,0.003392,0.339,rf_hourly_price_mimo_h24_with_load_price_rf_b.csv
price,MIMO,rf,MDI (impurity),20,y_lag2,0.003077,0.308,rf_hourly_price_mimo_h24_with_load_price_rf_b.csv
price,MIMO,rf,MDI (impurity),21,y_lag3,0.003029,0.303,rf_hourly_price_mimo_h24_with_load_price_rf_b.csv
price,MIMO,rf,MDI (impurity),22,dow,0.002721,0.272,rf_hourly_price_mimo_h24_with_load_price_rf_b.csv
price,MIMO,rf,MDI (impurity),23,w_patras_temperature_2m,0.002654,0.265,rf_hourly_price_mimo_h24_with_load_price_rf_b.csv
price,MIMO,rf,MDI (impurity),24,dow_sin,0.002458,0.246,rf_hourly_price_mimo_h24_with_load_price_rf_b.csv
price,MIMO,rf,MDI (impurity),25,gen_fc_dayahead,0.002373,0.237,rf_hourly_price_mimo_h24_with_load_price_rf_b.csv
price,MIMO,rf,MDI (impurity),26,w_gr_mean_shortwave_radiation,0.002241,0.224,rf_hourly_price_mimo_h24_with_load_price_rf_b.csv
price,MIMO,rf,MDI (impurity),27,gas_lag24,0.001872,0.187,rf_hourly_price_mimo_h24_with_load_price_rf_b.csv
price,MIMO,rf,MDI (impurity),28,w_patras_shortwave_radiation,0.001833,0.183,rf_hourly_price_mimo_h24_with_load_price_rf_b.csv
price,MIMO,rf,MDI (impurity),29,gen_solar_lag24,0.001684,0.168,rf_hourly_price_mimo_h24_with_load_price_rf_b.csv
price,MIMO,rf,MDI (impurity),30,co2_lag48,0.001481,0.148,rf_hourly_price_mimo_h24_with_load_price_rf_b.csv
price,MIMO,rf,MDI (impurity),31,dow_cos,0.001376,0.138,rf_hourly_price_mimo_h24_with_load_price_rf_b.csv
price,MIMO,rf,MDI (impurity),32,wind_onshore_fc_dayahead,0.00136,0.136,rf_hourly_price_mimo_h24_with_load_price_rf_b.csv
price,MIMO,rf,MDI (impurity),33,load_pred_h09,0.001326,0.133,rf_hourly_price_mimo_h24_with_load_price_rf_b.csv
price,MIMO,rf,MDI (impurity),34,co2_lag168,0.001311,0.131,rf_hourly_price_mimo_h24_with_load_price_rf_b.csv
price,MIMO,rf,MDI (impurity),35,gen_wind_lag48,0.001199,0.12,rf_hourly_price_mimo_h24_with_load_price_rf_b.csv
price,MIMO,rf,MDI (impurity),36,load_pred_h10,0.001162,0.116,rf_hourly_price_mimo_h24_with_load_price_rf_b.csv
price,MIMO,rf,MDI (impurity),37,gen_solar_lag168,0.001161,0.116,rf_hourly_price_mimo_h24_with_load_price_rf_b.csv
price,MIMO,rf,MDI (impurity),38,load_pred_h11,0.001156,0.116,rf_hourly_price_mimo_h24_with_load_price_rf_b.csv
price,MIMO,rf,MDI (impurity),39,gen_solar_lag48,0.001136,0.114,rf_hourly_price_mimo_h24_with_load_price_rf_b.csv
price,MIMO,rf,MDI (impurity),40,load_pred_h08,0.001132,0.113,rf_hourly_price_mimo_h24_with_load_price_rf_b.csv
price,MIMO,rf,MDI (impurity),41,y_lag24,0.001126,0.113,rf_hourly_price_mimo_h24_with_load_price_rf_b.csv
price,MIMO,rf,MDI (impurity),42,co2_lag24,0.001108,0.111,rf_hourly_price_mimo_h24_with_load_price_rf_b.csv
price,MIMO,rf,MDI (impurity),43,load_pred_h06,0.001082,0.108,rf_hourly_price_mimo_h24_with_load_price_rf_b.csv
price,MIMO,rf,MDI (impurity),44,load_pred_h05,0.001078,0.108,rf_hourly_price_mimo_h24_with_load_price_rf_b.csv
price,MIMO,rf,MDI (impurity),45,load_lag168,0.001064,0.106,rf_hourly_price_mimo_h24_with_load_price_rf_b.csv
price,MIMO,rf,MDI (impurity),46,load_pred_h19,0.001044,0.104,rf_hourly_price_mimo_h24_with_load_price_rf_b.csv
price,MIMO,rf,MDI (impurity),47,load_pred_h04,0.001033,0.103,rf_hourly_price_mimo_h24_with_load_price_rf_b.csv
price,MIMO,rf,MDI (impurity),48,load_pred_h17,0.001002,0.1,rf_hourly_price_mimo_h24_with_load_price_rf_b.csv
price,MIMO,rf,MDI (impurity),49,load_pred_h18,0.000995,0.099,rf_hourly_price_mimo_h24_with_load_price_rf_b.csv
price,MIMO,rf,MDI (impurity),50,load_pred_h20,0.000966,0.097,rf_hourly_price_mimo_h24_with_load_price_rf_b.csv
price,MIMO,rf,MDI (impurity),51,load_pred_h07,0.00096,0.096,rf_hourly_price_mimo_h24_with_load_price_rf_b.csv
price,MIMO,rf,MDI (impurity),52,residual_load_lag12,0.00095,0.095,rf_hourly_price_mimo_h24_with_load_price_rf_b.csv
price,MIMO,rf,MDI (impurity),53,load_pred_h21,0.00095,0.095,rf_hourly_price_mimo_h24_with_load_price_rf_b.csv
price,MIMO,rf,MDI (impurity),54,load_pred_h12,0.000914,0.091,rf_hourly_price_mimo_h24_with_load_price_rf_b.csv
price,MIMO,rf,MDI (impurity),55,w_heraklion_shortwave_radiation,0.000907,0.091,rf_hourly_price_mimo_h24_with_load_price_rf_b.csv
price,MIMO,rf,MDI (impurity),56,load_pred_h16,0.000899,0.09,rf_hourly_price_mimo_h24_with_load_price_rf_b.csv
price,MIMO,rf,MDI (impurity),57,load_pred_h03,0.000899,0.09,rf_hourly_price_mimo_h24_with_load_price_rf_b.csv
price,MIMO,rf,MDI (impurity),58,residual_load_lag48,0.000891,0.089,rf_hourly_price_mimo_h24_with_load_price_rf_b.csv
price,MIMO,rf,MDI (impurity),59,load_pred_h15,0.000882,0.088,rf_hourly_price_mimo_h24_with_load_price_rf_b.csv
price,MIMO,rf,MDI (impurity),60,load_pred_h22,0.000865,0.086,rf_hourly_price_mimo_h24_with_load_price_rf_b.csv
price,MIMO,rf,MDI (impurity),61,gen_wind_lag168,0.000855,0.085,rf_hourly_price_mimo_h24_with_load_price_rf_b.csv
price,MIMO,rf,MDI (impurity),62,load_pred_h13,0.000845,0.084,rf_hourly_price_mimo_h24_with_load_price_rf_b.csv
price,MIMO,rf,MDI (impurity),63,load_pred_h14,0.000839,0.084,rf_hourly_price_mimo_h24_with_load_price_rf_b.csv
price,MIMO,rf,MDI (impurity),64,gen_wind_lag24,0.000837,0.084,rf_hourly_price_mimo_h24_with_load_price_rf_b.csv
price,MIMO,rf,MDI (impurity),65,residual_load_lag24,0.000825,0.083,rf_hourly_price_mimo_h24_with_load_price_rf_b.csv
price,MIMO,rf,MDI (impurity),66,load_pred_h24,0.000815,0.081,rf_hourly_price_mimo_h24_with_load_price_rf_b.csv
price,MIMO,rf,MDI (impurity),67,load_pred_h23,0.000807,0.081,rf_hourly_price_mimo_h24_with_load_price_rf_b.csv
price,MIMO,rf,MDI (impurity),68,residual_load_lag168,0.000793,0.079,rf_hourly_price_mimo_h24_with_load_price_rf_b.csv
price,MIMO,rf,MDI (impurity),69,gen_wind_lag1,0.000761,0.076,rf_hourly_price_mimo_h24_with_load_price_rf_b.csv
price,MIMO,rf,MDI (impurity),70,load_lag6,0.000759,0.076,rf_hourly_price_mimo_h24_with_load_price_rf_b.csv
price,MIMO,rf,MDI (impurity),71,y_lag48,0.000751,0.075,rf_hourly_price_mimo_h24_with_load_price_rf_b.csv
price,MIMO,rf,MDI (impurity),72,w_larissa_shortwave_radiation,0.00074,0.074,rf_hourly_price_mimo_h24_with_load_price_rf_b.csv
price,MIMO,rf,MDI (impurity),73,w_gr_mean_cloud_cover,0.000735,0.073,rf_hourly_price_mimo_h24_with_load_price_rf_b.csv
price,MIMO,rf,MDI (impurity),74,load_pred_h02,0.000728,0.073,rf_hourly_price_mimo_h24_with_load_price_rf_b.csv
price,MIMO,rf,MDI (impurity),75,y_lag168,0.000724,0.072,rf_hourly_price_mimo_h24_with_load_price_rf_b.csv
price,MIMO,rf,MDI (impurity),76,load_lag48,0.000716,0.072,rf_hourly_price_mimo_h24_with_load_price_rf_b.csv
price,MIMO,rf,MDI (impurity),77,w_thessaloniki_shortwave_radiation,0.000711,0.071,rf_hourly_price_mimo_h24_with_load_price_rf_b.csv
price,MIMO,rf,MDI (impurity),78,load_lag12,0.000688,0.069,rf_hourly_price_mimo_h24_with_load_price_rf_b.csv
price,MIMO,rf,MDI (impurity),79,w_heraklion_wind_speed_10m,0.000688,0.069,rf_hourly_price_mimo_h24_with_load_price_rf_b.csv
price,MIMO,rf,MDI (impurity),80,residual_load_lag6,0.000679,0.068,rf_hourly_price_mimo_h24_with_load_price_rf_b.csv
price,MIMO,rf,MDI (impurity),81,w_gr_mean_temperature_2m,0.000663,0.066,rf_hourly_price_mimo_h24_with_load_price_rf_b.csv
price,MIMO,rf,MDI (impurity),82,w_thessaloniki_relative_humidity_2m,0.000649,0.065,rf_hourly_price_mimo_h24_with_load_price_rf_b.csv
price,MIMO,rf,MDI (impurity),83,w_athens_relative_humidity_2m,0.000648,0.065,rf_hourly_price_mimo_h24_with_load_price_rf_b.csv
price,MIMO,rf,MDI (impurity),84,w_thessaloniki_temperature_2m,0.000647,0.065,rf_hourly_price_mimo_h24_with_load_price_rf_b.csv
price,MIMO,rf,MDI (impurity),85,residual_load_lag1,0.000631,0.063,rf_hourly_price_mimo_h24_with_load_price_rf_b.csv
price,MIMO,rf,MDI (impurity),86,load_lag3,0.000625,0.062,rf_hourly_price_mimo_h24_with_load_price_rf_b.csv
price,MIMO,rf,MDI (impurity),87,w_larissa_temperature_2m,0.00061,0.061,rf_hourly_price_mimo_h24_with_load_price_rf_b.csv
price,MIMO,rf,MDI (impurity),88,w_heraklion_temperature_2m,0.000607,0.061,rf_hourly_price_mimo_h24_with_load_price_rf_b.csv
price,MIMO,rf,MDI (impurity),89,gen_wind_lag2,0.000605,0.06,rf_hourly_price_mimo_h24_with_load_price_rf_b.csv
price,MIMO,rf,MDI (impurity),90,w_athens_temperature_2m,0.000595,0.06,rf_hourly_price_mimo_h24_with_load_price_rf_b.csv
price,MIMO,rf,MDI (impurity),91,w_heraklion_wind_gusts_10m,0.00059,0.059,rf_hourly_price_mimo_h24_with_load_price_rf_b.csv
price,MIMO,rf,MDI (impurity),92,load_pred_h01,0.000583,0.058,rf_hourly_price_mimo_h24_with_load_price_rf_b.csv
price,MIMO,rf,MDI (impurity),93,co2_price,0.00058,0.058,rf_hourly_price_mimo_h24_with_load_price_rf_b.csv
price,MIMO,rf,MDI (impurity),94,w_athens_shortwave_radiation,0.000571,0.057,rf_hourly_price_mimo_h24_with_load_price_rf_b.csv
price,MIMO,rf,MDI (impurity),95,co2_lag12,0.000548,0.055,rf_hourly_price_mimo_h24_with_load_price_rf_b.csv
price,MIMO,rf,MDI (impurity),96,w_gr_mean_relative_humidity_2m,0.00054,0.054,rf_hourly_price_mimo_h24_with_load_price_rf_b.csv
price,MIMO,rf,MDI (impurity),97,w_heraklion_relative_humidity_2m,0.00052,0.052,rf_hourly_price_mimo_h24_with_load_price_rf_b.csv
price,MIMO,rf,MDI (impurity),98,load_lag2,0.000517,0.052,rf_hourly_price_mimo_h24_with_load_price_rf_b.csv
price,MIMO,rf,MDI (impurity),99,w_athens_wind_gusts_10m,0.000512,0.051,rf_hourly_price_mimo_h24_with_load_price_rf_b.csv
price,MIMO,rf,MDI (impurity),100,w_thessaloniki_wind_speed_10m,0.000484,0.048,rf_hourly_price_mimo_h24_with_load_price_rf_b.csv
price,MIMO,rf,MDI (impurity),101,load_lag1,0.000483,0.048,rf_hourly_price_mimo_h24_with_load_price_rf_b.csv
price,MIMO,rf,MDI (impurity),102,w_patras_relative_humidity_2m,0.000477,0.048,rf_hourly_price_mimo_h24_with_load_price_rf_b.csv
price,MIMO,rf,MDI (impurity),103,w_thessaloniki_wind_gusts_10m,0.000468,0.047,rf_hourly_price_mimo_h24_with_load_price_rf_b.csv
price,MIMO,rf,MDI (impurity),104,co2_lag1,0.000466,0.047,rf_hourly_price_mimo_h24_with_load_price_rf_b.csv
price,MIMO,rf,MDI (impurity),105,co2_lag6,0.000458,0.046,rf_hourly_price_mimo_h24_with_load_price_rf_b.csv
price,MIMO,rf,MDI (impurity),106,residual_load_lag3,0.00045,0.045,rf_hourly_price_mimo_h24_with_load_price_rf_b.csv
price,MIMO,rf,MDI (impurity),107,co2_lag2,0.00044,0.044,rf_hourly_price_mimo_h24_with_load_price_rf_b.csv
price,MIMO,rf,MDI (impurity),108,w_gr_mean_wind_gusts_10m,0.000438,0.044,rf_hourly_price_mimo_h24_with_load_price_rf_b.csv
price,MIMO,rf,MDI (impurity),109,w_athens_wind_speed_10m,0.000438,0.044,rf_hourly_price_mimo_h24_with_load_price_rf_b.csv
price,MIMO,rf,MDI (impurity),110,w_patras_cloud_cover,0.000435,0.044,rf_hourly_price_mimo_h24_with_load_price_rf_b.csv
price,MIMO,rf,MDI (impurity),111,residual_load_lag2,0.000431,0.043,rf_hourly_price_mimo_h24_with_load_price_rf_b.csv
price,MIMO,rf,MDI (impurity),112,co2_lag3,0.000428,0.043,rf_hourly_price_mimo_h24_with_load_price_rf_b.csv
price,MIMO,rf,MDI (impurity),113,load_lag24,0.000427,0.043,rf_hourly_price_mimo_h24_with_load_price_rf_b.csv
price,MIMO,rf,MDI (impurity),114,load_fc,0.000425,0.043,rf_hourly_price_mimo_h24_with_load_price_rf_b.csv
price,MIMO,rf,MDI (impurity),115,w_larissa_relative_humidity_2m,0.000414,0.041,rf_hourly_price_mimo_h24_with_load_price_rf_b.csv
price,MIMO,rf,MDI (impurity),116,w_patras_wind_gusts_10m,0.00038,0.038,rf_hourly_price_mimo_h24_with_load_price_rf_b.csv
price,MIMO,rf,MDI (impurity),117,w_larissa_cloud_cover,0.000367,0.037,rf_hourly_price_mimo_h24_with_load_price_rf_b.csv
price,MIMO,rf,MDI (impurity),118,w_thessaloniki_cloud_cover,0.000362,0.036,rf_hourly_price_mimo_h24_with_load_price_rf_b.csv
price,MIMO,rf,MDI (impurity),119,w_gr_mean_wind_speed_10m,0.000358,0.036,rf_hourly_price_mimo_h24_with_load_price_rf_b.csv
price,MIMO,rf,MDI (impurity),120,w_patras_wind_speed_10m,0.000356,0.036,rf_hourly_price_mimo_h24_with_load_price_rf_b.csv
price,MIMO,rf,MDI (impurity),121,w_larissa_wind_gusts_10m,0.000351,0.035,rf_hourly_price_mimo_h24_with_load_price_rf_b.csv
price,MIMO,rf,MDI (impurity),122,w_heraklion_cloud_cover,0.000303,0.03,rf_hourly_price_mimo_h24_with_load_price_rf_b.csv
price,MIMO,rf,MDI (impurity),123,w_larissa_wind_speed_10m,0.000292,0.029,rf_hourly_price_mimo_h24_with_load_price_rf_b.csv
price,MIMO,rf,MDI (impurity),124,w_athens_cloud_cover,0.000274,0.027,rf_hourly_price_mimo_h24_with_load_price_rf_b.csv
price,MIMO,rf,MDI (impurity),125,w_gr_mean_precipitation,0.000101,0.01,rf_hourly_price_mimo_h24_with_load_price_rf_b.csv
price,MIMO,rf,MDI (impurity),126,solar_fc_dayahead_missing,7.3e-05,0.007,rf_hourly_price_mimo_h24_with_load_price_rf_b.csv
price,MIMO,rf,MDI (impurity),127,w_heraklion_shortwave_radiation_missing,7.2e-05,0.007,rf_hourly_price_mimo_h24_with_load_price_rf_b.csv
price,MIMO,rf,MDI (impurity),128,w_heraklion_temperature_2m_missing,7.2e-05,0.007,rf_hourly_price_mimo_h24_with_load_price_rf_b.csv
price,MIMO,rf,MDI (impurity),129,w_heraklion_relative_humidity_2m_missing,6.7e-05,0.007,rf_hourly_price_mimo_h24_with_load_price_rf_b.csv
price,MIMO,rf,MDI (impurity),130,w_heraklion_wind_speed_10m_missing,6.4e-05,0.006,rf_hourly_price_mimo_h24_with_load_price_rf_b.csv
price,MIMO,rf,MDI (impurity),131,w_heraklion_wind_gusts_10m_missing,6.3e-05,0.006,rf_hourly_price_mimo_h24_with_load_price_rf_b.csv
price,MIMO,rf,MDI (impurity),132,w_heraklion_cloud_cover_missing,6.2e-05,0.006,rf_hourly_price_mimo_h24_with_load_price_rf_b.csv
price,MIMO,rf,MDI (impurity),133,w_patras_precipitation,5.3e-05,0.005,rf_hourly_price_mimo_h24_with_load_price_rf_b.csv
price,MIMO,rf,MDI (impurity),134,w_heraklion_precipitation_missing,4.6e-05,0.005,rf_hourly_price_mimo_h24_with_load_price_rf_b.csv
price,MIMO,rf,MDI (impurity),135,w_thessaloniki_precipitation,3.7e-05,0.004,rf_hourly_price_mimo_h24_with_load_price_rf_b.csv
price,MIMO,rf,MDI (impurity),136,w_athens_wind_gusts_10m_missing,3.2e-05,0.003,rf_hourly_price_mimo_h24_with_load_price_rf_b.csv
price,MIMO,rf,MDI (impurity),137,w_athens_relative_humidity_2m_missing,3e-05,0.003,rf_hourly_price_mimo_h24_with_load_price_rf_b.csv
price,MIMO,rf,MDI (impurity),138,w_thessaloniki_cloud_cover_missing,3e-05,0.003,rf_hourly_price_mimo_h24_with_load_price_rf_b.csv
price,MIMO,rf,MDI (impurity),139,w_thessaloniki_wind_speed_10m_missing,2.8e-05,0.003,rf_hourly_price_mimo_h24_with_load_price_rf_b.csv
price,MIMO,rf,MDI (impurity),140,w_athens_cloud_cover_missing,2.7e-05,0.003,rf_hourly_price_mimo_h24_with_load_price_rf_b.csv
price,MIMO,rf,MDI (impurity),141,w_thessaloniki_precipitation_missing,2.7e-05,0.003,rf_hourly_price_mimo_h24_with_load_price_rf_b.csv
price,MIMO,rf,MDI (impurity),142,w_athens_wind_speed_10m_missing,2.6e-05,0.003,rf_hourly_price_mimo_h24_with_load_price_rf_b.csv
price,MIMO,rf,MDI (impurity),143,w_athens_temperature_2m_missing,2.6e-05,0.003,rf_hourly_price_mimo_h24_with_load_price_rf_b.csv
price,MIMO,rf,MDI (impurity),144,w_thessaloniki_shortwave_radiation_missing,2.6e-05,0.003,rf_hourly_price_mimo_h24_with_load_price_rf_b.csv
price,MIMO,rf,MDI (impurity),145,w_thessaloniki_relative_humidity_2m_missing,2.5e-05,0.003,rf_hourly_price_mimo_h24_with_load_price_rf_b.csv
price,MIMO,rf,MDI (impurity),146,w_heraklion_precipitation,2.5e-05,0.002,rf_hourly_price_mimo_h24_with_load_price_rf_b.csv
price,MIMO,rf,MDI (impurity),147,w_thessaloniki_temperature_2m_missing,2.3e-05,0.002,rf_hourly_price_mimo_h24_with_load_price_rf_b.csv
price,MIMO,rf,MDI (impurity),148,w_athens_precipitation_missing,2.3e-05,0.002,rf_hourly_price_mimo_h24_with_load_price_rf_b.csv
price,MIMO,rf,MDI (impurity),149,w_thessaloniki_wind_gusts_10m_missing,2.3e-05,0.002,rf_hourly_price_mimo_h24_with_load_price_rf_b.csv
price,MIMO,rf,MDI (impurity),150,w_athens_shortwave_radiation_missing,2.1e-05,0.002,rf_hourly_price_mimo_h24_with_load_price_rf_b.csv
price,MIMO,rf,MDI (impurity),151,w_athens_precipitation,1.8e-05,0.002,rf_hourly_price_mimo_h24_with_load_price_rf_b.csv
price,MIMO,rf,MDI (impurity),152,w_larissa_precipitation,1.6e-05,0.002,rf_hourly_price_mimo_h24_with_load_price_rf_b.csv
price,MIMO,rf,MDI (impurity),153,is_holiday,6e-06,0.001,rf_hourly_price_mimo_h24_with_load_price_rf_b.csv
price,MIMO,rf,MDI (impurity),154,w_patras_relative_humidity_2m_missing,5e-06,0.001,rf_hourly_price_mimo_h24_with_load_price_rf_b.csv
price,MIMO,rf,MDI (impurity),155,w_patras_precipitation_missing,5e-06,0.001,rf_hourly_price_mimo_h24_with_load_price_rf_b.csv
price,MIMO,rf,MDI (impurity),156,w_patras_wind_speed_10m_missing,5e-06,0.001,rf_hourly_price_mimo_h24_with_load_price_rf_b.csv
price,MIMO,rf,MDI (impurity),157,w_patras_temperature_2m_missing,5e-06,0.0,rf_hourly_price_mimo_h24_with_load_price_rf_b.csv
price,MIMO,rf,MDI (impurity),158,w_patras_wind_gusts_10m_missing,4e-06,0.0,rf_hourly_price_mimo_h24_with_load_price_rf_b.csv
price,MIMO,rf,MDI (impurity),159,w_patras_cloud_cover_missing,4e-06,0.0,rf_hourly_price_mimo_h24_with_load_price_rf_b.csv
price,MIMO,rf,MDI (impurity),160,w_patras_shortwave_radiation_missing,4e-06,0.0,rf_hourly_price_mimo_h24_with_load_price_rf_b.csv
price,MIMO,rf,MDI (impurity),161,wind_onshore_fc_dayahead_missing,3e-06,0.0,rf_hourly_price_mimo_h24_with_load_price_rf_b.csv
price,MIMO,rf,MDI (impurity),162,gen_fc_dayahead_missing,1e-06,0.0,rf_hourly_price_mimo_h24_with_load_price_rf_b.csv
price,MIMO,rf,MDI (impurity),163,w_larissa_precipitation_missing,0.0,0.0,rf_hourly_price_mimo_h24_with_load_price_rf_b.csv
price,MIMO,rf,MDI (impurity),164,w_larissa_cloud_cover_missing,0.0,0.0,rf_hourly_price_mimo_h24_with_load_price_rf_b.csv
price,MIMO,rf,MDI (impurity),165,w_larissa_wind_gusts_10m_missing,0.0,0.0,rf_hourly_price_mimo_h24_with_load_price_rf_b.csv
price,MIMO,rf,MDI (impurity),166,w_gr_mean_wind_gusts_10m_missing,0.0,0.0,rf_hourly_price_mimo_h24_with_load_price_rf_b.csv
price,MIMO,rf,MDI (impurity),167,w_larissa_wind_speed_10m_missing,0.0,0.0,rf_hourly_price_mimo_h24_with_load_price_rf_b.csv
price,MIMO,rf,MDI (impurity),168,w_larissa_shortwave_radiation_missing,0.0,0.0,rf_hourly_price_mimo_h24_with_load_price_rf_b.csv
price,MIMO,rf,MDI (impurity),169,w_gr_mean_shortwave_radiation_missing,0.0,0.0,rf_hourly_price_mimo_h24_with_load_price_rf_b.csv
price,MIMO,rf,MDI (impurity),170,w_gr_mean_cloud_cover_missing,0.0,0.0,rf_hourly_price_mimo_h24_with_load_price_rf_b.csv
price,MIMO,rf,MDI (impurity),171,w_gr_mean_temperature_2m_missing,0.0,0.0,rf_hourly_price_mimo_h24_with_load_price_rf_b.csv
price,MIMO,rf,MDI (impurity),172,w_gr_mean_relative_humidity_2m_missing,0.0,0.0,rf_hourly_price_mimo_h24_with_load_price_rf_b.csv
price,MIMO,rf,MDI (impurity),173,w_gr_mean_precipitation_missing,0.0,0.0,rf_hourly_price_mimo_h24_with_load_price_rf_b.csv
price,MIMO,rf,MDI (impurity),174,w_larissa_relative_humidity_2m_missing,0.0,0.0,rf_hourly_price_mimo_h24_with_load_price_rf_b.csv
price,MIMO,rf,MDI (impurity),175,w_larissa_temperature_2m_missing,0.0,0.0,rf_hourly_price_mimo_h24_with_load_price_rf_b.csv
price,MIMO,rf,MDI (impurity),176,w_gr_mean_wind_speed_10m_missing,0.0,0.0,rf_hourly_price_mimo_h24_with_load_price_rf_b.csv
price,MIMO,svr,permutation,1,y_lag1,0.04785,4.785,svr_hourly_price_mimo_h24_with_load_price_svr_b.csv
price,MIMO,svr,permutation,2,solar_fc_dayahead,0.042799,4.28,svr_hourly_price_mimo_h24_with_load_price_svr_b.csv
price,MIMO,svr,permutation,3,w_larissa_shortwave_radiation,0.037115,3.712,svr_hourly_price_mimo_h24_with_load_price_svr_b.csv
price,MIMO,svr,permutation,4,w_gr_mean_shortwave_radiation,0.033062,3.306,svr_hourly_price_mimo_h24_with_load_price_svr_b.csv
price,MIMO,svr,permutation,5,y_roll24,0.029876,2.988,svr_hourly_price_mimo_h24_with_load_price_svr_b.csv
price,MIMO,svr,permutation,6,w_patras_shortwave_radiation,0.028987,2.899,svr_hourly_price_mimo_h24_with_load_price_svr_b.csv
price,MIMO,svr,permutation,7,gen_solar_lag168,0.028932,2.893,svr_hourly_price_mimo_h24_with_load_price_svr_b.csv
price,MIMO,svr,permutation,8,gas_lag48,0.02448,2.448,svr_hourly_price_mimo_h24_with_load_price_svr_b.csv
price,MIMO,svr,permutation,9,y_lag24,0.023597,2.36,svr_hourly_price_mimo_h24_with_load_price_svr_b.csv
price,MIMO,svr,permutation,10,residual_load_lag48,0.023593,2.359,svr_hourly_price_mimo_h24_with_load_price_svr_b.csv
price,MIMO,svr,permutation,11,solar_fc_dayahead_missing,0.023082,2.308,svr_hourly_price_mimo_h24_with_load_price_svr_b.csv
price,MIMO,svr,permutation,12,residual_load_lag24,0.021134,2.113,svr_hourly_price_mimo_h24_with_load_price_svr_b.csv
price,MIMO,svr,permutation,13,gen_solar_lag48,0.020742,2.074,svr_hourly_price_mimo_h24_with_load_price_svr_b.csv
price,MIMO,svr,permutation,14,w_gr_mean_wind_gusts_10m,0.020495,2.049,svr_hourly_price_mimo_h24_with_load_price_svr_b.csv
price,MIMO,svr,permutation,15,residual_load_lag1,0.019951,1.995,svr_hourly_price_mimo_h24_with_load_price_svr_b.csv
price,MIMO,svr,permutation,16,gas_lag168,0.019219,1.922,svr_hourly_price_mimo_h24_with_load_price_svr_b.csv
price,MIMO,svr,permutation,17,residual_load_lag168,0.019046,1.905,svr_hourly_price_mimo_h24_with_load_price_svr_b.csv
price,MIMO,svr,permutation,18,w_larissa_wind_speed_10m,0.01779,1.779,svr_hourly_price_mimo_h24_with_load_price_svr_b.csv
price,MIMO,svr,permutation,19,gen_solar_lag24,0.017669,1.767,svr_hourly_price_mimo_h24_with_load_price_svr_b.csv
price,MIMO,svr,permutation,20,y_lag48,0.016577,1.658,svr_hourly_price_mimo_h24_with_load_price_svr_b.csv
price,MIMO,svr,permutation,21,gas_lag1,0.015822,1.582,svr_hourly_price_mimo_h24_with_load_price_svr_b.csv
price,MIMO,svr,permutation,22,w_heraklion_shortwave_radiation,0.015689,1.569,svr_hourly_price_mimo_h24_with_load_price_svr_b.csv
price,MIMO,svr,permutation,23,w_heraklion_relative_humidity_2m,0.015241,1.524,svr_hourly_price_mimo_h24_with_load_price_svr_b.csv
price,MIMO,svr,permutation,24,gas_lag24,0.014841,1.484,svr_hourly_price_mimo_h24_with_load_price_svr_b.csv
price,MIMO,svr,permutation,25,w_gr_mean_wind_speed_10m,0.014759,1.476,svr_hourly_price_mimo_h24_with_load_price_svr_b.csv
price,MIMO,svr,permutation,26,hour_sin,0.014035,1.404,svr_hourly_price_mimo_h24_with_load_price_svr_b.csv
price,MIMO,svr,permutation,27,w_heraklion_wind_gusts_10m,0.01317,1.317,svr_hourly_price_mimo_h24_with_load_price_svr_b.csv
price,MIMO,svr,permutation,28,gas_lag2,0.013113,1.311,svr_hourly_price_mimo_h24_with_load_price_svr_b.csv
price,MIMO,svr,permutation,29,w_heraklion_temperature_2m,0.013109,1.311,svr_hourly_price_mimo_h24_with_load_price_svr_b.csv
price,MIMO,svr,permutation,30,gas_lag12,0.012917,1.292,svr_hourly_price_mimo_h24_with_load_price_svr_b.csv
price,MIMO,svr,permutation,31,gen_solar_lag1,0.012234,1.223,svr_hourly_price_mimo_h24_with_load_price_svr_b.csv
price,MIMO,svr,permutation,32,gas_lag3,0.01151,1.151,svr_hourly_price_mimo_h24_with_load_price_svr_b.csv
price,MIMO,svr,permutation,33,w_patras_precipitation,0.011482,1.148,svr_hourly_price_mimo_h24_with_load_price_svr_b.csv
price,MIMO,svr,permutation,34,w_larissa_wind_gusts_10m,0.011244,1.124,svr_hourly_price_mimo_h24_with_load_price_svr_b.csv
price,MIMO,svr,permutation,35,gas_price,0.011189,1.119,svr_hourly_price_mimo_h24_with_load_price_svr_b.csv
price,MIMO,svr,permutation,36,wind_onshore_fc_dayahead,0.010748,1.075,svr_hourly_price_mimo_h24_with_load_price_svr_b.csv
price,MIMO,svr,permutation,37,w_heraklion_wind_speed_10m,0.010245,1.024,svr_hourly_price_mimo_h24_with_load_price_svr_b.csv
price,MIMO,svr,permutation,38,gen_wind_lag168,0.01024,1.024,svr_hourly_price_mimo_h24_with_load_price_svr_b.csv
price,MIMO,svr,permutation,39,gas_lag6,0.009948,0.995,svr_hourly_price_mimo_h24_with_load_price_svr_b.csv
price,MIMO,svr,permutation,40,dow,0.008596,0.86,svr_hourly_price_mimo_h24_with_load_price_svr_b.csv
price,MIMO,svr,permutation,41,y_lag168,0.008553,0.855,svr_hourly_price_mimo_h24_with_load_price_svr_b.csv
price,MIMO,svr,permutation,42,w_larissa_temperature_2m,0.008119,0.812,svr_hourly_price_mimo_h24_with_load_price_svr_b.csv
price,MIMO,svr,permutation,43,w_thessaloniki_shortwave_radiation,0.008001,0.8,svr_hourly_price_mimo_h24_with_load_price_svr_b.csv
price,MIMO,svr,permutation,44,y_roll168,0.007653,0.765,svr_hourly_price_mimo_h24_with_load_price_svr_b.csv
price,MIMO,svr,permutation,45,load_lag6,0.007578,0.758,svr_hourly_price_mimo_h24_with_load_price_svr_b.csv
price,MIMO,svr,permutation,46,w_gr_mean_relative_humidity_2m,0.007343,0.734,svr_hourly_price_mimo_h24_with_load_price_svr_b.csv
price,MIMO,svr,permutation,47,w_athens_shortwave_radiation,0.007148,0.715,svr_hourly_price_mimo_h24_with_load_price_svr_b.csv
price,MIMO,svr,permutation,48,w_patras_wind_gusts_10m,0.00687,0.687,svr_hourly_price_mimo_h24_with_load_price_svr_b.csv
price,MIMO,svr,permutation,49,hour,0.006604,0.66,svr_hourly_price_mimo_h24_with_load_price_svr_b.csv
price,MIMO,svr,permutation,50,w_patras_relative_humidity_2m,0.006404,0.64,svr_hourly_price_mimo_h24_with_load_price_svr_b.csv
price,MIMO,svr,permutation,51,co2_lag48,0.006092,0.609,svr_hourly_price_mimo_h24_with_load_price_svr_b.csv
price,MIMO,svr,permutation,52,co2_lag12,0.006089,0.609,svr_hourly_price_mimo_h24_with_load_price_svr_b.csv
price,MIMO,svr,permutation,53,w_thessaloniki_wind_speed_10m,0.005691,0.569,svr_hourly_price_mimo_h24_with_load_price_svr_b.csv
price,MIMO,svr,permutation,54,w_thessaloniki_wind_gusts_10m_missing,0.005162,0.516,svr_hourly_price_mimo_h24_with_load_price_svr_b.csv
price,MIMO,svr,permutation,55,gen_wind_lag1,0.004831,0.483,svr_hourly_price_mimo_h24_with_load_price_svr_b.csv
price,MIMO,svr,permutation,56,w_athens_precipitation_missing,0.004474,0.447,svr_hourly_price_mimo_h24_with_load_price_svr_b.csv
price,MIMO,svr,permutation,57,w_thessaloniki_shortwave_radiation_missing,0.004461,0.446,svr_hourly_price_mimo_h24_with_load_price_svr_b.csv
price,MIMO,svr,permutation,58,co2_price,0.004423,0.442,svr_hourly_price_mimo_h24_with_load_price_svr_b.csv
price,MIMO,svr,permutation,59,w_athens_shortwave_radiation_missing,0.00435,0.435,svr_hourly_price_mimo_h24_with_load_price_svr_b.csv
price,MIMO,svr,permutation,60,w_athens_relative_humidity_2m_missing,0.004326,0.433,svr_hourly_price_mimo_h24_with_load_price_svr_b.csv
price,MIMO,svr,permutation,61,co2_lag6,0.00432,0.432,svr_hourly_price_mimo_h24_with_load_price_svr_b.csv
price,MIMO,svr,permutation,62,w_athens_temperature_2m,0.004314,0.431,svr_hourly_price_mimo_h24_with_load_price_svr_b.csv
price,MIMO,svr,permutation,63,residual_load_lag12,0.004216,0.422,svr_hourly_price_mimo_h24_with_load_price_svr_b.csv
price,MIMO,svr,permutation,64,dow_sin,0.00405,0.405,svr_hourly_price_mimo_h24_with_load_price_svr_b.csv
price,MIMO,svr,permutation,65,co2_lag3,0.004025,0.403,svr_hourly_price_mimo_h24_with_load_price_svr_b.csv
price,MIMO,svr,permutation,66,w_thessaloniki_relative_humidity_2m,0.003953,0.395,svr_hourly_price_mimo_h24_with_load_price_svr_b.csv
price,MIMO,svr,permutation,67,w_athens_wind_speed_10m_missing,0.00392,0.392,svr_hourly_price_mimo_h24_with_load_price_svr_b.csv
price,MIMO,svr,permutation,68,w_thessaloniki_relative_humidity_2m_missing,0.003839,0.384,svr_hourly_price_mimo_h24_with_load_price_svr_b.csv
price,MIMO,svr,permutation,69,w_athens_cloud_cover,0.003671,0.367,svr_hourly_price_mimo_h24_with_load_price_svr_b.csv
price,MIMO,svr,permutation,70,w_athens_wind_gusts_10m_missing,0.003625,0.362,svr_hourly_price_mimo_h24_with_load_price_svr_b.csv
price,MIMO,svr,permutation,71,w_athens_wind_speed_10m,0.003576,0.358,svr_hourly_price_mimo_h24_with_load_price_svr_b.csv
price,MIMO,svr,permutation,72,w_gr_mean_temperature_2m,0.003363,0.336,svr_hourly_price_mimo_h24_with_load_price_svr_b.csv
price,MIMO,svr,permutation,73,co2_lag2,0.003326,0.333,svr_hourly_price_mimo_h24_with_load_price_svr_b.csv
price,MIMO,svr,permutation,74,w_thessaloniki_temperature_2m_missing,0.003309,0.331,svr_hourly_price_mimo_h24_with_load_price_svr_b.csv
price,MIMO,svr,permutation,75,co2_lag24,0.003218,0.322,svr_hourly_price_mimo_h24_with_load_price_svr_b.csv
price,MIMO,svr,permutation,76,w_athens_temperature_2m_missing,0.003181,0.318,svr_hourly_price_mimo_h24_with_load_price_svr_b.csv
price,MIMO,svr,permutation,77,w_thessaloniki_wind_speed_10m_missing,0.003042,0.304,svr_hourly_price_mimo_h24_with_load_price_svr_b.csv
price,MIMO,svr,permutation,78,co2_lag1,0.002988,0.299,svr_hourly_price_mimo_h24_with_load_price_svr_b.csv
price,MIMO,svr,permutation,79,co2_lag168,0.002896,0.29,svr_hourly_price_mimo_h24_with_load_price_svr_b.csv
price,MIMO,svr,permutation,80,w_patras_temperature_2m,0.00287,0.287,svr_hourly_price_mimo_h24_with_load_price_svr_b.csv
price,MIMO,svr,permutation,81,dow_cos,0.002822,0.282,svr_hourly_price_mimo_h24_with_load_price_svr_b.csv
price,MIMO,svr,permutation,82,w_thessaloniki_temperature_2m,0.002797,0.28,svr_hourly_price_mimo_h24_with_load_price_svr_b.csv
price,MIMO,svr,permutation,83,y_lag2,0.002774,0.277,svr_hourly_price_mimo_h24_with_load_price_svr_b.csv
price,MIMO,svr,permutation,84,w_thessaloniki_cloud_cover_missing,0.002647,0.265,svr_hourly_price_mimo_h24_with_load_price_svr_b.csv
price,MIMO,svr,permutation,85,w_thessaloniki_precipitation_missing,0.002645,0.264,svr_hourly_price_mimo_h24_with_load_price_svr_b.csv
price,MIMO,svr,permutation,86,w_athens_cloud_cover_missing,0.002635,0.264,svr_hourly_price_mimo_h24_with_load_price_svr_b.csv
price,MIMO,svr,permutation,87,gen_wind_lag48,0.00263,0.263,svr_hourly_price_mimo_h24_with_load_price_svr_b.csv
price,MIMO,svr,permutation,88,load_lag2,0.002536,0.254,svr_hourly_price_mimo_h24_with_load_price_svr_b.csv
price,MIMO,svr,permutation,89,w_thessaloniki_wind_gusts_10m,0.002386,0.239,svr_hourly_price_mimo_h24_with_load_price_svr_b.csv
price,MIMO,svr,permutation,90,w_athens_relative_humidity_2m,0.0022,0.22,svr_hourly_price_mimo_h24_with_load_price_svr_b.csv
price,MIMO,svr,permutation,91,w_patras_cloud_cover,0.002146,0.215,svr_hourly_price_mimo_h24_with_load_price_svr_b.csv
price,MIMO,svr,permutation,92,w_thessaloniki_cloud_cover,0.00204,0.204,svr_hourly_price_mimo_h24_with_load_price_svr_b.csv
price,MIMO,svr,permutation,93,load_lag48,0.002008,0.201,svr_hourly_price_mimo_h24_with_load_price_svr_b.csv
price,MIMO,svr,permutation,94,w_athens_wind_gusts_10m,0.001662,0.166,svr_hourly_price_mimo_h24_with_load_price_svr_b.csv
price,MIMO,svr,permutation,95,w_larissa_precipitation,0.001204,0.12,svr_hourly_price_mimo_h24_with_load_price_svr_b.csv
price,MIMO,svr,permutation,96,load_lag3,0.00096,0.096,svr_hourly_price_mimo_h24_with_load_price_svr_b.csv
price,MIMO,svr,permutation,97,w_larissa_cloud_cover,0.000819,0.082,svr_hourly_price_mimo_h24_with_load_price_svr_b.csv
price,MIMO,svr,permutation,98,load_lag24,0.000479,0.048,svr_hourly_price_mimo_h24_with_load_price_svr_b.csv
price,MIMO,svr,permutation,99,load_lag168,0.000214,0.021,svr_hourly_price_mimo_h24_with_load_price_svr_b.csv
price,MIMO,svr,permutation,100,w_athens_precipitation,0.000158,0.016,svr_hourly_price_mimo_h24_with_load_price_svr_b.csv
price,MIMO,svr,permutation,101,gen_wind_lag2,0.000141,0.014,svr_hourly_price_mimo_h24_with_load_price_svr_b.csv
price,MIMO,svr,permutation,102,load_lag1,5.7e-05,0.006,svr_hourly_price_mimo_h24_with_load_price_svr_b.csv
price,MIMO,svr,permutation,103,w_gr_mean_precipitation,3.8e-05,0.004,svr_hourly_price_mimo_h24_with_load_price_svr_b.csv
price,MIMO,svr,permutation,104,w_heraklion_cloud_cover,0.0,0.0,svr_hourly_price_mimo_h24_with_load_price_svr_b.csv
price,MIMO,svr,permutation,105,gen_fc_dayahead_missing,0.0,0.0,svr_hourly_price_mimo_h24_with_load_price_svr_b.csv
price,MIMO,svr,permutation,106,w_heraklion_precipitation,0.0,0.0,svr_hourly_price_mimo_h24_with_load_price_svr_b.csv
price,MIMO,svr,permutation,107,w_patras_wind_speed_10m,0.0,0.0,svr_hourly_price_mimo_h24_with_load_price_svr_b.csv
price,MIMO,svr,permutation,108,w_larissa_relative_humidity_2m,0.0,0.0,svr_hourly_price_mimo_h24_with_load_price_svr_b.csv
price,MIMO,svr,permutation,109,w_thessaloniki_precipitation,0.0,0.0,svr_hourly_price_mimo_h24_with_load_price_svr_b.csv
price,MIMO,svr,permutation,110,wind_onshore_fc_dayahead_missing,0.0,0.0,svr_hourly_price_mimo_h24_with_load_price_svr_b.csv
price,MIMO,svr,permutation,111,gen_fc_dayahead,0.0,0.0,svr_hourly_price_mimo_h24_with_load_price_svr_b.csv
price,MIMO,svr,permutation,112,w_gr_mean_cloud_cover,0.0,0.0,svr_hourly_price_mimo_h24_with_load_price_svr_b.csv
price,MIMO,svr,permutation,113,load_lag12,0.0,0.0,svr_hourly_price_mimo_h24_with_load_price_svr_b.csv
price,MIMO,svr,permutation,114,y_lag3,0.0,0.0,svr_hourly_price_mimo_h24_with_load_price_svr_b.csv
price,MIMO,svr,permutation,115,y_lag6,0.0,0.0,svr_hourly_price_mimo_h24_with_load_price_svr_b.csv
price,MIMO,svr,permutation,116,y_lag12,0.0,0.0,svr_hourly_price_mimo_h24_with_load_price_svr_b.csv
price,MIMO,svr,permutation,117,hour_cos,0.0,0.0,svr_hourly_price_mimo_h24_with_load_price_svr_b.csv
price,MIMO,svr,permutation,118,w_larissa_cloud_cover_missing,0.0,0.0,svr_hourly_price_mimo_h24_with_load_price_svr_b.csv
price,MIMO,svr,permutation,119,w_larissa_wind_speed_10m_missing,0.0,0.0,svr_hourly_price_mimo_h24_with_load_price_svr_b.csv
price,MIMO,svr,permutation,120,w_larissa_wind_gusts_10m_missing,0.0,0.0,svr_hourly_price_mimo_h24_with_load_price_svr_b.csv
price,MIMO,svr,permutation,121,w_heraklion_precipitation_missing,0.0,0.0,svr_hourly_price_mimo_h24_with_load_price_svr_b.csv
price,MIMO,svr,permutation,122,w_heraklion_relative_humidity_2m_missing,0.0,0.0,svr_hourly_price_mimo_h24_with_load_price_svr_b.csv
price,MIMO,svr,permutation,123,w_heraklion_temperature_2m_missing,0.0,0.0,svr_hourly_price_mimo_h24_with_load_price_svr_b.csv
price,MIMO,svr,permutation,124,w_heraklion_cloud_cover_missing,0.0,0.0,svr_hourly_price_mimo_h24_with_load_price_svr_b.csv
price,MIMO,svr,permutation,125,w_heraklion_shortwave_radiation_missing,0.0,0.0,svr_hourly_price_mimo_h24_with_load_price_svr_b.csv
price,MIMO,svr,permutation,126,w_heraklion_wind_gusts_10m_missing,0.0,0.0,svr_hourly_price_mimo_h24_with_load_price_svr_b.csv
price,MIMO,svr,permutation,127,w_heraklion_wind_speed_10m_missing,0.0,0.0,svr_hourly_price_mimo_h24_with_load_price_svr_b.csv
price,MIMO,svr,permutation,128,is_holiday,0.0,0.0,svr_hourly_price_mimo_h24_with_load_price_svr_b.csv
price,MIMO,svr,permutation,129,w_larissa_precipitation_missing,0.0,0.0,svr_hourly_price_mimo_h24_with_load_price_svr_b.csv
price,MIMO,svr,permutation,130,w_larissa_shortwave_radiation_missing,0.0,0.0,svr_hourly_price_mimo_h24_with_load_price_svr_b.csv
price,MIMO,svr,permutation,131,w_gr_mean_temperature_2m_missing,0.0,0.0,svr_hourly_price_mimo_h24_with_load_price_svr_b.csv
price,MIMO,svr,permutation,132,w_gr_mean_relative_humidity_2m_missing,0.0,0.0,svr_hourly_price_mimo_h24_with_load_price_svr_b.csv
price,MIMO,svr,permutation,133,w_gr_mean_precipitation_missing,0.0,0.0,svr_hourly_price_mimo_h24_with_load_price_svr_b.csv
price,MIMO,svr,permutation,134,w_gr_mean_wind_gusts_10m_missing,0.0,0.0,svr_hourly_price_mimo_h24_with_load_price_svr_b.csv
price,MIMO,svr,permutation,135,w_gr_mean_wind_speed_10m_missing,0.0,0.0,svr_hourly_price_mimo_h24_with_load_price_svr_b.csv
price,MIMO,svr,permutation,136,w_patras_temperature_2m_missing,0.0,0.0,svr_hourly_price_mimo_h24_with_load_price_svr_b.csv
price,MIMO,svr,permutation,137,w_patras_relative_humidity_2m_missing,0.0,0.0,svr_hourly_price_mimo_h24_with_load_price_svr_b.csv
price,MIMO,svr,permutation,138,w_patras_precipitation_missing,0.0,0.0,svr_hourly_price_mimo_h24_with_load_price_svr_b.csv
price,MIMO,svr,permutation,139,w_patras_cloud_cover_missing,0.0,0.0,svr_hourly_price_mimo_h24_with_load_price_svr_b.csv
price,MIMO,svr,permutation,140,w_patras_wind_speed_10m_missing,0.0,0.0,svr_hourly_price_mimo_h24_with_load_price_svr_b.csv
price,MIMO,svr,permutation,141,w_patras_wind_gusts_10m_missing,0.0,0.0,svr_hourly_price_mimo_h24_with_load_price_svr_b.csv
price,MIMO,svr,permutation,142,w_patras_shortwave_radiation_missing,0.0,0.0,svr_hourly_price_mimo_h24_with_load_price_svr_b.csv
price,MIMO,svr,permutation,143,w_larissa_temperature_2m_missing,0.0,0.0,svr_hourly_price_mimo_h24_with_load_price_svr_b.csv
price,MIMO,svr,permutation,144,w_larissa_relative_humidity_2m_missing,0.0,0.0,svr_hourly_price_mimo_h24_with_load_price_svr_b.csv
price,MIMO,svr,permutation,145,w_gr_mean_cloud_cover_missing,0.0,0.0,svr_hourly_price_mimo_h24_with_load_price_svr_b.csv
price,MIMO,svr,permutation,146,w_gr_mean_shortwave_radiation_missing,0.0,0.0,svr_hourly_price_mimo_h24_with_load_price_svr_b.csv
price,MIMO,svr,permutation,147,residual_load_lag2,0.0,0.0,svr_hourly_price_mimo_h24_with_load_price_svr_b.csv
price,MIMO,svr,permutation,148,residual_load_lag3,0.0,0.0,svr_hourly_price_mimo_h24_with_load_price_svr_b.csv
price,MIMO,svr,permutation,149,gen_solar_lag2,0.0,0.0,svr_hourly_price_mimo_h24_with_load_price_svr_b.csv
price,MIMO,svr,permutation,150,residual_load_lag6,0.0,0.0,svr_hourly_price_mimo_h24_with_load_price_svr_b.csv
price,MIMO,svr,permutation,151,gen_wind_lag24,0.0,0.0,svr_hourly_price_mimo_h24_with_load_price_svr_b.csv
price,MIMO,svr,permutation,152,load_fc,0.0,0.0,svr_hourly_price_mimo_h24_with_load_price_svr_b.csv
price,MIMO,svr,permutation,153,load_pred_h01,0.0,0.0,svr_hourly_price_mimo_h24_with_load_price_svr_b.csv
price,MIMO,svr,permutation,154,load_pred_h02,0.0,0.0,svr_hourly_price_mimo_h24_with_load_price_svr_b.csv
price,MIMO,svr,permutation,155,load_pred_h03,0.0,0.0,svr_hourly_price_mimo_h24_with_load_price_svr_b.csv
price,MIMO,svr,permutation,156,load_pred_h04,0.0,0.0,svr_hourly_price_mimo_h24_with_load_price_svr_b.csv
price,MIMO,svr,permutation,157,load_pred_h05,0.0,0.0,svr_hourly_price_mimo_h24_with_load_price_svr_b.csv
price,MIMO,svr,permutation,158,load_pred_h06,0.0,0.0,svr_hourly_price_mimo_h24_with_load_price_svr_b.csv
price,MIMO,svr,permutation,159,load_pred_h07,0.0,0.0,svr_hourly_price_mimo_h24_with_load_price_svr_b.csv
price,MIMO,svr,permutation,160,load_pred_h08,0.0,0.0,svr_hourly_price_mimo_h24_with_load_price_svr_b.csv
price,MIMO,svr,permutation,161,load_pred_h09,0.0,0.0,svr_hourly_price_mimo_h24_with_load_price_svr_b.csv
price,MIMO,svr,permutation,162,load_pred_h10,0.0,0.0,svr_hourly_price_mimo_h24_with_load_price_svr_b.csv
price,MIMO,svr,permutation,163,load_pred_h11,0.0,0.0,svr_hourly_price_mimo_h24_with_load_price_svr_b.csv
price,MIMO,svr,permutation,164,load_pred_h12,0.0,0.0,svr_hourly_price_mimo_h24_with_load_price_svr_b.csv
price,MIMO,svr,permutation,165,load_pred_h13,0.0,0.0,svr_hourly_price_mimo_h24_with_load_price_svr_b.csv
price,MIMO,svr,permutation,166,load_pred_h14,0.0,0.0,svr_hourly_price_mimo_h24_with_load_price_svr_b.csv
price,MIMO,svr,permutation,167,load_pred_h15,0.0,0.0,svr_hourly_price_mimo_h24_with_load_price_svr_b.csv
price,MIMO,svr,permutation,168,load_pred_h16,0.0,0.0,svr_hourly_price_mimo_h24_with_load_price_svr_b.csv
price,MIMO,svr,permutation,169,load_pred_h17,0.0,0.0,svr_hourly_price_mimo_h24_with_load_price_svr_b.csv
price,MIMO,svr,permutation,170,load_pred_h18,0.0,0.0,svr_hourly_price_mimo_h24_with_load_price_svr_b.csv
price,MIMO,svr,permutation,171,load_pred_h19,0.0,0.0,svr_hourly_price_mimo_h24_with_load_price_svr_b.csv
price,MIMO,svr,permutation,172,load_pred_h20,0.0,0.0,svr_hourly_price_mimo_h24_with_load_price_svr_b.csv
price,MIMO,svr,permutation,173,load_pred_h21,0.0,0.0,svr_hourly_price_mimo_h24_with_load_price_svr_b.csv
price,MIMO,svr,permutation,174,load_pred_h22,0.0,0.0,svr_hourly_price_mimo_h24_with_load_price_svr_b.csv
price,MIMO,svr,permutation,175,load_pred_h23,0.0,0.0,svr_hourly_price_mimo_h24_with_load_price_svr_b.csv
price,MIMO,svr,permutation,176,load_pred_h24,0.0,0.0,svr_hourly_price_mimo_h24_with_load_price_svr_b.csv
price,MIMO,xgb,gain,1,y_lag1,0.048702,4.87,xgb_hourly_price_mimo_h24_dense_price_xgb_b.csv
price,MIMO,xgb,gain,2,y_lag19,0.033989,3.399,xgb_hourly_price_mimo_h24_dense_price_xgb_b.csv
price,MIMO,xgb,gain,3,y_lag6,0.032677,3.268,xgb_hourly_price_mimo_h24_dense_price_xgb_b.csv
price,MIMO,xgb,gain,4,y_lag13,0.031619,3.162,xgb_hourly_price_mimo_h24_dense_price_xgb_b.csv
price,MIMO,xgb,gain,5,y_lag3,0.029062,2.906,xgb_hourly_price_mimo_h24_dense_price_xgb_b.csv
price,MIMO,xgb,gain,6,y_lag4,0.028925,2.893,xgb_hourly_price_mimo_h24_dense_price_xgb_b.csv
price,MIMO,xgb,gain,7,y_lag2,0.02847,2.847,xgb_hourly_price_mimo_h24_dense_price_xgb_b.csv
price,MIMO,xgb,gain,8,y_lag8,0.028254,2.825,xgb_hourly_price_mimo_h24_dense_price_xgb_b.csv
price,MIMO,xgb,gain,9,y_lag14,0.028091,2.809,xgb_hourly_price_mimo_h24_dense_price_xgb_b.csv
price,MIMO,xgb,gain,10,y_lag22,0.027936,2.794,xgb_hourly_price_mimo_h24_dense_price_xgb_b.csv
price,MIMO,xgb,gain,11,y_lag16,0.027859,2.786,xgb_hourly_price_mimo_h24_dense_price_xgb_b.csv
price,MIMO,xgb,gain,12,y_lag11,0.027734,2.773,xgb_hourly_price_mimo_h24_dense_price_xgb_b.csv
price,MIMO,xgb,gain,13,y_lag15,0.026284,2.628,xgb_hourly_price_mimo_h24_dense_price_xgb_b.csv
price,MIMO,xgb,gain,14,y_lag9,0.026271,2.627,xgb_hourly_price_mimo_h24_dense_price_xgb_b.csv
price,MIMO,xgb,gain,15,y_lag10,0.026027,2.603,xgb_hourly_price_mimo_h24_dense_price_xgb_b.csv
price,MIMO,xgb,gain,16,y_lag21,0.025951,2.595,xgb_hourly_price_mimo_h24_dense_price_xgb_b.csv
price,MIMO,xgb,gain,17,y_lag17,0.024515,2.451,xgb_hourly_price_mimo_h24_dense_price_xgb_b.csv
price,MIMO,xgb,gain,18,y_lag20,0.023981,2.398,xgb_hourly_price_mimo_h24_dense_price_xgb_b.csv
price,MIMO,xgb,gain,19,y_lag18,0.023552,2.355,xgb_hourly_price_mimo_h24_dense_price_xgb_b.csv
price,MIMO,xgb,gain,20,y_lag7,0.022971,2.297,xgb_hourly_price_mimo_h24_dense_price_xgb_b.csv
price,MIMO,xgb,gain,21,y_lag12,0.022895,2.289,xgb_hourly_price_mimo_h24_dense_price_xgb_b.csv
price,MIMO,xgb,gain,22,y_lag5,0.020411,2.041,xgb_hourly_price_mimo_h24_dense_price_xgb_b.csv
price,MIMO,xgb,gain,23,y_lag23,0.020214,2.021,xgb_hourly_price_mimo_h24_dense_price_xgb_b.csv
price,MIMO,xgb,gain,24,gas_lag2,0.016234,1.623,xgb_hourly_price_mimo_h24_dense_price_xgb_b.csv
price,MIMO,xgb,gain,25,gas_lag3,0.01589,1.589,xgb_hourly_price_mimo_h24_dense_price_xgb_b.csv
price,MIMO,xgb,gain,26,gas_lag24,0.014972,1.497,xgb_hourly_price_mimo_h24_dense_price_xgb_b.csv
price,MIMO,xgb,gain,27,gas_lag6,0.013504,1.35,xgb_hourly_price_mimo_h24_dense_price_xgb_b.csv
price,MIMO,xgb,gain,28,gas_lag1,0.011837,1.184,xgb_hourly_price_mimo_h24_dense_price_xgb_b.csv
price,MIMO,xgb,gain,29,dow,0.010622,1.062,xgb_hourly_price_mimo_h24_dense_price_xgb_b.csv
price,MIMO,xgb,gain,30,y_lag24,0.010125,1.013,xgb_hourly_price_mimo_h24_dense_price_xgb_b.csv
price,MIMO,xgb,gain,31,y_roll168,0.009802,0.98,xgb_hourly_price_mimo_h24_dense_price_xgb_b.csv
price,MIMO,xgb,gain,32,dow_cos,0.009745,0.975,xgb_hourly_price_mimo_h24_dense_price_xgb_b.csv
price,MIMO,xgb,gain,33,gas_lag12,0.00923,0.923,xgb_hourly_price_mimo_h24_dense_price_xgb_b.csv
price,MIMO,xgb,gain,34,hour,0.008305,0.83,xgb_hourly_price_mimo_h24_dense_price_xgb_b.csv
price,MIMO,xgb,gain,35,hour_cos,0.007846,0.785,xgb_hourly_price_mimo_h24_dense_price_xgb_b.csv
price,MIMO,xgb,gain,36,hour_sin,0.007567,0.757,xgb_hourly_price_mimo_h24_dense_price_xgb_b.csv
price,MIMO,xgb,gain,37,gas_lag48,0.007444,0.744,xgb_hourly_price_mimo_h24_dense_price_xgb_b.csv
price,MIMO,xgb,gain,38,dow_sin,0.006398,0.64,xgb_hourly_price_mimo_h24_dense_price_xgb_b.csv
price,MIMO,xgb,gain,39,y_lag48,0.005428,0.543,xgb_hourly_price_mimo_h24_dense_price_xgb_b.csv
price,MIMO,xgb,gain,40,gas_price,0.00541,0.541,xgb_hourly_price_mimo_h24_dense_price_xgb_b.csv
price,MIMO,xgb,gain,41,w_heraklion_relative_humidity_2m_missing,0.004922,0.492,xgb_hourly_price_mimo_h24_dense_price_xgb_b.csv
price,MIMO,xgb,gain,42,gen_solar_lag2,0.004637,0.464,xgb_hourly_price_mimo_h24_dense_price_xgb_b.csv
price,MIMO,xgb,gain,43,gas_lag168,0.004546,0.455,xgb_hourly_price_mimo_h24_dense_price_xgb_b.csv
price,MIMO,xgb,gain,44,y_lag168,0.003888,0.389,xgb_hourly_price_mimo_h24_dense_price_xgb_b.csv
price,MIMO,xgb,gain,45,gen_solar_lag1,0.00353,0.353,xgb_hourly_price_mimo_h24_dense_price_xgb_b.csv
price,MIMO,xgb,gain,46,gen_wind_lag24,0.003491,0.349,xgb_hourly_price_mimo_h24_dense_price_xgb_b.csv
price,MIMO,xgb,gain,47,w_heraklion_temperature_2m_missing,0.003491,0.349,xgb_hourly_price_mimo_h24_dense_price_xgb_b.csv
price,MIMO,xgb,gain,48,co2_lag168,0.003418,0.342,xgb_hourly_price_mimo_h24_dense_price_xgb_b.csv
price,MIMO,xgb,gain,49,w_thessaloniki_shortwave_radiation,0.003209,0.321,xgb_hourly_price_mimo_h24_dense_price_xgb_b.csv
price,MIMO,xgb,gain,50,w_thessaloniki_temperature_2m,0.002857,0.286,xgb_hourly_price_mimo_h24_dense_price_xgb_b.csv
price,MIMO,xgb,gain,51,co2_lag48,0.002817,0.282,xgb_hourly_price_mimo_h24_dense_price_xgb_b.csv
price,MIMO,xgb,gain,52,w_patras_temperature_2m,0.002749,0.275,xgb_hourly_price_mimo_h24_dense_price_xgb_b.csv
price,MIMO,xgb,gain,53,y_roll24,0.002732,0.273,xgb_hourly_price_mimo_h24_dense_price_xgb_b.csv
price,MIMO,xgb,gain,54,w_athens_temperature_2m_missing,0.002562,0.256,xgb_hourly_price_mimo_h24_dense_price_xgb_b.csv
price,MIMO,xgb,gain,55,load_lag6,0.002544,0.254,xgb_hourly_price_mimo_h24_dense_price_xgb_b.csv
price,MIMO,xgb,gain,56,is_holiday,0.00249,0.249,xgb_hourly_price_mimo_h24_dense_price_xgb_b.csv
price,MIMO,xgb,gain,57,w_patras_shortwave_radiation,0.002486,0.249,xgb_hourly_price_mimo_h24_dense_price_xgb_b.csv
price,MIMO,xgb,gain,58,co2_lag24,0.002474,0.247,xgb_hourly_price_mimo_h24_dense_price_xgb_b.csv
price,MIMO,xgb,gain,59,w_athens_shortwave_radiation,0.002445,0.244,xgb_hourly_price_mimo_h24_dense_price_xgb_b.csv
price,MIMO,xgb,gain,60,load_lag3,0.002422,0.242,xgb_hourly_price_mimo_h24_dense_price_xgb_b.csv
price,MIMO,xgb,gain,61,wind_onshore_fc_dayahead,0.002403,0.24,xgb_hourly_price_mimo_h24_dense_price_xgb_b.csv
price,MIMO,xgb,gain,62,load_lag2,0.00237,0.237,xgb_hourly_price_mimo_h24_dense_price_xgb_b.csv
price,MIMO,xgb,gain,63,w_athens_relative_humidity_2m,0.002361,0.236,xgb_hourly_price_mimo_h24_dense_price_xgb_b.csv
price,MIMO,xgb,gain,64,load_lag168,0.002356,0.236,xgb_hourly_price_mimo_h24_dense_price_xgb_b.csv
price,MIMO,xgb,gain,65,co2_lag6,0.002354,0.235,xgb_hourly_price_mimo_h24_dense_price_xgb_b.csv
price,MIMO,xgb,gain,66,gen_fc_dayahead,0.002351,0.235,xgb_hourly_price_mimo_h24_dense_price_xgb_b.csv
price,MIMO,xgb,gain,67,load_lag12,0.002345,0.234,xgb_hourly_price_mimo_h24_dense_price_xgb_b.csv
price,MIMO,xgb,gain,68,co2_lag12,0.002341,0.234,xgb_hourly_price_mimo_h24_dense_price_xgb_b.csv
price,MIMO,xgb,gain,69,co2_lag3,0.002308,0.231,xgb_hourly_price_mimo_h24_dense_price_xgb_b.csv
price,MIMO,xgb,gain,70,load_lag1,0.002292,0.229,xgb_hourly_price_mimo_h24_dense_price_xgb_b.csv
price,MIMO,xgb,gain,71,solar_fc_dayahead_missing,0.002288,0.229,xgb_hourly_price_mimo_h24_dense_price_xgb_b.csv
price,MIMO,xgb,gain,72,co2_lag2,0.002287,0.229,xgb_hourly_price_mimo_h24_dense_price_xgb_b.csv
price,MIMO,xgb,gain,73,gen_wind_lag48,0.002235,0.223,xgb_hourly_price_mimo_h24_dense_price_xgb_b.csv
price,MIMO,xgb,gain,74,w_larissa_shortwave_radiation,0.002227,0.223,xgb_hourly_price_mimo_h24_dense_price_xgb_b.csv
price,MIMO,xgb,gain,75,gen_solar_lag168,0.002221,0.222,xgb_hourly_price_mimo_h24_dense_price_xgb_b.csv
price,MIMO,xgb,gain,76,gen_wind_lag1,0.002199,0.22,xgb_hourly_price_mimo_h24_dense_price_xgb_b.csv
price,MIMO,xgb,gain,77,load_fc,0.002137,0.214,xgb_hourly_price_mimo_h24_dense_price_xgb_b.csv
price,MIMO,xgb,gain,78,gen_solar_lag24,0.002133,0.213,xgb_hourly_price_mimo_h24_dense_price_xgb_b.csv
price,MIMO,xgb,gain,79,w_gr_mean_shortwave_radiation,0.002131,0.213,xgb_hourly_price_mimo_h24_dense_price_xgb_b.csv
price,MIMO,xgb,gain,80,co2_lag1,0.002077,0.208,xgb_hourly_price_mimo_h24_dense_price_xgb_b.csv
price,MIMO,xgb,gain,81,w_athens_temperature_2m,0.002067,0.207,xgb_hourly_price_mimo_h24_dense_price_xgb_b.csv
price,MIMO,xgb,gain,82,residual_load_lag12,0.002054,0.205,xgb_hourly_price_mimo_h24_dense_price_xgb_b.csv
price,MIMO,xgb,gain,83,solar_fc_dayahead,0.002023,0.202,xgb_hourly_price_mimo_h24_dense_price_xgb_b.csv
price,MIMO,xgb,gain,84,gen_solar_lag48,0.001982,0.198,xgb_hourly_price_mimo_h24_dense_price_xgb_b.csv
price,MIMO,xgb,gain,85,residual_load_lag1,0.00198,0.198,xgb_hourly_price_mimo_h24_dense_price_xgb_b.csv
price,MIMO,xgb,gain,86,w_heraklion_temperature_2m,0.001972,0.197,xgb_hourly_price_mimo_h24_dense_price_xgb_b.csv
price,MIMO,xgb,gain,87,w_heraklion_shortwave_radiation,0.001955,0.196,xgb_hourly_price_mimo_h24_dense_price_xgb_b.csv
price,MIMO,xgb,gain,88,w_athens_wind_gusts_10m,0.001948,0.195,xgb_hourly_price_mimo_h24_dense_price_xgb_b.csv
price,MIMO,xgb,gain,89,gen_wind_lag2,0.001888,0.189,xgb_hourly_price_mimo_h24_dense_price_xgb_b.csv
price,MIMO,xgb,gain,90,w_larissa_temperature_2m,0.001878,0.188,xgb_hourly_price_mimo_h24_dense_price_xgb_b.csv
price,MIMO,xgb,gain,91,gen_wind_lag168,0.001868,0.187,xgb_hourly_price_mimo_h24_dense_price_xgb_b.csv
price,MIMO,xgb,gain,92,w_larissa_precipitation,0.001854,0.185,xgb_hourly_price_mimo_h24_dense_price_xgb_b.csv
price,MIMO,xgb,gain,93,load_lag48,0.001812,0.181,xgb_hourly_price_mimo_h24_dense_price_xgb_b.csv
price,MIMO,xgb,gain,94,residual_load_lag24,0.001811,0.181,xgb_hourly_price_mimo_h24_dense_price_xgb_b.csv
price,MIMO,xgb,gain,95,w_heraklion_wind_gusts_10m,0.001801,0.18,xgb_hourly_price_mimo_h24_dense_price_xgb_b.csv
price,MIMO,xgb,gain,96,residual_load_lag6,0.001787,0.179,xgb_hourly_price_mimo_h24_dense_price_xgb_b.csv
price,MIMO,xgb,gain,97,w_thessaloniki_precipitation,0.001771,0.177,xgb_hourly_price_mimo_h24_dense_price_xgb_b.csv
price,MIMO,xgb,gain,98,w_thessaloniki_wind_gusts_10m,0.001765,0.176,xgb_hourly_price_mimo_h24_dense_price_xgb_b.csv
price,MIMO,xgb,gain,99,residual_load_lag3,0.001758,0.176,xgb_hourly_price_mimo_h24_dense_price_xgb_b.csv
price,MIMO,xgb,gain,100,residual_load_lag168,0.001747,0.175,xgb_hourly_price_mimo_h24_dense_price_xgb_b.csv
price,MIMO,xgb,gain,101,w_thessaloniki_relative_humidity_2m,0.001728,0.173,xgb_hourly_price_mimo_h24_dense_price_xgb_b.csv
price,MIMO,xgb,gain,102,w_heraklion_relative_humidity_2m,0.0017,0.17,xgb_hourly_price_mimo_h24_dense_price_xgb_b.csv
price,MIMO,xgb,gain,103,residual_load_lag48,0.001685,0.169,xgb_hourly_price_mimo_h24_dense_price_xgb_b.csv
price,MIMO,xgb,gain,104,residual_load_lag2,0.001656,0.166,xgb_hourly_price_mimo_h24_dense_price_xgb_b.csv
price,MIMO,xgb,gain,105,w_larissa_cloud_cover,0.001648,0.165,xgb_hourly_price_mimo_h24_dense_price_xgb_b.csv
price,MIMO,xgb,gain,106,w_heraklion_cloud_cover,0.001636,0.164,xgb_hourly_price_mimo_h24_dense_price_xgb_b.csv
price,MIMO,xgb,gain,107,load_lag24,0.001625,0.162,xgb_hourly_price_mimo_h24_dense_price_xgb_b.csv
price,MIMO,xgb,gain,108,w_thessaloniki_cloud_cover,0.001591,0.159,xgb_hourly_price_mimo_h24_dense_price_xgb_b.csv
price,MIMO,xgb,gain,109,w_patras_wind_gusts_10m,0.001589,0.159,xgb_hourly_price_mimo_h24_dense_price_xgb_b.csv
price,MIMO,xgb,gain,110,w_gr_mean_relative_humidity_2m,0.001573,0.157,xgb_hourly_price_mimo_h24_dense_price_xgb_b.csv
price,MIMO,xgb,gain,111,w_gr_mean_cloud_cover,0.001569,0.157,xgb_hourly_price_mimo_h24_dense_price_xgb_b.csv
price,MIMO,xgb,gain,112,w_heraklion_wind_speed_10m,0.001567,0.157,xgb_hourly_price_mimo_h24_dense_price_xgb_b.csv
price,MIMO,xgb,gain,113,w_thessaloniki_wind_speed_10m,0.001567,0.157,xgb_hourly_price_mimo_h24_dense_price_xgb_b.csv
price,MIMO,xgb,gain,114,w_athens_precipitation,0.001561,0.156,xgb_hourly_price_mimo_h24_dense_price_xgb_b.csv
price,MIMO,xgb,gain,115,w_larissa_relative_humidity_2m,0.001488,0.149,xgb_hourly_price_mimo_h24_dense_price_xgb_b.csv
price,MIMO,xgb,gain,116,w_patras_relative_humidity_2m,0.00148,0.148,xgb_hourly_price_mimo_h24_dense_price_xgb_b.csv
price,MIMO,xgb,gain,117,w_gr_mean_wind_gusts_10m,0.001444,0.144,xgb_hourly_price_mimo_h24_dense_price_xgb_b.csv
price,MIMO,xgb,gain,118,w_patras_cloud_cover,0.001431,0.143,xgb_hourly_price_mimo_h24_dense_price_xgb_b.csv
price,MIMO,xgb,gain,119,w_patras_wind_speed_10m,0.001415,0.142,xgb_hourly_price_mimo_h24_dense_price_xgb_b.csv
price,MIMO,xgb,gain,120,w_patras_precipitation,0.001406,0.141,xgb_hourly_price_mimo_h24_dense_price_xgb_b.csv
price,MIMO,xgb,gain,121,co2_price,0.001369,0.137,xgb_hourly_price_mimo_h24_dense_price_xgb_b.csv
price,MIMO,xgb,gain,122,w_larissa_wind_gusts_10m,0.00136,0.136,xgb_hourly_price_mimo_h24_dense_price_xgb_b.csv
price,MIMO,xgb,gain,123,w_athens_cloud_cover,0.001346,0.135,xgb_hourly_price_mimo_h24_dense_price_xgb_b.csv
price,MIMO,xgb,gain,124,w_heraklion_precipitation,0.001273,0.127,xgb_hourly_price_mimo_h24_dense_price_xgb_b.csv
price,MIMO,xgb,gain,125,w_gr_mean_temperature_2m,0.00127,0.127,xgb_hourly_price_mimo_h24_dense_price_xgb_b.csv
price,MIMO,xgb,gain,126,w_gr_mean_wind_speed_10m,0.001259,0.126,xgb_hourly_price_mimo_h24_dense_price_xgb_b.csv
price,MIMO,xgb,gain,127,w_athens_wind_speed_10m,0.001251,0.125,xgb_hourly_price_mimo_h24_dense_price_xgb_b.csv
price,MIMO,xgb,gain,128,w_larissa_wind_speed_10m,0.001213,0.121,xgb_hourly_price_mimo_h24_dense_price_xgb_b.csv
price,MIMO,xgb,gain,129,w_gr_mean_precipitation,0.001168,0.117,xgb_hourly_price_mimo_h24_dense_price_xgb_b.csv
price,MIMO,xgb,gain,130,w_heraklion_cloud_cover_missing,0.000898,0.09,xgb_hourly_price_mimo_h24_dense_price_xgb_b.csv
price,MIMO,xgb,gain,131,gen_fc_dayahead_missing,0.000726,0.073,xgb_hourly_price_mimo_h24_dense_price_xgb_b.csv
price,MIMO,xgb,gain,132,wind_onshore_fc_dayahead_missing,0.000662,0.066,xgb_hourly_price_mimo_h24_dense_price_xgb_b.csv
price,MIMO,xgb,gain,133,w_athens_relative_humidity_2m_missing,0.000558,0.056,xgb_hourly_price_mimo_h24_dense_price_xgb_b.csv
price,MIMO,xgb,gain,134,w_heraklion_precipitation_missing,0.000334,0.033,xgb_hourly_price_mimo_h24_dense_price_xgb_b.csv
price,MIMO,xgb,gain,135,w_athens_precipitation_missing,0.000194,0.019,xgb_hourly_price_mimo_h24_dense_price_xgb_b.csv
price,MIMO,xgb,gain,136,w_patras_temperature_2m_missing,7.8e-05,0.008,xgb_hourly_price_mimo_h24_dense_price_xgb_b.csv
price,MIMO,xgb,gain,137,w_patras_relative_humidity_2m_missing,3.1e-05,0.003,xgb_hourly_price_mimo_h24_dense_price_xgb_b.csv
price,MIMO,xgb,gain,138,w_heraklion_wind_speed_10m_missing,3e-05,0.003,xgb_hourly_price_mimo_h24_dense_price_xgb_b.csv
price,MIMO,xgb,gain,139,w_patras_precipitation_missing,2.3e-05,0.002,xgb_hourly_price_mimo_h24_dense_price_xgb_b.csv
price,MIMO,xgb,gain,140,w_heraklion_wind_gusts_10m_missing,0.0,0.0,xgb_hourly_price_mimo_h24_dense_price_xgb_b.csv
price,MIMO,xgb,gain,141,w_larissa_relative_humidity_2m_missing,0.0,0.0,xgb_hourly_price_mimo_h24_dense_price_xgb_b.csv
price,MIMO,xgb,gain,142,w_heraklion_shortwave_radiation_missing,0.0,0.0,xgb_hourly_price_mimo_h24_dense_price_xgb_b.csv
price,MIMO,xgb,gain,143,w_patras_shortwave_radiation_missing,0.0,0.0,xgb_hourly_price_mimo_h24_dense_price_xgb_b.csv
price,MIMO,xgb,gain,144,w_patras_cloud_cover_missing,0.0,0.0,xgb_hourly_price_mimo_h24_dense_price_xgb_b.csv
price,MIMO,xgb,gain,145,w_patras_wind_gusts_10m_missing,0.0,0.0,xgb_hourly_price_mimo_h24_dense_price_xgb_b.csv
price,MIMO,xgb,gain,146,w_larissa_temperature_2m_missing,0.0,0.0,xgb_hourly_price_mimo_h24_dense_price_xgb_b.csv
price,MIMO,xgb,gain,147,w_larissa_cloud_cover_missing,0.0,0.0,xgb_hourly_price_mimo_h24_dense_price_xgb_b.csv
price,MIMO,xgb,gain,148,w_larissa_precipitation_missing,0.0,0.0,xgb_hourly_price_mimo_h24_dense_price_xgb_b.csv
price,MIMO,xgb,gain,149,w_larissa_wind_speed_10m_missing,0.0,0.0,xgb_hourly_price_mimo_h24_dense_price_xgb_b.csv
price,MIMO,xgb,gain,150,w_larissa_wind_gusts_10m_missing,0.0,0.0,xgb_hourly_price_mimo_h24_dense_price_xgb_b.csv
price,MIMO,xgb,gain,151,w_larissa_shortwave_radiation_missing,0.0,0.0,xgb_hourly_price_mimo_h24_dense_price_xgb_b.csv
price,MIMO,xgb,gain,152,w_thessaloniki_wind_speed_10m_missing,0.0,0.0,xgb_hourly_price_mimo_h24_dense_price_xgb_b.csv
price,MIMO,xgb,gain,153,w_gr_mean_precipitation_missing,0.0,0.0,xgb_hourly_price_mimo_h24_dense_price_xgb_b.csv
price,MIMO,xgb,gain,154,w_patras_wind_speed_10m_missing,0.0,0.0,xgb_hourly_price_mimo_h24_dense_price_xgb_b.csv
price,MIMO,xgb,gain,155,w_gr_mean_shortwave_radiation_missing,0.0,0.0,xgb_hourly_price_mimo_h24_dense_price_xgb_b.csv
price,MIMO,xgb,gain,156,w_gr_mean_wind_gusts_10m_missing,0.0,0.0,xgb_hourly_price_mimo_h24_dense_price_xgb_b.csv
price,MIMO,xgb,gain,157,w_gr_mean_wind_speed_10m_missing,0.0,0.0,xgb_hourly_price_mimo_h24_dense_price_xgb_b.csv
price,MIMO,xgb,gain,158,w_gr_mean_cloud_cover_missing,0.0,0.0,xgb_hourly_price_mimo_h24_dense_price_xgb_b.csv
price,MIMO,xgb,gain,159,w_gr_mean_relative_humidity_2m_missing,0.0,0.0,xgb_hourly_price_mimo_h24_dense_price_xgb_b.csv
price,MIMO,xgb,gain,160,w_athens_wind_gusts_10m_missing,0.0,0.0,xgb_hourly_price_mimo_h24_dense_price_xgb_b.csv
price,MIMO,xgb,gain,161,w_athens_cloud_cover_missing,0.0,0.0,xgb_hourly_price_mimo_h24_dense_price_xgb_b.csv
price,MIMO,xgb,gain,162,w_athens_wind_speed_10m_missing,0.0,0.0,xgb_hourly_price_mimo_h24_dense_price_xgb_b.csv
price,MIMO,xgb,gain,163,w_thessaloniki_relative_humidity_2m_missing,0.0,0.0,xgb_hourly_price_mimo_h24_dense_price_xgb_b.csv
price,MIMO,xgb,gain,164,w_thessaloniki_temperature_2m_missing,0.0,0.0,xgb_hourly_price_mimo_h24_dense_price_xgb_b.csv
price,MIMO,xgb,gain,165,w_athens_shortwave_radiation_missing,0.0,0.0,xgb_hourly_price_mimo_h24_dense_price_xgb_b.csv
price,MIMO,xgb,gain,166,w_thessaloniki_precipitation_missing,0.0,0.0,xgb_hourly_price_mimo_h24_dense_price_xgb_b.csv
price,MIMO,xgb,gain,167,w_thessaloniki_wind_gusts_10m_missing,0.0,0.0,xgb_hourly_price_mimo_h24_dense_price_xgb_b.csv
price,MIMO,xgb,gain,168,w_thessaloniki_shortwave_radiation_missing,0.0,0.0,xgb_hourly_price_mimo_h24_dense_price_xgb_b.csv
price,MIMO,xgb,gain,169,w_thessaloniki_cloud_cover_missing,0.0,0.0,xgb_hourly_price_mimo_h24_dense_price_xgb_b.csv
price,MIMO,xgb,gain,170,w_gr_mean_temperature_2m_missing,0.0,0.0,xgb_hourly_price_mimo_h24_dense_price_xgb_b.csv
price,Recursive,lgbm,gain,1,y_lag1,0.088652,8.865,lgbm_hourly_price_openloop_daily_optuna_price_lgbm_s.csv
price,Recursive,lgbm,gain,2,y_lag2,0.051905,5.19,lgbm_hourly_price_openloop_daily_optuna_price_lgbm_s.csv
price,Recursive,lgbm,gain,3,y_lag24,0.046549,4.655,lgbm_hourly_price_openloop_daily_optuna_price_lgbm_s.csv
price,Recursive,lgbm,gain,4,y_lag168,0.037996,3.8,lgbm_hourly_price_openloop_daily_optuna_price_lgbm_s.csv
price,Recursive,lgbm,gain,5,gen_fc_dayahead,0.027059,2.706,lgbm_hourly_price_openloop_daily_optuna_price_lgbm_s.csv
price,Recursive,lgbm,gain,6,y_lag3,0.027002,2.7,lgbm_hourly_price_openloop_daily_optuna_price_lgbm_s.csv
price,Recursive,lgbm,gain,7,y_lag48,0.026889,2.689,lgbm_hourly_price_openloop_daily_optuna_price_lgbm_s.csv
price,Recursive,lgbm,gain,8,hour_sin,0.026283,2.628,lgbm_hourly_price_openloop_daily_optuna_price_lgbm_s.csv
price,Recursive,lgbm,gain,9,wind_onshore_fc_dayahead,0.022669,2.267,lgbm_hourly_price_openloop_daily_optuna_price_lgbm_s.csv
price,Recursive,lgbm,gain,10,y_lag12,0.020853,2.085,lgbm_hourly_price_openloop_daily_optuna_price_lgbm_s.csv
price,Recursive,lgbm,gain,11,y_roll24,0.020853,2.085,lgbm_hourly_price_openloop_daily_optuna_price_lgbm_s.csv
price,Recursive,lgbm,gain,12,solar_fc_dayahead,0.020739,2.074,lgbm_hourly_price_openloop_daily_optuna_price_lgbm_s.csv
price,Recursive,lgbm,gain,13,hour_cos,0.018885,1.888,lgbm_hourly_price_openloop_daily_optuna_price_lgbm_s.csv
price,Recursive,lgbm,gain,14,gas_lag168,0.018752,1.875,lgbm_hourly_price_openloop_daily_optuna_price_lgbm_s.csv
price,Recursive,lgbm,gain,15,gen_solar_lag2,0.018431,1.843,lgbm_hourly_price_openloop_daily_optuna_price_lgbm_s.csv
price,Recursive,lgbm,gain,16,residual_load_lag1,0.017106,1.711,lgbm_hourly_price_openloop_daily_optuna_price_lgbm_s.csv
price,Recursive,lgbm,gain,17,dow,0.016614,1.661,lgbm_hourly_price_openloop_daily_optuna_price_lgbm_s.csv
price,Recursive,lgbm,gain,18,y_lag6,0.01493,1.493,lgbm_hourly_price_openloop_daily_optuna_price_lgbm_s.csv
price,Recursive,lgbm,gain,19,gen_wind_lag24,0.014135,1.414,lgbm_hourly_price_openloop_daily_optuna_price_lgbm_s.csv
price,Recursive,lgbm,gain,20,y_roll168,0.013719,1.372,lgbm_hourly_price_openloop_daily_optuna_price_lgbm_s.csv
price,Recursive,lgbm,gain,21,hour,0.013681,1.368,lgbm_hourly_price_openloop_daily_optuna_price_lgbm_s.csv
price,Recursive,lgbm,gain,22,load_lag6,0.012981,1.298,lgbm_hourly_price_openloop_daily_optuna_price_lgbm_s.csv
price,Recursive,lgbm,gain,23,gas_lag48,0.012829,1.283,lgbm_hourly_price_openloop_daily_optuna_price_lgbm_s.csv
price,Recursive,lgbm,gain,24,residual_load_lag6,0.012659,1.266,lgbm_hourly_price_openloop_daily_optuna_price_lgbm_s.csv
price,Recursive,lgbm,gain,25,residual_load_lag3,0.01264,1.264,lgbm_hourly_price_openloop_daily_optuna_price_lgbm_s.csv
price,Recursive,lgbm,gain,26,gas_lag24,0.011581,1.158,lgbm_hourly_price_openloop_daily_optuna_price_lgbm_s.csv
price,Recursive,lgbm,gain,27,load_lag3,0.010805,1.08,lgbm_hourly_price_openloop_daily_optuna_price_lgbm_s.csv
price,Recursive,lgbm,gain,28,gen_solar_lag1,0.010124,1.012,lgbm_hourly_price_openloop_daily_optuna_price_lgbm_s.csv
price,Recursive,lgbm,gain,29,gen_wind_lag1,0.009234,0.923,lgbm_hourly_price_openloop_daily_optuna_price_lgbm_s.csv
price,Recursive,lgbm,gain,30,gas_price,0.00914,0.914,lgbm_hourly_price_openloop_daily_optuna_price_lgbm_s.csv
price,Recursive,lgbm,gain,31,gen_wind_lag48,0.008875,0.887,lgbm_hourly_price_openloop_daily_optuna_price_lgbm_s.csv
price,Recursive,lgbm,gain,32,w_gr_mean_shortwave_radiation,0.008856,0.886,lgbm_hourly_price_openloop_daily_optuna_price_lgbm_s.csv
price,Recursive,lgbm,gain,33,load_lag12,0.008477,0.848,lgbm_hourly_price_openloop_daily_optuna_price_lgbm_s.csv
price,Recursive,lgbm,gain,34,w_patras_temperature_2m,0.00791,0.791,lgbm_hourly_price_openloop_daily_optuna_price_lgbm_s.csv
price,Recursive,lgbm,gain,35,residual_load_lag24,0.007834,0.783,lgbm_hourly_price_openloop_daily_optuna_price_lgbm_s.csv
price,Recursive,lgbm,gain,36,gen_wind_lag168,0.00772,0.772,lgbm_hourly_price_openloop_daily_optuna_price_lgbm_s.csv
price,Recursive,lgbm,gain,37,w_patras_shortwave_radiation,0.007342,0.734,lgbm_hourly_price_openloop_daily_optuna_price_lgbm_s.csv
price,Recursive,lgbm,gain,38,gen_wind_lag2,0.007304,0.73,lgbm_hourly_price_openloop_daily_optuna_price_lgbm_s.csv
price,Recursive,lgbm,gain,39,co2_lag168,0.006774,0.677,lgbm_hourly_price_openloop_daily_optuna_price_lgbm_s.csv
price,Recursive,lgbm,gain,40,residual_load_lag168,0.006699,0.67,lgbm_hourly_price_openloop_daily_optuna_price_lgbm_s.csv
price,Recursive,lgbm,gain,41,load_lag2,0.006623,0.662,lgbm_hourly_price_openloop_daily_optuna_price_lgbm_s.csv
price,Recursive,lgbm,gain,42,w_larissa_shortwave_radiation,0.006358,0.636,lgbm_hourly_price_openloop_daily_optuna_price_lgbm_s.csv
price,Recursive,lgbm,gain,43,gas_lag12,0.006339,0.634,lgbm_hourly_price_openloop_daily_optuna_price_lgbm_s.csv
price,Recursive,lgbm,gain,44,load_lag1,0.00632,0.632,lgbm_hourly_price_openloop_daily_optuna_price_lgbm_s.csv
price,Recursive,lgbm,gain,45,load_lag168,0.006188,0.619,lgbm_hourly_price_openloop_daily_optuna_price_lgbm_s.csv
price,Recursive,lgbm,gain,46,gen_solar_lag24,0.006188,0.619,lgbm_hourly_price_openloop_daily_optuna_price_lgbm_s.csv
price,Recursive,lgbm,gain,47,residual_load_lag12,0.005866,0.587,lgbm_hourly_price_openloop_daily_optuna_price_lgbm_s.csv
price,Recursive,lgbm,gain,48,residual_load_lag2,0.005809,0.581,lgbm_hourly_price_openloop_daily_optuna_price_lgbm_s.csv
price,Recursive,lgbm,gain,49,gas_lag6,0.005677,0.568,lgbm_hourly_price_openloop_daily_optuna_price_lgbm_s.csv
price,Recursive,lgbm,gain,50,w_gr_mean_wind_gusts_10m,0.005639,0.564,lgbm_hourly_price_openloop_daily_optuna_price_lgbm_s.csv
price,Recursive,lgbm,gain,51,residual_load_lag48,0.005279,0.528,lgbm_hourly_price_openloop_daily_optuna_price_lgbm_s.csv
price,Recursive,lgbm,gain,52,gas_lag2,0.005242,0.524,lgbm_hourly_price_openloop_daily_optuna_price_lgbm_s.csv
price,Recursive,lgbm,gain,53,co2_lag48,0.005147,0.515,lgbm_hourly_price_openloop_daily_optuna_price_lgbm_s.csv
price,Recursive,lgbm,gain,54,w_patras_wind_speed_10m,0.004958,0.496,lgbm_hourly_price_openloop_daily_optuna_price_lgbm_s.csv
price,Recursive,lgbm,gain,55,w_thessaloniki_wind_speed_10m,0.004863,0.486,lgbm_hourly_price_openloop_daily_optuna_price_lgbm_s.csv
price,Recursive,lgbm,gain,56,w_heraklion_temperature_2m,0.004844,0.484,lgbm_hourly_price_openloop_daily_optuna_price_lgbm_s.csv
price,Recursive,lgbm,gain,57,w_heraklion_wind_speed_10m,0.004844,0.484,lgbm_hourly_price_openloop_daily_optuna_price_lgbm_s.csv
price,Recursive,lgbm,gain,58,w_patras_wind_gusts_10m,0.004806,0.481,lgbm_hourly_price_openloop_daily_optuna_price_lgbm_s.csv
price,Recursive,lgbm,gain,59,gen_solar_lag48,0.004768,0.477,lgbm_hourly_price_openloop_daily_optuna_price_lgbm_s.csv
price,Recursive,lgbm,gain,60,w_athens_wind_speed_10m,0.00475,0.475,lgbm_hourly_price_openloop_daily_optuna_price_lgbm_s.csv
price,Recursive,lgbm,gain,61,w_gr_mean_wind_speed_10m,0.004712,0.471,lgbm_hourly_price_openloop_daily_optuna_price_lgbm_s.csv
price,Recursive,lgbm,gain,62,gas_lag1,0.004712,0.471,lgbm_hourly_price_openloop_daily_optuna_price_lgbm_s.csv
price,Recursive,lgbm,gain,63,load_lag24,0.004693,0.469,lgbm_hourly_price_openloop_daily_optuna_price_lgbm_s.csv
price,Recursive,lgbm,gain,64,co2_price,0.004655,0.465,lgbm_hourly_price_openloop_daily_optuna_price_lgbm_s.csv
price,Recursive,lgbm,gain,65,gen_solar_lag168,0.004617,0.462,lgbm_hourly_price_openloop_daily_optuna_price_lgbm_s.csv
price,Recursive,lgbm,gain,66,w_larissa_temperature_2m,0.004522,0.452,lgbm_hourly_price_openloop_daily_optuna_price_lgbm_s.csv
price,Recursive,lgbm,gain,67,w_larissa_wind_speed_10m,0.004504,0.45,lgbm_hourly_price_openloop_daily_optuna_price_lgbm_s.csv
price,Recursive,lgbm,gain,68,w_heraklion_shortwave_radiation,0.004428,0.443,lgbm_hourly_price_openloop_daily_optuna_price_lgbm_s.csv
price,Recursive,lgbm,gain,69,w_thessaloniki_temperature_2m,0.004371,0.437,lgbm_hourly_price_openloop_daily_optuna_price_lgbm_s.csv
price,Recursive,lgbm,gain,70,w_thessaloniki_wind_gusts_10m,0.004352,0.435,lgbm_hourly_price_openloop_daily_optuna_price_lgbm_s.csv
price,Recursive,lgbm,gain,71,w_athens_temperature_2m,0.004239,0.424,lgbm_hourly_price_openloop_daily_optuna_price_lgbm_s.csv
price,Recursive,lgbm,gain,72,load_lag48,0.00422,0.422,lgbm_hourly_price_openloop_daily_optuna_price_lgbm_s.csv
price,Recursive,lgbm,gain,73,w_heraklion_wind_gusts_10m,0.004163,0.416,lgbm_hourly_price_openloop_daily_optuna_price_lgbm_s.csv
price,Recursive,lgbm,gain,74,dow_sin,0.004125,0.413,lgbm_hourly_price_openloop_daily_optuna_price_lgbm_s.csv
price,Recursive,lgbm,gain,75,w_gr_mean_cloud_cover,0.004087,0.409,lgbm_hourly_price_openloop_daily_optuna_price_lgbm_s.csv
price,Recursive,lgbm,gain,76,w_athens_relative_humidity_2m,0.004031,0.403,lgbm_hourly_price_openloop_daily_optuna_price_lgbm_s.csv
price,Recursive,lgbm,gain,77,w_gr_mean_relative_humidity_2m,0.003879,0.388,lgbm_hourly_price_openloop_daily_optuna_price_lgbm_s.csv
price,Recursive,lgbm,gain,78,w_athens_wind_gusts_10m,0.003841,0.384,lgbm_hourly_price_openloop_daily_optuna_price_lgbm_s.csv
price,Recursive,lgbm,gain,79,co2_lag24,0.003803,0.38,lgbm_hourly_price_openloop_daily_optuna_price_lgbm_s.csv
price,Recursive,lgbm,gain,80,w_heraklion_relative_humidity_2m,0.003766,0.377,lgbm_hourly_price_openloop_daily_optuna_price_lgbm_s.csv
price,Recursive,lgbm,gain,81,w_gr_mean_temperature_2m,0.003728,0.373,lgbm_hourly_price_openloop_daily_optuna_price_lgbm_s.csv
price,Recursive,lgbm,gain,82,dow_cos,0.003576,0.358,lgbm_hourly_price_openloop_daily_optuna_price_lgbm_s.csv
price,Recursive,lgbm,gain,83,co2_lag12,0.00352,0.352,lgbm_hourly_price_openloop_daily_optuna_price_lgbm_s.csv
price,Recursive,lgbm,gain,84,gas_lag3,0.003501,0.35,lgbm_hourly_price_openloop_daily_optuna_price_lgbm_s.csv
price,Recursive,lgbm,gain,85,w_patras_relative_humidity_2m,0.003387,0.339,lgbm_hourly_price_openloop_daily_optuna_price_lgbm_s.csv
price,Recursive,lgbm,gain,86,w_larissa_relative_humidity_2m,0.003387,0.339,lgbm_hourly_price_openloop_daily_optuna_price_lgbm_s.csv
price,Recursive,lgbm,gain,87,w_athens_shortwave_radiation,0.003255,0.325,lgbm_hourly_price_openloop_daily_optuna_price_lgbm_s.csv
price,Recursive,lgbm,gain,88,w_patras_cloud_cover,0.003236,0.324,lgbm_hourly_price_openloop_daily_optuna_price_lgbm_s.csv
price,Recursive,lgbm,gain,89,w_thessaloniki_relative_humidity_2m,0.003217,0.322,lgbm_hourly_price_openloop_daily_optuna_price_lgbm_s.csv
price,Recursive,lgbm,gain,90,w_larissa_wind_gusts_10m,0.003179,0.318,lgbm_hourly_price_openloop_daily_optuna_price_lgbm_s.csv
price,Recursive,lgbm,gain,91,w_thessaloniki_cloud_cover,0.003141,0.314,lgbm_hourly_price_openloop_daily_optuna_price_lgbm_s.csv
price,Recursive,lgbm,gain,92,w_larissa_cloud_cover,0.00299,0.299,lgbm_hourly_price_openloop_daily_optuna_price_lgbm_s.csv
price,Recursive,lgbm,gain,93,w_heraklion_cloud_cover,0.002933,0.293,lgbm_hourly_price_openloop_daily_optuna_price_lgbm_s.csv
price,Recursive,lgbm,gain,94,w_athens_cloud_cover,0.002763,0.276,lgbm_hourly_price_openloop_daily_optuna_price_lgbm_s.csv
price,Recursive,lgbm,gain,95,w_thessaloniki_shortwave_radiation,0.002763,0.276,lgbm_hourly_price_openloop_daily_optuna_price_lgbm_s.csv
price,Recursive,lgbm,gain,96,load_fc,0.002252,0.225,lgbm_hourly_price_openloop_daily_optuna_price_lgbm_s.csv
price,Recursive,lgbm,gain,97,co2_lag1,0.001987,0.199,lgbm_hourly_price_openloop_daily_optuna_price_lgbm_s.csv
price,Recursive,lgbm,gain,98,co2_lag6,0.001968,0.197,lgbm_hourly_price_openloop_daily_optuna_price_lgbm_s.csv
price,Recursive,lgbm,gain,99,co2_lag3,0.001306,0.131,lgbm_hourly_price_openloop_daily_optuna_price_lgbm_s.csv
price,Recursive,lgbm,gain,100,w_gr_mean_precipitation,0.001211,0.121,lgbm_hourly_price_openloop_daily_optuna_price_lgbm_s.csv
price,Recursive,lgbm,gain,101,co2_lag2,0.001003,0.1,lgbm_hourly_price_openloop_daily_optuna_price_lgbm_s.csv
price,Recursive,lgbm,gain,102,w_patras_precipitation,0.000738,0.074,lgbm_hourly_price_openloop_daily_optuna_price_lgbm_s.csv
price,Recursive,lgbm,gain,103,solar_fc_dayahead_missing,0.000643,0.064,lgbm_hourly_price_openloop_daily_optuna_price_lgbm_s.csv
price,Recursive,lgbm,gain,104,is_holiday,0.000322,0.032,lgbm_hourly_price_openloop_daily_optuna_price_lgbm_s.csv
price,Recursive,lgbm,gain,105,w_thessaloniki_precipitation,0.000114,0.011,lgbm_hourly_price_openloop_daily_optuna_price_lgbm_s.csv
price,Recursive,lgbm,gain,106,w_larissa_precipitation,7.6e-05,0.008,lgbm_hourly_price_openloop_daily_optuna_price_lgbm_s.csv
price,Recursive,lgbm,gain,107,w_athens_precipitation,7.6e-05,0.008,lgbm_hourly_price_openloop_daily_optuna_price_lgbm_s.csv
price,Recursive,lgbm,gain,108,w_heraklion_precipitation,1.9e-05,0.002,lgbm_hourly_price_openloop_daily_optuna_price_lgbm_s.csv
price,Recursive,lgbm,gain,109,wind_onshore_fc_dayahead_missing,0.0,0.0,lgbm_hourly_price_openloop_daily_optuna_price_lgbm_s.csv
price,Recursive,lgbm,gain,110,gen_fc_dayahead_missing,0.0,0.0,lgbm_hourly_price_openloop_daily_optuna_price_lgbm_s.csv
price,Recursive,lgbm,gain,111,w_larissa_wind_gusts_10m_missing,0.0,0.0,lgbm_hourly_price_openloop_daily_optuna_price_lgbm_s.csv
price,Recursive,lgbm,gain,112,w_larissa_wind_speed_10m_missing,0.0,0.0,lgbm_hourly_price_openloop_daily_optuna_price_lgbm_s.csv
price,Recursive,lgbm,gain,113,w_heraklion_precipitation_missing,0.0,0.0,lgbm_hourly_price_openloop_daily_optuna_price_lgbm_s.csv
price,Recursive,lgbm,gain,114,w_heraklion_relative_humidity_2m_missing,0.0,0.0,lgbm_hourly_price_openloop_daily_optuna_price_lgbm_s.csv
price,Recursive,lgbm,gain,115,w_heraklion_temperature_2m_missing,0.0,0.0,lgbm_hourly_price_openloop_daily_optuna_price_lgbm_s.csv
price,Recursive,lgbm,gain,116,w_larissa_shortwave_radiation_missing,0.0,0.0,lgbm_hourly_price_openloop_daily_optuna_price_lgbm_s.csv
price,Recursive,lgbm,gain,117,w_athens_precipitation_missing,0.0,0.0,lgbm_hourly_price_openloop_daily_optuna_price_lgbm_s.csv
price,Recursive,lgbm,gain,118,w_athens_relative_humidity_2m_missing,0.0,0.0,lgbm_hourly_price_openloop_daily_optuna_price_lgbm_s.csv
price,Recursive,lgbm,gain,119,w_athens_temperature_2m_missing,0.0,0.0,lgbm_hourly_price_openloop_daily_optuna_price_lgbm_s.csv
price,Recursive,lgbm,gain,120,w_gr_mean_shortwave_radiation_missing,0.0,0.0,lgbm_hourly_price_openloop_daily_optuna_price_lgbm_s.csv
price,Recursive,lgbm,gain,121,w_gr_mean_wind_gusts_10m_missing,0.0,0.0,lgbm_hourly_price_openloop_daily_optuna_price_lgbm_s.csv
price,Recursive,lgbm,gain,122,w_gr_mean_wind_speed_10m_missing,0.0,0.0,lgbm_hourly_price_openloop_daily_optuna_price_lgbm_s.csv
price,Recursive,lgbm,gain,123,w_gr_mean_cloud_cover_missing,0.0,0.0,lgbm_hourly_price_openloop_daily_optuna_price_lgbm_s.csv
price,Recursive,lgbm,gain,124,w_gr_mean_precipitation_missing,0.0,0.0,lgbm_hourly_price_openloop_daily_optuna_price_lgbm_s.csv
price,Recursive,lgbm,gain,125,w_gr_mean_relative_humidity_2m_missing,0.0,0.0,lgbm_hourly_price_openloop_daily_optuna_price_lgbm_s.csv
price,Recursive,lgbm,gain,126,w_gr_mean_temperature_2m_missing,0.0,0.0,lgbm_hourly_price_openloop_daily_optuna_price_lgbm_s.csv
price,Recursive,lgbm,gain,127,w_larissa_cloud_cover_missing,0.0,0.0,lgbm_hourly_price_openloop_daily_optuna_price_lgbm_s.csv
price,Recursive,lgbm,gain,128,w_larissa_precipitation_missing,0.0,0.0,lgbm_hourly_price_openloop_daily_optuna_price_lgbm_s.csv
price,Recursive,lgbm,gain,129,w_larissa_relative_humidity_2m_missing,0.0,0.0,lgbm_hourly_price_openloop_daily_optuna_price_lgbm_s.csv
price,Recursive,lgbm,gain,130,w_larissa_temperature_2m_missing,0.0,0.0,lgbm_hourly_price_openloop_daily_optuna_price_lgbm_s.csv
price,Recursive,lgbm,gain,131,w_patras_shortwave_radiation_missing,0.0,0.0,lgbm_hourly_price_openloop_daily_optuna_price_lgbm_s.csv
price,Recursive,lgbm,gain,132,w_patras_wind_gusts_10m_missing,0.0,0.0,lgbm_hourly_price_openloop_daily_optuna_price_lgbm_s.csv
price,Recursive,lgbm,gain,133,w_patras_wind_speed_10m_missing,0.0,0.0,lgbm_hourly_price_openloop_daily_optuna_price_lgbm_s.csv
price,Recursive,lgbm,gain,134,w_patras_cloud_cover_missing,0.0,0.0,lgbm_hourly_price_openloop_daily_optuna_price_lgbm_s.csv
price,Recursive,lgbm,gain,135,w_patras_precipitation_missing,0.0,0.0,lgbm_hourly_price_openloop_daily_optuna_price_lgbm_s.csv
price,Recursive,lgbm,gain,136,w_patras_relative_humidity_2m_missing,0.0,0.0,lgbm_hourly_price_openloop_daily_optuna_price_lgbm_s.csv
price,Recursive,lgbm,gain,137,w_patras_temperature_2m_missing,0.0,0.0,lgbm_hourly_price_openloop_daily_optuna_price_lgbm_s.csv
price,Recursive,lgbm,gain,138,w_thessaloniki_shortwave_radiation_missing,0.0,0.0,lgbm_hourly_price_openloop_daily_optuna_price_lgbm_s.csv
price,Recursive,lgbm,gain,139,w_thessaloniki_wind_gusts_10m_missing,0.0,0.0,lgbm_hourly_price_openloop_daily_optuna_price_lgbm_s.csv
price,Recursive,lgbm,gain,140,w_thessaloniki_wind_speed_10m_missing,0.0,0.0,lgbm_hourly_price_openloop_daily_optuna_price_lgbm_s.csv
price,Recursive,lgbm,gain,141,w_thessaloniki_cloud_cover_missing,0.0,0.0,lgbm_hourly_price_openloop_daily_optuna_price_lgbm_s.csv
price,Recursive,lgbm,gain,142,w_thessaloniki_precipitation_missing,0.0,0.0,lgbm_hourly_price_openloop_daily_optuna_price_lgbm_s.csv
price,Recursive,lgbm,gain,143,w_thessaloniki_relative_humidity_2m_missing,0.0,0.0,lgbm_hourly_price_openloop_daily_optuna_price_lgbm_s.csv
price,Recursive,lgbm,gain,144,w_thessaloniki_temperature_2m_missing,0.0,0.0,lgbm_hourly_price_openloop_daily_optuna_price_lgbm_s.csv
price,Recursive,lgbm,gain,145,w_athens_shortwave_radiation_missing,0.0,0.0,lgbm_hourly_price_openloop_daily_optuna_price_lgbm_s.csv
price,Recursive,lgbm,gain,146,w_athens_wind_gusts_10m_missing,0.0,0.0,lgbm_hourly_price_openloop_daily_optuna_price_lgbm_s.csv
price,Recursive,lgbm,gain,147,w_athens_wind_speed_10m_missing,0.0,0.0,lgbm_hourly_price_openloop_daily_optuna_price_lgbm_s.csv
price,Recursive,lgbm,gain,148,w_athens_cloud_cover_missing,0.0,0.0,lgbm_hourly_price_openloop_daily_optuna_price_lgbm_s.csv
price,Recursive,lgbm,gain,149,w_heraklion_cloud_cover_missing,0.0,0.0,lgbm_hourly_price_openloop_daily_optuna_price_lgbm_s.csv
price,Recursive,lgbm,gain,150,w_heraklion_wind_speed_10m_missing,0.0,0.0,lgbm_hourly_price_openloop_daily_optuna_price_lgbm_s.csv
price,Recursive,lgbm,gain,151,w_heraklion_wind_gusts_10m_missing,0.0,0.0,lgbm_hourly_price_openloop_daily_optuna_price_lgbm_s.csv
price,Recursive,lgbm,gain,152,w_heraklion_shortwave_radiation_missing,0.0,0.0,lgbm_hourly_price_openloop_daily_optuna_price_lgbm_s.csv
price,Recursive,mlp,permutation,1,y_lag1,0.331536,33.154,mlp_hourly_price_openloop_price_mlp_s.csv
price,Recursive,mlp,permutation,2,gen_solar_lag1,0.101792,10.179,mlp_hourly_price_openloop_price_mlp_s.csv
price,Recursive,mlp,permutation,3,solar_fc_dayahead,0.067246,6.725,mlp_hourly_price_openloop_price_mlp_s.csv
price,Recursive,mlp,permutation,4,residual_load_lag1,0.047127,4.713,mlp_hourly_price_openloop_price_mlp_s.csv
price,Recursive,mlp,permutation,5,hour_cos,0.035115,3.512,mlp_hourly_price_openloop_price_mlp_s.csv
price,Recursive,mlp,permutation,6,residual_load_lag3,0.033812,3.381,mlp_hourly_price_openloop_price_mlp_s.csv
price,Recursive,mlp,permutation,7,gen_fc_dayahead,0.033653,3.365,mlp_hourly_price_openloop_price_mlp_s.csv
price,Recursive,mlp,permutation,8,wind_onshore_fc_dayahead,0.027685,2.768,mlp_hourly_price_openloop_price_mlp_s.csv
price,Recursive,mlp,permutation,9,y_lag2,0.027233,2.723,mlp_hourly_price_openloop_price_mlp_s.csv
price,Recursive,mlp,permutation,10,y_lag24,0.02389,2.389,mlp_hourly_price_openloop_price_mlp_s.csv
price,Recursive,mlp,permutation,11,residual_load_lag2,0.022909,2.291,mlp_hourly_price_openloop_price_mlp_s.csv
price,Recursive,mlp,permutation,12,gen_solar_lag2,0.018787,1.879,mlp_hourly_price_openloop_price_mlp_s.csv
price,Recursive,mlp,permutation,13,load_lag1,0.018588,1.859,mlp_hourly_price_openloop_price_mlp_s.csv
price,Recursive,mlp,permutation,14,y_lag48,0.014659,1.466,mlp_hourly_price_openloop_price_mlp_s.csv
price,Recursive,mlp,permutation,15,dow,0.013452,1.345,mlp_hourly_price_openloop_price_mlp_s.csv
price,Recursive,mlp,permutation,16,load_lag2,0.012272,1.227,mlp_hourly_price_openloop_price_mlp_s.csv
price,Recursive,mlp,permutation,17,w_patras_shortwave_radiation,0.010939,1.094,mlp_hourly_price_openloop_price_mlp_s.csv
price,Recursive,mlp,permutation,18,y_lag168,0.010345,1.034,mlp_hourly_price_openloop_price_mlp_s.csv
price,Recursive,mlp,permutation,19,load_lag12,0.00859,0.859,mlp_hourly_price_openloop_price_mlp_s.csv
price,Recursive,mlp,permutation,20,residual_load_lag6,0.007329,0.733,mlp_hourly_price_openloop_price_mlp_s.csv
price,Recursive,mlp,permutation,21,w_thessaloniki_relative_humidity_2m,0.007167,0.717,mlp_hourly_price_openloop_price_mlp_s.csv
price,Recursive,mlp,permutation,22,gen_wind_lag24,0.00672,0.672,mlp_hourly_price_openloop_price_mlp_s.csv
price,Recursive,mlp,permutation,23,residual_load_lag24,0.005946,0.595,mlp_hourly_price_openloop_price_mlp_s.csv
price,Recursive,mlp,permutation,24,hour,0.005624,0.562,mlp_hourly_price_openloop_price_mlp_s.csv
price,Recursive,mlp,permutation,25,y_lag3,0.005297,0.53,mlp_hourly_price_openloop_price_mlp_s.csv
price,Recursive,mlp,permutation,26,y_roll24,0.005175,0.517,mlp_hourly_price_openloop_price_mlp_s.csv
price,Recursive,mlp,permutation,27,gen_wind_lag48,0.005159,0.516,mlp_hourly_price_openloop_price_mlp_s.csv
price,Recursive,mlp,permutation,28,load_lag168,0.004898,0.49,mlp_hourly_price_openloop_price_mlp_s.csv
price,Recursive,mlp,permutation,29,residual_load_lag12,0.004843,0.484,mlp_hourly_price_openloop_price_mlp_s.csv
price,Recursive,mlp,permutation,30,y_lag12,0.00474,0.474,mlp_hourly_price_openloop_price_mlp_s.csv
price,Recursive,mlp,permutation,31,residual_load_lag168,0.004412,0.441,mlp_hourly_price_openloop_price_mlp_s.csv
price,Recursive,mlp,permutation,32,gen_solar_lag48,0.003784,0.378,mlp_hourly_price_openloop_price_mlp_s.csv
price,Recursive,mlp,permutation,33,solar_fc_dayahead_missing,0.003551,0.355,mlp_hourly_price_openloop_price_mlp_s.csv
price,Recursive,mlp,permutation,34,w_patras_wind_speed_10m,0.003415,0.342,mlp_hourly_price_openloop_price_mlp_s.csv
price,Recursive,mlp,permutation,35,residual_load_lag48,0.003237,0.324,mlp_hourly_price_openloop_price_mlp_s.csv
price,Recursive,mlp,permutation,36,hour_sin,0.003112,0.311,mlp_hourly_price_openloop_price_mlp_s.csv
price,Recursive,mlp,permutation,37,gen_wind_lag2,0.003106,0.311,mlp_hourly_price_openloop_price_mlp_s.csv
price,Recursive,mlp,permutation,38,load_lag24,0.00298,0.298,mlp_hourly_price_openloop_price_mlp_s.csv
price,Recursive,mlp,permutation,39,gen_solar_lag24,0.002965,0.297,mlp_hourly_price_openloop_price_mlp_s.csv
price,Recursive,mlp,permutation,40,w_larissa_wind_gusts_10m,0.002877,0.288,mlp_hourly_price_openloop_price_mlp_s.csv
price,Recursive,mlp,permutation,41,w_gr_mean_relative_humidity_2m,0.002849,0.285,mlp_hourly_price_openloop_price_mlp_s.csv
price,Recursive,mlp,permutation,42,w_athens_relative_humidity_2m,0.002825,0.282,mlp_hourly_price_openloop_price_mlp_s.csv
price,Recursive,mlp,permutation,43,w_thessaloniki_temperature_2m_missing,0.002573,0.257,mlp_hourly_price_openloop_price_mlp_s.csv
price,Recursive,mlp,permutation,44,w_athens_temperature_2m,0.002472,0.247,mlp_hourly_price_openloop_price_mlp_s.csv
price,Recursive,mlp,permutation,45,w_heraklion_shortwave_radiation,0.002301,0.23,mlp_hourly_price_openloop_price_mlp_s.csv
price,Recursive,mlp,permutation,46,gen_wind_lag168,0.002063,0.206,mlp_hourly_price_openloop_price_mlp_s.csv
price,Recursive,mlp,permutation,47,w_larissa_temperature_2m,0.001775,0.178,mlp_hourly_price_openloop_price_mlp_s.csv
price,Recursive,mlp,permutation,48,w_patras_wind_gusts_10m,0.001768,0.177,mlp_hourly_price_openloop_price_mlp_s.csv
price,Recursive,mlp,permutation,49,is_holiday,0.001735,0.174,mlp_hourly_price_openloop_price_mlp_s.csv
price,Recursive,mlp,permutation,50,w_athens_wind_gusts_10m,0.001672,0.167,mlp_hourly_price_openloop_price_mlp_s.csv
price,Recursive,mlp,permutation,51,w_larissa_cloud_cover,0.001623,0.162,mlp_hourly_price_openloop_price_mlp_s.csv
price,Recursive,mlp,permutation,52,w_patras_temperature_2m,0.001587,0.159,mlp_hourly_price_openloop_price_mlp_s.csv
price,Recursive,mlp,permutation,53,w_larissa_wind_speed_10m,0.001478,0.148,mlp_hourly_price_openloop_price_mlp_s.csv
price,Recursive,mlp,permutation,54,w_heraklion_relative_humidity_2m,0.001453,0.145,mlp_hourly_price_openloop_price_mlp_s.csv
price,Recursive,mlp,permutation,55,w_thessaloniki_shortwave_radiation_missing,0.00144,0.144,mlp_hourly_price_openloop_price_mlp_s.csv
price,Recursive,mlp,permutation,56,w_larissa_shortwave_radiation,0.001431,0.143,mlp_hourly_price_openloop_price_mlp_s.csv
price,Recursive,mlp,permutation,57,load_lag6,0.001173,0.117,mlp_hourly_price_openloop_price_mlp_s.csv
price,Recursive,mlp,permutation,58,w_gr_mean_temperature_2m,0.001023,0.102,mlp_hourly_price_openloop_price_mlp_s.csv
price,Recursive,mlp,permutation,59,gen_solar_lag168,0.001002,0.1,mlp_hourly_price_openloop_price_mlp_s.csv
price,Recursive,mlp,permutation,60,w_heraklion_cloud_cover,0.000984,0.098,mlp_hourly_price_openloop_price_mlp_s.csv
price,Recursive,mlp,permutation,61,dow_sin,0.000918,0.092,mlp_hourly_price_openloop_price_mlp_s.csv
price,Recursive,mlp,permutation,62,y_lag6,0.00079,0.079,mlp_hourly_price_openloop_price_mlp_s.csv
price,Recursive,mlp,permutation,63,w_patras_precipitation,0.000611,0.061,mlp_hourly_price_openloop_price_mlp_s.csv
price,Recursive,mlp,permutation,64,w_thessaloniki_precipitation_missing,0.0006,0.06,mlp_hourly_price_openloop_price_mlp_s.csv
price,Recursive,mlp,permutation,65,y_roll168,0.0006,0.06,mlp_hourly_price_openloop_price_mlp_s.csv
price,Recursive,mlp,permutation,66,load_lag48,0.000586,0.059,mlp_hourly_price_openloop_price_mlp_s.csv
price,Recursive,mlp,permutation,67,w_athens_cloud_cover,0.000573,0.057,mlp_hourly_price_openloop_price_mlp_s.csv
price,Recursive,mlp,permutation,68,w_gr_mean_shortwave_radiation,0.000573,0.057,mlp_hourly_price_openloop_price_mlp_s.csv
price,Recursive,mlp,permutation,69,w_gr_mean_wind_gusts_10m,0.000516,0.052,mlp_hourly_price_openloop_price_mlp_s.csv
price,Recursive,mlp,permutation,70,gen_fc_dayahead_missing,0.000396,0.04,mlp_hourly_price_openloop_price_mlp_s.csv
price,Recursive,mlp,permutation,71,w_heraklion_precipitation,0.000374,0.037,mlp_hourly_price_openloop_price_mlp_s.csv
price,Recursive,mlp,permutation,72,w_thessaloniki_wind_gusts_10m,0.000318,0.032,mlp_hourly_price_openloop_price_mlp_s.csv
price,Recursive,mlp,permutation,73,co2_lag3,0.000279,0.028,mlp_hourly_price_openloop_price_mlp_s.csv
price,Recursive,mlp,permutation,74,w_gr_mean_cloud_cover,0.000259,0.026,mlp_hourly_price_openloop_price_mlp_s.csv
price,Recursive,mlp,permutation,75,dow_cos,0.00023,0.023,mlp_hourly_price_openloop_price_mlp_s.csv
price,Recursive,mlp,permutation,76,w_thessaloniki_relative_humidity_2m_missing,0.00023,0.023,mlp_hourly_price_openloop_price_mlp_s.csv
price,Recursive,mlp,permutation,77,co2_lag2,0.000182,0.018,mlp_hourly_price_openloop_price_mlp_s.csv
price,Recursive,mlp,permutation,78,co2_lag24,0.000115,0.012,mlp_hourly_price_openloop_price_mlp_s.csv
price,Recursive,mlp,permutation,79,w_athens_shortwave_radiation,0.000102,0.01,mlp_hourly_price_openloop_price_mlp_s.csv
price,Recursive,mlp,permutation,80,wind_onshore_fc_dayahead_missing,0.0001,0.01,mlp_hourly_price_openloop_price_mlp_s.csv
price,Recursive,mlp,permutation,81,w_gr_mean_wind_speed_10m,7.3e-05,0.007,mlp_hourly_price_openloop_price_mlp_s.csv
price,Recursive,mlp,permutation,82,w_athens_temperature_2m_missing,7.1e-05,0.007,mlp_hourly_price_openloop_price_mlp_s.csv
price,Recursive,mlp,permutation,83,gas_lag2,6.9e-05,0.007,mlp_hourly_price_openloop_price_mlp_s.csv
price,Recursive,mlp,permutation,84,w_heraklion_wind_speed_10m,6.7e-05,0.007,mlp_hourly_price_openloop_price_mlp_s.csv
price,Recursive,mlp,permutation,85,gas_lag48,6.2e-05,0.006,mlp_hourly_price_openloop_price_mlp_s.csv
price,Recursive,mlp,permutation,86,gas_price,5.1e-05,0.005,mlp_hourly_price_openloop_price_mlp_s.csv
price,Recursive,mlp,permutation,87,w_thessaloniki_wind_speed_10m_missing,3.7e-05,0.004,mlp_hourly_price_openloop_price_mlp_s.csv
price,Recursive,mlp,permutation,88,co2_lag12,2.3e-05,0.002,mlp_hourly_price_openloop_price_mlp_s.csv
price,Recursive,mlp,permutation,89,w_thessaloniki_temperature_2m,0.0,0.0,mlp_hourly_price_openloop_price_mlp_s.csv
price,Recursive,mlp,permutation,90,w_athens_wind_speed_10m,0.0,0.0,mlp_hourly_price_openloop_price_mlp_s.csv
price,Recursive,mlp,permutation,91,w_athens_precipitation,0.0,0.0,mlp_hourly_price_openloop_price_mlp_s.csv
price,Recursive,mlp,permutation,92,w_gr_mean_precipitation,0.0,0.0,mlp_hourly_price_openloop_price_mlp_s.csv
price,Recursive,mlp,permutation,93,co2_price,0.0,0.0,mlp_hourly_price_openloop_price_mlp_s.csv
price,Recursive,mlp,permutation,94,w_heraklion_relative_humidity_2m_missing,0.0,0.0,mlp_hourly_price_openloop_price_mlp_s.csv
price,Recursive,mlp,permutation,95,w_heraklion_precipitation_missing,0.0,0.0,mlp_hourly_price_openloop_price_mlp_s.csv
price,Recursive,mlp,permutation,96,w_larissa_precipitation_missing,0.0,0.0,mlp_hourly_price_openloop_price_mlp_s.csv
price,Recursive,mlp,permutation,97,w_larissa_relative_humidity_2m_missing,0.0,0.0,mlp_hourly_price_openloop_price_mlp_s.csv
price,Recursive,mlp,permutation,98,w_larissa_temperature_2m_missing,0.0,0.0,mlp_hourly_price_openloop_price_mlp_s.csv
price,Recursive,mlp,permutation,99,w_heraklion_temperature_2m_missing,0.0,0.0,mlp_hourly_price_openloop_price_mlp_s.csv
price,Recursive,mlp,permutation,100,w_larissa_shortwave_radiation_missing,0.0,0.0,mlp_hourly_price_openloop_price_mlp_s.csv
price,Recursive,mlp,permutation,101,w_larissa_wind_gusts_10m_missing,0.0,0.0,mlp_hourly_price_openloop_price_mlp_s.csv
price,Recursive,mlp,permutation,102,w_larissa_wind_speed_10m_missing,0.0,0.0,mlp_hourly_price_openloop_price_mlp_s.csv
price,Recursive,mlp,permutation,103,w_larissa_cloud_cover_missing,0.0,0.0,mlp_hourly_price_openloop_price_mlp_s.csv
price,Recursive,mlp,permutation,104,w_patras_relative_humidity_2m_missing,0.0,0.0,mlp_hourly_price_openloop_price_mlp_s.csv
price,Recursive,mlp,permutation,105,w_patras_temperature_2m_missing,0.0,0.0,mlp_hourly_price_openloop_price_mlp_s.csv
price,Recursive,mlp,permutation,106,w_thessaloniki_wind_gusts_10m_missing,0.0,0.0,mlp_hourly_price_openloop_price_mlp_s.csv
price,Recursive,mlp,permutation,107,w_thessaloniki_cloud_cover_missing,0.0,0.0,mlp_hourly_price_openloop_price_mlp_s.csv
price,Recursive,mlp,permutation,108,w_athens_precipitation_missing,0.0,0.0,mlp_hourly_price_openloop_price_mlp_s.csv
price,Recursive,mlp,permutation,109,w_athens_cloud_cover_missing,0.0,0.0,mlp_hourly_price_openloop_price_mlp_s.csv
price,Recursive,mlp,permutation,110,w_athens_wind_speed_10m_missing,0.0,0.0,mlp_hourly_price_openloop_price_mlp_s.csv
price,Recursive,mlp,permutation,111,w_athens_wind_gusts_10m_missing,0.0,0.0,mlp_hourly_price_openloop_price_mlp_s.csv
price,Recursive,mlp,permutation,112,w_athens_shortwave_radiation_missing,0.0,0.0,mlp_hourly_price_openloop_price_mlp_s.csv
price,Recursive,mlp,permutation,113,w_gr_mean_shortwave_radiation_missing,0.0,0.0,mlp_hourly_price_openloop_price_mlp_s.csv
price,Recursive,mlp,permutation,114,w_athens_relative_humidity_2m_missing,0.0,0.0,mlp_hourly_price_openloop_price_mlp_s.csv
price,Recursive,mlp,permutation,115,w_gr_mean_temperature_2m_missing,0.0,0.0,mlp_hourly_price_openloop_price_mlp_s.csv
price,Recursive,mlp,permutation,116,w_gr_mean_relative_humidity_2m_missing,0.0,0.0,mlp_hourly_price_openloop_price_mlp_s.csv
price,Recursive,mlp,permutation,117,w_gr_mean_precipitation_missing,0.0,0.0,mlp_hourly_price_openloop_price_mlp_s.csv
price,Recursive,mlp,permutation,118,w_gr_mean_cloud_cover_missing,0.0,0.0,mlp_hourly_price_openloop_price_mlp_s.csv
price,Recursive,mlp,permutation,119,w_gr_mean_wind_speed_10m_missing,0.0,0.0,mlp_hourly_price_openloop_price_mlp_s.csv
price,Recursive,mlp,permutation,120,w_gr_mean_wind_gusts_10m_missing,0.0,0.0,mlp_hourly_price_openloop_price_mlp_s.csv
price,Recursive,mlp,permutation,121,w_patras_relative_humidity_2m,0.0,0.0,mlp_hourly_price_openloop_price_mlp_s.csv
price,Recursive,mlp,permutation,122,w_thessaloniki_shortwave_radiation,0.0,0.0,mlp_hourly_price_openloop_price_mlp_s.csv
price,Recursive,mlp,permutation,123,w_thessaloniki_cloud_cover,0.0,0.0,mlp_hourly_price_openloop_price_mlp_s.csv
price,Recursive,mlp,permutation,124,w_thessaloniki_wind_speed_10m,0.0,0.0,mlp_hourly_price_openloop_price_mlp_s.csv
price,Recursive,mlp,permutation,125,w_thessaloniki_precipitation,0.0,0.0,mlp_hourly_price_openloop_price_mlp_s.csv
price,Recursive,mlp,permutation,126,w_patras_cloud_cover,0.0,0.0,mlp_hourly_price_openloop_price_mlp_s.csv
price,Recursive,mlp,permutation,127,w_heraklion_wind_gusts_10m,0.0,0.0,mlp_hourly_price_openloop_price_mlp_s.csv
price,Recursive,mlp,permutation,128,w_heraklion_temperature_2m,0.0,0.0,mlp_hourly_price_openloop_price_mlp_s.csv
price,Recursive,mlp,permutation,129,w_larissa_relative_humidity_2m,0.0,0.0,mlp_hourly_price_openloop_price_mlp_s.csv
price,Recursive,mlp,permutation,130,w_larissa_precipitation,0.0,0.0,mlp_hourly_price_openloop_price_mlp_s.csv
price,Recursive,mlp,permutation,131,w_patras_shortwave_radiation_missing,0.0,0.0,mlp_hourly_price_openloop_price_mlp_s.csv
price,Recursive,mlp,permutation,132,w_patras_wind_gusts_10m_missing,0.0,0.0,mlp_hourly_price_openloop_price_mlp_s.csv
price,Recursive,mlp,permutation,133,w_patras_wind_speed_10m_missing,0.0,0.0,mlp_hourly_price_openloop_price_mlp_s.csv
price,Recursive,mlp,permutation,134,w_patras_cloud_cover_missing,0.0,0.0,mlp_hourly_price_openloop_price_mlp_s.csv
price,Recursive,mlp,permutation,135,w_patras_precipitation_missing,0.0,0.0,mlp_hourly_price_openloop_price_mlp_s.csv
price,Recursive,mlp,permutation,136,w_heraklion_cloud_cover_missing,0.0,0.0,mlp_hourly_price_openloop_price_mlp_s.csv
price,Recursive,mlp,permutation,137,load_lag3,0.0,0.0,mlp_hourly_price_openloop_price_mlp_s.csv
price,Recursive,mlp,permutation,138,w_heraklion_wind_speed_10m_missing,0.0,0.0,mlp_hourly_price_openloop_price_mlp_s.csv
price,Recursive,mlp,permutation,139,w_heraklion_wind_gusts_10m_missing,0.0,0.0,mlp_hourly_price_openloop_price_mlp_s.csv
price,Recursive,mlp,permutation,140,w_heraklion_shortwave_radiation_missing,0.0,0.0,mlp_hourly_price_openloop_price_mlp_s.csv
price,Recursive,mlp,permutation,141,gas_lag1,0.0,0.0,mlp_hourly_price_openloop_price_mlp_s.csv
price,Recursive,mlp,permutation,142,gas_lag3,0.0,0.0,mlp_hourly_price_openloop_price_mlp_s.csv
price,Recursive,mlp,permutation,143,gas_lag6,0.0,0.0,mlp_hourly_price_openloop_price_mlp_s.csv
price,Recursive,mlp,permutation,144,gas_lag12,0.0,0.0,mlp_hourly_price_openloop_price_mlp_s.csv
price,Recursive,mlp,permutation,145,co2_lag6,0.0,0.0,mlp_hourly_price_openloop_price_mlp_s.csv
price,Recursive,mlp,permutation,146,gas_lag24,0.0,0.0,mlp_hourly_price_openloop_price_mlp_s.csv
price,Recursive,mlp,permutation,147,gas_lag168,0.0,0.0,mlp_hourly_price_openloop_price_mlp_s.csv
price,Recursive,mlp,permutation,148,co2_lag1,0.0,0.0,mlp_hourly_price_openloop_price_mlp_s.csv
price,Recursive,mlp,permutation,149,co2_lag48,0.0,0.0,mlp_hourly_price_openloop_price_mlp_s.csv
price,Recursive,mlp,permutation,150,co2_lag168,0.0,0.0,mlp_hourly_price_openloop_price_mlp_s.csv
price,Recursive,mlp,permutation,151,gen_wind_lag1,0.0,0.0,mlp_hourly_price_openloop_price_mlp_s.csv
price,Recursive,mlp,permutation,152,load_fc,0.0,0.0,mlp_hourly_price_openloop_price_mlp_s.csv
price,Recursive,rf,MDI (impurity),1,y_lag1,0.115607,11.561,rf_hourly_price_openloop_price_rf_s.csv
price,Recursive,rf,MDI (impurity),2,y_lag2,0.088253,8.825,rf_hourly_price_openloop_price_rf_s.csv
price,Recursive,rf,MDI (impurity),3,y_lag24,0.083829,8.383,rf_hourly_price_openloop_price_rf_s.csv
price,Recursive,rf,MDI (impurity),4,y_lag48,0.05851,5.851,rf_hourly_price_openloop_price_rf_s.csv
price,Recursive,rf,MDI (impurity),5,y_roll24,0.057719,5.772,rf_hourly_price_openloop_price_rf_s.csv
price,Recursive,rf,MDI (impurity),6,y_lag168,0.052443,5.244,rf_hourly_price_openloop_price_rf_s.csv
price,Recursive,rf,MDI (impurity),7,gas_lag168,0.047238,4.724,rf_hourly_price_openloop_price_rf_s.csv
price,Recursive,rf,MDI (impurity),8,y_roll168,0.038502,3.85,rf_hourly_price_openloop_price_rf_s.csv
price,Recursive,rf,MDI (impurity),9,gas_lag12,0.036774,3.677,rf_hourly_price_openloop_price_rf_s.csv
price,Recursive,rf,MDI (impurity),10,gas_lag24,0.034536,3.454,rf_hourly_price_openloop_price_rf_s.csv
price,Recursive,rf,MDI (impurity),11,gas_lag48,0.032378,3.238,rf_hourly_price_openloop_price_rf_s.csv
price,Recursive,rf,MDI (impurity),12,y_lag3,0.031164,3.116,rf_hourly_price_openloop_price_rf_s.csv
price,Recursive,rf,MDI (impurity),13,gas_lag2,0.030339,3.034,rf_hourly_price_openloop_price_rf_s.csv
price,Recursive,rf,MDI (impurity),14,gas_lag6,0.029751,2.975,rf_hourly_price_openloop_price_rf_s.csv
price,Recursive,rf,MDI (impurity),15,gas_price,0.027789,2.779,rf_hourly_price_openloop_price_rf_s.csv
price,Recursive,rf,MDI (impurity),16,gas_lag3,0.026104,2.61,rf_hourly_price_openloop_price_rf_s.csv
price,Recursive,rf,MDI (impurity),17,gas_lag1,0.024388,2.439,rf_hourly_price_openloop_price_rf_s.csv
price,Recursive,rf,MDI (impurity),18,y_lag12,0.015614,1.561,rf_hourly_price_openloop_price_rf_s.csv
price,Recursive,rf,MDI (impurity),19,y_lag6,0.014553,1.455,rf_hourly_price_openloop_price_rf_s.csv
price,Recursive,rf,MDI (impurity),20,co2_price,0.008493,0.849,rf_hourly_price_openloop_price_rf_s.csv
price,Recursive,rf,MDI (impurity),21,co2_lag3,0.008212,0.821,rf_hourly_price_openloop_price_rf_s.csv
price,Recursive,rf,MDI (impurity),22,co2_lag1,0.007115,0.712,rf_hourly_price_openloop_price_rf_s.csv
price,Recursive,rf,MDI (impurity),23,residual_load_lag1,0.006879,0.688,rf_hourly_price_openloop_price_rf_s.csv
price,Recursive,rf,MDI (impurity),24,co2_lag168,0.006401,0.64,rf_hourly_price_openloop_price_rf_s.csv
price,Recursive,rf,MDI (impurity),25,co2_lag2,0.005972,0.597,rf_hourly_price_openloop_price_rf_s.csv
price,Recursive,rf,MDI (impurity),26,co2_lag48,0.005038,0.504,rf_hourly_price_openloop_price_rf_s.csv
price,Recursive,rf,MDI (impurity),27,co2_lag24,0.004722,0.472,rf_hourly_price_openloop_price_rf_s.csv
price,Recursive,rf,MDI (impurity),28,co2_lag6,0.004364,0.436,rf_hourly_price_openloop_price_rf_s.csv
price,Recursive,rf,MDI (impurity),29,hour_sin,0.004237,0.424,rf_hourly_price_openloop_price_rf_s.csv
price,Recursive,rf,MDI (impurity),30,gen_fc_dayahead,0.004223,0.422,rf_hourly_price_openloop_price_rf_s.csv
price,Recursive,rf,MDI (impurity),31,residual_load_lag24,0.003326,0.333,rf_hourly_price_openloop_price_rf_s.csv
price,Recursive,rf,MDI (impurity),32,co2_lag12,0.0033,0.33,rf_hourly_price_openloop_price_rf_s.csv
price,Recursive,rf,MDI (impurity),33,hour,0.003188,0.319,rf_hourly_price_openloop_price_rf_s.csv
price,Recursive,rf,MDI (impurity),34,residual_load_lag2,0.003123,0.312,rf_hourly_price_openloop_price_rf_s.csv
price,Recursive,rf,MDI (impurity),35,residual_load_lag168,0.002137,0.214,rf_hourly_price_openloop_price_rf_s.csv
price,Recursive,rf,MDI (impurity),36,hour_cos,0.002073,0.207,rf_hourly_price_openloop_price_rf_s.csv
price,Recursive,rf,MDI (impurity),37,load_lag168,0.001962,0.196,rf_hourly_price_openloop_price_rf_s.csv
price,Recursive,rf,MDI (impurity),38,gen_solar_lag24,0.001824,0.182,rf_hourly_price_openloop_price_rf_s.csv
price,Recursive,rf,MDI (impurity),39,gen_solar_lag1,0.001809,0.181,rf_hourly_price_openloop_price_rf_s.csv
price,Recursive,rf,MDI (impurity),40,load_lag1,0.001793,0.179,rf_hourly_price_openloop_price_rf_s.csv
price,Recursive,rf,MDI (impurity),41,w_patras_temperature_2m,0.001783,0.178,rf_hourly_price_openloop_price_rf_s.csv
price,Recursive,rf,MDI (impurity),42,w_patras_shortwave_radiation,0.001756,0.176,rf_hourly_price_openloop_price_rf_s.csv
price,Recursive,rf,MDI (impurity),43,gen_solar_lag2,0.001755,0.175,rf_hourly_price_openloop_price_rf_s.csv
price,Recursive,rf,MDI (impurity),44,residual_load_lag48,0.001751,0.175,rf_hourly_price_openloop_price_rf_s.csv
price,Recursive,rf,MDI (impurity),45,load_lag6,0.001726,0.173,rf_hourly_price_openloop_price_rf_s.csv
price,Recursive,rf,MDI (impurity),46,wind_onshore_fc_dayahead,0.001687,0.169,rf_hourly_price_openloop_price_rf_s.csv
price,Recursive,rf,MDI (impurity),47,gen_solar_lag48,0.00166,0.166,rf_hourly_price_openloop_price_rf_s.csv
price,Recursive,rf,MDI (impurity),48,solar_fc_dayahead,0.00159,0.159,rf_hourly_price_openloop_price_rf_s.csv
price,Recursive,rf,MDI (impurity),49,residual_load_lag3,0.001483,0.148,rf_hourly_price_openloop_price_rf_s.csv
price,Recursive,rf,MDI (impurity),50,w_gr_mean_shortwave_radiation,0.001483,0.148,rf_hourly_price_openloop_price_rf_s.csv
price,Recursive,rf,MDI (impurity),51,load_fc,0.001452,0.145,rf_hourly_price_openloop_price_rf_s.csv
price,Recursive,rf,MDI (impurity),52,w_larissa_shortwave_radiation,0.001444,0.144,rf_hourly_price_openloop_price_rf_s.csv
price,Recursive,rf,MDI (impurity),53,w_gr_mean_temperature_2m,0.001438,0.144,rf_hourly_price_openloop_price_rf_s.csv
price,Recursive,rf,MDI (impurity),54,load_lag24,0.001438,0.144,rf_hourly_price_openloop_price_rf_s.csv
price,Recursive,rf,MDI (impurity),55,w_heraklion_temperature_2m,0.001421,0.142,rf_hourly_price_openloop_price_rf_s.csv
price,Recursive,rf,MDI (impurity),56,w_athens_temperature_2m,0.001291,0.129,rf_hourly_price_openloop_price_rf_s.csv
price,Recursive,rf,MDI (impurity),57,gen_solar_lag168,0.001289,0.129,rf_hourly_price_openloop_price_rf_s.csv
price,Recursive,rf,MDI (impurity),58,residual_load_lag6,0.001266,0.127,rf_hourly_price_openloop_price_rf_s.csv
price,Recursive,rf,MDI (impurity),59,load_lag2,0.001262,0.126,rf_hourly_price_openloop_price_rf_s.csv
price,Recursive,rf,MDI (impurity),60,load_lag3,0.001257,0.126,rf_hourly_price_openloop_price_rf_s.csv
price,Recursive,rf,MDI (impurity),61,w_larissa_temperature_2m,0.001213,0.121,rf_hourly_price_openloop_price_rf_s.csv
price,Recursive,rf,MDI (impurity),62,w_gr_mean_wind_gusts_10m,0.001191,0.119,rf_hourly_price_openloop_price_rf_s.csv
price,Recursive,rf,MDI (impurity),63,gen_wind_lag1,0.001187,0.119,rf_hourly_price_openloop_price_rf_s.csv
price,Recursive,rf,MDI (impurity),64,dow,0.001109,0.111,rf_hourly_price_openloop_price_rf_s.csv
price,Recursive,rf,MDI (impurity),65,w_thessaloniki_temperature_2m,0.001097,0.11,rf_hourly_price_openloop_price_rf_s.csv
price,Recursive,rf,MDI (impurity),66,gen_wind_lag2,0.001095,0.109,rf_hourly_price_openloop_price_rf_s.csv
price,Recursive,rf,MDI (impurity),67,load_lag48,0.001011,0.101,rf_hourly_price_openloop_price_rf_s.csv
price,Recursive,rf,MDI (impurity),68,w_gr_mean_wind_speed_10m,0.000989,0.099,rf_hourly_price_openloop_price_rf_s.csv
price,Recursive,rf,MDI (impurity),69,load_lag12,0.000975,0.098,rf_hourly_price_openloop_price_rf_s.csv
price,Recursive,rf,MDI (impurity),70,gen_wind_lag168,0.000923,0.092,rf_hourly_price_openloop_price_rf_s.csv
price,Recursive,rf,MDI (impurity),71,gen_wind_lag48,0.000905,0.091,rf_hourly_price_openloop_price_rf_s.csv
price,Recursive,rf,MDI (impurity),72,w_athens_wind_gusts_10m,0.000888,0.089,rf_hourly_price_openloop_price_rf_s.csv
price,Recursive,rf,MDI (impurity),73,residual_load_lag12,0.000835,0.083,rf_hourly_price_openloop_price_rf_s.csv
price,Recursive,rf,MDI (impurity),74,w_heraklion_wind_speed_10m,0.000831,0.083,rf_hourly_price_openloop_price_rf_s.csv
price,Recursive,rf,MDI (impurity),75,w_gr_mean_relative_humidity_2m,0.00083,0.083,rf_hourly_price_openloop_price_rf_s.csv
price,Recursive,rf,MDI (impurity),76,w_heraklion_wind_gusts_10m,0.000827,0.083,rf_hourly_price_openloop_price_rf_s.csv
price,Recursive,rf,MDI (impurity),77,w_larissa_relative_humidity_2m,0.000774,0.077,rf_hourly_price_openloop_price_rf_s.csv
price,Recursive,rf,MDI (impurity),78,w_athens_wind_speed_10m,0.000773,0.077,rf_hourly_price_openloop_price_rf_s.csv
price,Recursive,rf,MDI (impurity),79,dow_sin,0.000767,0.077,rf_hourly_price_openloop_price_rf_s.csv
price,Recursive,rf,MDI (impurity),80,gen_wind_lag24,0.000765,0.077,rf_hourly_price_openloop_price_rf_s.csv
price,Recursive,rf,MDI (impurity),81,w_thessaloniki_wind_gusts_10m,0.000748,0.075,rf_hourly_price_openloop_price_rf_s.csv
price,Recursive,rf,MDI (impurity),82,w_athens_relative_humidity_2m,0.000745,0.075,rf_hourly_price_openloop_price_rf_s.csv
price,Recursive,rf,MDI (impurity),83,w_thessaloniki_relative_humidity_2m,0.000723,0.072,rf_hourly_price_openloop_price_rf_s.csv
price,Recursive,rf,MDI (impurity),84,w_heraklion_relative_humidity_2m,0.000693,0.069,rf_hourly_price_openloop_price_rf_s.csv
price,Recursive,rf,MDI (impurity),85,w_thessaloniki_wind_speed_10m,0.000663,0.066,rf_hourly_price_openloop_price_rf_s.csv
price,Recursive,rf,MDI (impurity),86,w_heraklion_shortwave_radiation,0.000653,0.065,rf_hourly_price_openloop_price_rf_s.csv
price,Recursive,rf,MDI (impurity),87,w_patras_relative_humidity_2m,0.000652,0.065,rf_hourly_price_openloop_price_rf_s.csv
price,Recursive,rf,MDI (impurity),88,w_patras_wind_gusts_10m,0.000645,0.065,rf_hourly_price_openloop_price_rf_s.csv
price,Recursive,rf,MDI (impurity),89,w_larissa_wind_gusts_10m,0.00064,0.064,rf_hourly_price_openloop_price_rf_s.csv
price,Recursive,rf,MDI (impurity),90,w_gr_mean_cloud_cover,0.000607,0.061,rf_hourly_price_openloop_price_rf_s.csv
price,Recursive,rf,MDI (impurity),91,w_patras_wind_speed_10m,0.000602,0.06,rf_hourly_price_openloop_price_rf_s.csv
price,Recursive,rf,MDI (impurity),92,w_thessaloniki_shortwave_radiation,0.000555,0.056,rf_hourly_price_openloop_price_rf_s.csv
price,Recursive,rf,MDI (impurity),93,w_athens_shortwave_radiation,0.000551,0.055,rf_hourly_price_openloop_price_rf_s.csv
price,Recursive,rf,MDI (impurity),94,w_larissa_wind_speed_10m,0.000549,0.055,rf_hourly_price_openloop_price_rf_s.csv
price,Recursive,rf,MDI (impurity),95,dow_cos,0.000427,0.043,rf_hourly_price_openloop_price_rf_s.csv
price,Recursive,rf,MDI (impurity),96,w_larissa_cloud_cover,0.000398,0.04,rf_hourly_price_openloop_price_rf_s.csv
price,Recursive,rf,MDI (impurity),97,w_patras_cloud_cover,0.000381,0.038,rf_hourly_price_openloop_price_rf_s.csv
price,Recursive,rf,MDI (impurity),98,w_heraklion_cloud_cover,0.000375,0.037,rf_hourly_price_openloop_price_rf_s.csv
price,Recursive,rf,MDI (impurity),99,w_thessaloniki_cloud_cover,0.000345,0.035,rf_hourly_price_openloop_price_rf_s.csv
price,Recursive,rf,MDI (impurity),100,w_athens_cloud_cover,0.000319,0.032,rf_hourly_price_openloop_price_rf_s.csv
price,Recursive,rf,MDI (impurity),101,solar_fc_dayahead_missing,0.000249,0.025,rf_hourly_price_openloop_price_rf_s.csv
price,Recursive,rf,MDI (impurity),102,wind_onshore_fc_dayahead_missing,0.000245,0.025,rf_hourly_price_openloop_price_rf_s.csv
price,Recursive,rf,MDI (impurity),103,w_heraklion_wind_gusts_10m_missing,0.000223,0.022,rf_hourly_price_openloop_price_rf_s.csv
price,Recursive,rf,MDI (impurity),104,w_gr_mean_precipitation,0.000219,0.022,rf_hourly_price_openloop_price_rf_s.csv
price,Recursive,rf,MDI (impurity),105,w_thessaloniki_precipitation_missing,0.000182,0.018,rf_hourly_price_openloop_price_rf_s.csv
price,Recursive,rf,MDI (impurity),106,w_heraklion_shortwave_radiation_missing,0.000178,0.018,rf_hourly_price_openloop_price_rf_s.csv
price,Recursive,rf,MDI (impurity),107,w_heraklion_wind_speed_10m_missing,0.000175,0.018,rf_hourly_price_openloop_price_rf_s.csv
price,Recursive,rf,MDI (impurity),108,w_heraklion_relative_humidity_2m_missing,0.000175,0.018,rf_hourly_price_openloop_price_rf_s.csv
price,Recursive,rf,MDI (impurity),109,w_thessaloniki_temperature_2m_missing,0.000155,0.016,rf_hourly_price_openloop_price_rf_s.csv
price,Recursive,rf,MDI (impurity),110,w_patras_precipitation,0.000145,0.015,rf_hourly_price_openloop_price_rf_s.csv
price,Recursive,rf,MDI (impurity),111,w_heraklion_cloud_cover_missing,0.000125,0.013,rf_hourly_price_openloop_price_rf_s.csv
price,Recursive,rf,MDI (impurity),112,w_athens_wind_gusts_10m_missing,0.000122,0.012,rf_hourly_price_openloop_price_rf_s.csv
price,Recursive,rf,MDI (impurity),113,w_athens_precipitation_missing,0.000118,0.012,rf_hourly_price_openloop_price_rf_s.csv
price,Recursive,rf,MDI (impurity),114,w_heraklion_precipitation_missing,0.000116,0.012,rf_hourly_price_openloop_price_rf_s.csv
price,Recursive,rf,MDI (impurity),115,w_heraklion_temperature_2m_missing,0.000107,0.011,rf_hourly_price_openloop_price_rf_s.csv
price,Recursive,rf,MDI (impurity),116,w_thessaloniki_shortwave_radiation_missing,8.9e-05,0.009,rf_hourly_price_openloop_price_rf_s.csv
price,Recursive,rf,MDI (impurity),117,w_athens_shortwave_radiation_missing,8.7e-05,0.009,rf_hourly_price_openloop_price_rf_s.csv
price,Recursive,rf,MDI (impurity),118,w_athens_temperature_2m_missing,8.2e-05,0.008,rf_hourly_price_openloop_price_rf_s.csv
price,Recursive,rf,MDI (impurity),119,w_thessaloniki_relative_humidity_2m_missing,8.2e-05,0.008,rf_hourly_price_openloop_price_rf_s.csv
price,Recursive,rf,MDI (impurity),120,w_athens_cloud_cover_missing,8e-05,0.008,rf_hourly_price_openloop_price_rf_s.csv
price,Recursive,rf,MDI (impurity),121,w_thessaloniki_cloud_cover_missing,7.3e-05,0.007,rf_hourly_price_openloop_price_rf_s.csv
price,Recursive,rf,MDI (impurity),122,w_thessaloniki_wind_speed_10m_missing,6.9e-05,0.007,rf_hourly_price_openloop_price_rf_s.csv
price,Recursive,rf,MDI (impurity),123,w_thessaloniki_precipitation,6.7e-05,0.007,rf_hourly_price_openloop_price_rf_s.csv
price,Recursive,rf,MDI (impurity),124,w_thessaloniki_wind_gusts_10m_missing,6.5e-05,0.007,rf_hourly_price_openloop_price_rf_s.csv
price,Recursive,rf,MDI (impurity),125,w_larissa_precipitation,6.5e-05,0.007,rf_hourly_price_openloop_price_rf_s.csv
price,Recursive,rf,MDI (impurity),126,w_patras_cloud_cover_missing,6.1e-05,0.006,rf_hourly_price_openloop_price_rf_s.csv
price,Recursive,rf,MDI (impurity),127,w_heraklion_precipitation,6e-05,0.006,rf_hourly_price_openloop_price_rf_s.csv
price,Recursive,rf,MDI (impurity),128,w_patras_relative_humidity_2m_missing,5.9e-05,0.006,rf_hourly_price_openloop_price_rf_s.csv
price,Recursive,rf,MDI (impurity),129,w_patras_wind_gusts_10m_missing,5.4e-05,0.005,rf_hourly_price_openloop_price_rf_s.csv
price,Recursive,rf,MDI (impurity),130,w_athens_relative_humidity_2m_missing,5.1e-05,0.005,rf_hourly_price_openloop_price_rf_s.csv
price,Recursive,rf,MDI (impurity),131,w_athens_precipitation,4.7e-05,0.005,rf_hourly_price_openloop_price_rf_s.csv
price,Recursive,rf,MDI (impurity),132,w_athens_wind_speed_10m_missing,4.6e-05,0.005,rf_hourly_price_openloop_price_rf_s.csv
price,Recursive,rf,MDI (impurity),133,w_patras_temperature_2m_missing,4e-05,0.004,rf_hourly_price_openloop_price_rf_s.csv
price,Recursive,rf,MDI (impurity),134,w_patras_wind_speed_10m_missing,3.4e-05,0.003,rf_hourly_price_openloop_price_rf_s.csv
price,Recursive,rf,MDI (impurity),135,w_patras_shortwave_radiation_missing,3.2e-05,0.003,rf_hourly_price_openloop_price_rf_s.csv
price,Recursive,rf,MDI (impurity),136,w_patras_precipitation_missing,2.7e-05,0.003,rf_hourly_price_openloop_price_rf_s.csv
price,Recursive,rf,MDI (impurity),137,is_holiday,1.8e-05,0.002,rf_hourly_price_openloop_price_rf_s.csv
price,Recursive,rf,MDI (impurity),138,gen_fc_dayahead_missing,3e-06,0.0,rf_hourly_price_openloop_price_rf_s.csv
price,Recursive,rf,MDI (impurity),139,w_larissa_shortwave_radiation_missing,0.0,0.0,rf_hourly_price_openloop_price_rf_s.csv
price,Recursive,rf,MDI (impurity),140,w_larissa_cloud_cover_missing,0.0,0.0,rf_hourly_price_openloop_price_rf_s.csv
price,Recursive,rf,MDI (impurity),141,w_larissa_precipitation_missing,0.0,0.0,rf_hourly_price_openloop_price_rf_s.csv
price,Recursive,rf,MDI (impurity),142,w_larissa_relative_humidity_2m_missing,0.0,0.0,rf_hourly_price_openloop_price_rf_s.csv
price,Recursive,rf,MDI (impurity),143,w_larissa_wind_speed_10m_missing,0.0,0.0,rf_hourly_price_openloop_price_rf_s.csv
price,Recursive,rf,MDI (impurity),144,w_larissa_wind_gusts_10m_missing,0.0,0.0,rf_hourly_price_openloop_price_rf_s.csv
price,Recursive,rf,MDI (impurity),145,w_gr_mean_precipitation_missing,0.0,0.0,rf_hourly_price_openloop_price_rf_s.csv
price,Recursive,rf,MDI (impurity),146,w_gr_mean_cloud_cover_missing,0.0,0.0,rf_hourly_price_openloop_price_rf_s.csv
price,Recursive,rf,MDI (impurity),147,w_gr_mean_temperature_2m_missing,0.0,0.0,rf_hourly_price_openloop_price_rf_s.csv
price,Recursive,rf,MDI (impurity),148,w_gr_mean_relative_humidity_2m_missing,0.0,0.0,rf_hourly_price_openloop_price_rf_s.csv
price,Recursive,rf,MDI (impurity),149,w_gr_mean_wind_speed_10m_missing,0.0,0.0,rf_hourly_price_openloop_price_rf_s.csv
price,Recursive,rf,MDI (impurity),150,w_gr_mean_wind_gusts_10m_missing,0.0,0.0,rf_hourly_price_openloop_price_rf_s.csv
price,Recursive,rf,MDI (impurity),151,w_larissa_temperature_2m_missing,0.0,0.0,rf_hourly_price_openloop_price_rf_s.csv
price,Recursive,rf,MDI (impurity),152,w_gr_mean_shortwave_radiation_missing,0.0,0.0,rf_hourly_price_openloop_price_rf_s.csv
price,Recursive,svr,permutation,1,y_lag1,0.305587,30.559,svr_hourly_price_openloop_price_svr_s.csv
price,Recursive,svr,permutation,2,solar_fc_dayahead,0.053835,5.384,svr_hourly_price_openloop_price_svr_s.csv
price,Recursive,svr,permutation,3,gen_fc_dayahead,0.049148,4.915,svr_hourly_price_openloop_price_svr_s.csv
price,Recursive,svr,permutation,4,residual_load_lag1,0.0432,4.32,svr_hourly_price_openloop_price_svr_s.csv
price,Recursive,svr,permutation,5,gen_solar_lag1,0.040603,4.06,svr_hourly_price_openloop_price_svr_s.csv
price,Recursive,svr,permutation,6,wind_onshore_fc_dayahead,0.033096,3.31,svr_hourly_price_openloop_price_svr_s.csv
price,Recursive,svr,permutation,7,y_lag24,0.031956,3.196,svr_hourly_price_openloop_price_svr_s.csv
price,Recursive,svr,permutation,8,residual_load_lag2,0.03028,3.028,svr_hourly_price_openloop_price_svr_s.csv
price,Recursive,svr,permutation,9,gen_solar_lag2,0.024036,2.404,svr_hourly_price_openloop_price_svr_s.csv
price,Recursive,svr,permutation,10,gen_wind_lag2,0.019308,1.931,svr_hourly_price_openloop_price_svr_s.csv
price,Recursive,svr,permutation,11,residual_load_lag3,0.018021,1.802,svr_hourly_price_openloop_price_svr_s.csv
price,Recursive,svr,permutation,12,w_patras_temperature_2m,0.014076,1.408,svr_hourly_price_openloop_price_svr_s.csv
price,Recursive,svr,permutation,13,load_lag1,0.011334,1.133,svr_hourly_price_openloop_price_svr_s.csv
price,Recursive,svr,permutation,14,w_patras_precipitation,0.010381,1.038,svr_hourly_price_openloop_price_svr_s.csv
price,Recursive,svr,permutation,15,w_gr_mean_wind_gusts_10m,0.010257,1.026,svr_hourly_price_openloop_price_svr_s.csv
price,Recursive,svr,permutation,16,load_lag3,0.009997,1.0,svr_hourly_price_openloop_price_svr_s.csv
price,Recursive,svr,permutation,17,gen_wind_lag1,0.009628,0.963,svr_hourly_price_openloop_price_svr_s.csv
price,Recursive,svr,permutation,18,load_lag2,0.009157,0.916,svr_hourly_price_openloop_price_svr_s.csv
price,Recursive,svr,permutation,19,y_lag48,0.008876,0.888,svr_hourly_price_openloop_price_svr_s.csv
price,Recursive,svr,permutation,20,y_lag2,0.007821,0.782,svr_hourly_price_openloop_price_svr_s.csv
price,Recursive,svr,permutation,21,dow,0.007635,0.763,svr_hourly_price_openloop_price_svr_s.csv
price,Recursive,svr,permutation,22,gen_solar_lag24,0.007502,0.75,svr_hourly_price_openloop_price_svr_s.csv
price,Recursive,svr,permutation,23,w_patras_shortwave_radiation,0.007422,0.742,svr_hourly_price_openloop_price_svr_s.csv
price,Recursive,svr,permutation,24,hour_cos,0.007331,0.733,svr_hourly_price_openloop_price_svr_s.csv
price,Recursive,svr,permutation,25,w_larissa_shortwave_radiation,0.007248,0.725,svr_hourly_price_openloop_price_svr_s.csv
price,Recursive,svr,permutation,26,gen_solar_lag168,0.007186,0.719,svr_hourly_price_openloop_price_svr_s.csv
price,Recursive,svr,permutation,27,gen_wind_lag168,0.006599,0.66,svr_hourly_price_openloop_price_svr_s.csv
price,Recursive,svr,permutation,28,y_roll24,0.006586,0.659,svr_hourly_price_openloop_price_svr_s.csv
price,Recursive,svr,permutation,29,wind_onshore_fc_dayahead_missing,0.006459,0.646,svr_hourly_price_openloop_price_svr_s.csv
price,Recursive,svr,permutation,30,y_lag3,0.006334,0.633,svr_hourly_price_openloop_price_svr_s.csv
price,Recursive,svr,permutation,31,load_lag12,0.006306,0.631,svr_hourly_price_openloop_price_svr_s.csv
price,Recursive,svr,permutation,32,residual_load_lag168,0.00606,0.606,svr_hourly_price_openloop_price_svr_s.csv
price,Recursive,svr,permutation,33,hour,0.005993,0.599,svr_hourly_price_openloop_price_svr_s.csv
price,Recursive,svr,permutation,34,w_gr_mean_shortwave_radiation,0.005815,0.582,svr_hourly_price_openloop_price_svr_s.csv
price,Recursive,svr,permutation,35,load_lag48,0.00567,0.567,svr_hourly_price_openloop_price_svr_s.csv
price,Recursive,svr,permutation,36,hour_sin,0.005464,0.546,svr_hourly_price_openloop_price_svr_s.csv
price,Recursive,svr,permutation,37,residual_load_lag6,0.00541,0.541,svr_hourly_price_openloop_price_svr_s.csv
price,Recursive,svr,permutation,38,w_larissa_wind_gusts_10m,0.005175,0.518,svr_hourly_price_openloop_price_svr_s.csv
price,Recursive,svr,permutation,39,w_heraklion_shortwave_radiation,0.005105,0.51,svr_hourly_price_openloop_price_svr_s.csv
price,Recursive,svr,permutation,40,residual_load_lag48,0.00502,0.502,svr_hourly_price_openloop_price_svr_s.csv
price,Recursive,svr,permutation,41,is_holiday,0.004696,0.47,svr_hourly_price_openloop_price_svr_s.csv
price,Recursive,svr,permutation,42,w_patras_wind_speed_10m,0.004442,0.444,svr_hourly_price_openloop_price_svr_s.csv
price,Recursive,svr,permutation,43,w_heraklion_wind_gusts_10m,0.004364,0.436,svr_hourly_price_openloop_price_svr_s.csv
price,Recursive,svr,permutation,44,load_lag168,0.004337,0.434,svr_hourly_price_openloop_price_svr_s.csv
price,Recursive,svr,permutation,45,w_gr_mean_wind_speed_10m,0.004162,0.416,svr_hourly_price_openloop_price_svr_s.csv
price,Recursive,svr,permutation,46,w_patras_wind_gusts_10m,0.00404,0.404,svr_hourly_price_openloop_price_svr_s.csv
price,Recursive,svr,permutation,47,residual_load_lag24,0.004008,0.401,svr_hourly_price_openloop_price_svr_s.csv
price,Recursive,svr,permutation,48,gen_solar_lag48,0.003964,0.396,svr_hourly_price_openloop_price_svr_s.csv
price,Recursive,svr,permutation,49,load_lag24,0.00366,0.366,svr_hourly_price_openloop_price_svr_s.csv
price,Recursive,svr,permutation,50,w_athens_temperature_2m,0.003579,0.358,svr_hourly_price_openloop_price_svr_s.csv
price,Recursive,svr,permutation,51,residual_load_lag12,0.00353,0.353,svr_hourly_price_openloop_price_svr_s.csv
price,Recursive,svr,permutation,52,w_gr_mean_temperature_2m,0.003482,0.348,svr_hourly_price_openloop_price_svr_s.csv
price,Recursive,svr,permutation,53,w_patras_cloud_cover,0.00338,0.338,svr_hourly_price_openloop_price_svr_s.csv
price,Recursive,svr,permutation,54,w_thessaloniki_relative_humidity_2m,0.003363,0.336,svr_hourly_price_openloop_price_svr_s.csv
price,Recursive,svr,permutation,55,load_lag6,0.003315,0.332,svr_hourly_price_openloop_price_svr_s.csv
price,Recursive,svr,permutation,56,w_larissa_cloud_cover,0.003038,0.304,svr_hourly_price_openloop_price_svr_s.csv
price,Recursive,svr,permutation,57,y_lag6,0.002931,0.293,svr_hourly_price_openloop_price_svr_s.csv
price,Recursive,svr,permutation,58,w_patras_relative_humidity_2m,0.002872,0.287,svr_hourly_price_openloop_price_svr_s.csv
price,Recursive,svr,permutation,59,solar_fc_dayahead_missing,0.002852,0.285,svr_hourly_price_openloop_price_svr_s.csv
price,Recursive,svr,permutation,60,gen_wind_lag24,0.002835,0.284,svr_hourly_price_openloop_price_svr_s.csv
price,Recursive,svr,permutation,61,dow_cos,0.00277,0.277,svr_hourly_price_openloop_price_svr_s.csv
price,Recursive,svr,permutation,62,w_thessaloniki_wind_gusts_10m,0.002677,0.268,svr_hourly_price_openloop_price_svr_s.csv
price,Recursive,svr,permutation,63,w_athens_wind_gusts_10m,0.002674,0.267,svr_hourly_price_openloop_price_svr_s.csv
price,Recursive,svr,permutation,64,w_larissa_wind_speed_10m,0.002623,0.262,svr_hourly_price_openloop_price_svr_s.csv
price,Recursive,svr,permutation,65,w_larissa_relative_humidity_2m,0.002492,0.249,svr_hourly_price_openloop_price_svr_s.csv
price,Recursive,svr,permutation,66,dow_sin,0.002223,0.222,svr_hourly_price_openloop_price_svr_s.csv
price,Recursive,svr,permutation,67,y_lag12,0.002051,0.205,svr_hourly_price_openloop_price_svr_s.csv
price,Recursive,svr,permutation,68,w_heraklion_wind_speed_10m,0.002025,0.202,svr_hourly_price_openloop_price_svr_s.csv
price,Recursive,svr,permutation,69,load_fc,0.001867,0.187,svr_hourly_price_openloop_price_svr_s.csv
price,Recursive,svr,permutation,70,w_heraklion_cloud_cover,0.001801,0.18,svr_hourly_price_openloop_price_svr_s.csv
price,Recursive,svr,permutation,71,w_thessaloniki_relative_humidity_2m_missing,0.001564,0.156,svr_hourly_price_openloop_price_svr_s.csv
price,Recursive,svr,permutation,72,w_athens_wind_speed_10m,0.001545,0.154,svr_hourly_price_openloop_price_svr_s.csv
price,Recursive,svr,permutation,73,w_athens_relative_humidity_2m,0.001534,0.153,svr_hourly_price_openloop_price_svr_s.csv
price,Recursive,svr,permutation,74,w_thessaloniki_wind_gusts_10m_missing,0.001399,0.14,svr_hourly_price_openloop_price_svr_s.csv
price,Recursive,svr,permutation,75,w_athens_relative_humidity_2m_missing,0.001381,0.138,svr_hourly_price_openloop_price_svr_s.csv
price,Recursive,svr,permutation,76,co2_lag168,0.001374,0.137,svr_hourly_price_openloop_price_svr_s.csv
price,Recursive,svr,permutation,77,w_thessaloniki_wind_speed_10m,0.001326,0.133,svr_hourly_price_openloop_price_svr_s.csv
price,Recursive,svr,permutation,78,w_gr_mean_relative_humidity_2m,0.001264,0.126,svr_hourly_price_openloop_price_svr_s.csv
price,Recursive,svr,permutation,79,w_athens_wind_gusts_10m_missing,0.001243,0.124,svr_hourly_price_openloop_price_svr_s.csv
price,Recursive,svr,permutation,80,w_heraklion_temperature_2m,0.001239,0.124,svr_hourly_price_openloop_price_svr_s.csv
price,Recursive,svr,permutation,81,w_athens_shortwave_radiation_missing,0.001212,0.121,svr_hourly_price_openloop_price_svr_s.csv
price,Recursive,svr,permutation,82,w_athens_shortwave_radiation,0.001202,0.12,svr_hourly_price_openloop_price_svr_s.csv
price,Recursive,svr,permutation,83,w_thessaloniki_cloud_cover_missing,0.001162,0.116,svr_hourly_price_openloop_price_svr_s.csv
price,Recursive,svr,permutation,84,w_athens_temperature_2m_missing,0.001155,0.115,svr_hourly_price_openloop_price_svr_s.csv
price,Recursive,svr,permutation,85,w_athens_precipitation_missing,0.001124,0.112,svr_hourly_price_openloop_price_svr_s.csv
price,Recursive,svr,permutation,86,co2_lag24,0.001064,0.106,svr_hourly_price_openloop_price_svr_s.csv
price,Recursive,svr,permutation,87,w_thessaloniki_shortwave_radiation,0.001003,0.1,svr_hourly_price_openloop_price_svr_s.csv
price,Recursive,svr,permutation,88,w_gr_mean_precipitation,0.000996,0.1,svr_hourly_price_openloop_price_svr_s.csv
price,Recursive,svr,permutation,89,w_athens_wind_speed_10m_missing,0.000985,0.099,svr_hourly_price_openloop_price_svr_s.csv
price,Recursive,svr,permutation,90,w_athens_cloud_cover_missing,0.000985,0.098,svr_hourly_price_openloop_price_svr_s.csv
price,Recursive,svr,permutation,91,w_gr_mean_cloud_cover,0.000946,0.095,svr_hourly_price_openloop_price_svr_s.csv
price,Recursive,svr,permutation,92,co2_price,0.000903,0.09,svr_hourly_price_openloop_price_svr_s.csv
price,Recursive,svr,permutation,93,y_lag168,0.000848,0.085,svr_hourly_price_openloop_price_svr_s.csv
price,Recursive,svr,permutation,94,w_larissa_temperature_2m,0.000813,0.081,svr_hourly_price_openloop_price_svr_s.csv
price,Recursive,svr,permutation,95,w_athens_cloud_cover,0.000803,0.08,svr_hourly_price_openloop_price_svr_s.csv
price,Recursive,svr,permutation,96,w_thessaloniki_precipitation_missing,0.0008,0.08,svr_hourly_price_openloop_price_svr_s.csv
price,Recursive,svr,permutation,97,w_thessaloniki_wind_speed_10m_missing,0.000757,0.076,svr_hourly_price_openloop_price_svr_s.csv
price,Recursive,svr,permutation,98,co2_lag12,0.000725,0.073,svr_hourly_price_openloop_price_svr_s.csv
price,Recursive,svr,permutation,99,w_heraklion_relative_humidity_2m,0.000693,0.069,svr_hourly_price_openloop_price_svr_s.csv
price,Recursive,svr,permutation,100,w_thessaloniki_temperature_2m_missing,0.000636,0.064,svr_hourly_price_openloop_price_svr_s.csv
price,Recursive,svr,permutation,101,w_thessaloniki_temperature_2m,0.000633,0.063,svr_hourly_price_openloop_price_svr_s.csv
price,Recursive,svr,permutation,102,w_thessaloniki_shortwave_radiation_missing,0.000582,0.058,svr_hourly_price_openloop_price_svr_s.csv
price,Recursive,svr,permutation,103,co2_lag48,0.000498,0.05,svr_hourly_price_openloop_price_svr_s.csv
price,Recursive,svr,permutation,104,w_thessaloniki_precipitation,0.000446,0.045,svr_hourly_price_openloop_price_svr_s.csv
price,Recursive,svr,permutation,105,co2_lag2,0.000423,0.042,svr_hourly_price_openloop_price_svr_s.csv
price,Recursive,svr,permutation,106,co2_lag1,0.000412,0.041,svr_hourly_price_openloop_price_svr_s.csv
price,Recursive,svr,permutation,107,w_athens_precipitation,0.000236,0.024,svr_hourly_price_openloop_price_svr_s.csv
price,Recursive,svr,permutation,108,co2_lag3,0.000157,0.016,svr_hourly_price_openloop_price_svr_s.csv
price,Recursive,svr,permutation,109,gas_lag24,0.000154,0.015,svr_hourly_price_openloop_price_svr_s.csv
price,Recursive,svr,permutation,110,gas_lag6,0.000153,0.015,svr_hourly_price_openloop_price_svr_s.csv
price,Recursive,svr,permutation,111,gas_lag2,0.000115,0.011,svr_hourly_price_openloop_price_svr_s.csv
price,Recursive,svr,permutation,112,w_thessaloniki_cloud_cover,0.000111,0.011,svr_hourly_price_openloop_price_svr_s.csv
price,Recursive,svr,permutation,113,gas_lag12,0.000107,0.011,svr_hourly_price_openloop_price_svr_s.csv
price,Recursive,svr,permutation,114,gas_lag1,9.6e-05,0.01,svr_hourly_price_openloop_price_svr_s.csv
price,Recursive,svr,permutation,115,gas_lag3,8.1e-05,0.008,svr_hourly_price_openloop_price_svr_s.csv
price,Recursive,svr,permutation,116,gas_lag168,7.4e-05,0.007,svr_hourly_price_openloop_price_svr_s.csv
price,Recursive,svr,permutation,117,gas_price,3.7e-05,0.004,svr_hourly_price_openloop_price_svr_s.csv
price,Recursive,svr,permutation,118,w_heraklion_precipitation,3.5e-05,0.004,svr_hourly_price_openloop_price_svr_s.csv
price,Recursive,svr,permutation,119,gen_fc_dayahead_missing,0.0,0.0,svr_hourly_price_openloop_price_svr_s.csv
price,Recursive,svr,permutation,120,w_larissa_precipitation,0.0,0.0,svr_hourly_price_openloop_price_svr_s.csv
price,Recursive,svr,permutation,121,w_heraklion_precipitation_missing,0.0,0.0,svr_hourly_price_openloop_price_svr_s.csv
price,Recursive,svr,permutation,122,w_heraklion_relative_humidity_2m_missing,0.0,0.0,svr_hourly_price_openloop_price_svr_s.csv
price,Recursive,svr,permutation,123,w_heraklion_temperature_2m_missing,0.0,0.0,svr_hourly_price_openloop_price_svr_s.csv
price,Recursive,svr,permutation,124,w_larissa_shortwave_radiation_missing,0.0,0.0,svr_hourly_price_openloop_price_svr_s.csv
price,Recursive,svr,permutation,125,w_larissa_wind_gusts_10m_missing,0.0,0.0,svr_hourly_price_openloop_price_svr_s.csv
price,Recursive,svr,permutation,126,w_larissa_wind_speed_10m_missing,0.0,0.0,svr_hourly_price_openloop_price_svr_s.csv
price,Recursive,svr,permutation,127,w_larissa_cloud_cover_missing,0.0,0.0,svr_hourly_price_openloop_price_svr_s.csv
price,Recursive,svr,permutation,128,w_larissa_precipitation_missing,0.0,0.0,svr_hourly_price_openloop_price_svr_s.csv
price,Recursive,svr,permutation,129,w_larissa_relative_humidity_2m_missing,0.0,0.0,svr_hourly_price_openloop_price_svr_s.csv
price,Recursive,svr,permutation,130,w_larissa_temperature_2m_missing,0.0,0.0,svr_hourly_price_openloop_price_svr_s.csv
price,Recursive,svr,permutation,131,w_patras_shortwave_radiation_missing,0.0,0.0,svr_hourly_price_openloop_price_svr_s.csv
price,Recursive,svr,permutation,132,w_patras_wind_gusts_10m_missing,0.0,0.0,svr_hourly_price_openloop_price_svr_s.csv
price,Recursive,svr,permutation,133,w_patras_wind_speed_10m_missing,0.0,0.0,svr_hourly_price_openloop_price_svr_s.csv
price,Recursive,svr,permutation,134,w_patras_cloud_cover_missing,0.0,0.0,svr_hourly_price_openloop_price_svr_s.csv
price,Recursive,svr,permutation,135,w_patras_precipitation_missing,0.0,0.0,svr_hourly_price_openloop_price_svr_s.csv
price,Recursive,svr,permutation,136,w_patras_relative_humidity_2m_missing,0.0,0.0,svr_hourly_price_openloop_price_svr_s.csv
price,Recursive,svr,permutation,137,w_patras_temperature_2m_missing,0.0,0.0,svr_hourly_price_openloop_price_svr_s.csv
price,Recursive,svr,permutation,138,w_gr_mean_shortwave_radiation_missing,0.0,0.0,svr_hourly_price_openloop_price_svr_s.csv
price,Recursive,svr,permutation,139,w_gr_mean_temperature_2m_missing,0.0,0.0,svr_hourly_price_openloop_price_svr_s.csv
price,Recursive,svr,permutation,140,w_gr_mean_relative_humidity_2m_missing,0.0,0.0,svr_hourly_price_openloop_price_svr_s.csv
price,Recursive,svr,permutation,141,w_gr_mean_precipitation_missing,0.0,0.0,svr_hourly_price_openloop_price_svr_s.csv
price,Recursive,svr,permutation,142,w_gr_mean_cloud_cover_missing,0.0,0.0,svr_hourly_price_openloop_price_svr_s.csv
price,Recursive,svr,permutation,143,w_gr_mean_wind_speed_10m_missing,0.0,0.0,svr_hourly_price_openloop_price_svr_s.csv
price,Recursive,svr,permutation,144,w_gr_mean_wind_gusts_10m_missing,0.0,0.0,svr_hourly_price_openloop_price_svr_s.csv
price,Recursive,svr,permutation,145,w_heraklion_cloud_cover_missing,0.0,0.0,svr_hourly_price_openloop_price_svr_s.csv
price,Recursive,svr,permutation,146,w_heraklion_wind_speed_10m_missing,0.0,0.0,svr_hourly_price_openloop_price_svr_s.csv
price,Recursive,svr,permutation,147,w_heraklion_wind_gusts_10m_missing,0.0,0.0,svr_hourly_price_openloop_price_svr_s.csv
price,Recursive,svr,permutation,148,w_heraklion_shortwave_radiation_missing,0.0,0.0,svr_hourly_price_openloop_price_svr_s.csv
price,Recursive,svr,permutation,149,co2_lag6,0.0,0.0,svr_hourly_price_openloop_price_svr_s.csv
price,Recursive,svr,permutation,150,gas_lag48,0.0,0.0,svr_hourly_price_openloop_price_svr_s.csv
price,Recursive,svr,permutation,151,gen_wind_lag48,0.0,0.0,svr_hourly_price_openloop_price_svr_s.csv
price,Recursive,svr,permutation,152,y_roll168,0.0,0.0,svr_hourly_price_openloop_price_svr_s.csv
price,Recursive,xgb,gain,1,y_lag24,0.185055,18.505,xgb_hourly_price_openloop_daily_ss_optuna_dense_price_xgb_s.csv
price,Recursive,xgb,gain,2,y_roll24,0.139877,13.988,xgb_hourly_price_openloop_daily_ss_optuna_dense_price_xgb_s.csv
price,Recursive,xgb,gain,3,y_lag1,0.127647,12.765,xgb_hourly_price_openloop_daily_ss_optuna_dense_price_xgb_s.csv
price,Recursive,xgb,gain,4,y_lag23,0.120267,12.027,xgb_hourly_price_openloop_daily_ss_optuna_dense_price_xgb_s.csv
price,Recursive,xgb,gain,5,y_lag2,0.063023,6.302,xgb_hourly_price_openloop_daily_ss_optuna_dense_price_xgb_s.csv
price,Recursive,xgb,gain,6,y_lag48,0.054555,5.456,xgb_hourly_price_openloop_daily_ss_optuna_dense_price_xgb_s.csv
price,Recursive,xgb,gain,7,y_lag168,0.040293,4.029,xgb_hourly_price_openloop_daily_ss_optuna_dense_price_xgb_s.csv
price,Recursive,xgb,gain,8,y_lag22,0.019628,1.963,xgb_hourly_price_openloop_daily_ss_optuna_dense_price_xgb_s.csv
price,Recursive,xgb,gain,9,w_heraklion_relative_humidity_2m_missing,0.0099,0.99,xgb_hourly_price_openloop_daily_ss_optuna_dense_price_xgb_s.csv
price,Recursive,xgb,gain,10,y_lag3,0.008827,0.883,xgb_hourly_price_openloop_daily_ss_optuna_dense_price_xgb_s.csv
price,Recursive,xgb,gain,11,w_heraklion_precipitation_missing,0.0085,0.85,xgb_hourly_price_openloop_daily_ss_optuna_dense_price_xgb_s.csv
price,Recursive,xgb,gain,12,gas_lag3,0.006092,0.609,xgb_hourly_price_openloop_daily_ss_optuna_dense_price_xgb_s.csv
price,Recursive,xgb,gain,13,gas_lag1,0.005619,0.562,xgb_hourly_price_openloop_daily_ss_optuna_dense_price_xgb_s.csv
price,Recursive,xgb,gain,14,w_heraklion_cloud_cover_missing,0.005344,0.534,xgb_hourly_price_openloop_daily_ss_optuna_dense_price_xgb_s.csv
price,Recursive,xgb,gain,15,gas_lag168,0.005234,0.523,xgb_hourly_price_openloop_daily_ss_optuna_dense_price_xgb_s.csv
price,Recursive,xgb,gain,16,gas_lag2,0.005225,0.522,xgb_hourly_price_openloop_daily_ss_optuna_dense_price_xgb_s.csv
price,Recursive,xgb,gain,17,solar_fc_dayahead_missing,0.004317,0.432,xgb_hourly_price_openloop_daily_ss_optuna_dense_price_xgb_s.csv
price,Recursive,xgb,gain,18,hour_cos,0.004293,0.429,xgb_hourly_price_openloop_daily_ss_optuna_dense_price_xgb_s.csv
price,Recursive,xgb,gain,19,hour_sin,0.003895,0.389,xgb_hourly_price_openloop_daily_ss_optuna_dense_price_xgb_s.csv
price,Recursive,xgb,gain,20,w_heraklion_wind_speed_10m_missing,0.003845,0.384,xgb_hourly_price_openloop_daily_ss_optuna_dense_price_xgb_s.csv
price,Recursive,xgb,gain,21,residual_load_lag1,0.003607,0.361,xgb_hourly_price_openloop_daily_ss_optuna_dense_price_xgb_s.csv
price,Recursive,xgb,gain,22,gen_fc_dayahead,0.003363,0.336,xgb_hourly_price_openloop_daily_ss_optuna_dense_price_xgb_s.csv
price,Recursive,xgb,gain,23,gas_price,0.003339,0.334,xgb_hourly_price_openloop_daily_ss_optuna_dense_price_xgb_s.csv
price,Recursive,xgb,gain,24,w_athens_temperature_2m_missing,0.003308,0.331,xgb_hourly_price_openloop_daily_ss_optuna_dense_price_xgb_s.csv
price,Recursive,xgb,gain,25,dow,0.00312,0.312,xgb_hourly_price_openloop_daily_ss_optuna_dense_price_xgb_s.csv
price,Recursive,xgb,gain,26,w_athens_relative_humidity_2m_missing,0.003088,0.309,xgb_hourly_price_openloop_daily_ss_optuna_dense_price_xgb_s.csv
price,Recursive,xgb,gain,27,y_roll168,0.003048,0.305,xgb_hourly_price_openloop_daily_ss_optuna_dense_price_xgb_s.csv
price,Recursive,xgb,gain,28,gas_lag24,0.003043,0.304,xgb_hourly_price_openloop_daily_ss_optuna_dense_price_xgb_s.csv
price,Recursive,xgb,gain,29,y_lag21,0.002982,0.298,xgb_hourly_price_openloop_daily_ss_optuna_dense_price_xgb_s.csv
price,Recursive,xgb,gain,30,w_thessaloniki_temperature_2m,0.00296,0.296,xgb_hourly_price_openloop_daily_ss_optuna_dense_price_xgb_s.csv
price,Recursive,xgb,gain,31,gen_solar_lag24,0.002794,0.279,xgb_hourly_price_openloop_daily_ss_optuna_dense_price_xgb_s.csv
price,Recursive,xgb,gain,32,gas_lag6,0.002769,0.277,xgb_hourly_price_openloop_daily_ss_optuna_dense_price_xgb_s.csv
price,Recursive,xgb,gain,33,dow_cos,0.002757,0.276,xgb_hourly_price_openloop_daily_ss_optuna_dense_price_xgb_s.csv
price,Recursive,xgb,gain,34,gen_solar_lag1,0.002478,0.248,xgb_hourly_price_openloop_daily_ss_optuna_dense_price_xgb_s.csv
price,Recursive,xgb,gain,35,hour,0.00244,0.244,xgb_hourly_price_openloop_daily_ss_optuna_dense_price_xgb_s.csv
price,Recursive,xgb,gain,36,gen_solar_lag2,0.002411,0.241,xgb_hourly_price_openloop_daily_ss_optuna_dense_price_xgb_s.csv
price,Recursive,xgb,gain,37,solar_fc_dayahead,0.002378,0.238,xgb_hourly_price_openloop_daily_ss_optuna_dense_price_xgb_s.csv
price,Recursive,xgb,gain,38,w_heraklion_temperature_2m_missing,0.002258,0.226,xgb_hourly_price_openloop_daily_ss_optuna_dense_price_xgb_s.csv
price,Recursive,xgb,gain,39,y_lag4,0.002185,0.219,xgb_hourly_price_openloop_daily_ss_optuna_dense_price_xgb_s.csv
price,Recursive,xgb,gain,40,dow_sin,0.00213,0.213,xgb_hourly_price_openloop_daily_ss_optuna_dense_price_xgb_s.csv
price,Recursive,xgb,gain,41,co2_lag168,0.002095,0.21,xgb_hourly_price_openloop_daily_ss_optuna_dense_price_xgb_s.csv
price,Recursive,xgb,gain,42,w_patras_shortwave_radiation,0.002088,0.209,xgb_hourly_price_openloop_daily_ss_optuna_dense_price_xgb_s.csv
price,Recursive,xgb,gain,43,w_athens_wind_gusts_10m,0.002068,0.207,xgb_hourly_price_openloop_daily_ss_optuna_dense_price_xgb_s.csv
price,Recursive,xgb,gain,44,w_gr_mean_shortwave_radiation,0.002029,0.203,xgb_hourly_price_openloop_daily_ss_optuna_dense_price_xgb_s.csv
price,Recursive,xgb,gain,45,gas_lag48,0.001993,0.199,xgb_hourly_price_openloop_daily_ss_optuna_dense_price_xgb_s.csv
price,Recursive,xgb,gain,46,y_lag11,0.001923,0.192,xgb_hourly_price_openloop_daily_ss_optuna_dense_price_xgb_s.csv
price,Recursive,xgb,gain,47,w_larissa_shortwave_radiation,0.001863,0.186,xgb_hourly_price_openloop_daily_ss_optuna_dense_price_xgb_s.csv
price,Recursive,xgb,gain,48,y_lag12,0.001854,0.185,xgb_hourly_price_openloop_daily_ss_optuna_dense_price_xgb_s.csv
price,Recursive,xgb,gain,49,gen_solar_lag48,0.00183,0.183,xgb_hourly_price_openloop_daily_ss_optuna_dense_price_xgb_s.csv
price,Recursive,xgb,gain,50,wind_onshore_fc_dayahead,0.001748,0.175,xgb_hourly_price_openloop_daily_ss_optuna_dense_price_xgb_s.csv
price,Recursive,xgb,gain,51,w_patras_temperature_2m,0.001723,0.172,xgb_hourly_price_openloop_daily_ss_optuna_dense_price_xgb_s.csv
price,Recursive,xgb,gain,52,y_lag10,0.001713,0.171,xgb_hourly_price_openloop_daily_ss_optuna_dense_price_xgb_s.csv
price,Recursive,xgb,gain,53,y_lag9,0.001642,0.164,xgb_hourly_price_openloop_daily_ss_optuna_dense_price_xgb_s.csv
price,Recursive,xgb,gain,54,co2_lag12,0.001575,0.158,xgb_hourly_price_openloop_daily_ss_optuna_dense_price_xgb_s.csv
price,Recursive,xgb,gain,55,w_athens_wind_speed_10m,0.001534,0.153,xgb_hourly_price_openloop_daily_ss_optuna_dense_price_xgb_s.csv
price,Recursive,xgb,gain,56,w_gr_mean_temperature_2m,0.001529,0.153,xgb_hourly_price_openloop_daily_ss_optuna_dense_price_xgb_s.csv
price,Recursive,xgb,gain,57,residual_load_lag168,0.001515,0.151,xgb_hourly_price_openloop_daily_ss_optuna_dense_price_xgb_s.csv
price,Recursive,xgb,gain,58,w_heraklion_wind_gusts_10m,0.001511,0.151,xgb_hourly_price_openloop_daily_ss_optuna_dense_price_xgb_s.csv
price,Recursive,xgb,gain,59,co2_lag2,0.001501,0.15,xgb_hourly_price_openloop_daily_ss_optuna_dense_price_xgb_s.csv
price,Recursive,xgb,gain,60,w_gr_mean_wind_speed_10m,0.0015,0.15,xgb_hourly_price_openloop_daily_ss_optuna_dense_price_xgb_s.csv
price,Recursive,xgb,gain,61,gas_lag12,0.00149,0.149,xgb_hourly_price_openloop_daily_ss_optuna_dense_price_xgb_s.csv
price,Recursive,xgb,gain,62,load_lag6,0.001481,0.148,xgb_hourly_price_openloop_daily_ss_optuna_dense_price_xgb_s.csv
price,Recursive,xgb,gain,63,y_lag16,0.001466,0.147,xgb_hourly_price_openloop_daily_ss_optuna_dense_price_xgb_s.csv
price,Recursive,xgb,gain,64,co2_lag6,0.001464,0.146,xgb_hourly_price_openloop_daily_ss_optuna_dense_price_xgb_s.csv
price,Recursive,xgb,gain,65,w_larissa_wind_gusts_10m,0.001461,0.146,xgb_hourly_price_openloop_daily_ss_optuna_dense_price_xgb_s.csv
price,Recursive,xgb,gain,66,y_lag20,0.001461,0.146,xgb_hourly_price_openloop_daily_ss_optuna_dense_price_xgb_s.csv
price,Recursive,xgb,gain,67,co2_lag24,0.001452,0.145,xgb_hourly_price_openloop_daily_ss_optuna_dense_price_xgb_s.csv
price,Recursive,xgb,gain,68,w_heraklion_shortwave_radiation,0.001451,0.145,xgb_hourly_price_openloop_daily_ss_optuna_dense_price_xgb_s.csv
price,Recursive,xgb,gain,69,gen_wind_lag48,0.001439,0.144,xgb_hourly_price_openloop_daily_ss_optuna_dense_price_xgb_s.csv
price,Recursive,xgb,gain,70,residual_load_lag2,0.001439,0.144,xgb_hourly_price_openloop_daily_ss_optuna_dense_price_xgb_s.csv
price,Recursive,xgb,gain,71,w_heraklion_wind_speed_10m,0.001437,0.144,xgb_hourly_price_openloop_daily_ss_optuna_dense_price_xgb_s.csv
price,Recursive,xgb,gain,72,w_thessaloniki_shortwave_radiation,0.001433,0.143,xgb_hourly_price_openloop_daily_ss_optuna_dense_price_xgb_s.csv
price,Recursive,xgb,gain,73,y_lag15,0.001433,0.143,xgb_hourly_price_openloop_daily_ss_optuna_dense_price_xgb_s.csv
price,Recursive,xgb,gain,74,w_gr_mean_wind_gusts_10m,0.001425,0.143,xgb_hourly_price_openloop_daily_ss_optuna_dense_price_xgb_s.csv
price,Recursive,xgb,gain,75,gen_wind_lag1,0.001401,0.14,xgb_hourly_price_openloop_daily_ss_optuna_dense_price_xgb_s.csv
price,Recursive,xgb,gain,76,y_lag7,0.001397,0.14,xgb_hourly_price_openloop_daily_ss_optuna_dense_price_xgb_s.csv
price,Recursive,xgb,gain,77,co2_lag1,0.001397,0.14,xgb_hourly_price_openloop_daily_ss_optuna_dense_price_xgb_s.csv
price,Recursive,xgb,gain,78,residual_load_lag3,0.001374,0.137,xgb_hourly_price_openloop_daily_ss_optuna_dense_price_xgb_s.csv
price,Recursive,xgb,gain,79,gen_solar_lag168,0.001337,0.134,xgb_hourly_price_openloop_daily_ss_optuna_dense_price_xgb_s.csv
price,Recursive,xgb,gain,80,co2_lag48,0.001335,0.133,xgb_hourly_price_openloop_daily_ss_optuna_dense_price_xgb_s.csv
price,Recursive,xgb,gain,81,y_lag8,0.001327,0.133,xgb_hourly_price_openloop_daily_ss_optuna_dense_price_xgb_s.csv
price,Recursive,xgb,gain,82,y_lag5,0.001322,0.132,xgb_hourly_price_openloop_daily_ss_optuna_dense_price_xgb_s.csv
price,Recursive,xgb,gain,83,residual_load_lag24,0.001308,0.131,xgb_hourly_price_openloop_daily_ss_optuna_dense_price_xgb_s.csv
price,Recursive,xgb,gain,84,load_lag12,0.0013,0.13,xgb_hourly_price_openloop_daily_ss_optuna_dense_price_xgb_s.csv
price,Recursive,xgb,gain,85,co2_lag3,0.001292,0.129,xgb_hourly_price_openloop_daily_ss_optuna_dense_price_xgb_s.csv
price,Recursive,xgb,gain,86,w_larissa_temperature_2m,0.00128,0.128,xgb_hourly_price_openloop_daily_ss_optuna_dense_price_xgb_s.csv
price,Recursive,xgb,gain,87,load_lag3,0.00127,0.127,xgb_hourly_price_openloop_daily_ss_optuna_dense_price_xgb_s.csv
price,Recursive,xgb,gain,88,y_lag19,0.001262,0.126,xgb_hourly_price_openloop_daily_ss_optuna_dense_price_xgb_s.csv
price,Recursive,xgb,gain,89,load_lag168,0.001253,0.125,xgb_hourly_price_openloop_daily_ss_optuna_dense_price_xgb_s.csv
price,Recursive,xgb,gain,90,w_heraklion_temperature_2m,0.001253,0.125,xgb_hourly_price_openloop_daily_ss_optuna_dense_price_xgb_s.csv
price,Recursive,xgb,gain,91,w_athens_relative_humidity_2m,0.001253,0.125,xgb_hourly_price_openloop_daily_ss_optuna_dense_price_xgb_s.csv
price,Recursive,xgb,gain,92,gen_wind_lag24,0.001249,0.125,xgb_hourly_price_openloop_daily_ss_optuna_dense_price_xgb_s.csv
price,Recursive,xgb,gain,93,w_athens_shortwave_radiation,0.001247,0.125,xgb_hourly_price_openloop_daily_ss_optuna_dense_price_xgb_s.csv
price,Recursive,xgb,gain,94,w_heraklion_relative_humidity_2m,0.001238,0.124,xgb_hourly_price_openloop_daily_ss_optuna_dense_price_xgb_s.csv
price,Recursive,xgb,gain,95,y_lag13,0.001238,0.124,xgb_hourly_price_openloop_daily_ss_optuna_dense_price_xgb_s.csv
price,Recursive,xgb,gain,96,w_thessaloniki_relative_humidity_2m,0.001234,0.123,xgb_hourly_price_openloop_daily_ss_optuna_dense_price_xgb_s.csv
price,Recursive,xgb,gain,97,w_athens_temperature_2m,0.001229,0.123,xgb_hourly_price_openloop_daily_ss_optuna_dense_price_xgb_s.csv
price,Recursive,xgb,gain,98,w_larissa_cloud_cover,0.001202,0.12,xgb_hourly_price_openloop_daily_ss_optuna_dense_price_xgb_s.csv
price,Recursive,xgb,gain,99,y_lag14,0.001202,0.12,xgb_hourly_price_openloop_daily_ss_optuna_dense_price_xgb_s.csv
price,Recursive,xgb,gain,100,load_lag48,0.001197,0.12,xgb_hourly_price_openloop_daily_ss_optuna_dense_price_xgb_s.csv
price,Recursive,xgb,gain,101,residual_load_lag12,0.001196,0.12,xgb_hourly_price_openloop_daily_ss_optuna_dense_price_xgb_s.csv
price,Recursive,xgb,gain,102,gen_wind_lag2,0.001195,0.12,xgb_hourly_price_openloop_daily_ss_optuna_dense_price_xgb_s.csv
price,Recursive,xgb,gain,103,y_lag18,0.001182,0.118,xgb_hourly_price_openloop_daily_ss_optuna_dense_price_xgb_s.csv
price,Recursive,xgb,gain,104,w_thessaloniki_wind_gusts_10m,0.001178,0.118,xgb_hourly_price_openloop_daily_ss_optuna_dense_price_xgb_s.csv
price,Recursive,xgb,gain,105,co2_price,0.001173,0.117,xgb_hourly_price_openloop_daily_ss_optuna_dense_price_xgb_s.csv
price,Recursive,xgb,gain,106,load_lag2,0.001161,0.116,xgb_hourly_price_openloop_daily_ss_optuna_dense_price_xgb_s.csv
price,Recursive,xgb,gain,107,load_lag24,0.001154,0.115,xgb_hourly_price_openloop_daily_ss_optuna_dense_price_xgb_s.csv
price,Recursive,xgb,gain,108,load_lag1,0.001136,0.114,xgb_hourly_price_openloop_daily_ss_optuna_dense_price_xgb_s.csv
price,Recursive,xgb,gain,109,w_larissa_wind_speed_10m,0.001135,0.113,xgb_hourly_price_openloop_daily_ss_optuna_dense_price_xgb_s.csv
price,Recursive,xgb,gain,110,y_lag17,0.001129,0.113,xgb_hourly_price_openloop_daily_ss_optuna_dense_price_xgb_s.csv
price,Recursive,xgb,gain,111,w_patras_wind_gusts_10m,0.001127,0.113,xgb_hourly_price_openloop_daily_ss_optuna_dense_price_xgb_s.csv
price,Recursive,xgb,gain,112,w_gr_mean_relative_humidity_2m,0.001123,0.112,xgb_hourly_price_openloop_daily_ss_optuna_dense_price_xgb_s.csv
price,Recursive,xgb,gain,113,residual_load_lag6,0.001122,0.112,xgb_hourly_price_openloop_daily_ss_optuna_dense_price_xgb_s.csv
price,Recursive,xgb,gain,114,y_lag6,0.001116,0.112,xgb_hourly_price_openloop_daily_ss_optuna_dense_price_xgb_s.csv
price,Recursive,xgb,gain,115,w_larissa_relative_humidity_2m,0.001116,0.112,xgb_hourly_price_openloop_daily_ss_optuna_dense_price_xgb_s.csv
price,Recursive,xgb,gain,116,w_gr_mean_precipitation,0.00108,0.108,xgb_hourly_price_openloop_daily_ss_optuna_dense_price_xgb_s.csv
price,Recursive,xgb,gain,117,residual_load_lag48,0.00108,0.108,xgb_hourly_price_openloop_daily_ss_optuna_dense_price_xgb_s.csv
price,Recursive,xgb,gain,118,gen_wind_lag168,0.001078,0.108,xgb_hourly_price_openloop_daily_ss_optuna_dense_price_xgb_s.csv
price,Recursive,xgb,gain,119,w_thessaloniki_cloud_cover,0.001073,0.107,xgb_hourly_price_openloop_daily_ss_optuna_dense_price_xgb_s.csv
price,Recursive,xgb,gain,120,w_thessaloniki_wind_speed_10m,0.001054,0.105,xgb_hourly_price_openloop_daily_ss_optuna_dense_price_xgb_s.csv
price,Recursive,xgb,gain,121,load_fc,0.001032,0.103,xgb_hourly_price_openloop_daily_ss_optuna_dense_price_xgb_s.csv
price,Recursive,xgb,gain,122,w_gr_mean_cloud_cover,0.001029,0.103,xgb_hourly_price_openloop_daily_ss_optuna_dense_price_xgb_s.csv
price,Recursive,xgb,gain,123,w_heraklion_cloud_cover,0.001013,0.101,xgb_hourly_price_openloop_daily_ss_optuna_dense_price_xgb_s.csv
price,Recursive,xgb,gain,124,w_patras_cloud_cover,0.000972,0.097,xgb_hourly_price_openloop_daily_ss_optuna_dense_price_xgb_s.csv
price,Recursive,xgb,gain,125,w_athens_cloud_cover,0.000903,0.09,xgb_hourly_price_openloop_daily_ss_optuna_dense_price_xgb_s.csv
price,Recursive,xgb,gain,126,w_patras_relative_humidity_2m,0.000815,0.081,xgb_hourly_price_openloop_daily_ss_optuna_dense_price_xgb_s.csv
price,Recursive,xgb,gain,127,w_patras_wind_speed_10m,0.000808,0.081,xgb_hourly_price_openloop_daily_ss_optuna_dense_price_xgb_s.csv
price,Recursive,xgb,gain,128,w_athens_precipitation,0.000692,0.069,xgb_hourly_price_openloop_daily_ss_optuna_dense_price_xgb_s.csv
price,Recursive,xgb,gain,129,w_thessaloniki_precipitation,0.000674,0.067,xgb_hourly_price_openloop_daily_ss_optuna_dense_price_xgb_s.csv
price,Recursive,xgb,gain,130,w_larissa_precipitation,0.000545,0.055,xgb_hourly_price_openloop_daily_ss_optuna_dense_price_xgb_s.csv
price,Recursive,xgb,gain,131,w_heraklion_precipitation,0.000535,0.054,xgb_hourly_price_openloop_daily_ss_optuna_dense_price_xgb_s.csv
price,Recursive,xgb,gain,132,w_patras_precipitation,0.000518,0.052,xgb_hourly_price_openloop_daily_ss_optuna_dense_price_xgb_s.csv
price,Recursive,xgb,gain,133,is_holiday,0.000488,0.049,xgb_hourly_price_openloop_daily_ss_optuna_dense_price_xgb_s.csv
price,Recursive,xgb,gain,134,w_patras_precipitation_missing,0.00033,0.033,xgb_hourly_price_openloop_daily_ss_optuna_dense_price_xgb_s.csv
price,Recursive,xgb,gain,135,w_patras_temperature_2m_missing,0.00018,0.018,xgb_hourly_price_openloop_daily_ss_optuna_dense_price_xgb_s.csv
price,Recursive,xgb,gain,136,wind_onshore_fc_dayahead_missing,0.0,0.0,xgb_hourly_price_openloop_daily_ss_optuna_dense_price_xgb_s.csv
price,Recursive,xgb,gain,137,gen_fc_dayahead_missing,0.0,0.0,xgb_hourly_price_openloop_daily_ss_optuna_dense_price_xgb_s.csv
price,Recursive,xgb,gain,138,w_heraklion_wind_gusts_10m_missing,0.0,0.0,xgb_hourly_price_openloop_daily_ss_optuna_dense_price_xgb_s.csv
price,Recursive,xgb,gain,139,w_gr_mean_cloud_cover_missing,0.0,0.0,xgb_hourly_price_openloop_daily_ss_optuna_dense_price_xgb_s.csv
price,Recursive,xgb,gain,140,w_heraklion_shortwave_radiation_missing,0.0,0.0,xgb_hourly_price_openloop_daily_ss_optuna_dense_price_xgb_s.csv
price,Recursive,xgb,gain,141,w_larissa_relative_humidity_2m_missing,0.0,0.0,xgb_hourly_price_openloop_daily_ss_optuna_dense_price_xgb_s.csv
price,Recursive,xgb,gain,142,w_larissa_temperature_2m_missing,0.0,0.0,xgb_hourly_price_openloop_daily_ss_optuna_dense_price_xgb_s.csv
price,Recursive,xgb,gain,143,w_patras_shortwave_radiation_missing,0.0,0.0,xgb_hourly_price_openloop_daily_ss_optuna_dense_price_xgb_s.csv
price,Recursive,xgb,gain,144,w_patras_cloud_cover_missing,0.0,0.0,xgb_hourly_price_openloop_daily_ss_optuna_dense_price_xgb_s.csv
price,Recursive,xgb,gain,145,w_patras_wind_gusts_10m_missing,0.0,0.0,xgb_hourly_price_openloop_daily_ss_optuna_dense_price_xgb_s.csv
price,Recursive,xgb,gain,146,w_patras_wind_speed_10m_missing,0.0,0.0,xgb_hourly_price_openloop_daily_ss_optuna_dense_price_xgb_s.csv
price,Recursive,xgb,gain,147,w_larissa_cloud_cover_missing,0.0,0.0,xgb_hourly_price_openloop_daily_ss_optuna_dense_price_xgb_s.csv
price,Recursive,xgb,gain,148,w_larissa_precipitation_missing,0.0,0.0,xgb_hourly_price_openloop_daily_ss_optuna_dense_price_xgb_s.csv
price,Recursive,xgb,gain,149,w_larissa_wind_speed_10m_missing,0.0,0.0,xgb_hourly_price_openloop_daily_ss_optuna_dense_price_xgb_s.csv
price,Recursive,xgb,gain,150,w_larissa_wind_gusts_10m_missing,0.0,0.0,xgb_hourly_price_openloop_daily_ss_optuna_dense_price_xgb_s.csv
price,Recursive,xgb,gain,151,w_larissa_shortwave_radiation_missing,0.0,0.0,xgb_hourly_price_openloop_daily_ss_optuna_dense_price_xgb_s.csv
price,Recursive,xgb,gain,152,w_gr_mean_temperature_2m_missing,0.0,0.0,xgb_hourly_price_openloop_daily_ss_optuna_dense_price_xgb_s.csv
price,Recursive,xgb,gain,153,w_gr_mean_precipitation_missing,0.0,0.0,xgb_hourly_price_openloop_daily_ss_optuna_dense_price_xgb_s.csv
price,Recursive,xgb,gain,154,w_gr_mean_relative_humidity_2m_missing,0.0,0.0,xgb_hourly_price_openloop_daily_ss_optuna_dense_price_xgb_s.csv
price,Recursive,xgb,gain,155,w_gr_mean_shortwave_radiation_missing,0.0,0.0,xgb_hourly_price_openloop_daily_ss_optuna_dense_price_xgb_s.csv
price,Recursive,xgb,gain,156,w_gr_mean_wind_gusts_10m_missing,0.0,0.0,xgb_hourly_price_openloop_daily_ss_optuna_dense_price_xgb_s.csv
price,Recursive,xgb,gain,157,w_gr_mean_wind_speed_10m_missing,0.0,0.0,xgb_hourly_price_openloop_daily_ss_optuna_dense_price_xgb_s.csv
price,Recursive,xgb,gain,158,w_athens_precipitation_missing,0.0,0.0,xgb_hourly_price_openloop_daily_ss_optuna_dense_price_xgb_s.csv
price,Recursive,xgb,gain,159,w_athens_wind_gusts_10m_missing,0.0,0.0,xgb_hourly_price_openloop_daily_ss_optuna_dense_price_xgb_s.csv
price,Recursive,xgb,gain,160,w_athens_shortwave_radiation_missing,0.0,0.0,xgb_hourly_price_openloop_daily_ss_optuna_dense_price_xgb_s.csv
price,Recursive,xgb,gain,161,w_athens_cloud_cover_missing,0.0,0.0,xgb_hourly_price_openloop_daily_ss_optuna_dense_price_xgb_s.csv
price,Recursive,xgb,gain,162,w_athens_wind_speed_10m_missing,0.0,0.0,xgb_hourly_price_openloop_daily_ss_optuna_dense_price_xgb_s.csv
price,Recursive,xgb,gain,163,w_thessaloniki_relative_humidity_2m_missing,0.0,0.0,xgb_hourly_price_openloop_daily_ss_optuna_dense_price_xgb_s.csv
price,Recursive,xgb,gain,164,w_thessaloniki_temperature_2m_missing,0.0,0.0,xgb_hourly_price_openloop_daily_ss_optuna_dense_price_xgb_s.csv
price,Recursive,xgb,gain,165,w_thessaloniki_precipitation_missing,0.0,0.0,xgb_hourly_price_openloop_daily_ss_optuna_dense_price_xgb_s.csv
price,Recursive,xgb,gain,166,w_thessaloniki_cloud_cover_missing,0.0,0.0,xgb_hourly_price_openloop_daily_ss_optuna_dense_price_xgb_s.csv
price,Recursive,xgb,gain,167,w_thessaloniki_wind_gusts_10m_missing,0.0,0.0,xgb_hourly_price_openloop_daily_ss_optuna_dense_price_xgb_s.csv
price,Recursive,xgb,gain,168,w_thessaloniki_wind_speed_10m_missing,0.0,0.0,xgb_hourly_price_openloop_daily_ss_optuna_dense_price_xgb_s.csv
price,Recursive,xgb,gain,169,w_thessaloniki_shortwave_radiation_missing,0.0,0.0,xgb_hourly_price_openloop_daily_ss_optuna_dense_price_xgb_s.csv
price,Recursive,xgb,gain,170,w_patras_relative_humidity_2m_missing,0.0,0.0,xgb_hourly_price_openloop_daily_ss_optuna_dense_price_xgb_s.csv
price,Teacher-Forcing,lgbm,gain,1,y_lag1,0.882565,88.257,lgbm_hourly_price_price_lgbm_s.csv
price,Teacher-Forcing,lgbm,gain,2,y_lag24,0.047739,4.774,lgbm_hourly_price_price_lgbm_s.csv
price,Teacher-Forcing,lgbm,gain,3,y_lag168,0.005584,0.558,lgbm_hourly_price_price_lgbm_s.csv
price,Teacher-Forcing,lgbm,gain,4,y_lag2,0.003286,0.329,lgbm_hourly_price_price_lgbm_s.csv
price,Teacher-Forcing,lgbm,gain,5,y_lag48,0.002627,0.263,lgbm_hourly_price_price_lgbm_s.csv
price,Teacher-Forcing,lgbm,gain,6,gen_fc_dayahead,0.002551,0.255,lgbm_hourly_price_price_lgbm_s.csv
price,Teacher-Forcing,lgbm,gain,7,hour_sin,0.002394,0.239,lgbm_hourly_price_price_lgbm_s.csv
price,Teacher-Forcing,lgbm,gain,8,gen_solar_lag2,0.002235,0.224,lgbm_hourly_price_price_lgbm_s.csv
price,Teacher-Forcing,lgbm,gain,9,solar_fc_dayahead,0.002229,0.223,lgbm_hourly_price_price_lgbm_s.csv
price,Teacher-Forcing,lgbm,gain,10,hour_cos,0.002133,0.213,lgbm_hourly_price_price_lgbm_s.csv
price,Teacher-Forcing,lgbm,gain,11,y_roll24,0.002118,0.212,lgbm_hourly_price_price_lgbm_s.csv
price,Teacher-Forcing,lgbm,gain,12,y_lag3,0.001877,0.188,lgbm_hourly_price_price_lgbm_s.csv
price,Teacher-Forcing,lgbm,gain,13,gas_lag48,0.001748,0.175,lgbm_hourly_price_price_lgbm_s.csv
price,Teacher-Forcing,lgbm,gain,14,hour,0.001732,0.173,lgbm_hourly_price_price_lgbm_s.csv
price,Teacher-Forcing,lgbm,gain,15,y_lag12,0.001334,0.133,lgbm_hourly_price_price_lgbm_s.csv
price,Teacher-Forcing,lgbm,gain,16,gen_solar_lag1,0.001319,0.132,lgbm_hourly_price_price_lgbm_s.csv
price,Teacher-Forcing,lgbm,gain,17,wind_onshore_fc_dayahead,0.001225,0.123,lgbm_hourly_price_price_lgbm_s.csv
price,Teacher-Forcing,lgbm,gain,18,y_roll168,0.00116,0.116,lgbm_hourly_price_price_lgbm_s.csv
price,Teacher-Forcing,lgbm,gain,19,dow,0.001104,0.11,lgbm_hourly_price_price_lgbm_s.csv
price,Teacher-Forcing,lgbm,gain,20,y_lag6,0.001009,0.101,lgbm_hourly_price_price_lgbm_s.csv
price,Teacher-Forcing,lgbm,gain,21,gas_lag168,0.000973,0.097,lgbm_hourly_price_price_lgbm_s.csv
price,Teacher-Forcing,lgbm,gain,22,load_lag6,0.000927,0.093,lgbm_hourly_price_price_lgbm_s.csv
price,Teacher-Forcing,lgbm,gain,23,residual_load_lag1,0.000897,0.09,lgbm_hourly_price_price_lgbm_s.csv
price,Teacher-Forcing,lgbm,gain,24,gas_price,0.000853,0.085,lgbm_hourly_price_price_lgbm_s.csv
price,Teacher-Forcing,lgbm,gain,25,gen_wind_lag48,0.000832,0.083,lgbm_hourly_price_price_lgbm_s.csv
price,Teacher-Forcing,lgbm,gain,26,residual_load_lag6,0.000764,0.076,lgbm_hourly_price_price_lgbm_s.csv
price,Teacher-Forcing,lgbm,gain,27,co2_lag168,0.0007,0.07,lgbm_hourly_price_price_lgbm_s.csv
price,Teacher-Forcing,lgbm,gain,28,gas_lag24,0.00069,0.069,lgbm_hourly_price_price_lgbm_s.csv
price,Teacher-Forcing,lgbm,gain,29,w_gr_mean_shortwave_radiation,0.00069,0.069,lgbm_hourly_price_price_lgbm_s.csv
price,Teacher-Forcing,lgbm,gain,30,gen_wind_lag24,0.000685,0.068,lgbm_hourly_price_price_lgbm_s.csv
price,Teacher-Forcing,lgbm,gain,31,w_thessaloniki_temperature_2m,0.000681,0.068,lgbm_hourly_price_price_lgbm_s.csv
price,Teacher-Forcing,lgbm,gain,32,residual_load_lag3,0.000663,0.066,lgbm_hourly_price_price_lgbm_s.csv
price,Teacher-Forcing,lgbm,gain,33,load_lag12,0.000618,0.062,lgbm_hourly_price_price_lgbm_s.csv
price,Teacher-Forcing,lgbm,gain,34,residual_load_lag12,0.000611,0.061,lgbm_hourly_price_price_lgbm_s.csv
price,Teacher-Forcing,lgbm,gain,35,load_lag3,0.000594,0.059,lgbm_hourly_price_price_lgbm_s.csv
price,Teacher-Forcing,lgbm,gain,36,w_patras_temperature_2m,0.00056,0.056,lgbm_hourly_price_price_lgbm_s.csv
price,Teacher-Forcing,lgbm,gain,37,w_heraklion_temperature_2m,0.000545,0.054,lgbm_hourly_price_price_lgbm_s.csv
price,Teacher-Forcing,lgbm,gain,38,w_thessaloniki_wind_gusts_10m,0.000536,0.054,lgbm_hourly_price_price_lgbm_s.csv
price,Teacher-Forcing,lgbm,gain,39,w_heraklion_wind_gusts_10m,0.000511,0.051,lgbm_hourly_price_price_lgbm_s.csv
price,Teacher-Forcing,lgbm,gain,40,residual_load_lag168,0.000493,0.049,lgbm_hourly_price_price_lgbm_s.csv
price,Teacher-Forcing,lgbm,gain,41,w_heraklion_wind_speed_10m,0.000489,0.049,lgbm_hourly_price_price_lgbm_s.csv
price,Teacher-Forcing,lgbm,gain,42,gas_lag12,0.000478,0.048,lgbm_hourly_price_price_lgbm_s.csv
price,Teacher-Forcing,lgbm,gain,43,w_athens_wind_speed_10m,0.00047,0.047,lgbm_hourly_price_price_lgbm_s.csv
price,Teacher-Forcing,lgbm,gain,44,w_gr_mean_wind_gusts_10m,0.000459,0.046,lgbm_hourly_price_price_lgbm_s.csv
price,Teacher-Forcing,lgbm,gain,45,w_athens_temperature_2m,0.000459,0.046,lgbm_hourly_price_price_lgbm_s.csv
price,Teacher-Forcing,lgbm,gain,46,gen_wind_lag168,0.000456,0.046,lgbm_hourly_price_price_lgbm_s.csv
price,Teacher-Forcing,lgbm,gain,47,w_athens_wind_gusts_10m,0.000454,0.045,lgbm_hourly_price_price_lgbm_s.csv
price,Teacher-Forcing,lgbm,gain,48,gen_solar_lag24,0.000449,0.045,lgbm_hourly_price_price_lgbm_s.csv
price,Teacher-Forcing,lgbm,gain,49,load_lag168,0.000438,0.044,lgbm_hourly_price_price_lgbm_s.csv
price,Teacher-Forcing,lgbm,gain,50,residual_load_lag24,0.000426,0.043,lgbm_hourly_price_price_lgbm_s.csv
price,Teacher-Forcing,lgbm,gain,51,w_thessaloniki_wind_speed_10m,0.00042,0.042,lgbm_hourly_price_price_lgbm_s.csv
price,Teacher-Forcing,lgbm,gain,52,load_lag2,0.000419,0.042,lgbm_hourly_price_price_lgbm_s.csv
price,Teacher-Forcing,lgbm,gain,53,w_patras_shortwave_radiation,0.000396,0.04,lgbm_hourly_price_price_lgbm_s.csv
price,Teacher-Forcing,lgbm,gain,54,load_lag1,0.000386,0.039,lgbm_hourly_price_price_lgbm_s.csv
price,Teacher-Forcing,lgbm,gain,55,w_gr_mean_wind_speed_10m,0.000382,0.038,lgbm_hourly_price_price_lgbm_s.csv
price,Teacher-Forcing,lgbm,gain,56,w_larissa_shortwave_radiation,0.000375,0.038,lgbm_hourly_price_price_lgbm_s.csv
price,Teacher-Forcing,lgbm,gain,57,w_larissa_wind_speed_10m,0.000372,0.037,lgbm_hourly_price_price_lgbm_s.csv
price,Teacher-Forcing,lgbm,gain,58,residual_load_lag48,0.000371,0.037,lgbm_hourly_price_price_lgbm_s.csv
price,Teacher-Forcing,lgbm,gain,59,w_patras_wind_gusts_10m,0.000362,0.036,lgbm_hourly_price_price_lgbm_s.csv
price,Teacher-Forcing,lgbm,gain,60,gen_wind_lag1,0.00036,0.036,lgbm_hourly_price_price_lgbm_s.csv
price,Teacher-Forcing,lgbm,gain,61,w_heraklion_relative_humidity_2m,0.000359,0.036,lgbm_hourly_price_price_lgbm_s.csv
price,Teacher-Forcing,lgbm,gain,62,load_lag48,0.000359,0.036,lgbm_hourly_price_price_lgbm_s.csv
price,Teacher-Forcing,lgbm,gain,63,co2_lag48,0.000358,0.036,lgbm_hourly_price_price_lgbm_s.csv
price,Teacher-Forcing,lgbm,gain,64,gen_wind_lag2,0.000342,0.034,lgbm_hourly_price_price_lgbm_s.csv
price,Teacher-Forcing,lgbm,gain,65,w_larissa_wind_gusts_10m,0.000332,0.033,lgbm_hourly_price_price_lgbm_s.csv
price,Teacher-Forcing,lgbm,gain,66,w_athens_relative_humidity_2m,0.000326,0.033,lgbm_hourly_price_price_lgbm_s.csv
price,Teacher-Forcing,lgbm,gain,67,w_larissa_relative_humidity_2m,0.000321,0.032,lgbm_hourly_price_price_lgbm_s.csv
price,Teacher-Forcing,lgbm,gain,68,w_gr_mean_cloud_cover,0.00032,0.032,lgbm_hourly_price_price_lgbm_s.csv
price,Teacher-Forcing,lgbm,gain,69,w_patras_wind_speed_10m,0.00032,0.032,lgbm_hourly_price_price_lgbm_s.csv
price,Teacher-Forcing,lgbm,gain,70,residual_load_lag2,0.000319,0.032,lgbm_hourly_price_price_lgbm_s.csv
price,Teacher-Forcing,lgbm,gain,71,w_heraklion_cloud_cover,0.000317,0.032,lgbm_hourly_price_price_lgbm_s.csv
price,Teacher-Forcing,lgbm,gain,72,gas_lag1,0.000315,0.032,lgbm_hourly_price_price_lgbm_s.csv
price,Teacher-Forcing,lgbm,gain,73,load_lag24,0.000308,0.031,lgbm_hourly_price_price_lgbm_s.csv
price,Teacher-Forcing,lgbm,gain,74,w_patras_relative_humidity_2m,0.000304,0.03,lgbm_hourly_price_price_lgbm_s.csv
price,Teacher-Forcing,lgbm,gain,75,co2_lag24,0.000302,0.03,lgbm_hourly_price_price_lgbm_s.csv
price,Teacher-Forcing,lgbm,gain,76,co2_price,0.000302,0.03,lgbm_hourly_price_price_lgbm_s.csv
price,Teacher-Forcing,lgbm,gain,77,gen_solar_lag48,0.000301,0.03,lgbm_hourly_price_price_lgbm_s.csv
price,Teacher-Forcing,lgbm,gain,78,w_thessaloniki_relative_humidity_2m,0.00029,0.029,lgbm_hourly_price_price_lgbm_s.csv
price,Teacher-Forcing,lgbm,gain,79,w_gr_mean_relative_humidity_2m,0.000286,0.029,lgbm_hourly_price_price_lgbm_s.csv
price,Teacher-Forcing,lgbm,gain,80,w_gr_mean_temperature_2m,0.000271,0.027,lgbm_hourly_price_price_lgbm_s.csv
price,Teacher-Forcing,lgbm,gain,81,w_larissa_temperature_2m,0.000268,0.027,lgbm_hourly_price_price_lgbm_s.csv
price,Teacher-Forcing,lgbm,gain,82,gen_solar_lag168,0.000263,0.026,lgbm_hourly_price_price_lgbm_s.csv
price,Teacher-Forcing,lgbm,gain,83,w_larissa_cloud_cover,0.00025,0.025,lgbm_hourly_price_price_lgbm_s.csv
price,Teacher-Forcing,lgbm,gain,84,w_heraklion_shortwave_radiation,0.000233,0.023,lgbm_hourly_price_price_lgbm_s.csv
price,Teacher-Forcing,lgbm,gain,85,w_patras_cloud_cover,0.000217,0.022,lgbm_hourly_price_price_lgbm_s.csv
price,Teacher-Forcing,lgbm,gain,86,w_thessaloniki_cloud_cover,0.000212,0.021,lgbm_hourly_price_price_lgbm_s.csv
price,Teacher-Forcing,lgbm,gain,87,w_thessaloniki_shortwave_radiation,0.000204,0.02,lgbm_hourly_price_price_lgbm_s.csv
price,Teacher-Forcing,lgbm,gain,88,dow_cos,0.000196,0.02,lgbm_hourly_price_price_lgbm_s.csv
price,Teacher-Forcing,lgbm,gain,89,w_athens_shortwave_radiation,0.000189,0.019,lgbm_hourly_price_price_lgbm_s.csv
price,Teacher-Forcing,lgbm,gain,90,w_athens_cloud_cover,0.000188,0.019,lgbm_hourly_price_price_lgbm_s.csv
price,Teacher-Forcing,lgbm,gain,91,co2_lag12,0.000184,0.018,lgbm_hourly_price_price_lgbm_s.csv
price,Teacher-Forcing,lgbm,gain,92,gas_lag6,0.000175,0.017,lgbm_hourly_price_price_lgbm_s.csv
price,Teacher-Forcing,lgbm,gain,93,dow_sin,0.000172,0.017,lgbm_hourly_price_price_lgbm_s.csv
price,Teacher-Forcing,lgbm,gain,94,w_gr_mean_precipitation,0.000133,0.013,lgbm_hourly_price_price_lgbm_s.csv
price,Teacher-Forcing,lgbm,gain,95,gas_lag2,0.000101,0.01,lgbm_hourly_price_price_lgbm_s.csv
price,Teacher-Forcing,lgbm,gain,96,co2_lag1,8.1e-05,0.008,lgbm_hourly_price_price_lgbm_s.csv
price,Teacher-Forcing,lgbm,gain,97,co2_lag6,8e-05,0.008,lgbm_hourly_price_price_lgbm_s.csv
price,Teacher-Forcing,lgbm,gain,98,gas_lag3,5.9e-05,0.006,lgbm_hourly_price_price_lgbm_s.csv
price,Teacher-Forcing,lgbm,gain,99,w_patras_precipitation,4.8e-05,0.005,lgbm_hourly_price_price_lgbm_s.csv
price,Teacher-Forcing,lgbm,gain,100,co2_lag3,3.8e-05,0.004,lgbm_hourly_price_price_lgbm_s.csv
price,Teacher-Forcing,lgbm,gain,101,co2_lag2,3.1e-05,0.003,lgbm_hourly_price_price_lgbm_s.csv
price,Teacher-Forcing,lgbm,gain,102,load_fc,2.4e-05,0.002,lgbm_hourly_price_price_lgbm_s.csv
price,Teacher-Forcing,lgbm,gain,103,w_larissa_precipitation,2.1e-05,0.002,lgbm_hourly_price_price_lgbm_s.csv
price,Teacher-Forcing,lgbm,gain,104,w_thessaloniki_precipitation,1.8e-05,0.002,lgbm_hourly_price_price_lgbm_s.csv
price,Teacher-Forcing,lgbm,gain,105,solar_fc_dayahead_missing,1.7e-05,0.002,lgbm_hourly_price_price_lgbm_s.csv
price,Teacher-Forcing,lgbm,gain,106,is_holiday,1.1e-05,0.001,lgbm_hourly_price_price_lgbm_s.csv
price,Teacher-Forcing,lgbm,gain,107,w_heraklion_precipitation,1e-05,0.001,lgbm_hourly_price_price_lgbm_s.csv
price,Teacher-Forcing,lgbm,gain,108,w_athens_precipitation,9e-06,0.001,lgbm_hourly_price_price_lgbm_s.csv
price,Teacher-Forcing,lgbm,gain,109,wind_onshore_fc_dayahead_missing,1e-06,0.0,lgbm_hourly_price_price_lgbm_s.csv
price,Teacher-Forcing,lgbm,gain,110,gen_fc_dayahead_missing,0.0,0.0,lgbm_hourly_price_price_lgbm_s.csv
price,Teacher-Forcing,lgbm,gain,111,w_larissa_wind_gusts_10m_missing,0.0,0.0,lgbm_hourly_price_price_lgbm_s.csv
price,Teacher-Forcing,lgbm,gain,112,w_larissa_wind_speed_10m_missing,0.0,0.0,lgbm_hourly_price_price_lgbm_s.csv
price,Teacher-Forcing,lgbm,gain,113,w_heraklion_precipitation_missing,0.0,0.0,lgbm_hourly_price_price_lgbm_s.csv
price,Teacher-Forcing,lgbm,gain,114,w_heraklion_relative_humidity_2m_missing,0.0,0.0,lgbm_hourly_price_price_lgbm_s.csv
price,Teacher-Forcing,lgbm,gain,115,w_heraklion_temperature_2m_missing,0.0,0.0,lgbm_hourly_price_price_lgbm_s.csv
price,Teacher-Forcing,lgbm,gain,116,w_larissa_shortwave_radiation_missing,0.0,0.0,lgbm_hourly_price_price_lgbm_s.csv
price,Teacher-Forcing,lgbm,gain,117,w_athens_precipitation_missing,0.0,0.0,lgbm_hourly_price_price_lgbm_s.csv
price,Teacher-Forcing,lgbm,gain,118,w_athens_relative_humidity_2m_missing,0.0,0.0,lgbm_hourly_price_price_lgbm_s.csv
price,Teacher-Forcing,lgbm,gain,119,w_athens_temperature_2m_missing,0.0,0.0,lgbm_hourly_price_price_lgbm_s.csv
price,Teacher-Forcing,lgbm,gain,120,w_gr_mean_shortwave_radiation_missing,0.0,0.0,lgbm_hourly_price_price_lgbm_s.csv
price,Teacher-Forcing,lgbm,gain,121,w_gr_mean_wind_gusts_10m_missing,0.0,0.0,lgbm_hourly_price_price_lgbm_s.csv
price,Teacher-Forcing,lgbm,gain,122,w_gr_mean_wind_speed_10m_missing,0.0,0.0,lgbm_hourly_price_price_lgbm_s.csv
price,Teacher-Forcing,lgbm,gain,123,w_gr_mean_cloud_cover_missing,0.0,0.0,lgbm_hourly_price_price_lgbm_s.csv
price,Teacher-Forcing,lgbm,gain,124,w_gr_mean_precipitation_missing,0.0,0.0,lgbm_hourly_price_price_lgbm_s.csv
price,Teacher-Forcing,lgbm,gain,125,w_gr_mean_relative_humidity_2m_missing,0.0,0.0,lgbm_hourly_price_price_lgbm_s.csv
price,Teacher-Forcing,lgbm,gain,126,w_gr_mean_temperature_2m_missing,0.0,0.0,lgbm_hourly_price_price_lgbm_s.csv
price,Teacher-Forcing,lgbm,gain,127,w_larissa_cloud_cover_missing,0.0,0.0,lgbm_hourly_price_price_lgbm_s.csv
price,Teacher-Forcing,lgbm,gain,128,w_larissa_precipitation_missing,0.0,0.0,lgbm_hourly_price_price_lgbm_s.csv
price,Teacher-Forcing,lgbm,gain,129,w_larissa_relative_humidity_2m_missing,0.0,0.0,lgbm_hourly_price_price_lgbm_s.csv
price,Teacher-Forcing,lgbm,gain,130,w_larissa_temperature_2m_missing,0.0,0.0,lgbm_hourly_price_price_lgbm_s.csv
price,Teacher-Forcing,lgbm,gain,131,w_patras_shortwave_radiation_missing,0.0,0.0,lgbm_hourly_price_price_lgbm_s.csv
price,Teacher-Forcing,lgbm,gain,132,w_patras_wind_gusts_10m_missing,0.0,0.0,lgbm_hourly_price_price_lgbm_s.csv
price,Teacher-Forcing,lgbm,gain,133,w_patras_wind_speed_10m_missing,0.0,0.0,lgbm_hourly_price_price_lgbm_s.csv
price,Teacher-Forcing,lgbm,gain,134,w_patras_cloud_cover_missing,0.0,0.0,lgbm_hourly_price_price_lgbm_s.csv
price,Teacher-Forcing,lgbm,gain,135,w_patras_precipitation_missing,0.0,0.0,lgbm_hourly_price_price_lgbm_s.csv
price,Teacher-Forcing,lgbm,gain,136,w_patras_relative_humidity_2m_missing,0.0,0.0,lgbm_hourly_price_price_lgbm_s.csv
price,Teacher-Forcing,lgbm,gain,137,w_patras_temperature_2m_missing,0.0,0.0,lgbm_hourly_price_price_lgbm_s.csv
price,Teacher-Forcing,lgbm,gain,138,w_thessaloniki_shortwave_radiation_missing,0.0,0.0,lgbm_hourly_price_price_lgbm_s.csv
price,Teacher-Forcing,lgbm,gain,139,w_thessaloniki_wind_gusts_10m_missing,0.0,0.0,lgbm_hourly_price_price_lgbm_s.csv
price,Teacher-Forcing,lgbm,gain,140,w_thessaloniki_wind_speed_10m_missing,0.0,0.0,lgbm_hourly_price_price_lgbm_s.csv
price,Teacher-Forcing,lgbm,gain,141,w_thessaloniki_cloud_cover_missing,0.0,0.0,lgbm_hourly_price_price_lgbm_s.csv
price,Teacher-Forcing,lgbm,gain,142,w_thessaloniki_precipitation_missing,0.0,0.0,lgbm_hourly_price_price_lgbm_s.csv
price,Teacher-Forcing,lgbm,gain,143,w_thessaloniki_relative_humidity_2m_missing,0.0,0.0,lgbm_hourly_price_price_lgbm_s.csv
price,Teacher-Forcing,lgbm,gain,144,w_thessaloniki_temperature_2m_missing,0.0,0.0,lgbm_hourly_price_price_lgbm_s.csv
price,Teacher-Forcing,lgbm,gain,145,w_athens_shortwave_radiation_missing,0.0,0.0,lgbm_hourly_price_price_lgbm_s.csv
price,Teacher-Forcing,lgbm,gain,146,w_athens_wind_gusts_10m_missing,0.0,0.0,lgbm_hourly_price_price_lgbm_s.csv
price,Teacher-Forcing,lgbm,gain,147,w_athens_wind_speed_10m_missing,0.0,0.0,lgbm_hourly_price_price_lgbm_s.csv
price,Teacher-Forcing,lgbm,gain,148,w_athens_cloud_cover_missing,0.0,0.0,lgbm_hourly_price_price_lgbm_s.csv
price,Teacher-Forcing,lgbm,gain,149,w_heraklion_cloud_cover_missing,0.0,0.0,lgbm_hourly_price_price_lgbm_s.csv
price,Teacher-Forcing,lgbm,gain,150,w_heraklion_wind_speed_10m_missing,0.0,0.0,lgbm_hourly_price_price_lgbm_s.csv
price,Teacher-Forcing,lgbm,gain,151,w_heraklion_wind_gusts_10m_missing,0.0,0.0,lgbm_hourly_price_price_lgbm_s.csv
price,Teacher-Forcing,lgbm,gain,152,w_heraklion_shortwave_radiation_missing,0.0,0.0,lgbm_hourly_price_price_lgbm_s.csv
price,Teacher-Forcing,mlp,permutation,1,y_lag1,0.226609,22.661,mlp_hourly_price_price_mlp_s.csv
price,Teacher-Forcing,mlp,permutation,2,y_lag24,0.061554,6.155,mlp_hourly_price_price_mlp_s.csv
price,Teacher-Forcing,mlp,permutation,3,gen_solar_lag1,0.048322,4.832,mlp_hourly_price_price_mlp_s.csv
price,Teacher-Forcing,mlp,permutation,4,residual_load_lag3,0.044536,4.454,mlp_hourly_price_price_mlp_s.csv
price,Teacher-Forcing,mlp,permutation,5,gen_solar_lag24,0.041388,4.139,mlp_hourly_price_price_mlp_s.csv
price,Teacher-Forcing,mlp,permutation,6,solar_fc_dayahead,0.039278,3.928,mlp_hourly_price_price_mlp_s.csv
price,Teacher-Forcing,mlp,permutation,7,y_lag2,0.038794,3.879,mlp_hourly_price_price_mlp_s.csv
price,Teacher-Forcing,mlp,permutation,8,residual_load_lag1,0.030784,3.078,mlp_hourly_price_price_mlp_s.csv
price,Teacher-Forcing,mlp,permutation,9,gen_solar_lag48,0.030587,3.059,mlp_hourly_price_price_mlp_s.csv
price,Teacher-Forcing,mlp,permutation,10,load_lag1,0.02712,2.712,mlp_hourly_price_price_mlp_s.csv
price,Teacher-Forcing,mlp,permutation,11,w_thessaloniki_temperature_2m_missing,0.026042,2.604,mlp_hourly_price_price_mlp_s.csv
price,Teacher-Forcing,mlp,permutation,12,w_thessaloniki_wind_gusts_10m_missing,0.024192,2.419,mlp_hourly_price_price_mlp_s.csv
price,Teacher-Forcing,mlp,permutation,13,y_lag168,0.023271,2.327,mlp_hourly_price_price_mlp_s.csv
price,Teacher-Forcing,mlp,permutation,14,w_athens_wind_speed_10m_missing,0.023175,2.317,mlp_hourly_price_price_mlp_s.csv
price,Teacher-Forcing,mlp,permutation,15,wind_onshore_fc_dayahead,0.023061,2.306,mlp_hourly_price_price_mlp_s.csv
price,Teacher-Forcing,mlp,permutation,16,w_thessaloniki_wind_speed_10m_missing,0.022096,2.21,mlp_hourly_price_price_mlp_s.csv
price,Teacher-Forcing,mlp,permutation,17,w_athens_precipitation_missing,0.018583,1.858,mlp_hourly_price_price_mlp_s.csv
price,Teacher-Forcing,mlp,permutation,18,hour_cos,0.018215,1.822,mlp_hourly_price_price_mlp_s.csv
price,Teacher-Forcing,mlp,permutation,19,y_lag48,0.015856,1.586,mlp_hourly_price_price_mlp_s.csv
price,Teacher-Forcing,mlp,permutation,20,w_thessaloniki_precipitation_missing,0.015827,1.583,mlp_hourly_price_price_mlp_s.csv
price,Teacher-Forcing,mlp,permutation,21,w_patras_shortwave_radiation,0.015422,1.542,mlp_hourly_price_price_mlp_s.csv
price,Teacher-Forcing,mlp,permutation,22,w_athens_shortwave_radiation_missing,0.013429,1.343,mlp_hourly_price_price_mlp_s.csv
price,Teacher-Forcing,mlp,permutation,23,w_athens_wind_gusts_10m_missing,0.012054,1.205,mlp_hourly_price_price_mlp_s.csv
price,Teacher-Forcing,mlp,permutation,24,gen_fc_dayahead,0.011988,1.199,mlp_hourly_price_price_mlp_s.csv
price,Teacher-Forcing,mlp,permutation,25,w_athens_relative_humidity_2m,0.010789,1.079,mlp_hourly_price_price_mlp_s.csv
price,Teacher-Forcing,mlp,permutation,26,gen_wind_lag24,0.008855,0.885,mlp_hourly_price_price_mlp_s.csv
price,Teacher-Forcing,mlp,permutation,27,w_athens_relative_humidity_2m_missing,0.008176,0.818,mlp_hourly_price_price_mlp_s.csv
price,Teacher-Forcing,mlp,permutation,28,w_thessaloniki_cloud_cover_missing,0.008087,0.809,mlp_hourly_price_price_mlp_s.csv
price,Teacher-Forcing,mlp,permutation,29,y_roll24,0.007336,0.734,mlp_hourly_price_price_mlp_s.csv
price,Teacher-Forcing,mlp,permutation,30,w_athens_temperature_2m,0.007127,0.713,mlp_hourly_price_price_mlp_s.csv
price,Teacher-Forcing,mlp,permutation,31,dow,0.007096,0.71,mlp_hourly_price_price_mlp_s.csv
price,Teacher-Forcing,mlp,permutation,32,y_lag3,0.006101,0.61,mlp_hourly_price_price_mlp_s.csv
price,Teacher-Forcing,mlp,permutation,33,y_lag12,0.005483,0.548,mlp_hourly_price_price_mlp_s.csv
price,Teacher-Forcing,mlp,permutation,34,w_thessaloniki_relative_humidity_2m,0.004721,0.472,mlp_hourly_price_price_mlp_s.csv
price,Teacher-Forcing,mlp,permutation,35,w_gr_mean_wind_gusts_10m,0.0045,0.45,mlp_hourly_price_price_mlp_s.csv
price,Teacher-Forcing,mlp,permutation,36,w_gr_mean_wind_speed_10m,0.004189,0.419,mlp_hourly_price_price_mlp_s.csv
price,Teacher-Forcing,mlp,permutation,37,w_larissa_shortwave_radiation,0.004007,0.401,mlp_hourly_price_price_mlp_s.csv
price,Teacher-Forcing,mlp,permutation,38,residual_load_lag12,0.003649,0.365,mlp_hourly_price_price_mlp_s.csv
price,Teacher-Forcing,mlp,permutation,39,w_athens_temperature_2m_missing,0.003414,0.341,mlp_hourly_price_price_mlp_s.csv
price,Teacher-Forcing,mlp,permutation,40,w_patras_wind_speed_10m,0.003393,0.339,mlp_hourly_price_price_mlp_s.csv
price,Teacher-Forcing,mlp,permutation,41,w_larissa_relative_humidity_2m,0.003282,0.328,mlp_hourly_price_price_mlp_s.csv
price,Teacher-Forcing,mlp,permutation,42,w_gr_mean_shortwave_radiation,0.002964,0.296,mlp_hourly_price_price_mlp_s.csv
price,Teacher-Forcing,mlp,permutation,43,residual_load_lag6,0.002908,0.291,mlp_hourly_price_price_mlp_s.csv
price,Teacher-Forcing,mlp,permutation,44,w_gr_mean_cloud_cover,0.002879,0.288,mlp_hourly_price_price_mlp_s.csv
price,Teacher-Forcing,mlp,permutation,45,residual_load_lag2,0.002877,0.288,mlp_hourly_price_price_mlp_s.csv
price,Teacher-Forcing,mlp,permutation,46,residual_load_lag48,0.00287,0.287,mlp_hourly_price_price_mlp_s.csv
price,Teacher-Forcing,mlp,permutation,47,y_roll168,0.00242,0.242,mlp_hourly_price_price_mlp_s.csv
price,Teacher-Forcing,mlp,permutation,48,load_lag6,0.002327,0.233,mlp_hourly_price_price_mlp_s.csv
price,Teacher-Forcing,mlp,permutation,49,load_lag12,0.002157,0.216,mlp_hourly_price_price_mlp_s.csv
price,Teacher-Forcing,mlp,permutation,50,w_athens_wind_speed_10m,0.00206,0.206,mlp_hourly_price_price_mlp_s.csv
price,Teacher-Forcing,mlp,permutation,51,solar_fc_dayahead_missing,0.002005,0.2,mlp_hourly_price_price_mlp_s.csv
price,Teacher-Forcing,mlp,permutation,52,is_holiday,0.001928,0.193,mlp_hourly_price_price_mlp_s.csv
price,Teacher-Forcing,mlp,permutation,53,w_gr_mean_relative_humidity_2m,0.001668,0.167,mlp_hourly_price_price_mlp_s.csv
price,Teacher-Forcing,mlp,permutation,54,load_lag48,0.001635,0.164,mlp_hourly_price_price_mlp_s.csv
price,Teacher-Forcing,mlp,permutation,55,load_fc,0.001623,0.162,mlp_hourly_price_price_mlp_s.csv
price,Teacher-Forcing,mlp,permutation,56,y_lag6,0.001582,0.158,mlp_hourly_price_price_mlp_s.csv
price,Teacher-Forcing,mlp,permutation,57,w_athens_precipitation,0.001317,0.132,mlp_hourly_price_price_mlp_s.csv
price,Teacher-Forcing,mlp,permutation,58,w_thessaloniki_wind_speed_10m,0.001312,0.131,mlp_hourly_price_price_mlp_s.csv
price,Teacher-Forcing,mlp,permutation,59,w_thessaloniki_wind_gusts_10m,0.001235,0.124,mlp_hourly_price_price_mlp_s.csv
price,Teacher-Forcing,mlp,permutation,60,w_athens_shortwave_radiation,0.001185,0.119,mlp_hourly_price_price_mlp_s.csv
price,Teacher-Forcing,mlp,permutation,61,w_thessaloniki_shortwave_radiation_missing,0.001101,0.11,mlp_hourly_price_price_mlp_s.csv
price,Teacher-Forcing,mlp,permutation,62,gen_solar_lag2,0.001018,0.102,mlp_hourly_price_price_mlp_s.csv
price,Teacher-Forcing,mlp,permutation,63,residual_load_lag168,0.000967,0.097,mlp_hourly_price_price_mlp_s.csv
price,Teacher-Forcing,mlp,permutation,64,w_patras_cloud_cover,0.000614,0.061,mlp_hourly_price_price_mlp_s.csv
price,Teacher-Forcing,mlp,permutation,65,co2_lag3,0.000595,0.059,mlp_hourly_price_price_mlp_s.csv
price,Teacher-Forcing,mlp,permutation,66,w_thessaloniki_cloud_cover,0.000533,0.053,mlp_hourly_price_price_mlp_s.csv
price,Teacher-Forcing,mlp,permutation,67,w_gr_mean_precipitation,0.000482,0.048,mlp_hourly_price_price_mlp_s.csv
price,Teacher-Forcing,mlp,permutation,68,co2_lag168,0.000454,0.045,mlp_hourly_price_price_mlp_s.csv
price,Teacher-Forcing,mlp,permutation,69,gen_wind_lag168,0.000409,0.041,mlp_hourly_price_price_mlp_s.csv
price,Teacher-Forcing,mlp,permutation,70,w_patras_relative_humidity_2m,0.000372,0.037,mlp_hourly_price_price_mlp_s.csv
price,Teacher-Forcing,mlp,permutation,71,load_lag168,0.00036,0.036,mlp_hourly_price_price_mlp_s.csv
price,Teacher-Forcing,mlp,permutation,72,gas_lag48,0.00032,0.032,mlp_hourly_price_price_mlp_s.csv
price,Teacher-Forcing,mlp,permutation,73,gas_lag168,0.000314,0.031,mlp_hourly_price_price_mlp_s.csv
price,Teacher-Forcing,mlp,permutation,74,gen_wind_lag2,0.000256,0.026,mlp_hourly_price_price_mlp_s.csv
price,Teacher-Forcing,mlp,permutation,75,w_thessaloniki_relative_humidity_2m_missing,0.000193,0.019,mlp_hourly_price_price_mlp_s.csv
price,Teacher-Forcing,mlp,permutation,76,co2_lag12,0.000167,0.017,mlp_hourly_price_price_mlp_s.csv
price,Teacher-Forcing,mlp,permutation,77,gas_lag6,0.000123,0.012,mlp_hourly_price_price_mlp_s.csv
price,Teacher-Forcing,mlp,permutation,78,w_thessaloniki_shortwave_radiation,0.000121,0.012,mlp_hourly_price_price_mlp_s.csv
price,Teacher-Forcing,mlp,permutation,79,w_heraklion_wind_gusts_10m,0.000114,0.011,mlp_hourly_price_price_mlp_s.csv
price,Teacher-Forcing,mlp,permutation,80,gas_lag24,5.9e-05,0.006,mlp_hourly_price_price_mlp_s.csv
price,Teacher-Forcing,mlp,permutation,81,co2_lag6,5.6e-05,0.006,mlp_hourly_price_price_mlp_s.csv
price,Teacher-Forcing,mlp,permutation,82,gas_lag1,1.9e-05,0.002,mlp_hourly_price_price_mlp_s.csv
price,Teacher-Forcing,mlp,permutation,83,gas_lag3,1.1e-05,0.001,mlp_hourly_price_price_mlp_s.csv
price,Teacher-Forcing,mlp,permutation,84,w_gr_mean_temperature_2m,0.0,0.0,mlp_hourly_price_price_mlp_s.csv
price,Teacher-Forcing,mlp,permutation,85,gas_price,0.0,0.0,mlp_hourly_price_price_mlp_s.csv
price,Teacher-Forcing,mlp,permutation,86,co2_price,0.0,0.0,mlp_hourly_price_price_mlp_s.csv
price,Teacher-Forcing,mlp,permutation,87,wind_onshore_fc_dayahead_missing,0.0,0.0,mlp_hourly_price_price_mlp_s.csv
price,Teacher-Forcing,mlp,permutation,88,gen_fc_dayahead_missing,0.0,0.0,mlp_hourly_price_price_mlp_s.csv
price,Teacher-Forcing,mlp,permutation,89,w_thessaloniki_temperature_2m,0.0,0.0,mlp_hourly_price_price_mlp_s.csv
price,Teacher-Forcing,mlp,permutation,90,w_athens_wind_gusts_10m,0.0,0.0,mlp_hourly_price_price_mlp_s.csv
price,Teacher-Forcing,mlp,permutation,91,w_athens_cloud_cover,0.0,0.0,mlp_hourly_price_price_mlp_s.csv
price,Teacher-Forcing,mlp,permutation,92,w_larissa_shortwave_radiation_missing,0.0,0.0,mlp_hourly_price_price_mlp_s.csv
price,Teacher-Forcing,mlp,permutation,93,w_larissa_wind_gusts_10m_missing,0.0,0.0,mlp_hourly_price_price_mlp_s.csv
price,Teacher-Forcing,mlp,permutation,94,w_larissa_wind_speed_10m_missing,0.0,0.0,mlp_hourly_price_price_mlp_s.csv
price,Teacher-Forcing,mlp,permutation,95,w_larissa_cloud_cover_missing,0.0,0.0,mlp_hourly_price_price_mlp_s.csv
price,Teacher-Forcing,mlp,permutation,96,w_larissa_precipitation_missing,0.0,0.0,mlp_hourly_price_price_mlp_s.csv
price,Teacher-Forcing,mlp,permutation,97,w_heraklion_precipitation_missing,0.0,0.0,mlp_hourly_price_price_mlp_s.csv
price,Teacher-Forcing,mlp,permutation,98,w_heraklion_relative_humidity_2m_missing,0.0,0.0,mlp_hourly_price_price_mlp_s.csv
price,Teacher-Forcing,mlp,permutation,99,w_heraklion_temperature_2m_missing,0.0,0.0,mlp_hourly_price_price_mlp_s.csv
price,Teacher-Forcing,mlp,permutation,100,w_patras_wind_gusts_10m_missing,0.0,0.0,mlp_hourly_price_price_mlp_s.csv
price,Teacher-Forcing,mlp,permutation,101,w_patras_wind_speed_10m_missing,0.0,0.0,mlp_hourly_price_price_mlp_s.csv
price,Teacher-Forcing,mlp,permutation,102,w_patras_cloud_cover_missing,0.0,0.0,mlp_hourly_price_price_mlp_s.csv
price,Teacher-Forcing,mlp,permutation,103,w_patras_precipitation_missing,0.0,0.0,mlp_hourly_price_price_mlp_s.csv
price,Teacher-Forcing,mlp,permutation,104,w_patras_relative_humidity_2m_missing,0.0,0.0,mlp_hourly_price_price_mlp_s.csv
price,Teacher-Forcing,mlp,permutation,105,w_patras_temperature_2m_missing,0.0,0.0,mlp_hourly_price_price_mlp_s.csv
price,Teacher-Forcing,mlp,permutation,106,w_athens_cloud_cover_missing,0.0,0.0,mlp_hourly_price_price_mlp_s.csv
price,Teacher-Forcing,mlp,permutation,107,w_gr_mean_shortwave_radiation_missing,0.0,0.0,mlp_hourly_price_price_mlp_s.csv
price,Teacher-Forcing,mlp,permutation,108,w_larissa_wind_speed_10m,0.0,0.0,mlp_hourly_price_price_mlp_s.csv
price,Teacher-Forcing,mlp,permutation,109,w_heraklion_relative_humidity_2m,0.0,0.0,mlp_hourly_price_price_mlp_s.csv
price,Teacher-Forcing,mlp,permutation,110,w_heraklion_precipitation,0.0,0.0,mlp_hourly_price_price_mlp_s.csv
price,Teacher-Forcing,mlp,permutation,111,w_heraklion_cloud_cover,0.0,0.0,mlp_hourly_price_price_mlp_s.csv
price,Teacher-Forcing,mlp,permutation,112,w_heraklion_temperature_2m,0.0,0.0,mlp_hourly_price_price_mlp_s.csv
price,Teacher-Forcing,mlp,permutation,113,w_heraklion_wind_speed_10m,0.0,0.0,mlp_hourly_price_price_mlp_s.csv
price,Teacher-Forcing,mlp,permutation,114,w_heraklion_shortwave_radiation,0.0,0.0,mlp_hourly_price_price_mlp_s.csv
price,Teacher-Forcing,mlp,permutation,115,w_gr_mean_temperature_2m_missing,0.0,0.0,mlp_hourly_price_price_mlp_s.csv
price,Teacher-Forcing,mlp,permutation,116,w_gr_mean_relative_humidity_2m_missing,0.0,0.0,mlp_hourly_price_price_mlp_s.csv
price,Teacher-Forcing,mlp,permutation,117,w_gr_mean_precipitation_missing,0.0,0.0,mlp_hourly_price_price_mlp_s.csv
price,Teacher-Forcing,mlp,permutation,118,w_gr_mean_cloud_cover_missing,0.0,0.0,mlp_hourly_price_price_mlp_s.csv
price,Teacher-Forcing,mlp,permutation,119,w_gr_mean_wind_speed_10m_missing,0.0,0.0,mlp_hourly_price_price_mlp_s.csv
price,Teacher-Forcing,mlp,permutation,120,w_gr_mean_wind_gusts_10m_missing,0.0,0.0,mlp_hourly_price_price_mlp_s.csv
price,Teacher-Forcing,mlp,permutation,121,w_patras_temperature_2m,0.0,0.0,mlp_hourly_price_price_mlp_s.csv
price,Teacher-Forcing,mlp,permutation,122,w_thessaloniki_precipitation,0.0,0.0,mlp_hourly_price_price_mlp_s.csv
price,Teacher-Forcing,mlp,permutation,123,w_larissa_temperature_2m,0.0,0.0,mlp_hourly_price_price_mlp_s.csv
price,Teacher-Forcing,mlp,permutation,124,w_patras_wind_gusts_10m,0.0,0.0,mlp_hourly_price_price_mlp_s.csv
price,Teacher-Forcing,mlp,permutation,125,w_patras_precipitation,0.0,0.0,mlp_hourly_price_price_mlp_s.csv
price,Teacher-Forcing,mlp,permutation,126,w_larissa_wind_gusts_10m,0.0,0.0,mlp_hourly_price_price_mlp_s.csv
price,Teacher-Forcing,mlp,permutation,127,w_larissa_precipitation,0.0,0.0,mlp_hourly_price_price_mlp_s.csv
price,Teacher-Forcing,mlp,permutation,128,w_larissa_cloud_cover,0.0,0.0,mlp_hourly_price_price_mlp_s.csv
price,Teacher-Forcing,mlp,permutation,129,w_larissa_relative_humidity_2m_missing,0.0,0.0,mlp_hourly_price_price_mlp_s.csv
price,Teacher-Forcing,mlp,permutation,130,w_larissa_temperature_2m_missing,0.0,0.0,mlp_hourly_price_price_mlp_s.csv
price,Teacher-Forcing,mlp,permutation,131,w_patras_shortwave_radiation_missing,0.0,0.0,mlp_hourly_price_price_mlp_s.csv
price,Teacher-Forcing,mlp,permutation,132,w_heraklion_wind_gusts_10m_missing,0.0,0.0,mlp_hourly_price_price_mlp_s.csv
price,Teacher-Forcing,mlp,permutation,133,hour_sin,0.0,0.0,mlp_hourly_price_price_mlp_s.csv
price,Teacher-Forcing,mlp,permutation,134,hour,0.0,0.0,mlp_hourly_price_price_mlp_s.csv
price,Teacher-Forcing,mlp,permutation,135,dow_cos,0.0,0.0,mlp_hourly_price_price_mlp_s.csv
price,Teacher-Forcing,mlp,permutation,136,dow_sin,0.0,0.0,mlp_hourly_price_price_mlp_s.csv
price,Teacher-Forcing,mlp,permutation,137,load_lag24,0.0,0.0,mlp_hourly_price_price_mlp_s.csv
price,Teacher-Forcing,mlp,permutation,138,load_lag2,0.0,0.0,mlp_hourly_price_price_mlp_s.csv
price,Teacher-Forcing,mlp,permutation,139,load_lag3,0.0,0.0,mlp_hourly_price_price_mlp_s.csv
price,Teacher-Forcing,mlp,permutation,140,w_heraklion_shortwave_radiation_missing,0.0,0.0,mlp_hourly_price_price_mlp_s.csv
price,Teacher-Forcing,mlp,permutation,141,w_heraklion_wind_speed_10m_missing,0.0,0.0,mlp_hourly_price_price_mlp_s.csv
price,Teacher-Forcing,mlp,permutation,142,w_heraklion_cloud_cover_missing,0.0,0.0,mlp_hourly_price_price_mlp_s.csv
price,Teacher-Forcing,mlp,permutation,143,residual_load_lag24,0.0,0.0,mlp_hourly_price_price_mlp_s.csv
price,Teacher-Forcing,mlp,permutation,144,gas_lag12,0.0,0.0,mlp_hourly_price_price_mlp_s.csv
price,Teacher-Forcing,mlp,permutation,145,co2_lag2,0.0,0.0,mlp_hourly_price_price_mlp_s.csv
price,Teacher-Forcing,mlp,permutation,146,co2_lag1,0.0,0.0,mlp_hourly_price_price_mlp_s.csv
price,Teacher-Forcing,mlp,permutation,147,gas_lag2,0.0,0.0,mlp_hourly_price_price_mlp_s.csv
price,Teacher-Forcing,mlp,permutation,148,co2_lag48,0.0,0.0,mlp_hourly_price_price_mlp_s.csv
price,Teacher-Forcing,mlp,permutation,149,gen_solar_lag168,0.0,0.0,mlp_hourly_price_price_mlp_s.csv
price,Teacher-Forcing,mlp,permutation,150,co2_lag24,0.0,0.0,mlp_hourly_price_price_mlp_s.csv
price,Teacher-Forcing,mlp,permutation,151,gen_wind_lag48,0.0,0.0,mlp_hourly_price_price_mlp_s.csv
price,Teacher-Forcing,mlp,permutation,152,gen_wind_lag1,0.0,0.0,mlp_hourly_price_price_mlp_s.csv
price,Teacher-Forcing,rf,MDI (impurity),1,y_lag1,0.111981,11.198,rf_hourly_price_price_rf_s.csv
price,Teacher-Forcing,rf,MDI (impurity),2,y_lag24,0.084805,8.48,rf_hourly_price_price_rf_s.csv
price,Teacher-Forcing,rf,MDI (impurity),3,y_lag2,0.084387,8.439,rf_hourly_price_price_rf_s.csv
price,Teacher-Forcing,rf,MDI (impurity),4,y_lag48,0.063331,6.333,rf_hourly_price_price_rf_s.csv
price,Teacher-Forcing,rf,MDI (impurity),5,y_roll24,0.057557,5.756,rf_hourly_price_price_rf_s.csv
price,Teacher-Forcing,rf,MDI (impurity),6,y_lag168,0.052319,5.232,rf_hourly_price_price_rf_s.csv
price,Teacher-Forcing,rf,MDI (impurity),7,gas_lag168,0.047196,4.72,rf_hourly_price_price_rf_s.csv
price,Teacher-Forcing,rf,MDI (impurity),8,y_roll168,0.039769,3.977,rf_hourly_price_price_rf_s.csv
price,Teacher-Forcing,rf,MDI (impurity),9,gas_lag12,0.035552,3.555,rf_hourly_price_price_rf_s.csv
price,Teacher-Forcing,rf,MDI (impurity),10,gas_lag24,0.035228,3.523,rf_hourly_price_price_rf_s.csv
price,Teacher-Forcing,rf,MDI (impurity),11,gas_lag48,0.033155,3.316,rf_hourly_price_price_rf_s.csv
price,Teacher-Forcing,rf,MDI (impurity),12,y_lag3,0.032031,3.203,rf_hourly_price_price_rf_s.csv
price,Teacher-Forcing,rf,MDI (impurity),13,gas_price,0.029384,2.938,rf_hourly_price_price_rf_s.csv
price,Teacher-Forcing,rf,MDI (impurity),14,gas_lag6,0.028809,2.881,rf_hourly_price_price_rf_s.csv
price,Teacher-Forcing,rf,MDI (impurity),15,gas_lag2,0.028768,2.877,rf_hourly_price_price_rf_s.csv
price,Teacher-Forcing,rf,MDI (impurity),16,gas_lag1,0.026468,2.647,rf_hourly_price_price_rf_s.csv
price,Teacher-Forcing,rf,MDI (impurity),17,gas_lag3,0.025955,2.595,rf_hourly_price_price_rf_s.csv
price,Teacher-Forcing,rf,MDI (impurity),18,y_lag12,0.014226,1.423,rf_hourly_price_price_rf_s.csv
price,Teacher-Forcing,rf,MDI (impurity),19,y_lag6,0.014209,1.421,rf_hourly_price_price_rf_s.csv
price,Teacher-Forcing,rf,MDI (impurity),20,co2_price,0.008469,0.847,rf_hourly_price_price_rf_s.csv
price,Teacher-Forcing,rf,MDI (impurity),21,co2_lag3,0.007554,0.755,rf_hourly_price_price_rf_s.csv
price,Teacher-Forcing,rf,MDI (impurity),22,co2_lag1,0.007442,0.744,rf_hourly_price_price_rf_s.csv
price,Teacher-Forcing,rf,MDI (impurity),23,residual_load_lag1,0.006873,0.687,rf_hourly_price_price_rf_s.csv
price,Teacher-Forcing,rf,MDI (impurity),24,co2_lag168,0.006684,0.668,rf_hourly_price_price_rf_s.csv
price,Teacher-Forcing,rf,MDI (impurity),25,co2_lag2,0.006165,0.617,rf_hourly_price_price_rf_s.csv
price,Teacher-Forcing,rf,MDI (impurity),26,co2_lag48,0.005553,0.555,rf_hourly_price_price_rf_s.csv
price,Teacher-Forcing,rf,MDI (impurity),27,co2_lag24,0.004895,0.49,rf_hourly_price_price_rf_s.csv
price,Teacher-Forcing,rf,MDI (impurity),28,gen_fc_dayahead,0.004339,0.434,rf_hourly_price_price_rf_s.csv
price,Teacher-Forcing,rf,MDI (impurity),29,hour_sin,0.004282,0.428,rf_hourly_price_price_rf_s.csv
price,Teacher-Forcing,rf,MDI (impurity),30,co2_lag6,0.004086,0.409,rf_hourly_price_price_rf_s.csv
price,Teacher-Forcing,rf,MDI (impurity),31,co2_lag12,0.003612,0.361,rf_hourly_price_price_rf_s.csv
price,Teacher-Forcing,rf,MDI (impurity),32,hour,0.003061,0.306,rf_hourly_price_price_rf_s.csv
price,Teacher-Forcing,rf,MDI (impurity),33,residual_load_lag2,0.003022,0.302,rf_hourly_price_price_rf_s.csv
price,Teacher-Forcing,rf,MDI (impurity),34,residual_load_lag24,0.002886,0.289,rf_hourly_price_price_rf_s.csv
price,Teacher-Forcing,rf,MDI (impurity),35,residual_load_lag168,0.002455,0.245,rf_hourly_price_price_rf_s.csv
price,Teacher-Forcing,rf,MDI (impurity),36,gen_solar_lag48,0.00194,0.194,rf_hourly_price_price_rf_s.csv
price,Teacher-Forcing,rf,MDI (impurity),37,load_lag168,0.001928,0.193,rf_hourly_price_price_rf_s.csv
price,Teacher-Forcing,rf,MDI (impurity),38,gen_solar_lag2,0.001926,0.193,rf_hourly_price_price_rf_s.csv
price,Teacher-Forcing,rf,MDI (impurity),39,gen_solar_lag24,0.001923,0.192,rf_hourly_price_price_rf_s.csv
price,Teacher-Forcing,rf,MDI (impurity),40,gen_solar_lag1,0.001891,0.189,rf_hourly_price_price_rf_s.csv
price,Teacher-Forcing,rf,MDI (impurity),41,w_patras_shortwave_radiation,0.001886,0.189,rf_hourly_price_price_rf_s.csv
price,Teacher-Forcing,rf,MDI (impurity),42,load_lag1,0.001877,0.188,rf_hourly_price_price_rf_s.csv
price,Teacher-Forcing,rf,MDI (impurity),43,hour_cos,0.001867,0.187,rf_hourly_price_price_rf_s.csv
price,Teacher-Forcing,rf,MDI (impurity),44,load_lag6,0.001704,0.17,rf_hourly_price_price_rf_s.csv
price,Teacher-Forcing,rf,MDI (impurity),45,wind_onshore_fc_dayahead,0.00157,0.157,rf_hourly_price_price_rf_s.csv
price,Teacher-Forcing,rf,MDI (impurity),46,w_gr_mean_shortwave_radiation,0.001556,0.156,rf_hourly_price_price_rf_s.csv
price,Teacher-Forcing,rf,MDI (impurity),47,residual_load_lag48,0.001545,0.155,rf_hourly_price_price_rf_s.csv
price,Teacher-Forcing,rf,MDI (impurity),48,w_gr_mean_temperature_2m,0.001522,0.152,rf_hourly_price_price_rf_s.csv
price,Teacher-Forcing,rf,MDI (impurity),49,solar_fc_dayahead,0.001484,0.148,rf_hourly_price_price_rf_s.csv
price,Teacher-Forcing,rf,MDI (impurity),50,load_fc,0.001465,0.147,rf_hourly_price_price_rf_s.csv
price,Teacher-Forcing,rf,MDI (impurity),51,w_patras_temperature_2m,0.001453,0.145,rf_hourly_price_price_rf_s.csv
price,Teacher-Forcing,rf,MDI (impurity),52,w_larissa_shortwave_radiation,0.001415,0.141,rf_hourly_price_price_rf_s.csv
price,Teacher-Forcing,rf,MDI (impurity),53,residual_load_lag3,0.001412,0.141,rf_hourly_price_price_rf_s.csv
price,Teacher-Forcing,rf,MDI (impurity),54,w_thessaloniki_temperature_2m,0.001408,0.141,rf_hourly_price_price_rf_s.csv
price,Teacher-Forcing,rf,MDI (impurity),55,load_lag24,0.001404,0.14,rf_hourly_price_price_rf_s.csv
price,Teacher-Forcing,rf,MDI (impurity),56,w_heraklion_temperature_2m,0.001328,0.133,rf_hourly_price_price_rf_s.csv
price,Teacher-Forcing,rf,MDI (impurity),57,residual_load_lag6,0.001254,0.125,rf_hourly_price_price_rf_s.csv
price,Teacher-Forcing,rf,MDI (impurity),58,load_lag2,0.001241,0.124,rf_hourly_price_price_rf_s.csv
price,Teacher-Forcing,rf,MDI (impurity),59,w_athens_temperature_2m,0.00122,0.122,rf_hourly_price_price_rf_s.csv
price,Teacher-Forcing,rf,MDI (impurity),60,gen_wind_lag1,0.001198,0.12,rf_hourly_price_price_rf_s.csv
price,Teacher-Forcing,rf,MDI (impurity),61,gen_solar_lag168,0.001184,0.118,rf_hourly_price_price_rf_s.csv
price,Teacher-Forcing,rf,MDI (impurity),62,load_lag3,0.001171,0.117,rf_hourly_price_price_rf_s.csv
price,Teacher-Forcing,rf,MDI (impurity),63,w_gr_mean_wind_gusts_10m,0.001144,0.114,rf_hourly_price_price_rf_s.csv
price,Teacher-Forcing,rf,MDI (impurity),64,gen_wind_lag2,0.001127,0.113,rf_hourly_price_price_rf_s.csv
price,Teacher-Forcing,rf,MDI (impurity),65,dow,0.001076,0.108,rf_hourly_price_price_rf_s.csv
price,Teacher-Forcing,rf,MDI (impurity),66,load_lag48,0.001071,0.107,rf_hourly_price_price_rf_s.csv
price,Teacher-Forcing,rf,MDI (impurity),67,w_gr_mean_wind_speed_10m,0.000985,0.098,rf_hourly_price_price_rf_s.csv
price,Teacher-Forcing,rf,MDI (impurity),68,gen_wind_lag48,0.000976,0.098,rf_hourly_price_price_rf_s.csv
price,Teacher-Forcing,rf,MDI (impurity),69,w_larissa_temperature_2m,0.000956,0.096,rf_hourly_price_price_rf_s.csv
price,Teacher-Forcing,rf,MDI (impurity),70,load_lag12,0.000955,0.095,rf_hourly_price_price_rf_s.csv
price,Teacher-Forcing,rf,MDI (impurity),71,w_athens_wind_gusts_10m,0.000954,0.095,rf_hourly_price_price_rf_s.csv
price,Teacher-Forcing,rf,MDI (impurity),72,gen_wind_lag168,0.00091,0.091,rf_hourly_price_price_rf_s.csv
price,Teacher-Forcing,rf,MDI (impurity),73,w_heraklion_wind_speed_10m,0.000864,0.086,rf_hourly_price_price_rf_s.csv
price,Teacher-Forcing,rf,MDI (impurity),74,w_heraklion_wind_gusts_10m,0.000847,0.085,rf_hourly_price_price_rf_s.csv
price,Teacher-Forcing,rf,MDI (impurity),75,residual_load_lag12,0.000819,0.082,rf_hourly_price_price_rf_s.csv
price,Teacher-Forcing,rf,MDI (impurity),76,w_athens_relative_humidity_2m,0.000819,0.082,rf_hourly_price_price_rf_s.csv
price,Teacher-Forcing,rf,MDI (impurity),77,w_gr_mean_relative_humidity_2m,0.000813,0.081,rf_hourly_price_price_rf_s.csv
price,Teacher-Forcing,rf,MDI (impurity),78,w_athens_wind_speed_10m,0.000784,0.078,rf_hourly_price_price_rf_s.csv
price,Teacher-Forcing,rf,MDI (impurity),79,gen_wind_lag24,0.000753,0.075,rf_hourly_price_price_rf_s.csv
price,Teacher-Forcing,rf,MDI (impurity),80,w_thessaloniki_wind_gusts_10m,0.000747,0.075,rf_hourly_price_price_rf_s.csv
price,Teacher-Forcing,rf,MDI (impurity),81,w_heraklion_relative_humidity_2m,0.000746,0.075,rf_hourly_price_price_rf_s.csv
price,Teacher-Forcing,rf,MDI (impurity),82,dow_sin,0.000727,0.073,rf_hourly_price_price_rf_s.csv
price,Teacher-Forcing,rf,MDI (impurity),83,w_larissa_relative_humidity_2m,0.000726,0.073,rf_hourly_price_price_rf_s.csv
price,Teacher-Forcing,rf,MDI (impurity),84,w_heraklion_shortwave_radiation,0.000684,0.068,rf_hourly_price_price_rf_s.csv
price,Teacher-Forcing,rf,MDI (impurity),85,w_thessaloniki_wind_speed_10m,0.000677,0.068,rf_hourly_price_price_rf_s.csv
price,Teacher-Forcing,rf,MDI (impurity),86,w_thessaloniki_relative_humidity_2m,0.000671,0.067,rf_hourly_price_price_rf_s.csv
price,Teacher-Forcing,rf,MDI (impurity),87,w_patras_relative_humidity_2m,0.000668,0.067,rf_hourly_price_price_rf_s.csv
price,Teacher-Forcing,rf,MDI (impurity),88,w_larissa_wind_gusts_10m,0.000668,0.067,rf_hourly_price_price_rf_s.csv
price,Teacher-Forcing,rf,MDI (impurity),89,w_gr_mean_cloud_cover,0.00065,0.065,rf_hourly_price_price_rf_s.csv
price,Teacher-Forcing,rf,MDI (impurity),90,w_patras_wind_gusts_10m,0.000611,0.061,rf_hourly_price_price_rf_s.csv
price,Teacher-Forcing,rf,MDI (impurity),91,w_patras_wind_speed_10m,0.000588,0.059,rf_hourly_price_price_rf_s.csv
price,Teacher-Forcing,rf,MDI (impurity),92,w_thessaloniki_shortwave_radiation,0.000547,0.055,rf_hourly_price_price_rf_s.csv
price,Teacher-Forcing,rf,MDI (impurity),93,w_larissa_wind_speed_10m,0.000522,0.052,rf_hourly_price_price_rf_s.csv
price,Teacher-Forcing,rf,MDI (impurity),94,w_athens_shortwave_radiation,0.000512,0.051,rf_hourly_price_price_rf_s.csv
price,Teacher-Forcing,rf,MDI (impurity),95,dow_cos,0.000414,0.041,rf_hourly_price_price_rf_s.csv
price,Teacher-Forcing,rf,MDI (impurity),96,w_larissa_cloud_cover,0.000392,0.039,rf_hourly_price_price_rf_s.csv
price,Teacher-Forcing,rf,MDI (impurity),97,w_patras_cloud_cover,0.00039,0.039,rf_hourly_price_price_rf_s.csv
price,Teacher-Forcing,rf,MDI (impurity),98,w_heraklion_cloud_cover,0.000368,0.037,rf_hourly_price_price_rf_s.csv
price,Teacher-Forcing,rf,MDI (impurity),99,w_thessaloniki_cloud_cover,0.000344,0.034,rf_hourly_price_price_rf_s.csv
price,Teacher-Forcing,rf,MDI (impurity),100,w_heraklion_shortwave_radiation_missing,0.000341,0.034,rf_hourly_price_price_rf_s.csv
price,Teacher-Forcing,rf,MDI (impurity),101,w_athens_cloud_cover,0.000304,0.03,rf_hourly_price_price_rf_s.csv
price,Teacher-Forcing,rf,MDI (impurity),102,wind_onshore_fc_dayahead_missing,0.000249,0.025,rf_hourly_price_price_rf_s.csv
price,Teacher-Forcing,rf,MDI (impurity),103,solar_fc_dayahead_missing,0.000248,0.025,rf_hourly_price_price_rf_s.csv
price,Teacher-Forcing,rf,MDI (impurity),104,w_heraklion_precipitation_missing,0.000248,0.025,rf_hourly_price_price_rf_s.csv
price,Teacher-Forcing,rf,MDI (impurity),105,w_gr_mean_precipitation,0.000219,0.022,rf_hourly_price_price_rf_s.csv
price,Teacher-Forcing,rf,MDI (impurity),106,w_heraklion_wind_gusts_10m_missing,0.000188,0.019,rf_hourly_price_price_rf_s.csv
price,Teacher-Forcing,rf,MDI (impurity),107,w_heraklion_wind_speed_10m_missing,0.00018,0.018,rf_hourly_price_price_rf_s.csv
price,Teacher-Forcing,rf,MDI (impurity),108,w_patras_precipitation,0.00015,0.015,rf_hourly_price_price_rf_s.csv
price,Teacher-Forcing,rf,MDI (impurity),109,w_athens_wind_speed_10m_missing,0.000124,0.012,rf_hourly_price_price_rf_s.csv
price,Teacher-Forcing,rf,MDI (impurity),110,w_thessaloniki_temperature_2m_missing,0.000115,0.012,rf_hourly_price_price_rf_s.csv
price,Teacher-Forcing,rf,MDI (impurity),111,w_heraklion_cloud_cover_missing,0.000115,0.011,rf_hourly_price_price_rf_s.csv
price,Teacher-Forcing,rf,MDI (impurity),112,w_heraklion_relative_humidity_2m_missing,0.00011,0.011,rf_hourly_price_price_rf_s.csv
price,Teacher-Forcing,rf,MDI (impurity),113,w_thessaloniki_relative_humidity_2m_missing,0.000108,0.011,rf_hourly_price_price_rf_s.csv
price,Teacher-Forcing,rf,MDI (impurity),114,w_heraklion_temperature_2m_missing,0.000103,0.01,rf_hourly_price_price_rf_s.csv
price,Teacher-Forcing,rf,MDI (impurity),115,w_patras_temperature_2m_missing,0.0001,0.01,rf_hourly_price_price_rf_s.csv
price,Teacher-Forcing,rf,MDI (impurity),116,w_thessaloniki_precipitation_missing,9.8e-05,0.01,rf_hourly_price_price_rf_s.csv
price,Teacher-Forcing,rf,MDI (impurity),117,w_patras_wind_gusts_10m_missing,7.3e-05,0.007,rf_hourly_price_price_rf_s.csv
price,Teacher-Forcing,rf,MDI (impurity),118,w_athens_relative_humidity_2m_missing,7.2e-05,0.007,rf_hourly_price_price_rf_s.csv
price,Teacher-Forcing,rf,MDI (impurity),119,w_thessaloniki_cloud_cover_missing,7.1e-05,0.007,rf_hourly_price_price_rf_s.csv
price,Teacher-Forcing,rf,MDI (impurity),120,w_athens_wind_gusts_10m_missing,7e-05,0.007,rf_hourly_price_price_rf_s.csv
price,Teacher-Forcing,rf,MDI (impurity),121,w_athens_precipitation_missing,7e-05,0.007,rf_hourly_price_price_rf_s.csv
price,Teacher-Forcing,rf,MDI (impurity),122,w_thessaloniki_wind_gusts_10m_missing,6.9e-05,0.007,rf_hourly_price_price_rf_s.csv
price,Teacher-Forcing,rf,MDI (impurity),123,w_patras_precipitation_missing,6.8e-05,0.007,rf_hourly_price_price_rf_s.csv
price,Teacher-Forcing,rf,MDI (impurity),124,w_thessaloniki_precipitation,6.7e-05,0.007,rf_hourly_price_price_rf_s.csv
price,Teacher-Forcing,rf,MDI (impurity),125,w_larissa_precipitation,6.4e-05,0.006,rf_hourly_price_price_rf_s.csv
price,Teacher-Forcing,rf,MDI (impurity),126,w_athens_cloud_cover_missing,6.4e-05,0.006,rf_hourly_price_price_rf_s.csv
price,Teacher-Forcing,rf,MDI (impurity),127,w_thessaloniki_shortwave_radiation_missing,6.3e-05,0.006,rf_hourly_price_price_rf_s.csv
price,Teacher-Forcing,rf,MDI (impurity),128,w_athens_temperature_2m_missing,6e-05,0.006,rf_hourly_price_price_rf_s.csv
price,Teacher-Forcing,rf,MDI (impurity),129,w_thessaloniki_wind_speed_10m_missing,6e-05,0.006,rf_hourly_price_price_rf_s.csv
price,Teacher-Forcing,rf,MDI (impurity),130,w_athens_shortwave_radiation_missing,6e-05,0.006,rf_hourly_price_price_rf_s.csv
price,Teacher-Forcing,rf,MDI (impurity),131,w_heraklion_precipitation,5.7e-05,0.006,rf_hourly_price_price_rf_s.csv
price,Teacher-Forcing,rf,MDI (impurity),132,w_athens_precipitation,4.7e-05,0.005,rf_hourly_price_price_rf_s.csv
price,Teacher-Forcing,rf,MDI (impurity),133,w_patras_wind_speed_10m_missing,4.5e-05,0.005,rf_hourly_price_price_rf_s.csv
price,Teacher-Forcing,rf,MDI (impurity),134,w_patras_relative_humidity_2m_missing,4.3e-05,0.004,rf_hourly_price_price_rf_s.csv
price,Teacher-Forcing,rf,MDI (impurity),135,w_patras_shortwave_radiation_missing,3.9e-05,0.004,rf_hourly_price_price_rf_s.csv
price,Teacher-Forcing,rf,MDI (impurity),136,w_patras_cloud_cover_missing,3.3e-05,0.003,rf_hourly_price_price_rf_s.csv
price,Teacher-Forcing,rf,MDI (impurity),137,is_holiday,1.9e-05,0.002,rf_hourly_price_price_rf_s.csv
price,Teacher-Forcing,rf,MDI (impurity),138,gen_fc_dayahead_missing,3e-06,0.0,rf_hourly_price_price_rf_s.csv
price,Teacher-Forcing,rf,MDI (impurity),139,w_larissa_shortwave_radiation_missing,0.0,0.0,rf_hourly_price_price_rf_s.csv
price,Teacher-Forcing,rf,MDI (impurity),140,w_larissa_cloud_cover_missing,0.0,0.0,rf_hourly_price_price_rf_s.csv
price,Teacher-Forcing,rf,MDI (impurity),141,w_larissa_precipitation_missing,0.0,0.0,rf_hourly_price_price_rf_s.csv
price,Teacher-Forcing,rf,MDI (impurity),142,w_larissa_relative_humidity_2m_missing,0.0,0.0,rf_hourly_price_price_rf_s.csv
price,Teacher-Forcing,rf,MDI (impurity),143,w_larissa_wind_speed_10m_missing,0.0,0.0,rf_hourly_price_price_rf_s.csv
price,Teacher-Forcing,rf,MDI (impurity),144,w_larissa_wind_gusts_10m_missing,0.0,0.0,rf_hourly_price_price_rf_s.csv
price,Teacher-Forcing,rf,MDI (impurity),145,w_gr_mean_precipitation_missing,0.0,0.0,rf_hourly_price_price_rf_s.csv
price,Teacher-Forcing,rf,MDI (impurity),146,w_gr_mean_cloud_cover_missing,0.0,0.0,rf_hourly_price_price_rf_s.csv
price,Teacher-Forcing,rf,MDI (impurity),147,w_gr_mean_temperature_2m_missing,0.0,0.0,rf_hourly_price_price_rf_s.csv
price,Teacher-Forcing,rf,MDI (impurity),148,w_gr_mean_relative_humidity_2m_missing,0.0,0.0,rf_hourly_price_price_rf_s.csv
price,Teacher-Forcing,rf,MDI (impurity),149,w_gr_mean_wind_speed_10m_missing,0.0,0.0,rf_hourly_price_price_rf_s.csv
price,Teacher-Forcing,rf,MDI (impurity),150,w_gr_mean_wind_gusts_10m_missing,0.0,0.0,rf_hourly_price_price_rf_s.csv
price,Teacher-Forcing,rf,MDI (impurity),151,w_larissa_temperature_2m_missing,0.0,0.0,rf_hourly_price_price_rf_s.csv
price,Teacher-Forcing,rf,MDI (impurity),152,w_gr_mean_shortwave_radiation_missing,0.0,0.0,rf_hourly_price_price_rf_s.csv
price,Teacher-Forcing,svr,permutation,1,y_lag1,0.255624,25.562,svr_hourly_price_price_svr_s.csv
price,Teacher-Forcing,svr,permutation,2,solar_fc_dayahead,0.069643,6.964,svr_hourly_price_price_svr_s.csv
price,Teacher-Forcing,svr,permutation,3,gen_fc_dayahead,0.049249,4.925,svr_hourly_price_price_svr_s.csv
price,Teacher-Forcing,svr,permutation,4,gen_solar_lag1,0.038704,3.87,svr_hourly_price_price_svr_s.csv
price,Teacher-Forcing,svr,permutation,5,residual_load_lag1,0.031405,3.141,svr_hourly_price_price_svr_s.csv
price,Teacher-Forcing,svr,permutation,6,wind_onshore_fc_dayahead,0.027387,2.739,svr_hourly_price_price_svr_s.csv
price,Teacher-Forcing,svr,permutation,7,y_lag24,0.027366,2.737,svr_hourly_price_price_svr_s.csv
price,Teacher-Forcing,svr,permutation,8,gen_solar_lag2,0.022637,2.264,svr_hourly_price_price_svr_s.csv
price,Teacher-Forcing,svr,permutation,9,residual_load_lag2,0.021946,2.195,svr_hourly_price_price_svr_s.csv
price,Teacher-Forcing,svr,permutation,10,residual_load_lag3,0.020918,2.092,svr_hourly_price_price_svr_s.csv
price,Teacher-Forcing,svr,permutation,11,gen_wind_lag2,0.018252,1.825,svr_hourly_price_price_svr_s.csv
price,Teacher-Forcing,svr,permutation,12,w_gr_mean_wind_gusts_10m,0.015437,1.544,svr_hourly_price_price_svr_s.csv
price,Teacher-Forcing,svr,permutation,13,w_patras_temperature_2m,0.014457,1.446,svr_hourly_price_price_svr_s.csv
price,Teacher-Forcing,svr,permutation,14,load_lag3,0.013393,1.339,svr_hourly_price_price_svr_s.csv
price,Teacher-Forcing,svr,permutation,15,gen_solar_lag168,0.012166,1.217,svr_hourly_price_price_svr_s.csv
price,Teacher-Forcing,svr,permutation,16,gen_wind_lag1,0.011303,1.13,svr_hourly_price_price_svr_s.csv
price,Teacher-Forcing,svr,permutation,17,gen_solar_lag24,0.010468,1.047,svr_hourly_price_price_svr_s.csv
price,Teacher-Forcing,svr,permutation,18,w_patras_precipitation,0.010055,1.006,svr_hourly_price_price_svr_s.csv
price,Teacher-Forcing,svr,permutation,19,residual_load_lag168,0.00857,0.857,svr_hourly_price_price_svr_s.csv
price,Teacher-Forcing,svr,permutation,20,y_lag2,0.00824,0.824,svr_hourly_price_price_svr_s.csv
price,Teacher-Forcing,svr,permutation,21,residual_load_lag48,0.008009,0.801,svr_hourly_price_price_svr_s.csv
price,Teacher-Forcing,svr,permutation,22,w_larissa_shortwave_radiation,0.007911,0.791,svr_hourly_price_price_svr_s.csv
price,Teacher-Forcing,svr,permutation,23,residual_load_lag6,0.007735,0.774,svr_hourly_price_price_svr_s.csv
price,Teacher-Forcing,svr,permutation,24,hour_cos,0.007557,0.756,svr_hourly_price_price_svr_s.csv
price,Teacher-Forcing,svr,permutation,25,y_lag48,0.007276,0.728,svr_hourly_price_price_svr_s.csv
price,Teacher-Forcing,svr,permutation,26,w_patras_shortwave_radiation,0.00722,0.722,svr_hourly_price_price_svr_s.csv
price,Teacher-Forcing,svr,permutation,27,w_larissa_wind_gusts_10m,0.007198,0.72,svr_hourly_price_price_svr_s.csv
price,Teacher-Forcing,svr,permutation,28,w_gr_mean_shortwave_radiation,0.007165,0.717,svr_hourly_price_price_svr_s.csv
price,Teacher-Forcing,svr,permutation,29,load_lag12,0.007106,0.711,svr_hourly_price_price_svr_s.csv
price,Teacher-Forcing,svr,permutation,30,y_roll24,0.006882,0.688,svr_hourly_price_price_svr_s.csv
price,Teacher-Forcing,svr,permutation,31,dow,0.006774,0.677,svr_hourly_price_price_svr_s.csv
price,Teacher-Forcing,svr,permutation,32,gen_wind_lag168,0.006528,0.653,svr_hourly_price_price_svr_s.csv
price,Teacher-Forcing,svr,permutation,33,gen_solar_lag48,0.00645,0.645,svr_hourly_price_price_svr_s.csv
price,Teacher-Forcing,svr,permutation,34,w_heraklion_wind_gusts_10m,0.006414,0.641,svr_hourly_price_price_svr_s.csv
price,Teacher-Forcing,svr,permutation,35,load_lag168,0.006225,0.622,svr_hourly_price_price_svr_s.csv
price,Teacher-Forcing,svr,permutation,36,load_lag48,0.006222,0.622,svr_hourly_price_price_svr_s.csv
price,Teacher-Forcing,svr,permutation,37,load_lag24,0.005907,0.591,svr_hourly_price_price_svr_s.csv
price,Teacher-Forcing,svr,permutation,38,load_lag1,0.005649,0.565,svr_hourly_price_price_svr_s.csv
price,Teacher-Forcing,svr,permutation,39,w_gr_mean_wind_speed_10m,0.005646,0.565,svr_hourly_price_price_svr_s.csv
price,Teacher-Forcing,svr,permutation,40,residual_load_lag24,0.005607,0.561,svr_hourly_price_price_svr_s.csv
price,Teacher-Forcing,svr,permutation,41,w_heraklion_shortwave_radiation,0.005406,0.541,svr_hourly_price_price_svr_s.csv
price,Teacher-Forcing,svr,permutation,42,w_gr_mean_precipitation,0.005328,0.533,svr_hourly_price_price_svr_s.csv
price,Teacher-Forcing,svr,permutation,43,y_lag3,0.005317,0.532,svr_hourly_price_price_svr_s.csv
price,Teacher-Forcing,svr,permutation,44,w_thessaloniki_relative_humidity_2m,0.005053,0.505,svr_hourly_price_price_svr_s.csv
price,Teacher-Forcing,svr,permutation,45,w_patras_cloud_cover,0.005011,0.501,svr_hourly_price_price_svr_s.csv
price,Teacher-Forcing,svr,permutation,46,w_patras_relative_humidity_2m,0.004929,0.493,svr_hourly_price_price_svr_s.csv
price,Teacher-Forcing,svr,permutation,47,w_athens_temperature_2m,0.00488,0.488,svr_hourly_price_price_svr_s.csv
price,Teacher-Forcing,svr,permutation,48,load_lag6,0.00485,0.485,svr_hourly_price_price_svr_s.csv
price,Teacher-Forcing,svr,permutation,49,w_patras_wind_speed_10m,0.004767,0.477,svr_hourly_price_price_svr_s.csv
price,Teacher-Forcing,svr,permutation,50,w_patras_wind_gusts_10m,0.004454,0.445,svr_hourly_price_price_svr_s.csv
price,Teacher-Forcing,svr,permutation,51,hour,0.004441,0.444,svr_hourly_price_price_svr_s.csv
price,Teacher-Forcing,svr,permutation,52,is_holiday,0.004279,0.428,svr_hourly_price_price_svr_s.csv
price,Teacher-Forcing,svr,permutation,53,w_larissa_cloud_cover,0.004263,0.426,svr_hourly_price_price_svr_s.csv
price,Teacher-Forcing,svr,permutation,54,load_lag2,0.004174,0.417,svr_hourly_price_price_svr_s.csv
price,Teacher-Forcing,svr,permutation,55,dow_cos,0.004146,0.415,svr_hourly_price_price_svr_s.csv
price,Teacher-Forcing,svr,permutation,56,residual_load_lag12,0.004098,0.41,svr_hourly_price_price_svr_s.csv
price,Teacher-Forcing,svr,permutation,57,wind_onshore_fc_dayahead_missing,0.004095,0.409,svr_hourly_price_price_svr_s.csv
price,Teacher-Forcing,svr,permutation,58,w_gr_mean_temperature_2m,0.003901,0.39,svr_hourly_price_price_svr_s.csv
price,Teacher-Forcing,svr,permutation,59,solar_fc_dayahead_missing,0.003809,0.381,svr_hourly_price_price_svr_s.csv
price,Teacher-Forcing,svr,permutation,60,y_lag6,0.003669,0.367,svr_hourly_price_price_svr_s.csv
price,Teacher-Forcing,svr,permutation,61,co2_lag168,0.00339,0.339,svr_hourly_price_price_svr_s.csv
price,Teacher-Forcing,svr,permutation,62,w_athens_relative_humidity_2m,0.003257,0.326,svr_hourly_price_price_svr_s.csv
price,Teacher-Forcing,svr,permutation,63,load_fc,0.003073,0.307,svr_hourly_price_price_svr_s.csv
price,Teacher-Forcing,svr,permutation,64,w_larissa_wind_speed_10m,0.00305,0.305,svr_hourly_price_price_svr_s.csv
price,Teacher-Forcing,svr,permutation,65,w_heraklion_wind_speed_10m,0.003034,0.303,svr_hourly_price_price_svr_s.csv
price,Teacher-Forcing,svr,permutation,66,gen_wind_lag24,0.002923,0.292,svr_hourly_price_price_svr_s.csv
price,Teacher-Forcing,svr,permutation,67,w_gr_mean_relative_humidity_2m,0.002857,0.286,svr_hourly_price_price_svr_s.csv
price,Teacher-Forcing,svr,permutation,68,w_thessaloniki_wind_gusts_10m_missing,0.002805,0.281,svr_hourly_price_price_svr_s.csv
price,Teacher-Forcing,svr,permutation,69,dow_sin,0.002721,0.272,svr_hourly_price_price_svr_s.csv
price,Teacher-Forcing,svr,permutation,70,w_heraklion_cloud_cover,0.002624,0.262,svr_hourly_price_price_svr_s.csv
price,Teacher-Forcing,svr,permutation,71,w_heraklion_temperature_2m,0.002512,0.251,svr_hourly_price_price_svr_s.csv
price,Teacher-Forcing,svr,permutation,72,w_gr_mean_cloud_cover,0.00239,0.239,svr_hourly_price_price_svr_s.csv
price,Teacher-Forcing,svr,permutation,73,w_athens_wind_speed_10m,0.002368,0.237,svr_hourly_price_price_svr_s.csv
price,Teacher-Forcing,svr,permutation,74,w_athens_temperature_2m_missing,0.002358,0.236,svr_hourly_price_price_svr_s.csv
price,Teacher-Forcing,svr,permutation,75,w_athens_wind_gusts_10m,0.002334,0.233,svr_hourly_price_price_svr_s.csv
price,Teacher-Forcing,svr,permutation,76,w_thessaloniki_relative_humidity_2m_missing,0.002333,0.233,svr_hourly_price_price_svr_s.csv
price,Teacher-Forcing,svr,permutation,77,y_lag12,0.002315,0.231,svr_hourly_price_price_svr_s.csv
price,Teacher-Forcing,svr,permutation,78,w_athens_relative_humidity_2m_missing,0.002275,0.228,svr_hourly_price_price_svr_s.csv
price,Teacher-Forcing,svr,permutation,79,w_athens_shortwave_radiation_missing,0.00224,0.224,svr_hourly_price_price_svr_s.csv
price,Teacher-Forcing,svr,permutation,80,co2_price,0.002084,0.208,svr_hourly_price_price_svr_s.csv
price,Teacher-Forcing,svr,permutation,81,w_athens_wind_gusts_10m_missing,0.00202,0.202,svr_hourly_price_price_svr_s.csv
price,Teacher-Forcing,svr,permutation,82,w_thessaloniki_wind_gusts_10m,0.001972,0.197,svr_hourly_price_price_svr_s.csv
price,Teacher-Forcing,svr,permutation,83,w_thessaloniki_cloud_cover_missing,0.001845,0.185,svr_hourly_price_price_svr_s.csv
price,Teacher-Forcing,svr,permutation,84,w_athens_cloud_cover_missing,0.001753,0.175,svr_hourly_price_price_svr_s.csv
price,Teacher-Forcing,svr,permutation,85,w_athens_precipitation_missing,0.001745,0.175,svr_hourly_price_price_svr_s.csv
price,Teacher-Forcing,svr,permutation,86,w_athens_wind_speed_10m_missing,0.001709,0.171,svr_hourly_price_price_svr_s.csv
price,Teacher-Forcing,svr,permutation,87,w_thessaloniki_temperature_2m,0.001527,0.153,svr_hourly_price_price_svr_s.csv
price,Teacher-Forcing,svr,permutation,88,w_thessaloniki_precipitation_missing,0.001487,0.149,svr_hourly_price_price_svr_s.csv
price,Teacher-Forcing,svr,permutation,89,w_thessaloniki_temperature_2m_missing,0.001445,0.145,svr_hourly_price_price_svr_s.csv
price,Teacher-Forcing,svr,permutation,90,co2_lag24,0.001396,0.14,svr_hourly_price_price_svr_s.csv
price,Teacher-Forcing,svr,permutation,91,hour_sin,0.001378,0.138,svr_hourly_price_price_svr_s.csv
price,Teacher-Forcing,svr,permutation,92,w_thessaloniki_wind_speed_10m_missing,0.001223,0.122,svr_hourly_price_price_svr_s.csv
price,Teacher-Forcing,svr,permutation,93,w_thessaloniki_shortwave_radiation_missing,0.001221,0.122,svr_hourly_price_price_svr_s.csv
price,Teacher-Forcing,svr,permutation,94,w_athens_cloud_cover,0.001208,0.121,svr_hourly_price_price_svr_s.csv
price,Teacher-Forcing,svr,permutation,95,co2_lag2,0.001199,0.12,svr_hourly_price_price_svr_s.csv
price,Teacher-Forcing,svr,permutation,96,w_heraklion_relative_humidity_2m,0.001167,0.117,svr_hourly_price_price_svr_s.csv
price,Teacher-Forcing,svr,permutation,97,w_thessaloniki_cloud_cover,0.001043,0.104,svr_hourly_price_price_svr_s.csv
price,Teacher-Forcing,svr,permutation,98,w_thessaloniki_precipitation,0.001008,0.101,svr_hourly_price_price_svr_s.csv
price,Teacher-Forcing,svr,permutation,99,w_thessaloniki_wind_speed_10m,0.000974,0.097,svr_hourly_price_price_svr_s.csv
price,Teacher-Forcing,svr,permutation,100,w_athens_shortwave_radiation,0.000792,0.079,svr_hourly_price_price_svr_s.csv
price,Teacher-Forcing,svr,permutation,101,w_larissa_relative_humidity_2m,0.000764,0.076,svr_hourly_price_price_svr_s.csv
price,Teacher-Forcing,svr,permutation,102,co2_lag12,0.000743,0.074,svr_hourly_price_price_svr_s.csv
price,Teacher-Forcing,svr,permutation,103,w_larissa_temperature_2m,0.000716,0.072,svr_hourly_price_price_svr_s.csv
price,Teacher-Forcing,svr,permutation,104,co2_lag1,0.000617,0.062,svr_hourly_price_price_svr_s.csv
price,Teacher-Forcing,svr,permutation,105,co2_lag3,0.000603,0.06,svr_hourly_price_price_svr_s.csv
price,Teacher-Forcing,svr,permutation,106,w_larissa_precipitation,0.000596,0.06,svr_hourly_price_price_svr_s.csv
price,Teacher-Forcing,svr,permutation,107,w_athens_precipitation,0.000337,0.034,svr_hourly_price_price_svr_s.csv
price,Teacher-Forcing,svr,permutation,108,w_thessaloniki_shortwave_radiation,0.000311,0.031,svr_hourly_price_price_svr_s.csv
price,Teacher-Forcing,svr,permutation,109,co2_lag6,0.000308,0.031,svr_hourly_price_price_svr_s.csv
price,Teacher-Forcing,svr,permutation,110,co2_lag48,0.000292,0.029,svr_hourly_price_price_svr_s.csv
price,Teacher-Forcing,svr,permutation,111,gas_lag6,5.7e-05,0.006,svr_hourly_price_price_svr_s.csv
price,Teacher-Forcing,svr,permutation,112,y_lag168,2.6e-05,0.003,svr_hourly_price_price_svr_s.csv
price,Teacher-Forcing,svr,permutation,113,gas_price,0.0,0.0,svr_hourly_price_price_svr_s.csv
price,Teacher-Forcing,svr,permutation,114,gen_fc_dayahead_missing,0.0,0.0,svr_hourly_price_price_svr_s.csv
price,Teacher-Forcing,svr,permutation,115,w_heraklion_precipitation,0.0,0.0,svr_hourly_price_price_svr_s.csv
price,Teacher-Forcing,svr,permutation,116,w_gr_mean_relative_humidity_2m_missing,0.0,0.0,svr_hourly_price_price_svr_s.csv
price,Teacher-Forcing,svr,permutation,117,w_gr_mean_precipitation_missing,0.0,0.0,svr_hourly_price_price_svr_s.csv
price,Teacher-Forcing,svr,permutation,118,w_gr_mean_cloud_cover_missing,0.0,0.0,svr_hourly_price_price_svr_s.csv
price,Teacher-Forcing,svr,permutation,119,w_gr_mean_wind_speed_10m_missing,0.0,0.0,svr_hourly_price_price_svr_s.csv
price,Teacher-Forcing,svr,permutation,120,w_gr_mean_wind_gusts_10m_missing,0.0,0.0,svr_hourly_price_price_svr_s.csv
price,Teacher-Forcing,svr,permutation,121,w_heraklion_precipitation_missing,0.0,0.0,svr_hourly_price_price_svr_s.csv
price,Teacher-Forcing,svr,permutation,122,w_heraklion_relative_humidity_2m_missing,0.0,0.0,svr_hourly_price_price_svr_s.csv
price,Teacher-Forcing,svr,permutation,123,w_heraklion_temperature_2m_missing,0.0,0.0,svr_hourly_price_price_svr_s.csv
price,Teacher-Forcing,svr,permutation,124,w_larissa_shortwave_radiation_missing,0.0,0.0,svr_hourly_price_price_svr_s.csv
price,Teacher-Forcing,svr,permutation,125,w_larissa_wind_gusts_10m_missing,0.0,0.0,svr_hourly_price_price_svr_s.csv
price,Teacher-Forcing,svr,permutation,126,w_larissa_wind_speed_10m_missing,0.0,0.0,svr_hourly_price_price_svr_s.csv
price,Teacher-Forcing,svr,permutation,127,w_larissa_cloud_cover_missing,0.0,0.0,svr_hourly_price_price_svr_s.csv
price,Teacher-Forcing,svr,permutation,128,w_larissa_precipitation_missing,0.0,0.0,svr_hourly_price_price_svr_s.csv
price,Teacher-Forcing,svr,permutation,129,w_larissa_relative_humidity_2m_missing,0.0,0.0,svr_hourly_price_price_svr_s.csv
price,Teacher-Forcing,svr,permutation,130,w_larissa_temperature_2m_missing,0.0,0.0,svr_hourly_price_price_svr_s.csv
price,Teacher-Forcing,svr,permutation,131,w_patras_shortwave_radiation_missing,0.0,0.0,svr_hourly_price_price_svr_s.csv
price,Teacher-Forcing,svr,permutation,132,w_patras_wind_gusts_10m_missing,0.0,0.0,svr_hourly_price_price_svr_s.csv
price,Teacher-Forcing,svr,permutation,133,w_patras_wind_speed_10m_missing,0.0,0.0,svr_hourly_price_price_svr_s.csv
price,Teacher-Forcing,svr,permutation,134,w_patras_cloud_cover_missing,0.0,0.0,svr_hourly_price_price_svr_s.csv
price,Teacher-Forcing,svr,permutation,135,w_patras_precipitation_missing,0.0,0.0,svr_hourly_price_price_svr_s.csv
price,Teacher-Forcing,svr,permutation,136,w_patras_relative_humidity_2m_missing,0.0,0.0,svr_hourly_price_price_svr_s.csv
price,Teacher-Forcing,svr,permutation,137,w_patras_temperature_2m_missing,0.0,0.0,svr_hourly_price_price_svr_s.csv
price,Teacher-Forcing,svr,permutation,138,w_gr_mean_shortwave_radiation_missing,0.0,0.0,svr_hourly_price_price_svr_s.csv
price,Teacher-Forcing,svr,permutation,139,w_gr_mean_temperature_2m_missing,0.0,0.0,svr_hourly_price_price_svr_s.csv
price,Teacher-Forcing,svr,permutation,140,w_heraklion_shortwave_radiation_missing,0.0,0.0,svr_hourly_price_price_svr_s.csv
price,Teacher-Forcing,svr,permutation,141,w_heraklion_cloud_cover_missing,0.0,0.0,svr_hourly_price_price_svr_s.csv
price,Teacher-Forcing,svr,permutation,142,w_heraklion_wind_speed_10m_missing,0.0,0.0,svr_hourly_price_price_svr_s.csv
price,Teacher-Forcing,svr,permutation,143,w_heraklion_wind_gusts_10m_missing,0.0,0.0,svr_hourly_price_price_svr_s.csv
price,Teacher-Forcing,svr,permutation,144,gas_lag3,0.0,0.0,svr_hourly_price_price_svr_s.csv
price,Teacher-Forcing,svr,permutation,145,gas_lag48,0.0,0.0,svr_hourly_price_price_svr_s.csv
price,Teacher-Forcing,svr,permutation,146,gas_lag24,0.0,0.0,svr_hourly_price_price_svr_s.csv
price,Teacher-Forcing,svr,permutation,147,gas_lag168,0.0,0.0,svr_hourly_price_price_svr_s.csv
price,Teacher-Forcing,svr,permutation,148,gas_lag12,0.0,0.0,svr_hourly_price_price_svr_s.csv
price,Teacher-Forcing,svr,permutation,149,gas_lag1,0.0,0.0,svr_hourly_price_price_svr_s.csv
price,Teacher-Forcing,svr,permutation,150,gas_lag2,0.0,0.0,svr_hourly_price_price_svr_s.csv
price,Teacher-Forcing,svr,permutation,151,gen_wind_lag48,0.0,0.0,svr_hourly_price_price_svr_s.csv
price,Teacher-Forcing,svr,permutation,152,y_roll168,0.0,0.0,svr_hourly_price_price_svr_s.csv
price,Teacher-Forcing,xgb,gain,1,y_lag1,0.632878,63.288,xgb_hourly_price_price_xgb_s.csv
price,Teacher-Forcing,xgb,gain,2,y_lag24,0.054582,5.458,xgb_hourly_price_price_xgb_s.csv
price,Teacher-Forcing,xgb,gain,3,y_lag168,0.050947,5.095,xgb_hourly_price_price_xgb_s.csv
price,Teacher-Forcing,xgb,gain,4,y_lag2,0.01876,1.876,xgb_hourly_price_price_xgb_s.csv
price,Teacher-Forcing,xgb,gain,5,hour_cos,0.016215,1.621,xgb_hourly_price_price_xgb_s.csv
price,Teacher-Forcing,xgb,gain,6,hour_sin,0.008399,0.84,xgb_hourly_price_price_xgb_s.csv
price,Teacher-Forcing,xgb,gain,7,gas_lag2,0.008095,0.809,xgb_hourly_price_price_xgb_s.csv
price,Teacher-Forcing,xgb,gain,8,y_lag48,0.007712,0.771,xgb_hourly_price_price_xgb_s.csv
price,Teacher-Forcing,xgb,gain,9,gen_solar_lag2,0.006981,0.698,xgb_hourly_price_price_xgb_s.csv
price,Teacher-Forcing,xgb,gain,10,y_roll24,0.006101,0.61,xgb_hourly_price_price_xgb_s.csv
price,Teacher-Forcing,xgb,gain,11,dow,0.005697,0.57,xgb_hourly_price_price_xgb_s.csv
price,Teacher-Forcing,xgb,gain,12,gas_lag1,0.005281,0.528,xgb_hourly_price_price_xgb_s.csv
price,Teacher-Forcing,xgb,gain,13,w_gr_mean_shortwave_radiation,0.005196,0.52,xgb_hourly_price_price_xgb_s.csv
price,Teacher-Forcing,xgb,gain,14,gas_lag6,0.005153,0.515,xgb_hourly_price_price_xgb_s.csv
price,Teacher-Forcing,xgb,gain,15,gas_lag12,0.004945,0.494,xgb_hourly_price_price_xgb_s.csv
price,Teacher-Forcing,xgb,gain,16,gas_lag24,0.004937,0.494,xgb_hourly_price_price_xgb_s.csv
price,Teacher-Forcing,xgb,gain,17,hour,0.004721,0.472,xgb_hourly_price_price_xgb_s.csv
price,Teacher-Forcing,xgb,gain,18,gas_lag168,0.004242,0.424,xgb_hourly_price_price_xgb_s.csv
price,Teacher-Forcing,xgb,gain,19,gen_solar_lag1,0.004146,0.415,xgb_hourly_price_price_xgb_s.csv
price,Teacher-Forcing,xgb,gain,20,w_larissa_shortwave_radiation,0.003946,0.395,xgb_hourly_price_price_xgb_s.csv
price,Teacher-Forcing,xgb,gain,21,gas_lag48,0.003473,0.347,xgb_hourly_price_price_xgb_s.csv
price,Teacher-Forcing,xgb,gain,22,gas_lag3,0.003321,0.332,xgb_hourly_price_price_xgb_s.csv
price,Teacher-Forcing,xgb,gain,23,solar_fc_dayahead,0.003254,0.325,xgb_hourly_price_price_xgb_s.csv
price,Teacher-Forcing,xgb,gain,24,y_roll168,0.003102,0.31,xgb_hourly_price_price_xgb_s.csv
price,Teacher-Forcing,xgb,gain,25,w_patras_shortwave_radiation,0.003072,0.307,xgb_hourly_price_price_xgb_s.csv
price,Teacher-Forcing,xgb,gain,26,gen_fc_dayahead,0.003069,0.307,xgb_hourly_price_price_xgb_s.csv
price,Teacher-Forcing,xgb,gain,27,co2_lag168,0.002931,0.293,xgb_hourly_price_price_xgb_s.csv
price,Teacher-Forcing,xgb,gain,28,w_thessaloniki_temperature_2m,0.002631,0.263,xgb_hourly_price_price_xgb_s.csv
price,Teacher-Forcing,xgb,gain,29,gen_solar_lag24,0.002522,0.252,xgb_hourly_price_price_xgb_s.csv
price,Teacher-Forcing,xgb,gain,30,y_lag3,0.002399,0.24,xgb_hourly_price_price_xgb_s.csv
price,Teacher-Forcing,xgb,gain,31,w_heraklion_temperature_2m_missing,0.002336,0.234,xgb_hourly_price_price_xgb_s.csv
price,Teacher-Forcing,xgb,gain,32,y_lag12,0.002322,0.232,xgb_hourly_price_price_xgb_s.csv
price,Teacher-Forcing,xgb,gain,33,dow_sin,0.002277,0.228,xgb_hourly_price_price_xgb_s.csv
price,Teacher-Forcing,xgb,gain,34,load_lag6,0.002019,0.202,xgb_hourly_price_price_xgb_s.csv
price,Teacher-Forcing,xgb,gain,35,residual_load_lag1,0.002001,0.2,xgb_hourly_price_price_xgb_s.csv
price,Teacher-Forcing,xgb,gain,36,w_larissa_temperature_2m,0.00191,0.191,xgb_hourly_price_price_xgb_s.csv
price,Teacher-Forcing,xgb,gain,37,gen_solar_lag48,0.001873,0.187,xgb_hourly_price_price_xgb_s.csv
price,Teacher-Forcing,xgb,gain,38,gen_wind_lag48,0.001838,0.184,xgb_hourly_price_price_xgb_s.csv
price,Teacher-Forcing,xgb,gain,39,co2_lag24,0.001831,0.183,xgb_hourly_price_price_xgb_s.csv
price,Teacher-Forcing,xgb,gain,40,residual_load_lag3,0.001824,0.182,xgb_hourly_price_price_xgb_s.csv
price,Teacher-Forcing,xgb,gain,41,w_heraklion_shortwave_radiation,0.001798,0.18,xgb_hourly_price_price_xgb_s.csv
price,Teacher-Forcing,xgb,gain,42,w_athens_wind_gusts_10m,0.001781,0.178,xgb_hourly_price_price_xgb_s.csv
price,Teacher-Forcing,xgb,gain,43,dow_cos,0.001763,0.176,xgb_hourly_price_price_xgb_s.csv
price,Teacher-Forcing,xgb,gain,44,w_thessaloniki_wind_gusts_10m,0.001758,0.176,xgb_hourly_price_price_xgb_s.csv
price,Teacher-Forcing,xgb,gain,45,load_lag3,0.001741,0.174,xgb_hourly_price_price_xgb_s.csv
price,Teacher-Forcing,xgb,gain,46,w_athens_relative_humidity_2m,0.001705,0.171,xgb_hourly_price_price_xgb_s.csv
price,Teacher-Forcing,xgb,gain,47,gen_wind_lag24,0.001701,0.17,xgb_hourly_price_price_xgb_s.csv
price,Teacher-Forcing,xgb,gain,48,wind_onshore_fc_dayahead,0.001689,0.169,xgb_hourly_price_price_xgb_s.csv
price,Teacher-Forcing,xgb,gain,49,load_lag2,0.001679,0.168,xgb_hourly_price_price_xgb_s.csv
price,Teacher-Forcing,xgb,gain,50,co2_lag48,0.00166,0.166,xgb_hourly_price_price_xgb_s.csv
price,Teacher-Forcing,xgb,gain,51,y_lag6,0.001653,0.165,xgb_hourly_price_price_xgb_s.csv
price,Teacher-Forcing,xgb,gain,52,residual_load_lag6,0.001652,0.165,xgb_hourly_price_price_xgb_s.csv
price,Teacher-Forcing,xgb,gain,53,w_thessaloniki_shortwave_radiation,0.001619,0.162,xgb_hourly_price_price_xgb_s.csv
price,Teacher-Forcing,xgb,gain,54,w_gr_mean_temperature_2m,0.001597,0.16,xgb_hourly_price_price_xgb_s.csv
price,Teacher-Forcing,xgb,gain,55,w_patras_temperature_2m,0.001587,0.159,xgb_hourly_price_price_xgb_s.csv
price,Teacher-Forcing,xgb,gain,56,w_athens_shortwave_radiation,0.001569,0.157,xgb_hourly_price_price_xgb_s.csv
price,Teacher-Forcing,xgb,gain,57,gen_solar_lag168,0.001565,0.156,xgb_hourly_price_price_xgb_s.csv
price,Teacher-Forcing,xgb,gain,58,load_lag1,0.001538,0.154,xgb_hourly_price_price_xgb_s.csv
price,Teacher-Forcing,xgb,gain,59,gas_price,0.001525,0.153,xgb_hourly_price_price_xgb_s.csv
price,Teacher-Forcing,xgb,gain,60,residual_load_lag12,0.00152,0.152,xgb_hourly_price_price_xgb_s.csv
price,Teacher-Forcing,xgb,gain,61,co2_lag1,0.001509,0.151,xgb_hourly_price_price_xgb_s.csv
price,Teacher-Forcing,xgb,gain,62,load_lag12,0.001504,0.15,xgb_hourly_price_price_xgb_s.csv
price,Teacher-Forcing,xgb,gain,63,w_heraklion_temperature_2m,0.001464,0.146,xgb_hourly_price_price_xgb_s.csv
price,Teacher-Forcing,xgb,gain,64,gen_wind_lag1,0.001438,0.144,xgb_hourly_price_price_xgb_s.csv
price,Teacher-Forcing,xgb,gain,65,w_larissa_precipitation,0.001433,0.143,xgb_hourly_price_price_xgb_s.csv
price,Teacher-Forcing,xgb,gain,66,w_larissa_wind_gusts_10m,0.001431,0.143,xgb_hourly_price_price_xgb_s.csv
price,Teacher-Forcing,xgb,gain,67,co2_lag12,0.00143,0.143,xgb_hourly_price_price_xgb_s.csv
price,Teacher-Forcing,xgb,gain,68,w_heraklion_wind_gusts_10m,0.001416,0.142,xgb_hourly_price_price_xgb_s.csv
price,Teacher-Forcing,xgb,gain,69,w_athens_temperature_2m,0.001376,0.138,xgb_hourly_price_price_xgb_s.csv
price,Teacher-Forcing,xgb,gain,70,w_patras_wind_gusts_10m,0.001372,0.137,xgb_hourly_price_price_xgb_s.csv
price,Teacher-Forcing,xgb,gain,71,load_lag48,0.00137,0.137,xgb_hourly_price_price_xgb_s.csv
price,Teacher-Forcing,xgb,gain,72,gen_wind_lag2,0.001367,0.137,xgb_hourly_price_price_xgb_s.csv
price,Teacher-Forcing,xgb,gain,73,residual_load_lag168,0.001343,0.134,xgb_hourly_price_price_xgb_s.csv
price,Teacher-Forcing,xgb,gain,74,co2_lag6,0.001322,0.132,xgb_hourly_price_price_xgb_s.csv
price,Teacher-Forcing,xgb,gain,75,co2_lag2,0.001317,0.132,xgb_hourly_price_price_xgb_s.csv
price,Teacher-Forcing,xgb,gain,76,w_thessaloniki_relative_humidity_2m,0.001311,0.131,xgb_hourly_price_price_xgb_s.csv
price,Teacher-Forcing,xgb,gain,77,w_athens_wind_speed_10m,0.001305,0.13,xgb_hourly_price_price_xgb_s.csv
price,Teacher-Forcing,xgb,gain,78,w_gr_mean_wind_gusts_10m,0.001287,0.129,xgb_hourly_price_price_xgb_s.csv
price,Teacher-Forcing,xgb,gain,79,w_heraklion_relative_humidity_2m,0.001283,0.128,xgb_hourly_price_price_xgb_s.csv
price,Teacher-Forcing,xgb,gain,80,is_holiday,0.001268,0.127,xgb_hourly_price_price_xgb_s.csv
price,Teacher-Forcing,xgb,gain,81,w_thessaloniki_wind_speed_10m,0.001255,0.125,xgb_hourly_price_price_xgb_s.csv
price,Teacher-Forcing,xgb,gain,82,w_heraklion_wind_speed_10m,0.00125,0.125,xgb_hourly_price_price_xgb_s.csv
price,Teacher-Forcing,xgb,gain,83,w_larissa_relative_humidity_2m,0.00124,0.124,xgb_hourly_price_price_xgb_s.csv
price,Teacher-Forcing,xgb,gain,84,residual_load_lag2,0.001209,0.121,xgb_hourly_price_price_xgb_s.csv
price,Teacher-Forcing,xgb,gain,85,w_gr_mean_precipitation,0.001195,0.119,xgb_hourly_price_price_xgb_s.csv
price,Teacher-Forcing,xgb,gain,86,load_lag168,0.001169,0.117,xgb_hourly_price_price_xgb_s.csv
price,Teacher-Forcing,xgb,gain,87,w_patras_precipitation,0.001149,0.115,xgb_hourly_price_price_xgb_s.csv
price,Teacher-Forcing,xgb,gain,88,w_patras_relative_humidity_2m,0.001147,0.115,xgb_hourly_price_price_xgb_s.csv
price,Teacher-Forcing,xgb,gain,89,load_lag24,0.001118,0.112,xgb_hourly_price_price_xgb_s.csv
price,Teacher-Forcing,xgb,gain,90,w_gr_mean_relative_humidity_2m,0.001067,0.107,xgb_hourly_price_price_xgb_s.csv
price,Teacher-Forcing,xgb,gain,91,w_heraklion_cloud_cover,0.001066,0.107,xgb_hourly_price_price_xgb_s.csv
price,Teacher-Forcing,xgb,gain,92,w_gr_mean_wind_speed_10m,0.00105,0.105,xgb_hourly_price_price_xgb_s.csv
price,Teacher-Forcing,xgb,gain,93,gen_wind_lag168,0.001047,0.105,xgb_hourly_price_price_xgb_s.csv
price,Teacher-Forcing,xgb,gain,94,residual_load_lag24,0.00104,0.104,xgb_hourly_price_price_xgb_s.csv
price,Teacher-Forcing,xgb,gain,95,residual_load_lag48,0.001028,0.103,xgb_hourly_price_price_xgb_s.csv
price,Teacher-Forcing,xgb,gain,96,load_fc,0.001003,0.1,xgb_hourly_price_price_xgb_s.csv
price,Teacher-Forcing,xgb,gain,97,w_larissa_wind_speed_10m,0.000993,0.099,xgb_hourly_price_price_xgb_s.csv
price,Teacher-Forcing,xgb,gain,98,w_patras_wind_speed_10m,0.000992,0.099,xgb_hourly_price_price_xgb_s.csv
price,Teacher-Forcing,xgb,gain,99,w_larissa_cloud_cover,0.000988,0.099,xgb_hourly_price_price_xgb_s.csv
price,Teacher-Forcing,xgb,gain,100,w_patras_cloud_cover,0.000956,0.096,xgb_hourly_price_price_xgb_s.csv
price,Teacher-Forcing,xgb,gain,101,w_athens_precipitation,0.000939,0.094,xgb_hourly_price_price_xgb_s.csv
price,Teacher-Forcing,xgb,gain,102,w_heraklion_precipitation,0.000911,0.091,xgb_hourly_price_price_xgb_s.csv
price,Teacher-Forcing,xgb,gain,103,w_athens_cloud_cover,0.000903,0.09,xgb_hourly_price_price_xgb_s.csv
price,Teacher-Forcing,xgb,gain,104,w_thessaloniki_cloud_cover,0.000879,0.088,xgb_hourly_price_price_xgb_s.csv
price,Teacher-Forcing,xgb,gain,105,w_thessaloniki_precipitation,0.00086,0.086,xgb_hourly_price_price_xgb_s.csv
price,Teacher-Forcing,xgb,gain,106,w_gr_mean_cloud_cover,0.000815,0.081,xgb_hourly_price_price_xgb_s.csv
price,Teacher-Forcing,xgb,gain,107,co2_price,0.000763,0.076,xgb_hourly_price_price_xgb_s.csv
price,Teacher-Forcing,xgb,gain,108,co2_lag3,0.000725,0.072,xgb_hourly_price_price_xgb_s.csv
price,Teacher-Forcing,xgb,gain,109,wind_onshore_fc_dayahead_missing,0.00058,0.058,xgb_hourly_price_price_xgb_s.csv
price,Teacher-Forcing,xgb,gain,110,gen_fc_dayahead_missing,0.000388,0.039,xgb_hourly_price_price_xgb_s.csv
price,Teacher-Forcing,xgb,gain,111,solar_fc_dayahead_missing,0.000384,0.038,xgb_hourly_price_price_xgb_s.csv
price,Teacher-Forcing,xgb,gain,112,w_heraklion_relative_humidity_2m_missing,0.00031,0.031,xgb_hourly_price_price_xgb_s.csv
price,Teacher-Forcing,xgb,gain,113,w_heraklion_precipitation_missing,0.0,0.0,xgb_hourly_price_price_xgb_s.csv
price,Teacher-Forcing,xgb,gain,114,w_larissa_shortwave_radiation_missing,0.0,0.0,xgb_hourly_price_price_xgb_s.csv
price,Teacher-Forcing,xgb,gain,115,w_larissa_wind_speed_10m_missing,0.0,0.0,xgb_hourly_price_price_xgb_s.csv
price,Teacher-Forcing,xgb,gain,116,w_larissa_wind_gusts_10m_missing,0.0,0.0,xgb_hourly_price_price_xgb_s.csv
price,Teacher-Forcing,xgb,gain,117,w_athens_temperature_2m_missing,0.0,0.0,xgb_hourly_price_price_xgb_s.csv
price,Teacher-Forcing,xgb,gain,118,w_gr_mean_shortwave_radiation_missing,0.0,0.0,xgb_hourly_price_price_xgb_s.csv
price,Teacher-Forcing,xgb,gain,119,w_gr_mean_wind_speed_10m_missing,0.0,0.0,xgb_hourly_price_price_xgb_s.csv
price,Teacher-Forcing,xgb,gain,120,w_gr_mean_wind_gusts_10m_missing,0.0,0.0,xgb_hourly_price_price_xgb_s.csv
price,Teacher-Forcing,xgb,gain,121,w_gr_mean_relative_humidity_2m_missing,0.0,0.0,xgb_hourly_price_price_xgb_s.csv
price,Teacher-Forcing,xgb,gain,122,w_gr_mean_temperature_2m_missing,0.0,0.0,xgb_hourly_price_price_xgb_s.csv
price,Teacher-Forcing,xgb,gain,123,w_gr_mean_cloud_cover_missing,0.0,0.0,xgb_hourly_price_price_xgb_s.csv
price,Teacher-Forcing,xgb,gain,124,w_gr_mean_precipitation_missing,0.0,0.0,xgb_hourly_price_price_xgb_s.csv
price,Teacher-Forcing,xgb,gain,125,w_larissa_cloud_cover_missing,0.0,0.0,xgb_hourly_price_price_xgb_s.csv
price,Teacher-Forcing,xgb,gain,126,w_larissa_precipitation_missing,0.0,0.0,xgb_hourly_price_price_xgb_s.csv
price,Teacher-Forcing,xgb,gain,127,w_larissa_temperature_2m_missing,0.0,0.0,xgb_hourly_price_price_xgb_s.csv
price,Teacher-Forcing,xgb,gain,128,w_larissa_relative_humidity_2m_missing,0.0,0.0,xgb_hourly_price_price_xgb_s.csv
price,Teacher-Forcing,xgb,gain,129,w_patras_wind_speed_10m_missing,0.0,0.0,xgb_hourly_price_price_xgb_s.csv
price,Teacher-Forcing,xgb,gain,130,w_patras_cloud_cover_missing,0.0,0.0,xgb_hourly_price_price_xgb_s.csv
price,Teacher-Forcing,xgb,gain,131,w_patras_shortwave_radiation_missing,0.0,0.0,xgb_hourly_price_price_xgb_s.csv
price,Teacher-Forcing,xgb,gain,132,w_patras_wind_gusts_10m_missing,0.0,0.0,xgb_hourly_price_price_xgb_s.csv
price,Teacher-Forcing,xgb,gain,133,w_patras_precipitation_missing,0.0,0.0,xgb_hourly_price_price_xgb_s.csv
price,Teacher-Forcing,xgb,gain,134,w_patras_relative_humidity_2m_missing,0.0,0.0,xgb_hourly_price_price_xgb_s.csv
price,Teacher-Forcing,xgb,gain,135,w_thessaloniki_shortwave_radiation_missing,0.0,0.0,xgb_hourly_price_price_xgb_s.csv
price,Teacher-Forcing,xgb,gain,136,w_patras_temperature_2m_missing,0.0,0.0,xgb_hourly_price_price_xgb_s.csv
price,Teacher-Forcing,xgb,gain,137,w_athens_shortwave_radiation_missing,0.0,0.0,xgb_hourly_price_price_xgb_s.csv
price,Teacher-Forcing,xgb,gain,138,w_athens_wind_gusts_10m_missing,0.0,0.0,xgb_hourly_price_price_xgb_s.csv
price,Teacher-Forcing,xgb,gain,139,w_thessaloniki_wind_gusts_10m_missing,0.0,0.0,xgb_hourly_price_price_xgb_s.csv
price,Teacher-Forcing,xgb,gain,140,w_thessaloniki_wind_speed_10m_missing,0.0,0.0,xgb_hourly_price_price_xgb_s.csv
price,Teacher-Forcing,xgb,gain,141,w_thessaloniki_cloud_cover_missing,0.0,0.0,xgb_hourly_price_price_xgb_s.csv
price,Teacher-Forcing,xgb,gain,142,w_thessaloniki_precipitation_missing,0.0,0.0,xgb_hourly_price_price_xgb_s.csv
price,Teacher-Forcing,xgb,gain,143,w_thessaloniki_relative_humidity_2m_missing,0.0,0.0,xgb_hourly_price_price_xgb_s.csv
price,Teacher-Forcing,xgb,gain,144,w_thessaloniki_temperature_2m_missing,0.0,0.0,xgb_hourly_price_price_xgb_s.csv
price,Teacher-Forcing,xgb,gain,145,w_athens_precipitation_missing,0.0,0.0,xgb_hourly_price_price_xgb_s.csv
price,Teacher-Forcing,xgb,gain,146,w_athens_relative_humidity_2m_missing,0.0,0.0,xgb_hourly_price_price_xgb_s.csv
price,Teacher-Forcing,xgb,gain,147,w_athens_wind_speed_10m_missing,0.0,0.0,xgb_hourly_price_price_xgb_s.csv
price,Teacher-Forcing,xgb,gain,148,w_athens_cloud_cover_missing,0.0,0.0,xgb_hourly_price_price_xgb_s.csv
price,Teacher-Forcing,xgb,gain,149,w_heraklion_cloud_cover_missing,0.0,0.0,xgb_hourly_price_price_xgb_s.csv
price,Teacher-Forcing,xgb,gain,150,w_heraklion_wind_speed_10m_missing,0.0,0.0,xgb_hourly_price_price_xgb_s.csv
price,Teacher-Forcing,xgb,gain,151,w_heraklion_wind_gusts_10m_missing,0.0,0.0,xgb_hourly_price_price_xgb_s.csv
price,Teacher-Forcing,xgb,gain,152,w_heraklion_shortwave_radiation_missing,0.0,0.0,xgb_hourly_price_price_xgb_s.csv
