############ G14+DIRECT QUEUE (4 stages) START [2026-07-16 15:32:31] ############
GIT: a455ca29e2342854ddb7848ed74f040d2b27d8cc | DIRTY:  M src/__pycache__/data.cpython-310.pyc 

######## BLOCK 0 — PREFLIGHT+POISON [2026-07-16 15:32:32] ########
============================================================
PRE-FLIGHT CHECK (energy-forecast)
============================================================
  ✅ OneDrive.exe τρέχει — αν όχι: Start-Process "$env:PROGRAMFILES\Microsoft OneDrive\OneDrive.exe"
  ✅ hourly.parquet υπάρχει — shape=(80126, 159), τέλος=2026-03-20 23:00:00
  ✅ ΜΟΝΟ lagged xb_* στήλες (same-day = leakage!) — 6 lagged cols OK
  ✅ Βασικές στήλες παρούσες
  ✅ TZ alignment (solar_fc DJF peak = 11:00 CET) — peak=11:00 — αν ≠11 τρέξε solar_shift_check.py (βλ. ABLATION_PLAN §5.9)
  ✅ hourly_load.parquet υπάρχει
------------------------------------------------------------
------------------------------------------------------------
Cross-actuals poisoning self-test (AEL §4.8/§4.10.2) — τρέχει ΟΝΤΩΣ, ~10-20s/strategy:
  $ C:\Users\aggel\miniconda3\envs\epf\python.exe -X utf8 -m src.check_crosslag_fairness --task price --algo lgbm --strategy recursive --market dam --gate strict
 gain, best gain: -inf
[LightGBM] [Warning] No further splits with positive gain, best gain: -inf
[LightGBM] [Warning] No further splits with positive gain, best gain: -inf
[LightGBM] [Warning] No further splits with positive gain, best gain: -inf
[LightGBM] [Warning] No further splits with positive gain, best gain: -inf
[LightGBM] [Warning] No further splits with positive gain, best gain: -inf
[LightGBM] [Warning] No further splits with positive gain, best gain: -inf
[LightGBM] [Warning] No further splits with positive gain, best gain: -inf
[LightGBM] [Warning] No further splits with positive gain, best gain: -inf
[LightGBM] [Warning] No further splits with positive gain, best gain: -inf
[LightGBM] [Warning] No further splits with positive gain, best gain: -inf
[LightGBM] [Warning] No further splits with positive gain, best gain: -inf
[LightGBM] [Warning] No further splits with positive gain, best gain: -inf
[LightGBM] [Warning] No further splits with positive gain, best gain: -inf
[LightGBM] [Warning] No further splits with positive gain, best gain: -inf
[LightGBM] [Warning] No further splits with positive gain, best gain: -inf
[RESULT] B_POISON_SAFE_CROSSLAGS (control): n_poisoned_cells=254 mean_abs_diff=8.038416 max_abs_diff=27.446117
[INFO] Test C: direct έλεγχος training-row freeze (χωρίς poisoning/training)...
[RESULT] C_TRAINING_FREEZE: unsafe_checked=54 safe_checked=36 mismatches=0

=== INTERPRETATION ===
A (unsafe): ~0 αναμενόμενο => AEL σωστά αγνοεί ό,τι δεν ήταν ακόμα δημοσιευμένο (PASS).
            μεγάλο       => LEAK: crosslag actuals μετά το cutoff_F διαρρέουν (FAIL).
B (safe, control): μεγάλο αναμενόμενο => το μοντέλο όντως χρησιμοποιεί αυτά τα features (νομιμοποιεί το Test A). Αν ~0 ΚΙ ΕΔΩ, έλεγξε feature spec.
C (training freeze): PASS => το ίδιο transform που τρέχει πριν το training είναι μαθηματικά σωστό στα πραγματικά δεδομένα.

=== PASS (leak_free=True, control_meaningful=True, training_freeze_ok=True) ===
=== check_crosslag_fairness END ===

  ✅ crosslag poisoning (recursive)
  $ C:\Users\aggel\miniconda3\envs\epf\python.exe -X utf8 -m src.check_crosslag_fairness --task price --algo lgbm --strategy direct --market dam --gate strict
nts in the train set: 2135, number of used features: 123
[LightGBM] [Info] Start training from score 104.131417
[LightGBM] [Info] Auto-choosing col-wise multi-threading, the overhead of testing was 0.004444 seconds.
You can set `force_col_wise=true` to remove the overhead.
[LightGBM] [Info] Total Bins 17431
[LightGBM] [Info] Auto-choosing col-wise multi-threading, the overhead of testing was 0.004718 seconds.
You can set `force_col_wise=true` to remove the overhead.
[LightGBM] [Info] Total Bins 17431
[LightGBM] [Info] Number of data points in the train set: 2135, number of used features: 123
[LightGBM] [Info] Start training from score 104.121770
[LightGBM] [Info] Number of data points in the train set: 2135, number of used features: 123
[LightGBM] [Info] Start training from score 104.124912
[LightGBM] [Info] Auto-choosing col-wise multi-threading, the overhead of testing was 0.004630 seconds.
You can set `force_col_wise=true` to remove the overhead.
[LightGBM] [Info] Total Bins 17431
[LightGBM] [Info] Number of data points in the train set: 2135, number of used features: 123
[LightGBM] [Info] Start training from score 104.126152
[RESULT] B_POISON_SAFE_CROSSLAGS (control): n_poisoned_cells=254 mean_abs_diff=10.179806 max_abs_diff=29.200217
[INFO] Test C: direct έλεγχος training-row freeze (χωρίς poisoning/training)...
[RESULT] C_TRAINING_FREEZE: unsafe_checked=54 safe_checked=36 mismatches=0

=== INTERPRETATION ===
A (unsafe): ~0 αναμενόμενο => AEL σωστά αγνοεί ό,τι δεν ήταν ακόμα δημοσιευμένο (PASS).
            μεγάλο       => LEAK: crosslag actuals μετά το cutoff_F διαρρέουν (FAIL).
B (safe, control): μεγάλο αναμενόμενο => το μοντέλο όντως χρησιμοποιεί αυτά τα features (νομιμοποιεί το Test A). Αν ~0 ΚΙ ΕΔΩ, έλεγξε feature spec.
C (training freeze): PASS => το ίδιο transform που τρέχει πριν το training είναι μαθηματικά σωστό στα πραγματικά δεδομένα.

=== PASS (leak_free=True, control_meaningful=True, training_freeze_ok=True) ===
=== check_crosslag_fairness END ===

  ✅ crosslag poisoning (direct)
ΑΠΟΤΕΛΕΣΜΑ: PASS
######## BLOCK 0 PASS ########

######## STAGE 1/4 — LEAR g14 [2026-07-16 15:33:54] ########

=== [2026-07-16 15:33:54] RUN -> runs/load_lear/summer_lear_recw_g14_base.json
==============================================================================
MASTER FORECAST | algo=lear task=load strategy=recursive
  market=dam task=load gate=strict delay_override=14 → gap=14h (crosslag_gap=14h) | horizon=24 stride=24 retrain=weekly
  groups=['calendar', 'lags', 'roll']  (#features=17)
  test=[2025-06-01 00:00:00 .. 2025-08-31 23:00:00]  train_end=None
==============================================================================
  AEL crosslag_mode=freeze (crosslag_gap=14h)
   [fit] key=2025-W22 cutoff=2025-05-31 09:00:00  (block 1/92)
   [fit] key=2025-W23 cutoff=2025-06-02 09:00:00  (block 3/92)
   [fit] key=2025-W24 cutoff=2025-06-09 09:00:00  (block 10/92)
   [fit] key=2025-W25 cutoff=2025-06-16 09:00:00  (block 17/92)
   [fit] key=2025-W26 cutoff=2025-06-23 09:00:00  (block 24/92)
   [fit] key=2025-W27 cutoff=2025-06-30 09:00:00  (block 31/92)
   [fit] key=2025-W28 cutoff=2025-07-07 09:00:00  (block 38/92)
   [fit] key=2025-W29 cutoff=2025-07-14 09:00:00  (block 45/92)
   [fit] key=2025-W30 cutoff=2025-07-21 09:00:00  (block 52/92)
   [fit] key=2025-W31 cutoff=2025-07-28 09:00:00  (block 59/92)
   [fit] key=2025-W32 cutoff=2025-08-04 09:00:00  (block 66/92)
   [fit] key=2025-W33 cutoff=2025-08-11 09:00:00  (block 73/92)
   [fit] key=2025-W34 cutoff=2025-08-18 09:00:00  (block 80/92)
   [fit] key=2025-W35 cutoff=2025-08-25 09:00:00  (block 87/92)
   [done] 92 blocks σε 86.5s

📊 RESULT | MAE=406.3242 MW | RMSE=530.5448 | sMAPE=5.9486% | n=2208
💾 saved: runs/load_lear/summer_lear_recw_g14_base.json
--- [2026-07-16 15:35:27] OK  runs/load_lear/summer_lear_recw_g14_base.json  (93s)

=== [2026-07-16 15:35:27] RUN -> runs/load_lear/summer_lear_recw_g14_dense.json
==============================================================================
MASTER FORECAST | algo=lear task=load strategy=recursive
  market=dam task=load gate=strict delay_override=14 → gap=14h (crosslag_gap=14h) | horizon=24 stride=24 retrain=weekly
  groups=['calendar', 'lags', 'dense', 'roll']  (#features=35)
  test=[2025-06-01 00:00:00 .. 2025-08-31 23:00:00]  train_end=None
==============================================================================
  AEL crosslag_mode=freeze (crosslag_gap=14h)
   [fit] key=2025-W22 cutoff=2025-05-31 09:00:00  (block 1/92)
   [fit] key=2025-W23 cutoff=2025-06-02 09:00:00  (block 3/92)
   [fit] key=2025-W24 cutoff=2025-06-09 09:00:00  (block 10/92)
   [fit] key=2025-W25 cutoff=2025-06-16 09:00:00  (block 17/92)
   [fit] key=2025-W26 cutoff=2025-06-23 09:00:00  (block 24/92)
   [fit] key=2025-W27 cutoff=2025-06-30 09:00:00  (block 31/92)
   [fit] key=2025-W28 cutoff=2025-07-07 09:00:00  (block 38/92)
   [fit] key=2025-W29 cutoff=2025-07-14 09:00:00  (block 45/92)
   [fit] key=2025-W30 cutoff=2025-07-21 09:00:00  (block 52/92)
   [fit] key=2025-W31 cutoff=2025-07-28 09:00:00  (block 59/92)
   [fit] key=2025-W32 cutoff=2025-08-04 09:00:00  (block 66/92)
   [fit] key=2025-W33 cutoff=2025-08-11 09:00:00  (block 73/92)
   [fit] key=2025-W34 cutoff=2025-08-18 09:00:00  (block 80/92)
   [fit] key=2025-W35 cutoff=2025-08-25 09:00:00  (block 87/92)
   [done] 92 blocks σε 192.4s

📊 RESULT | MAE=392.1775 MW | RMSE=519.933 | sMAPE=5.7237% | n=2208
💾 saved: runs/load_lear/summer_lear_recw_g14_dense.json
--- [2026-07-16 15:38:46] OK  runs/load_lear/summer_lear_recw_g14_dense.json  (199s)

=== [2026-07-16 15:38:46] RUN -> runs/load_lear/octnov_lear_recw_g14_base.json
==============================================================================
MASTER FORECAST | algo=lear task=load strategy=recursive
  market=dam task=load gate=strict delay_override=14 → gap=14h (crosslag_gap=14h) | horizon=24 stride=24 retrain=weekly
  groups=['calendar', 'lags', 'roll']  (#features=17)
  test=[2025-10-01 00:00:00 .. 2025-11-30 23:00:00]  train_end=None
==============================================================================
  AEL crosslag_mode=freeze (crosslag_gap=14h)
   [fit] key=2025-W40 cutoff=2025-09-30 09:00:00  (block 1/61)
   [fit] key=2025-W41 cutoff=2025-10-06 09:00:00  (block 7/61)
   [fit] key=2025-W42 cutoff=2025-10-13 09:00:00  (block 14/61)
   [fit] key=2025-W43 cutoff=2025-10-20 09:00:00  (block 21/61)
   [fit] key=2025-W44 cutoff=2025-10-27 09:00:00  (block 28/61)
   [fit] key=2025-W45 cutoff=2025-11-03 09:00:00  (block 35/61)
   [fit] key=2025-W46 cutoff=2025-11-10 09:00:00  (block 42/61)
   [fit] key=2025-W47 cutoff=2025-11-17 09:00:00  (block 49/61)
   [fit] key=2025-W48 cutoff=2025-11-24 09:00:00  (block 56/61)
   [done] 61 blocks σε 167.6s

📊 RESULT | MAE=268.4105 MW | RMSE=373.4106 | sMAPE=5.32% | n=1463
💾 saved: runs/load_lear/octnov_lear_recw_g14_base.json
--- [2026-07-16 15:41:41] OK  runs/load_lear/octnov_lear_recw_g14_base.json  (175s)

=== [2026-07-16 15:41:41] RUN -> runs/load_lear/octnov_lear_recw_g14_dense.json
==============================================================================
MASTER FORECAST | algo=lear task=load strategy=recursive
  market=dam task=load gate=strict delay_override=14 → gap=14h (crosslag_gap=14h) | horizon=24 stride=24 retrain=weekly
  groups=['calendar', 'lags', 'dense', 'roll']  (#features=35)
  test=[2025-10-01 00:00:00 .. 2025-11-30 23:00:00]  train_end=None
==============================================================================
  AEL crosslag_mode=freeze (crosslag_gap=14h)
   [fit] key=2025-W40 cutoff=2025-09-30 09:00:00  (block 1/61)
   [fit] key=2025-W41 cutoff=2025-10-06 09:00:00  (block 7/61)
   [fit] key=2025-W42 cutoff=2025-10-13 09:00:00  (block 14/61)
   [fit] key=2025-W43 cutoff=2025-10-20 09:00:00  (block 21/61)
   [fit] key=2025-W44 cutoff=2025-10-27 09:00:00  (block 28/61)
   [fit] key=2025-W45 cutoff=2025-11-03 09:00:00  (block 35/61)
   [fit] key=2025-W46 cutoff=2025-11-10 09:00:00  (block 42/61)
   [fit] key=2025-W47 cutoff=2025-11-17 09:00:00  (block 49/61)
   [fit] key=2025-W48 cutoff=2025-11-24 09:00:00  (block 56/61)
   [done] 61 blocks σε 315.4s

📊 RESULT | MAE=214.6722 MW | RMSE=314.1621 | sMAPE=4.3564% | n=1463
💾 saved: runs/load_lear/octnov_lear_recw_g14_dense.json
--- [2026-07-16 15:47:08] OK  runs/load_lear/octnov_lear_recw_g14_dense.json  (326s)

=== [2026-07-16 15:47:08] RUN -> runs/load_lear/q1_lear_recw_g14_base.json
==============================================================================
MASTER FORECAST | algo=lear task=load strategy=recursive
  market=dam task=load gate=strict delay_override=14 → gap=14h (crosslag_gap=14h) | horizon=24 stride=24 retrain=weekly
  groups=['calendar', 'lags', 'roll']  (#features=17)
  test=[2025-12-01 00:00:00 .. 2026-02-28 23:00:00]  train_end=None
==============================================================================
  AEL crosslag_mode=freeze (crosslag_gap=14h)
   [fit] key=2025-W48 cutoff=2025-11-30 09:00:00  (block 1/90)
   [fit] key=2025-W49 cutoff=2025-12-01 09:00:00  (block 2/90)
   [fit] key=2025-W50 cutoff=2025-12-08 09:00:00  (block 9/90)
   [fit] key=2025-W51 cutoff=2025-12-15 09:00:00  (block 16/90)
   [fit] key=2025-W52 cutoff=2025-12-22 09:00:00  (block 23/90)
   [fit] key=2026-W01 cutoff=2025-12-29 09:00:00  (block 30/90)
   [fit] key=2026-W02 cutoff=2026-01-05 09:00:00  (block 37/90)
   [fit] key=2026-W03 cutoff=2026-01-12 09:00:00  (block 44/90)
   [fit] key=2026-W04 cutoff=2026-01-19 09:00:00  (block 51/90)
   [fit] key=2026-W05 cutoff=2026-01-26 09:00:00  (block 58/90)
   [fit] key=2026-W06 cutoff=2026-02-02 09:00:00  (block 65/90)
   [fit] key=2026-W07 cutoff=2026-02-09 09:00:00  (block 72/90)
   [fit] key=2026-W08 cutoff=2026-02-16 09:00:00  (block 79/90)
   [fit] key=2026-W09 cutoff=2026-02-23 09:00:00  (block 86/90)
   [done] 90 blocks σε 268.8s

📊 RESULT | MAE=358.1223 MW | RMSE=461.8887 | sMAPE=6.0623% | n=2160
💾 saved: runs/load_lear/q1_lear_recw_g14_base.json
--- [2026-07-16 15:51:49] OK  runs/load_lear/q1_lear_recw_g14_base.json  (281s)

=== [2026-07-16 15:51:49] RUN -> runs/load_lear/q1_lear_recw_g14_dense.json
==============================================================================
MASTER FORECAST | algo=lear task=load strategy=recursive
  market=dam task=load gate=strict delay_override=14 → gap=14h (crosslag_gap=14h) | horizon=24 stride=24 retrain=weekly
  groups=['calendar', 'lags', 'dense', 'roll']  (#features=35)
  test=[2025-12-01 00:00:00 .. 2026-02-28 23:00:00]  train_end=None
==============================================================================
  AEL crosslag_mode=freeze (crosslag_gap=14h)
   [fit] key=2025-W48 cutoff=2025-11-30 09:00:00  (block 1/90)
   [fit] key=2025-W49 cutoff=2025-12-01 09:00:00  (block 2/90)
   [fit] key=2025-W50 cutoff=2025-12-08 09:00:00  (block 9/90)
   [fit] key=2025-W51 cutoff=2025-12-15 09:00:00  (block 16/90)
   [fit] key=2025-W52 cutoff=2025-12-22 09:00:00  (block 23/90)
   [fit] key=2026-W01 cutoff=2025-12-29 09:00:00  (block 30/90)
   [fit] key=2026-W02 cutoff=2026-01-05 09:00:00  (block 37/90)
   [fit] key=2026-W03 cutoff=2026-01-12 09:00:00  (block 44/90)
   [fit] key=2026-W04 cutoff=2026-01-19 09:00:00  (block 51/90)
   [fit] key=2026-W05 cutoff=2026-01-26 09:00:00  (block 58/90)
   [fit] key=2026-W06 cutoff=2026-02-02 09:00:00  (block 65/90)
   [fit] key=2026-W07 cutoff=2026-02-09 09:00:00  (block 72/90)
   [fit] key=2026-W08 cutoff=2026-02-16 09:00:00  (block 79/90)
   [fit] key=2026-W09 cutoff=2026-02-23 09:00:00  (block 86/90)
   [done] 90 blocks σε 6419.6s

📊 RESULT | MAE=307.8427 MW | RMSE=407.0036 | sMAPE=5.2478% | n=2160
💾 saved: runs/load_lear/q1_lear_recw_g14_dense.json
--- [2026-07-16 17:39:03] OK  runs/load_lear/q1_lear_recw_g14_dense.json  (6434s)
######## STAGE 1/4 DONE [2026-07-16 17:39:03] ########

######## STAGE 2/4 — MLP g14 [2026-07-16 17:39:03] ########

=== [2026-07-16 17:39:03] RUN -> runs/load_mlp/summer_mlp_recw_g14_base.json
==============================================================================
MASTER FORECAST | algo=mlp task=load strategy=recursive
  market=dam task=load gate=strict delay_override=14 → gap=14h (crosslag_gap=14h) | horizon=24 stride=24 retrain=weekly
  groups=['calendar', 'lags', 'roll']  (#features=17)
  test=[2025-06-01 00:00:00 .. 2025-08-31 23:00:00]  train_end=None
==============================================================================
  AEL crosslag_mode=freeze (crosslag_gap=14h)
   [fit] key=2025-W22 cutoff=2025-05-31 09:00:00  (block 1/92)
   [fit] key=2025-W23 cutoff=2025-06-02 09:00:00  (block 3/92)
   [fit] key=2025-W24 cutoff=2025-06-09 09:00:00  (block 10/92)
   [fit] key=2025-W25 cutoff=2025-06-16 09:00:00  (block 17/92)
   [fit] key=2025-W26 cutoff=2025-06-23 09:00:00  (block 24/92)
   [fit] key=2025-W27 cutoff=2025-06-30 09:00:00  (block 31/92)
   [fit] key=2025-W28 cutoff=2025-07-07 09:00:00  (block 38/92)
   [fit] key=2025-W29 cutoff=2025-07-14 09:00:00  (block 45/92)
   [fit] key=2025-W30 cutoff=2025-07-21 09:00:00  (block 52/92)
   [fit] key=2025-W31 cutoff=2025-07-28 09:00:00  (block 59/92)
   [fit] key=2025-W32 cutoff=2025-08-04 09:00:00  (block 66/92)
   [fit] key=2025-W33 cutoff=2025-08-11 09:00:00  (block 73/92)
   [fit] key=2025-W34 cutoff=2025-08-18 09:00:00  (block 80/92)
   [fit] key=2025-W35 cutoff=2025-08-25 09:00:00  (block 87/92)
   [done] 92 blocks σε 5513.1s

📊 RESULT | MAE=407.4899 MW | RMSE=531.012 | sMAPE=5.9661% | n=2208
💾 saved: runs/load_mlp/summer_mlp_recw_g14_base.json
--- [2026-07-16 19:11:12] OK  runs/load_mlp/summer_mlp_recw_g14_base.json  (5529s)

=== [2026-07-16 19:11:12] RUN -> runs/load_mlp/summer_mlp_recw_g14_dense.json
==============================================================================
MASTER FORECAST | algo=mlp task=load strategy=recursive
  market=dam task=load gate=strict delay_override=14 → gap=14h (crosslag_gap=14h) | horizon=24 stride=24 retrain=weekly
  groups=['calendar', 'lags', 'dense', 'roll']  (#features=35)
  test=[2025-06-01 00:00:00 .. 2025-08-31 23:00:00]  train_end=None
==============================================================================
  AEL crosslag_mode=freeze (crosslag_gap=14h)
   [fit] key=2025-W22 cutoff=2025-05-31 09:00:00  (block 1/92)
   [fit] key=2025-W23 cutoff=2025-06-02 09:00:00  (block 3/92)
   [fit] key=2025-W24 cutoff=2025-06-09 09:00:00  (block 10/92)
   [fit] key=2025-W25 cutoff=2025-06-16 09:00:00  (block 17/92)
   [fit] key=2025-W26 cutoff=2025-06-23 09:00:00  (block 24/92)
   [fit] key=2025-W27 cutoff=2025-06-30 09:00:00  (block 31/92)
   [fit] key=2025-W28 cutoff=2025-07-07 09:00:00  (block 38/92)
   [fit] key=2025-W29 cutoff=2025-07-14 09:00:00  (block 45/92)
   [fit] key=2025-W30 cutoff=2025-07-21 09:00:00  (block 52/92)
   [fit] key=2025-W31 cutoff=2025-07-28 09:00:00  (block 59/92)
   [fit] key=2025-W32 cutoff=2025-08-04 09:00:00  (block 66/92)
   [fit] key=2025-W33 cutoff=2025-08-11 09:00:00  (block 73/92)
   [fit] key=2025-W34 cutoff=2025-08-18 09:00:00  (block 80/92)
   [fit] key=2025-W35 cutoff=2025-08-25 09:00:00  (block 87/92)
   [done] 92 blocks σε 2227.6s

📊 RESULT | MAE=353.7475 MW | RMSE=482.1784 | sMAPE=5.1134% | n=2208
💾 saved: runs/load_mlp/summer_mlp_recw_g14_dense.json
--- [2026-07-16 19:48:26] OK  runs/load_mlp/summer_mlp_recw_g14_dense.json  (2234s)

=== [2026-07-16 19:48:26] RUN -> runs/load_mlp/octnov_mlp_recw_g14_base.json
==============================================================================
MASTER FORECAST | algo=mlp task=load strategy=recursive
  market=dam task=load gate=strict delay_override=14 → gap=14h (crosslag_gap=14h) | horizon=24 stride=24 retrain=weekly
  groups=['calendar', 'lags', 'roll']  (#features=17)
  test=[2025-10-01 00:00:00 .. 2025-11-30 23:00:00]  train_end=None
==============================================================================
  AEL crosslag_mode=freeze (crosslag_gap=14h)
   [fit] key=2025-W40 cutoff=2025-09-30 09:00:00  (block 1/61)
   [fit] key=2025-W41 cutoff=2025-10-06 09:00:00  (block 7/61)
   [fit] key=2025-W42 cutoff=2025-10-13 09:00:00  (block 14/61)
   [fit] key=2025-W43 cutoff=2025-10-20 09:00:00  (block 21/61)
   [fit] key=2025-W44 cutoff=2025-10-27 09:00:00  (block 28/61)
   [fit] key=2025-W45 cutoff=2025-11-03 09:00:00  (block 35/61)
   [fit] key=2025-W46 cutoff=2025-11-10 09:00:00  (block 42/61)
   [fit] key=2025-W47 cutoff=2025-11-17 09:00:00  (block 49/61)
   [fit] key=2025-W48 cutoff=2025-11-24 09:00:00  (block 56/61)
   [done] 61 blocks σε 1201.8s

📊 RESULT | MAE=167.086 MW | RMSE=276.8307 | sMAPE=3.4858% | n=1463
💾 saved: runs/load_mlp/octnov_mlp_recw_g14_base.json
--- [2026-07-16 20:08:33] OK  runs/load_mlp/octnov_mlp_recw_g14_base.json  (1208s)

=== [2026-07-16 20:08:34] RUN -> runs/load_mlp/octnov_mlp_recw_g14_dense.json
==============================================================================
MASTER FORECAST | algo=mlp task=load strategy=recursive
  market=dam task=load gate=strict delay_override=14 → gap=14h (crosslag_gap=14h) | horizon=24 stride=24 retrain=weekly
  groups=['calendar', 'lags', 'dense', 'roll']  (#features=35)
  test=[2025-10-01 00:00:00 .. 2025-11-30 23:00:00]  train_end=None
==============================================================================
  AEL crosslag_mode=freeze (crosslag_gap=14h)
   [fit] key=2025-W40 cutoff=2025-09-30 09:00:00  (block 1/61)
   [fit] key=2025-W41 cutoff=2025-10-06 09:00:00  (block 7/61)
   [fit] key=2025-W42 cutoff=2025-10-13 09:00:00  (block 14/61)
   [fit] key=2025-W43 cutoff=2025-10-20 09:00:00  (block 21/61)
   [fit] key=2025-W44 cutoff=2025-10-27 09:00:00  (block 28/61)
   [fit] key=2025-W45 cutoff=2025-11-03 09:00:00  (block 35/61)
   [fit] key=2025-W46 cutoff=2025-11-10 09:00:00  (block 42/61)
   [fit] key=2025-W47 cutoff=2025-11-17 09:00:00  (block 49/61)
   [fit] key=2025-W48 cutoff=2025-11-24 09:00:00  (block 56/61)
   [done] 61 blocks σε 1426.6s

📊 RESULT | MAE=165.1388 MW | RMSE=261.7559 | sMAPE=3.3266% | n=1463
💾 saved: runs/load_mlp/octnov_mlp_recw_g14_dense.json
--- [2026-07-16 20:32:29] OK  runs/load_mlp/octnov_mlp_recw_g14_dense.json  (1435s)

=== [2026-07-16 20:32:29] RUN -> runs/load_mlp/q1_mlp_recw_g14_base.json
==============================================================================
MASTER FORECAST | algo=mlp task=load strategy=recursive
  market=dam task=load gate=strict delay_override=14 → gap=14h (crosslag_gap=14h) | horizon=24 stride=24 retrain=weekly
  groups=['calendar', 'lags', 'roll']  (#features=17)
  test=[2025-12-01 00:00:00 .. 2026-02-28 23:00:00]  train_end=None
==============================================================================
  AEL crosslag_mode=freeze (crosslag_gap=14h)
   [fit] key=2025-W48 cutoff=2025-11-30 09:00:00  (block 1/90)
   [fit] key=2025-W49 cutoff=2025-12-01 09:00:00  (block 2/90)
   [fit] key=2025-W50 cutoff=2025-12-08 09:00:00  (block 9/90)
   [fit] key=2025-W51 cutoff=2025-12-15 09:00:00  (block 16/90)
   [fit] key=2025-W52 cutoff=2025-12-22 09:00:00  (block 23/90)
   [fit] key=2026-W01 cutoff=2025-12-29 09:00:00  (block 30/90)
   [fit] key=2026-W02 cutoff=2026-01-05 09:00:00  (block 37/90)
   [fit] key=2026-W03 cutoff=2026-01-12 09:00:00  (block 44/90)
   [fit] key=2026-W04 cutoff=2026-01-19 09:00:00  (block 51/90)
   [fit] key=2026-W05 cutoff=2026-01-26 09:00:00  (block 58/90)
   [fit] key=2026-W06 cutoff=2026-02-02 09:00:00  (block 65/90)
   [fit] key=2026-W07 cutoff=2026-02-09 09:00:00  (block 72/90)
   [fit] key=2026-W08 cutoff=2026-02-16 09:00:00  (block 79/90)
   [fit] key=2026-W09 cutoff=2026-02-23 09:00:00  (block 86/90)
   [done] 90 blocks σε 1877.3s

📊 RESULT | MAE=260.5216 MW | RMSE=347.6684 | sMAPE=4.3439% | n=2160
💾 saved: runs/load_mlp/q1_mlp_recw_g14_base.json
--- [2026-07-16 21:03:53] OK  runs/load_mlp/q1_mlp_recw_g14_base.json  (1884s)

=== [2026-07-16 21:03:53] RUN -> runs/load_mlp/q1_mlp_recw_g14_dense.json
==============================================================================
MASTER FORECAST | algo=mlp task=load strategy=recursive
  market=dam task=load gate=strict delay_override=14 → gap=14h (crosslag_gap=14h) | horizon=24 stride=24 retrain=weekly
  groups=['calendar', 'lags', 'dense', 'roll']  (#features=35)
  test=[2025-12-01 00:00:00 .. 2026-02-28 23:00:00]  train_end=None
==============================================================================
  AEL crosslag_mode=freeze (crosslag_gap=14h)
   [fit] key=2025-W48 cutoff=2025-11-30 09:00:00  (block 1/90)
   [fit] key=2025-W49 cutoff=2025-12-01 09:00:00  (block 2/90)
   [fit] key=2025-W50 cutoff=2025-12-08 09:00:00  (block 9/90)
   [fit] key=2025-W51 cutoff=2025-12-15 09:00:00  (block 16/90)
   [fit] key=2025-W52 cutoff=2025-12-22 09:00:00  (block 23/90)
   [fit] key=2026-W01 cutoff=2025-12-29 09:00:00  (block 30/90)
   [fit] key=2026-W02 cutoff=2026-01-05 09:00:00  (block 37/90)
   [fit] key=2026-W03 cutoff=2026-01-12 09:00:00  (block 44/90)
   [fit] key=2026-W04 cutoff=2026-01-19 09:00:00  (block 51/90)
   [fit] key=2026-W05 cutoff=2026-01-26 09:00:00  (block 58/90)
   [fit] key=2026-W06 cutoff=2026-02-02 09:00:00  (block 65/90)
   [fit] key=2026-W07 cutoff=2026-02-09 09:00:00  (block 72/90)
   [fit] key=2026-W08 cutoff=2026-02-16 09:00:00  (block 79/90)
   [fit] key=2026-W09 cutoff=2026-02-23 09:00:00  (block 86/90)
   [done] 90 blocks σε 1824.9s

📊 RESULT | MAE=242.8853 MW | RMSE=322.1522 | sMAPE=4.075% | n=2160
💾 saved: runs/load_mlp/q1_mlp_recw_g14_dense.json
--- [2026-07-16 21:34:25] OK  runs/load_mlp/q1_mlp_recw_g14_dense.json  (1832s)
######## STAGE 2/4 DONE [2026-07-16 21:34:25] ########

######## STAGE 3/4 — LSTM g14 (static, οπως τα g12 LSTM runs) [2026-07-16 21:34:25] ########

=== [2026-07-16 21:34:25] RUN -> runs/load_lstm/summer_lstm_recstatic_g14_base.json
==============================================================================
MASTER FORECAST | algo=lstm task=load strategy=recursive
  market=dam task=load gate=strict delay_override=14 → gap=14h (crosslag_gap=14h) | horizon=24 stride=24 retrain=static
  groups=['calendar', 'lags', 'roll']  (#features=17)
  test=[2025-06-01 00:00:00 .. 2025-08-31 23:00:00]  train_end=2025-05-31 23:00:00
==============================================================================
  AEL crosslag_mode=freeze (crosslag_gap=14h)
   [fit] key=static cutoff=2025-05-31 09:00:00  (block 1/92)
   [done] 92 blocks σε 821.1s

📊 RESULT | MAE=296.2427 MW | RMSE=408.1272 | sMAPE=4.2848% | n=2208
💾 saved: runs/load_lstm/summer_lstm_recstatic_g14_base.json
--- [2026-07-16 21:48:13] OK  runs/load_lstm/summer_lstm_recstatic_g14_base.json  (828s)

=== [2026-07-16 21:48:13] RUN -> runs/load_lstm/summer_lstm_recstatic_g14_loadfc.json
==============================================================================
MASTER FORECAST | algo=lstm task=load strategy=recursive
  market=dam task=load gate=strict delay_override=14 → gap=14h (crosslag_gap=14h) | horizon=24 stride=24 retrain=static
  groups=['calendar', 'lags', 'loadfc']  (#features=16)
  test=[2025-06-01 00:00:00 .. 2025-08-31 23:00:00]  train_end=2025-05-31 23:00:00
==============================================================================
  AEL crosslag_mode=freeze (crosslag_gap=14h)
   [fit] key=static cutoff=2025-05-31 09:00:00  (block 1/92)
   [done] 92 blocks σε 1535.6s

📊 RESULT | MAE=191.4858 MW | RMSE=247.2833 | sMAPE=2.8692% | n=2208
💾 saved: runs/load_lstm/summer_lstm_recstatic_g14_loadfc.json
--- [2026-07-16 22:13:56] OK  runs/load_lstm/summer_lstm_recstatic_g14_loadfc.json  (1543s)

=== [2026-07-16 22:13:56] RUN -> runs/load_lstm/octnov_lstm_recstatic_g14_base.json
==============================================================================
MASTER FORECAST | algo=lstm task=load strategy=recursive
  market=dam task=load gate=strict delay_override=14 → gap=14h (crosslag_gap=14h) | horizon=24 stride=24 retrain=static
  groups=['calendar', 'lags', 'roll']  (#features=17)
  test=[2025-10-01 00:00:00 .. 2025-11-30 23:00:00]  train_end=2025-08-31 23:00:00
==============================================================================
  AEL crosslag_mode=freeze (crosslag_gap=14h)
   [fit] key=static cutoff=2025-09-30 09:00:00  (block 1/61)
   [done] 61 blocks σε 2602.7s

📊 RESULT | MAE=140.2036 MW | RMSE=187.8633 | sMAPE=2.6928% | n=1463
💾 saved: runs/load_lstm/octnov_lstm_recstatic_g14_base.json
--- [2026-07-16 22:57:26] OK  runs/load_lstm/octnov_lstm_recstatic_g14_base.json  (2610s)

=== [2026-07-16 22:57:27] RUN -> runs/load_lstm/octnov_lstm_recstatic_g14_loadfc.json
==============================================================================
MASTER FORECAST | algo=lstm task=load strategy=recursive
  market=dam task=load gate=strict delay_override=14 → gap=14h (crosslag_gap=14h) | horizon=24 stride=24 retrain=static
  groups=['calendar', 'lags', 'loadfc']  (#features=16)
  test=[2025-10-01 00:00:00 .. 2025-11-30 23:00:00]  train_end=2025-08-31 23:00:00
==============================================================================
  AEL crosslag_mode=freeze (crosslag_gap=14h)
   [fit] key=static cutoff=2025-09-30 09:00:00  (block 1/61)
   [done] 61 blocks σε 2375.9s

📊 RESULT | MAE=137.5861 MW | RMSE=181.6925 | sMAPE=2.6922% | n=1463
💾 saved: runs/load_lstm/octnov_lstm_recstatic_g14_loadfc.json
--- [2026-07-16 23:37:10] OK  runs/load_lstm/octnov_lstm_recstatic_g14_loadfc.json  (2383s)

=== [2026-07-16 23:37:10] RUN -> runs/load_lstm/q1_lstm_recstatic_g14_base.json
==============================================================================
MASTER FORECAST | algo=lstm task=load strategy=recursive
  market=dam task=load gate=strict delay_override=14 → gap=14h (crosslag_gap=14h) | horizon=24 stride=24 retrain=static
  groups=['calendar', 'lags', 'roll']  (#features=17)
  test=[2025-12-01 00:00:00 .. 2026-02-28 23:00:00]  train_end=2025-11-30 23:00:00
==============================================================================
  AEL crosslag_mode=freeze (crosslag_gap=14h)
   [fit] key=static cutoff=2025-11-30 09:00:00  (block 1/90)
   [done] 90 blocks σε 1691.4s

📊 RESULT | MAE=220.1563 MW | RMSE=307.1558 | sMAPE=3.6794% | n=2160
💾 saved: runs/load_lstm/q1_lstm_recstatic_g14_base.json
--- [2026-07-17 00:05:30] OK  runs/load_lstm/q1_lstm_recstatic_g14_base.json  (1700s)

=== [2026-07-17 00:05:30] RUN -> runs/load_lstm/q1_lstm_recstatic_g14_loadfc.json
==============================================================================
MASTER FORECAST | algo=lstm task=load strategy=recursive
  market=dam task=load gate=strict delay_override=14 → gap=14h (crosslag_gap=14h) | horizon=24 stride=24 retrain=static
  groups=['calendar', 'lags', 'loadfc']  (#features=16)
  test=[2025-12-01 00:00:00 .. 2026-02-28 23:00:00]  train_end=2025-11-30 23:00:00
==============================================================================
  AEL crosslag_mode=freeze (crosslag_gap=14h)
   [fit] key=static cutoff=2025-11-30 09:00:00  (block 1/90)
   [done] 90 blocks σε 877.4s

📊 RESULT | MAE=169.5499 MW | RMSE=219.5686 | sMAPE=2.8796% | n=2160
💾 saved: runs/load_lstm/q1_lstm_recstatic_g14_loadfc.json
--- [2026-07-17 00:20:17] OK  runs/load_lstm/q1_lstm_recstatic_g14_loadfc.json  (887s)
######## STAGE 3/4 DONE [2026-07-17 00:20:17] ########

######## STAGE 4/4 — direct LGBM summer g12, 5 clean arms [2026-07-17 00:20:17] ########

=== [2026-07-17 00:20:17] RUN -> runs/load_direct/summer_lgbm_dirw_g12_base.json
[LightGBM] [Info] Auto-choosing row-wise multi-threading, the overhead of testing was 0.030549 seconds.
You can set `force_row_wise=true` to remove the overhead.
And if memory is not enough, you can set `force_col_wise=true`.
[LightGBM] [Info] Total Bins 2636
[LightGBM] [Info] Number of data points in the train set: 91002, number of used features: 17
[LightGBM] [Info] Start training from score 5724.380627
[LightGBM] [Info] Auto-choosing row-wise multi-threading, the overhead of testing was 0.034584 seconds.
You can set `force_row_wise=true` to remove the overhead.
And if memory is not enough, you can set `force_col_wise=true`.
[LightGBM] [Info] Total Bins 2636
[LightGBM] [Info] Number of data points in the train set: 91002, number of used features: 17
[LightGBM] [Info] Start training from score 5724.513550
[LightGBM] [Info] Auto-choosing col-wise multi-threading, the overhead of testing was 0.136688 seconds.
You can set `force_col_wise=true` to remove the overhead.
[LightGBM] [Info] Total Bins 2636
[LightGBM] [Info] Number of data points in the train set: 91002, number of used features: 17
[LightGBM] [Info] Start training from score 5724.430214
[LightGBM] [Info] Auto-choosing row-wise multi-threading, the overhead of testing was 0.025185 seconds.
You can set `force_row_wise=true` to remove the overhead.
And if memory is not enough, you can set `force_col_wise=true`.
[LightGBM] [Info] Auto-choosing row-wise multi-threading, the overhead of testing was 0.038599 seconds.
You can set `force_row_wise=true` to remove the overhead.
And if memory is not enough, you can set `force_col_wise=true`.
[LightGBM] [Info] Total Bins 2636
[LightGBM] [Info] Total Bins 2636
[LightGBM] [Info] Number of data points in the train set: 91002, number of used features: 17
[LightGBM] [Info] Start training from score 5724.449785
[LightGBM] [Info] Number of data points in the train set: 91002, number of used features: 17
[LightGBM] [Info] Start training from score 5724.470022
[LightGBM] [Info] Auto-choosing row-wise multi-threading, the overhead of testing was 0.026333 seconds.
You can set `force_row_wise=true` to remove the overhead.
And if memory is not enough, you can set `force_col_wise=true`.
[LightGBM] [Info] Total Bins 2636
[LightGBM] [Info] Number of data points in the train set: 91002, number of used features: 17
[LightGBM] [Info] Start training from score 5724.407773
[LightGBM] [Info] Auto-choosing row-wise multi-threading, the overhead of testing was 0.018748 seconds.
You can set `force_row_wise=true` to remove the overhead.
And if memory is not enough, you can set `force_col_wise=true`.
[LightGBM] [Info] Auto-choosing col-wise multi-threading, the overhead of testing was 0.097779 seconds.
You can set `force_col_wise=true` to remove the overhead.
[LightGBM] [Info] Total Bins 2636
[LightGBM] [Info] Total Bins 2636
[LightGBM] [Info] Number of data points in the train set: 91002, number of used features: 17
[LightGBM] [Info] Start training from score 5724.226008
[LightGBM] [Info] Number of data points in the train set: 91002, number of used features: 17
[LightGBM] [Info] Start training from score 5724.290176
[LightGBM] [Info] Auto-choosing row-wise multi-threading, the overhead of testing was 0.024341 seconds.
You can set `force_row_wise=true` to remove the overhead.
And if memory is not enough, you can set `force_col_wise=true`.
[LightGBM] [Info] Total Bins 2636
[LightGBM] [Info] Auto-choosing col-wise multi-threading, the overhead of testing was 0.063097 seconds.
You can set `force_col_wise=true` to remove the overhead.
[LightGBM] [Info] Auto-choosing row-wise multi-threading, the overhead of testing was 0.033474 seconds.
You can set `force_row_wise=true` to remove the overhead.
And if memory is not enough, you can set `force_col_wise=true`.
[LightGBM] [Info] Total Bins 2636
[LightGBM] [Info] Total Bins 2636
[LightGBM] [Info] Number of data points in the train set: 91002, number of used features: 17
[LightGBM] [Info] Number of data points in the train set: 91002, number of used features: 17
[LightGBM] [Info] Number of data points in the train set: 91002, number of used features: 17
[LightGBM] [Info] Start training from score 5724.491559
[LightGBM] [Info] Start training from score 5724.258143
[LightGBM] [Info] Start training from score 5724.353146
[LightGBM] [Info] Auto-choosing col-wise multi-threading, the overhead of testing was 0.086057 seconds.
You can set `force_col_wise=true` to remove the overhead.
[LightGBM] [Info] Total Bins 2636
[LightGBM] [Info] Number of data points in the train set: 91002, number of used features: 17
[LightGBM] [Info] Auto-choosing row-wise multi-threading, the overhead of testing was 0.018369 seconds.
You can set `force_row_wise=true` to remove the overhead.
And if memory is not enough, you can set `force_col_wise=true`.
[LightGBM] [Info] Total Bins 2636
[LightGBM] [Info] Start training from score 5724.129532
[LightGBM] [Info] Number of data points in the train set: 91002, number of used features: 17
[LightGBM] [Info] Start training from score 5724.322564
[LightGBM] [Info] Auto-choosing col-wise multi-threading, the overhead of testing was 0.089001 seconds.
You can set `force_col_wise=true` to remove the overhead.
[LightGBM] [Info] Total Bins 2636
[LightGBM] [Info] Number of data points in the train set: 91002, number of used features: 17
[LightGBM] [Info] Auto-choosing col-wise multi-threading, the overhead of testing was 0.100237 seconds.
You can set `force_col_wise=true` to remove the overhead.
[LightGBM] [Info] Total Bins 2636
[LightGBM] [Info] Start training from score 5724.194186
[LightGBM] [Info] Number of data points in the train set: 91002, number of used features: 17
[LightGBM] [Info] Start training from score 5724.164203
[LightGBM] [Info] Auto-choosing col-wise multi-threading, the overhead of testing was 0.078218 seconds.
You can set `force_col_wise=true` to remove the overhead.
[LightGBM] [Info] Total Bins 2636
[LightGBM] [Info] Number of data points in the train set: 91002, number of used features: 17
[LightGBM] [Info] Start training from score 5724.093739
[LightGBM] [Info] Auto-choosing row-wise multi-threading, the overhead of testing was 0.026960 seconds.
You can set `force_row_wise=true` to remove the overhead.
And if memory is not enough, you can set `force_col_wise=true`.
[LightGBM] [Info] Total Bins 2636
[LightGBM] [Info] Number of data points in the train set: 91002, number of used features: 17
[LightGBM] [Info] Start training from score 5724.055818
[LightGBM] [Info] Auto-choosing col-wise multi-threading, the overhead of testing was 0.080670 seconds.
You can set `force_col_wise=true` to remove the overhead.
[LightGBM] [Info] Total Bins 2636
[LightGBM] [Info] Number of data points in the train set: 91002, number of used features: 17
[LightGBM] [Info] Start training from score 5724.010565
[LightGBM] [Info] Auto-choosing row-wise multi-threading, the overhead of testing was 0.027095 seconds.
You can set `force_row_wise=true` to remove the overhead.
And if memory is not enough, you can set `force_col_wise=true`.
[LightGBM] [Info] Total Bins 2636
[LightGBM] [Info] Number of data points in the train set: 91002, number of used features: 17
[LightGBM] [Info] Start training from score 5723.921739
[LightGBM] [Info] Auto-choosing col-wise multi-threading, the overhead of testing was 0.082933 seconds.
You can set `force_col_wise=true` to remove the overhead.
[LightGBM] [Info] Total Bins 2636
[LightGBM] [Info] Number of data points in the train set: 91002, number of used features: 17
[LightGBM] [Info] Start training from score 5723.964794
[LightGBM] [Info] Auto-choosing row-wise multi-threading, the overhead of testing was 0.026815 seconds.
You can set `force_row_wise=true` to remove the overhead.
And if memory is not enough, you can set `force_col_wise=true`.
[LightGBM] [Info] Total Bins 2636
[LightGBM] [Info] Number of data points in the train set: 91002, number of used features: 17
[LightGBM] [Info] Start training from score 5723.886349
[LightGBM] [Info] Auto-choosing col-wise multi-threading, the overhead of testing was 0.075949 seconds.
You can set `force_col_wise=true` to remove the overhead.
[LightGBM] [Info] Total Bins 2636
[LightGBM] [Info] Number of data points in the train set: 91002, number of used features: 17
[LightGBM] [Info] Start training from score 5723.855397
[LightGBM] [Info] Auto-choosing row-wise multi-threading, the overhead of testing was 0.025334 seconds.
You can set `force_row_wise=true` to remove the overhead.
And if memory is not enough, you can set `force_col_wise=true`.
[LightGBM] [Info] Total Bins 2636
[LightGBM] [Info] Number of data points in the train set: 91002, number of used features: 17
[LightGBM] [Info] Start training from score 5723.827322
[LightGBM] [Info] Auto-choosing row-wise multi-threading, the overhead of testing was 0.032510 seconds.
You can set `force_row_wise=true` to remove the overhead.
And if memory is not enough, you can set `force_col_wise=true`.
[LightGBM] [Info] Total Bins 2636
[LightGBM] [Info] Number of data points in the train set: 91002, number of used features: 17
[LightGBM] [Info] Start training from score 5723.806218
[LightGBM] [Info] Auto-choosing col-wise multi-threading, the overhead of testing was 0.074492 seconds.
You can set `force_col_wise=true` to remove the overhead.
[LightGBM] [Info] Total Bins 2636
[LightGBM] [Info] Number of data points in the train set: 91002, number of used features: 17
[LightGBM] [Info] Start training from score 5723.789064
[LightGBM] [Info] Auto-choosing col-wise multi-threading, the overhead of testing was 0.068255 seconds.
You can set `force_col_wise=true` to remove the overhead.
[LightGBM] [Info] Total Bins 2636
[LightGBM] [Info] Number of data points in the train set: 91002, number of used features: 17
[LightGBM] [Info] Start training from score 5723.770812
[LightGBM] [Info] Auto-choosing row-wise multi-threading, the overhead of testing was 0.027150 seconds.
You can set `force_row_wise=true` to remove the overhead.
And if memory is not enough, you can set `force_col_wise=true`.
[LightGBM] [Info] Auto-choosing col-wise multi-threading, the overhead of testing was 0.070489 seconds.
You can set `force_col_wise=true` to remove the overhead.
[LightGBM] [Info] Total Bins 2636
[LightGBM] [Info] Total Bins 2636
[LightGBM] [Info] Number of data points in the train set: 91002, number of used features: 17
[LightGBM] [Info] Start training from score 5723.738474
[LightGBM] [Info] Number of data points in the train set: 91002, number of used features: 17
[LightGBM] [Info] Start training from score 5723.754037
[LightGBM] [Info] Auto-choosing row-wise multi-threading, the overhead of testing was 0.024711 seconds.
You can set `force_row_wise=true` to remove the overhead.
And if memory is not enough, you can set `force_col_wise=true`.
[LightGBM] [Info] Total Bins 2636
[LightGBM] [Info] Number of data points in the train set: 91002, number of used features: 17
[LightGBM] [Info] Start training from score 5723.722485
[LightGBM] [Info] Auto-choosing row-wise multi-threading, the overhead of testing was 0.048827 seconds.
You can set `force_row_wise=true` to remove the overhead.
And if memory is not enough, you can set `force_col_wise=true`.
[LightGBM] [Info] Total Bins 2636
[LightGBM] [Info] Number of data points in the train set: 91002, number of used features: 17
[LightGBM] [Info] Start training from score 5723.702017
[LightGBM] [Info] Auto-choosing col-wise multi-threading, the overhead of testing was 0.087917 seconds.
You can set `force_col_wise=true` to remove the overhead.
[LightGBM] [Info] Total Bins 2636
[LightGBM] [Info] Number of data points in the train set: 91002, number of used features: 17
[LightGBM] [Info] Start training from score 5723.674640
[LightGBM] [Info] Auto-choosing row-wise multi-threading, the overhead of testing was 0.020542 seconds.
You can set `force_row_wise=true` to remove the overhead.
And if memory is not enough, you can set `force_col_wise=true`.
[LightGBM] [Info] Total Bins 2636
[LightGBM] [Info] Number of data points in the train set: 91002, number of used features: 17
[LightGBM] [Info] Start training from score 5723.646264
[LightGBM] [Info] Auto-choosing col-wise multi-threading, the overhead of testing was 0.075835 seconds.
You can set `force_col_wise=true` to remove the overhead.
[LightGBM] [Info] Total Bins 2636
[LightGBM] [Info] Number of data points in the train set: 91002, number of used features: 17
[LightGBM] [Info] Start training from score 5723.615458
[LightGBM] [Info] Auto-choosing col-wise multi-threading, the overhead of testing was 0.088458 seconds.
You can set `force_col_wise=true` to remove the overhead.
[LightGBM] [Info] Total Bins 2636
[LightGBM] [Info] Number of data points in the train set: 91002, number of used features: 17
[LightGBM] [Info] Start training from score 5723.584938
[LightGBM] [Info] Auto-choosing row-wise multi-threading, the overhead of testing was 0.034952 seconds.
You can set `force_row_wise=true` to remove the overhead.
And if memory is not enough, you can set `force_col_wise=true`.
[LightGBM] [Info] Total Bins 2636
[LightGBM] [Info] Number of data points in the train set: 91002, number of used features: 17
[LightGBM] [Info] Start training from score 5723.556241
[LightGBM] [Info] Auto-choosing col-wise multi-threading, the overhead of testing was 0.108175 seconds.
You can set `force_col_wise=true` to remove the overhead.
[LightGBM] [Info] Total Bins 2636
[LightGBM] [Info] Number of data points in the train set: 91002, number of used features: 17
[LightGBM] [Info] Start training from score 5723.529042
==============================================================================
MASTER FORECAST | algo=lgbm task=load strategy=direct
  market=dam task=load gate=strict delay_override=None → gap=12h (crosslag_gap=12h) | horizon=24 stride=24 retrain=weekly
  groups=['calendar', 'lags', 'roll']  (#features=17)
  test=[2025-06-01 00:00:00 .. 2025-08-31 23:00:00]  train_end=None
==============================================================================
  AEL crosslag_mode=freeze (crosslag_gap=12h)
   [fit] key=2025-W22 cutoff=2025-05-31 11:00:00  (block 1/92)
[LightGBM] [Info] Auto-choosing col-wise multi-threading, the overhead of testing was 0.076355 seconds.
You can set `force_col_wise=true` to remove the overhead.
[LightGBM] [Info] Total Bins 2636
[LightGBM] [Info] Number of data points in the train set: 91050, number of used features: 17
[LightGBM] [Info] Start training from score 5724.056903
[LightGBM] [Info] Auto-choosing col-wise multi-threading, the overhead of testing was 0.079872 seconds.
You can set `force_col_wise=true` to remove the overhead.
[LightGBM] [Info] Total Bins 2636
[LightGBM] [Info] Number of data points in the train set: 91050, number of used features: 17
[LightGBM] [Info] Start training from score 5724.035100
[LightGBM] [Info] Auto-choosing row-wise multi-threading, the overhead of testing was 0.025721 seconds.
You can set `force_row_wise=true` to remove the overhead.
And if memory is not enough, you can set `force_col_wise=true`.
[LightGBM] [Info] Total Bins 2636
[LightGBM] [Info] Number of data points in the train set: 91050, number of used features: 17
[LightGBM] [Info] Start training from score 5724.013695
[LightGBM] [Info] Auto-choosing row-wise multi-threading, the overhead of testing was 0.026226 seconds.
You can set `force_row_wise=true` to remove the overhead.
And if memory is not enough, you can set `force_col_wise=true`.
[LightGBM] [Info] Total Bins 2636
[LightGBM] [Info] Number of data points in the train set: 91050, number of used features: 17
[LightGBM] [Info] Start training from score 5723.833717
[LightGBM] [Info] Auto-choosing col-wise multi-threading, the overhead of testing was 0.069674 seconds.
You can set `force_col_wise=true` to remove the overhead.
[LightGBM] [Info] Total Bins 2636
[LightGBM] [Info] Number of data points in the train set: 91050, number of used features: 17
[LightGBM] [Info] Start training from score 5723.875541
[LightGBM] [Info] Auto-choosing col-wise multi-threading, the overhead of testing was 0.093187 seconds.
You can set `force_col_wise=true` to remove the overhead.
[LightGBM] [Info] Total Bins 2636
[LightGBM] [Info] Number of data points in the train set: 91050, number of used features: 17
[LightGBM] [Info] Start training from score 5723.790990
[LightGBM] [Info] Auto-choosing row-wise multi-threading, the overhead of testing was 0.060718 seconds.
You can set `force_row_wise=true` to remove the overhead.
And if memory is not enough, you can set `force_col_wise=true`.
[LightGBM] [Info] Total Bins 2636
[LightGBM] [Info] Number of data points in the train set: 91050, number of used features: 17
[LightGBM] [Info] Start training from score 5723.751439
[LightGBM] [Info] Auto-choosing row-wise multi-threading, the overhead of testing was 0.055519 seconds.
You can set `force_row_wise=true` to remove the overhead.
And if memory is not enough, you can set `force_col_wise=true`.
[LightGBM] [Info] Total Bins 2636
[LightGBM] [Info] Number of data points in the train set: 91050, number of used features: 17
[LightGBM] [Info] Start training from score 5723.993315
[LightGBM] [Info] Auto-choosing row-wise multi-threading, the overhead of testing was 0.046124 seconds.
You can set `force_row_wise=true` to remove the overhead.
And if memory is not enough, you can set `force_col_wise=true`.
[LightGBM] [Info] Auto-choosing col-wise multi-threading, the overhead of testing was 0.103043 seconds.
You can set `force_col_wise=true` to remove the overhead.
[LightGBM] [Info] Total Bins 2636
[LightGBM] [Info] Total Bins 2636
[LightGBM] [Info] Number of data points in the train set: 91050, number of used features: 17
[LightGBM] [Info] Start training from score 5723.550504
[LightGBM] [Info] Number of data points in the train set: 91050, number of used features: 17
[LightGBM] [Info] Start training from score 5723.972722
[LightGBM] [Info] Auto-choosing col-wise multi-threading, the overhead of testing was 0.133896 seconds.
You can set `force_col_wise=true` to remove the overhead.
[LightGBM] [Info] Total Bins 2636
[LightGBM] [Info] Auto-choosing col-wise multi-threading, the overhead of testing was 0.134819 seconds.
You can set `force_col_wise=true` to remove the overhead.
[LightGBM] [Info] Number of data points in the train set: 91050, number of used features: 17
[LightGBM] [Info] Total Bins 2636
[LightGBM] [Info] Start training from score 5723.594483
[LightGBM] [Info] Auto-choosing col-wise multi-threading, the overhead of testing was 0.137337 seconds.
You can set `force_col_wise=true` to remove the overhead.
[LightGBM] [Info] Total Bins 2636
[LightGBM] [Info] Number of data points in the train set: 91050, number of used features: 17
[LightGBM] [Info] Auto-choosing row-wise multi-threading, the overhead of testing was 0.027973 seconds.
You can set `force_row_wise=true` to remove the overhead.
And if memory is not enough, you can set `force_col_wise=true`.
[LightGBM] [Info] Number of data points in the train set: 91050, number of used features: 17
[LightGBM] [Info] Total Bins 2636
[LightGBM] [Info] Start training from score 5723.912804
[LightGBM] [Info] Number of data points in the train set: 91050, number of used features: 17
[LightGBM] [Info] Start training from score 5723.713170
[LightGBM] [Info] Start training from score 5723.946416
[LightGBM] [Info] Auto-choosing row-wise multi-threading, the overhead of testing was 0.035013 seconds.
You can set `force_row_wise=true` to remove the overhead.
And if memory is not enough, you can set `force_col_wise=true`.
[LightGBM] [Info] Total Bins 2636
[LightGBM] [Info] Number of data points in the train set: 91050, number of used features: 17
[LightGBM] [Info] Auto-choosing col-wise multi-threading, the overhead of testing was 0.128209 seconds.
You can set `force_col_wise=true` to remove the overhead.
[LightGBM] [Info] Total Bins 2636
[LightGBM] [Info] Start training from score 5723.636604
[LightGBM] [Info] Number of data points in the train set: 91050, number of used features: 17
[LightGBM] [Info] Start training from score 5723.674611
[LightGBM] [Info] Auto-choosing row-wise multi-threading, the overhead of testing was 0.038687 seconds.
You can set `force_row_wise=true` to remove the overhead.
And if memory is not enough, you can set `force_col_wise=true`.
[LightGBM] [Info] Total Bins 2636
[LightGBM] [Info] Number of data points in the train set: 91050, number of used features: 17
[LightGBM] [Info] Start training from score 5723.505980
[LightGBM] [Info] Auto-choosing col-wise multi-threading, the overhead of testing was 0.068681 seconds.
You can set `force_col_wise=true` to remove the overhead.
[LightGBM] [Info] Total Bins 2636
[LightGBM] [Info] Number of data points in the train set: 91050, number of used features: 17
[LightGBM] [Info] Start training from score 5723.455601
[LightGBM] [Info] Auto-choosing col-wise multi-threading, the overhead of testing was 0.075584 seconds.
You can set `force_col_wise=true` to remove the overhead.
[LightGBM] [Info] Total Bins 2636
[LightGBM] [Info] Number of data points in the train set: 91050, number of used features: 17
[LightGBM] [Info] Start training from score 5723.406822
[LightGBM] [Info] Auto-choosing col-wise multi-threading, the overhead of testing was 0.077682 seconds.
You can set `force_col_wise=true` to remove the overhead.
[LightGBM] [Info] Total Bins 2636
[LightGBM] [Info] Number of data points in the train set: 91050, number of used features: 17
[LightGBM] [Info] Start training from score 5723.361055
[LightGBM] [Info] Auto-choosing row-wise multi-threading, the overhead of testing was 0.025576 seconds.
You can set `force_row_wise=true` to remove the overhead.
And if memory is not enough, you can set `force_col_wise=true`.
[LightGBM] [Info] Total Bins 2636
[LightGBM] [Info] Number of data points in the train set: 91050, number of used features: 17
[LightGBM] [Info] Start training from score 5723.325113
[LightGBM] [Info] Auto-choosing row-wise multi-threading, the overhead of testing was 0.018363 seconds.
You can set `force_row_wise=true` to remove the overhead.
And if memory is not enough, you can set `force_col_wise=true`.
[LightGBM] [Info] Total Bins 2636
[LightGBM] [Info] Number of data points in the train set: 91050, number of used features: 17
[LightGBM] [Info] Start training from score 5723.295286
[LightGBM] [Info] Auto-choosing col-wise multi-threading, the overhead of testing was 0.078882 seconds.
You can set `force_col_wise=true` to remove the overhead.
[LightGBM] [Info] Total Bins 2636
[LightGBM] [Info] Number of data points in the train set: 91050, number of used features: 17
[LightGBM] [Info] Start training from score 5723.267588
[LightGBM] [Info] Auto-choosing col-wise multi-threading, the overhead of testing was 0.078793 seconds.
You can set `force_col_wise=true` to remove the overhead.
[LightGBM] [Info] Total Bins 2636
[LightGBM] [Info] Number of data points in the train set: 91050, number of used features: 17
[LightGBM] [Info] Start training from score 5723.243354
[LightGBM] [Info] Auto-choosing row-wise multi-threading, the overhead of testing was 0.047120 seconds.
You can set `force_row_wise=true` to remove the overhead.
And if memory is not enough, you can set `force_col_wise=true`.
[LightGBM] [Info] Total Bins 2636
[LightGBM] [Info] Number of data points in the train set: 91050, number of used features: 17
[LightGBM] [Info] Start training from score 5723.222563
[LightGBM] [Info] Auto-choosing row-wise multi-threading, the overhead of testing was 0.017687 seconds.
You can set `force_row_wise=true` to remove the overhead.
And if memory is not enough, you can set `force_col_wise=true`.
[LightGBM] [Info] Total Bins 2636
[LightGBM] [Info] Number of data points in the train set: 91050, number of used features: 17
[LightGBM] [Info] Start training from score 5723.201191
[LightGBM] [Info] Auto-choosing col-wise multi-threading, the overhead of testing was 0.079813 seconds.
You can set `force_col_wise=true` to remove the overhead.
[LightGBM] [Info] Total Bins 2636
[LightGBM] [Info] Number of data points in the train set: 91050, number of used features: 17
[LightGBM] [Info] Start training from score 5723.181240
[LightGBM] [Info] Auto-choosing row-wise multi-threading, the overhead of testing was 0.025440 seconds.
You can set `force_row_wise=true` to remove the overhead.
And if memory is not enough, you can set `force_col_wise=true`.
[LightGBM] [Info] Total Bins 2636
[LightGBM] [Info] Number of data points in the train set: 91050, number of used features: 17
[LightGBM] [Info] Start training from score 5723.162247
[LightGBM] [Info] Auto-choosing col-wise multi-threading, the overhead of testing was 0.080046 seconds.
You can set `force_col_wise=true` to remove the overhead.
[LightGBM] [Info] Total Bins 2636
[LightGBM] [Info] Number of data points in the train set: 91050, number of used features: 17
[LightGBM] [Info] Start training from score 5723.143960
[LightGBM] [Info] Auto-choosing col-wise multi-threading, the overhead of testing was 0.077728 seconds.
You can set `force_col_wise=true` to remove the overhead.
[LightGBM] [Info] Total Bins 2636
[LightGBM] [Info] Number of data points in the train set: 91050, number of used features: 17
[LightGBM] [Info] Start training from score 5723.123547
[LightGBM] [Info] Auto-choosing row-wise multi-threading, the overhead of testing was 0.043005 seconds.
You can set `force_row_wise=true` to remove the overhead.
And if memory is not enough, you can set `force_col_wise=true`.
[LightGBM] [Info] Total Bins 2636
[LightGBM] [Info] Number of data points in the train set: 91050, number of used features: 17
[LightGBM] [Info] Start training from score 5723.098732
[LightGBM] [Info] Auto-choosing row-wise multi-threading, the overhead of testing was 0.035133 seconds.
You can set `force_row_wise=true` to remove the overhead.
And if memory is not enough, you can set `force_col_wise=true`.
[LightGBM] [Info] Total Bins 2636
[LightGBM] [Info] Number of data points in the train set: 91050, number of used features: 17
[LightGBM] [Info] Start training from score 5723.073655
[LightGBM] [Info] Auto-choosing row-wise multi-threading, the overhead of testing was 0.018262 seconds.
You can set `force_row_wise=true` to remove the overhead.
And if memory is not enough, you can set `force_col_wise=true`.
[LightGBM] [Info] Total Bins 2636
[LightGBM] [Info] Number of data points in the train set: 91050, number of used features: 17
[LightGBM] [Info] Start training from score 5723.045842
[LightGBM] [Info] Auto-choosing row-wise multi-threading, the overhead of testing was 0.019007 seconds.
You can set `force_row_wise=true` to remove the overhead.
And if memory is not enough, you can set `force_col_wise=true`.
[LightGBM] [Info] Total Bins 2636
[LightGBM] [Info] Number of data points in the train set: 91050, number of used features: 17
[LightGBM] [Info] Start training from score 5723.018490
[LightGBM] [Info] Auto-choosing row-wise multi-threading, the overhead of testing was 0.014338 seconds.
You can set `force_row_wise=true` to remove the overhead.
And if memory is not enough, you can set `force_col_wise=true`.
[LightGBM] [Info] Total Bins 2636
[LightGBM] [Info] Number of data points in the train set: 91050, number of used features: 17
[LightGBM] [Info] Start training from score 5722.993191
[LightGBM] [Info] Auto-choosing col-wise multi-threading, the overhead of testing was 0.057562 seconds.
You can set `force_col_wise=true` to remove the overhead.
[LightGBM] [Info] Total Bins 2636
[LightGBM] [Info] Number of data points in the train set: 91050, number of used features: 17
[LightGBM] [Info] Start training from score 5722.969609
   [fit] key=2025-W23 cutoff=2025-06-02 11:00:00  (block 3/92)
[LightGBM] [Info] Auto-choosing col-wise multi-threading, the overhead of testing was 0.069188 seconds.
You can set `force_col_wise=true` to remove the overhead.
[LightGBM] [Info] Total Bins 2636
[LightGBM] [Info] Number of data points in the train set: 91218, number of used features: 17
[LightGBM] [Info] Start training from score 5723.455029
[LightGBM] [Info] Auto-choosing col-wise multi-threading, the overhead of testing was 0.068392 seconds.
You can set `force_col_wise=true` to remove the overhead.
[LightGBM] [Info] Total Bins 2636
[LightGBM] [Info] Number of data points in the train set: 91218, number of used features: 17
[LightGBM] [Info] Start training from score 5723.208535
[LightGBM] [Info] Auto-choosing col-wise multi-threading, the overhead of testing was 0.071222 seconds.
You can set `force_col_wise=true` to remove the overhead.
[LightGBM] [Info] Total Bins 2636
[LightGBM] [Info] Number of data points in the train set: 91218, number of used features: 17
[LightGBM] [Info] Start training from score 5723.341533
[LightGBM] [Info] Auto-choosing col-wise multi-threading, the overhead of testing was 0.059700 seconds.
You can set `force_col_wise=true` to remove the overhead.
[LightGBM] [Info] Total Bins 2636
[LightGBM] [Info] Number of data points in the train set: 91218, number of used features: 17
[LightGBM] [Info] Start training from score 5723.307833
[LightGBM] [Info] Auto-choosing col-wise multi-threading, the overhead of testing was 0.084584 seconds.
You can set `force_col_wise=true` to remove the overhead.
[LightGBM] [Info] Total Bins 2636
[LightGBM] [Info] Number of data points in the train set: 91218, number of used features: 17
[LightGBM] [Info] Auto-choosing row-wise multi-threading, the overhead of testing was 0.026607 seconds.
You can set `force_row_wise=true` to remove the overhead.
And if memory is not enough, you can set `force_col_wise=true`.
[LightGBM] [Info] Total Bins 2636
[LightGBM] [Info] Start training from score 5723.468888
[LightGBM] [Info] Number of data points in the train set: 91218, number of used features: 17
[LightGBM] [Info] Start training from score 5723.441864
[LightGBM] [Info] Auto-choosing col-wise multi-threading, the overhead of testing was 0.075369 seconds.
You can set `force_col_wise=true` to remove the overhead.
[LightGBM] [Info] Total Bins 2636
[LightGBM] [Info] Number of data points in the train set: 91218, number of used features: 17
[LightGBM] [Info] Start training from score 5723.416238
[LightGBM] [Info] Auto-choosing row-wise multi-threading, the overhead of testing was 0.031956 seconds.
You can set `force_row_wise=true` to remove the overhead.
And if memory is not enough, you can set `force_col_wise=true`.
[LightGBM] [Info] Total Bins 2636
[LightGBM] [Info] Number of data points in the train set: 91218, number of used features: 17
[LightGBM] [Info] Start training from score 5723.150407
[LightGBM] [Info] Auto-choosing row-wise multi-threading, the overhead of testing was 0.031419 seconds.
You can set `force_row_wise=true` to remove the overhead.
And if memory is not enough, you can set `force_col_wise=true`.
[LightGBM] [Info] Total Bins 2636
[LightGBM] [Info] Number of data points in the train set: 91218, number of used features: 17
[LightGBM] [Info] Start training from score 5723.429371
[LightGBM] [Info] Auto-choosing row-wise multi-threading, the overhead of testing was 0.022827 seconds.
You can set `force_row_wise=true` to remove the overhead.
And if memory is not enough, you can set `force_col_wise=true`.
[LightGBM] [Info] Total Bins 2636
[LightGBM] [Info] Number of data points in the train set: 91218, number of used features: 17
[LightGBM] [Info] Start training from score 5723.371087
[LightGBM] [Info] Auto-choosing row-wise multi-threading, the overhead of testing was 0.025246 seconds.
You can set `force_row_wise=true` to remove the overhead.
And if memory is not enough, you can set `force_col_wise=true`.
[LightGBM] [Info] Auto-choosing col-wise multi-threading, the overhead of testing was 0.068080 seconds.
You can set `force_col_wise=true` to remove the overhead.
[LightGBM] [Info] Total Bins 2636
[LightGBM] [Info] Total Bins 2636
[LightGBM] [Info] Number of data points in the train set: 91218, number of used features: 17
[LightGBM] [Info] Start training from score 5723.178444
[LightGBM] [Info] Number of data points in the train set: 91218, number of used features: 17
[LightGBM] [Info] Start training from score 5723.272793
[LightGBM] [Info] Auto-choosing row-wise multi-threading, the overhead of testing was 0.032496 seconds.
You can set `force_row_wise=true` to remove the overhead.
And if memory is not enough, you can set `force_col_wise=true`.
[LightGBM] [Info] Total Bins 2636
[LightGBM] [Info] Number of data points in the train set: 91218, number of used features: 17
[LightGBM] [Info] Start training from score 5723.239695
[LightGBM] [Info] Auto-choosing col-wise multi-threading, the overhead of testing was 0.078259 seconds.
You can set `force_col_wise=true` to remove the overhead.
[LightGBM] [Info] Total Bins 2636
[LightGBM] [Info] Number of data points in the train set: 91218, number of used features: 17
[LightGBM] [Info] Start training from score 5723.119611
[LightGBM] [Info] Auto-choosing col-wise multi-threading, the overhead of testing was 0.085248 seconds.
You can set `force_col_wise=true` to remove the overhead.
[LightGBM] [Info] Total Bins 2636
[LightGBM] [Info] Number of data points in the train set: 91218, number of used features: 17
[LightGBM] [Info] Auto-choosing col-wise multi-threading, the overhead of testing was 0.077290 seconds.
You can set `force_col_wise=true` to remove the overhead.
[LightGBM] [Info] Total Bins 2636
[LightGBM] [Info] Start training from score 5723.089274
[LightGBM] [Info] Number of data points in the train set: 91218, number of used features: 17
[LightGBM] [Info] Start training from score 5723.397358
[LightGBM] [Info] Auto-choosing col-wise multi-threading, the overhead of testing was 0.081254 seconds.
You can set `force_col_wise=true` to remove the overhead.
[LightGBM] [Info] Total Bins 2636
[LightGBM] [Info] Number of data points in the train set: 91218, number of used features: 17
[LightGBM] [Info] Start training from score 5723.057757
[LightGBM] [Info] Auto-choosing row-wise multi-threading, the overhead of testing was 0.038845 seconds.
You can set `force_row_wise=true` to remove the overhead.
And if memory is not enough, you can set `force_col_wise=true`.
[LightGBM] [Info] Total Bins 2636
[LightGBM] [Info] Number of data points in the train set: 91218, number of used features: 17
[LightGBM] [Info] Start training from score 5723.020198
[LightGBM] [Info] Auto-choosing col-wise multi-threading, the overhead of testing was 0.177317 seconds.
You can set `force_col_wise=true` to remove the overhead.
[LightGBM] [Info] Total Bins 2636
[LightGBM] [Info] Number of data points in the train set: 91218, number of used features: 17
[LightGBM] [Info] Start training from score 5722.900642
[LightGBM] [Info] Auto-choosing row-wise multi-threading, the overhead of testing was 0.034181 seconds.
You can set `force_row_wise=true` to remove the overhead.
And if memory is not enough, you can set `force_col_wise=true`.
[LightGBM] [Info] Total Bins 2636
[LightGBM] [Info] Number of data points in the train set: 91218, number of used features: 17
[LightGBM] [Info] Start training from score 5722.920362
[LightGBM] [Info] Auto-choosing row-wise multi-threading, the overhead of testing was 0.027545 seconds.
You can set `force_row_wise=true` to remove the overhead.
And if memory is not enough, you can set `force_col_wise=true`.
[LightGBM] [Info] Total Bins 2636
[LightGBM] [Info] Number of data points in the train set: 91218, number of used features: 17
[LightGBM] [Info] Start training from score 5722.946776
[LightGBM] [Info] Auto-choosing col-wise multi-threading, the overhead of testing was 0.086087 seconds.
You can set `force_col_wise=true` to remove the overhead.
[LightGBM] [Info] Total Bins 2636
[LightGBM] [Info] Number of data points in the train set: 91218, number of used features: 17
[LightGBM] [Info] Start training from score 5722.982659
[LightGBM] [Info] Auto-choosing col-wise multi-threading, the overhead of testing was 0.078548 seconds.
You can set `force_col_wise=true` to remove the overhead.
[LightGBM] [Info] Total Bins 2636
[LightGBM] [Info] Number of data points in the train set: 91218, number of used features: 17
[LightGBM] [Info] Start training from score 5722.883750
[LightGBM] [Info] Auto-choosing row-wise multi-threading, the overhead of testing was 0.020040 seconds.
You can set `force_row_wise=true` to remove the overhead.
And if memory is not enough, you can set `force_col_wise=true`.
[LightGBM] [Info] Total Bins 2636
[LightGBM] [Info] Number of data points in the train set: 91218, number of used features: 17
[LightGBM] [Info] Start training from score 5722.870217
[LightGBM] [Info] Auto-choosing col-wise multi-threading, the overhead of testing was 0.072703 seconds.
You can set `force_col_wise=true` to remove the overhead.
[LightGBM] [Info] Total Bins 2636
[LightGBM] [Info] Number of data points in the train set: 91218, number of used features: 17
[LightGBM] [Info] Start training from score 5722.860010
[LightGBM] [Info] Auto-choosing col-wise multi-threading, the overhead of testing was 0.071611 seconds.
You can set `force_col_wise=true` to remove the overhead.
[LightGBM] [Info] Total Bins 2636
[LightGBM] [Info] Number of data points in the train set: 91218, number of used features: 17
[LightGBM] [Info] Start training from score 5722.847984
[LightGBM] [Info] Auto-choosing row-wise multi-threading, the overhead of testing was 0.026130 seconds.
You can set `force_row_wise=true` to remove the overhead.
And if memory is not enough, you can set `force_col_wise=true`.
[LightGBM] [Info] Total Bins 2636
[LightGBM] [Info] Number of data points in the train set: 91218, number of used features: 17
[LightGBM] [Info] Start training from score 5722.836708
[LightGBM] [Info] Auto-choosing col-wise multi-threading, the overhead of testing was 0.075867 seconds.
You can set `force_col_wise=true` to remove the overhead.
[LightGBM] [Info] Total Bins 2636
[LightGBM] [Info] Number of data points in the train set: 91218, number of used features: 17
[LightGBM] [Info] Start training from score 5722.825491
[LightGBM] [Info] Auto-choosing row-wise multi-threading, the overhead of testing was 0.035876 seconds.
You can set `force_row_wise=true` to remove the overhead.
And if memory is not enough, you can set `force_col_wise=true`.
[LightGBM] [Info] Total Bins 2636
[LightGBM] [Info] Number of data points in the train set: 91218, number of used features: 17
[LightGBM] [Info] Start training from score 5722.812828
[LightGBM] [Info] Auto-choosing col-wise multi-threading, the overhead of testing was 0.076801 seconds.
You can set `force_col_wise=true` to remove the overhead.
[LightGBM] [Info] Total Bins 2636
[LightGBM] [Info] Number of data points in the train set: 91218, number of used features: 17
[LightGBM] [Info] Start training from score 5722.796180
[LightGBM] [Info] Auto-choosing col-wise multi-threading, the overhead of testing was 0.082789 seconds.
You can set `force_col_wise=true` to remove the overhead.
[LightGBM] [Info] Total Bins 2636
[LightGBM] [Info] Number of data points in the train set: 91218, number of used features: 17
[LightGBM] [Info] Start training from score 5722.773089
[LightGBM] [Info] Auto-choosing row-wise multi-threading, the overhead of testing was 0.025452 seconds.
You can set `force_row_wise=true` to remove the overhead.
And if memory is not enough, you can set `force_col_wise=true`.
[LightGBM] [Info] Total Bins 2636
[LightGBM] [Info] Number of data points in the train set: 91218, number of used features: 17
[LightGBM] [Info] Start training from score 5722.749165
[LightGBM] [Info] Auto-choosing col-wise multi-threading, the overhead of testing was 0.090641 seconds.
You can set `force_col_wise=true` to remove the overhead.
[LightGBM] [Info] Total Bins 2636
[LightGBM] [Info] Number of data points in the train set: 91218, number of used features: 17
[LightGBM] [Info] Start training from score 5722.723672
[LightGBM] [Info] Auto-choosing col-wise multi-threading, the overhead of testing was 0.073228 seconds.
You can set `force_col_wise=true` to remove the overhead.
[LightGBM] [Info] Total Bins 2636
[LightGBM] [Info] Number of data points in the train set: 91218, number of used features: 17
[LightGBM] [Info] Start training from score 5722.699582
[LightGBM] [Info] Auto-choosing col-wise multi-threading, the overhead of testing was 0.052616 seconds.
You can set `force_col_wise=true` to remove the overhead.
[LightGBM] [Info] Total Bins 2636
[LightGBM] [Info] Number of data points in the train set: 91218, number of used features: 17
[LightGBM] [Info] Start training from score 5722.678737
[LightGBM] [Info] Auto-choosing col-wise multi-threading, the overhead of testing was 0.045108 seconds.
You can set `force_col_wise=true` to remove the overhead.
[LightGBM] [Info] Total Bins 2636
[LightGBM] [Info] Number of data points in the train set: 91218, number of used features: 17
[LightGBM] [Info] Start training from score 5722.661458
   [fit] key=2025-W24 cutoff=2025-06-09 11:00:00  (block 10/92)
[LightGBM] [Info] Auto-choosing col-wise multi-threading, the overhead of testing was 0.078361 seconds.
You can set `force_col_wise=true` to remove the overhead.
[LightGBM] [Info] Total Bins 2636
[LightGBM] [Info] Number of data points in the train set: 91386, number of used features: 17
[LightGBM] [Info] Start training from score 5724.280320
[LightGBM] [Info] Auto-choosing col-wise multi-threading, the overhead of testing was 0.082395 seconds.
You can set `force_col_wise=true` to remove the overhead.
[LightGBM] [Info] Total Bins 2636
[LightGBM] [Info] Number of data points in the train set: 91386, number of used features: 17
[LightGBM] [Info] Start training from score 5724.290131
[LightGBM] [Info] Auto-choosing col-wise multi-threading, the overhead of testing was 0.075792 seconds.
You can set `force_col_wise=true` to remove the overhead.
[LightGBM] [Info] Total Bins 2636
[LightGBM] [Info] Number of data points in the train set: 91386, number of used features: 17
[LightGBM] [Info] Start training from score 5724.200993
[LightGBM] [Info] Auto-choosing row-wise multi-threading, the overhead of testing was 0.026316 seconds.
You can set `force_row_wise=true` to remove the overhead.
And if memory is not enough, you can set `force_col_wise=true`.
[LightGBM] [Info] Total Bins 2636
[LightGBM] [Info] Number of data points in the train set: 91386, number of used features: 17
[LightGBM] [Info] Start training from score 5724.228884
[LightGBM] [Info] Auto-choosing col-wise multi-threading, the overhead of testing was 0.078596 seconds.
You can set `force_col_wise=true` to remove the overhead.
[LightGBM] [Info] Total Bins 2636
[LightGBM] [Info] Number of data points in the train set: 91386, number of used features: 17
[LightGBM] [Info] Start training from score 5724.168734
[LightGBM] [Info] Auto-choosing row-wise multi-threading, the overhead of testing was 0.030951 seconds.
You can set `force_row_wise=true` to remove the overhead.
And if memory is not enough, you can set `force_col_wise=true`.
[LightGBM] [Info] Total Bins 2636
[LightGBM] [Info] Number of data points in the train set: 91386, number of used features: 17
[LightGBM] [Info] Start training from score 5724.300034
[LightGBM] [Info] Auto-choosing row-wise multi-threading, the overhead of testing was 0.019886 seconds.
You can set `force_row_wise=true` to remove the overhead.
And if memory is not enough, you can set `force_col_wise=true`.
[LightGBM] [Info] Auto-choosing col-wise multi-threading, the overhead of testing was 0.076745 seconds.
You can set `force_col_wise=true` to remove the overhead.
[LightGBM] [Info] Total Bins 2636
[LightGBM] [Info] Total Bins 2636
[LightGBM] [Info] Number of data points in the train set: 91386, number of used features: 17
[LightGBM] [Info] Number of data points in the train set: 91386, number of used features: 17
[LightGBM] [Info] Start training from score 5724.072836
[LightGBM] [Info] Start training from score 5724.270166
[LightGBM] [Info] Auto-choosing row-wise multi-threading, the overhead of testing was 0.031757 seconds.
You can set `force_row_wise=true` to remove the overhead.
And if memory is not enough, you can set `force_col_wise=true`.
[LightGBM] [Info] Auto-choosing row-wise multi-threading, the overhead of testing was 0.032363 seconds.
You can set `force_row_wise=true` to remove the overhead.
And if memory is not enough, you can set `force_col_wise=true`.
[LightGBM] [Info] Total Bins 2636
[LightGBM] [Info] Auto-choosing row-wise multi-threading, the overhead of testing was 0.028103 seconds.
You can set `force_row_wise=true` to remove the overhead.
And if memory is not enough, you can set `force_col_wise=true`.
[LightGBM] [Info] Total Bins 2636
[LightGBM] [Info] Number of data points in the train set: 91386, number of used features: 17
[LightGBM] [Info] Number of data points in the train set: 91386, number of used features: 17
[LightGBM] [Info] Total Bins 2636
[LightGBM] [Info] Number of data points in the train set: 91386, number of used features: 17
[LightGBM] [Info] Start training from score 5724.135148
[LightGBM] [Info] Start training from score 5724.043282
[LightGBM] [Info] Start training from score 5724.103326
[LightGBM] [Info] Auto-choosing row-wise multi-threading, the overhead of testing was 0.025969 seconds.
You can set `force_row_wise=true` to remove the overhead.
And if memory is not enough, you can set `force_col_wise=true`.
[LightGBM] [Info] Total Bins 2636
[LightGBM] [Info] Number of data points in the train set: 91386, number of used features: 17
[LightGBM] [Info] Start training from score 5723.984612
[LightGBM] [Info] Auto-choosing col-wise multi-threading, the overhead of testing was 0.072835 seconds.
You can set `force_col_wise=true` to remove the overhead.
[LightGBM] [Info] Total Bins 2636
[LightGBM] [Info] Number of data points in the train set: 91386, number of used features: 17
[LightGBM] [Info] Start training from score 5724.309599
[LightGBM] [Info] Auto-choosing col-wise multi-threading, the overhead of testing was 0.073670 seconds.
You can set `force_col_wise=true` to remove the overhead.
[LightGBM] [Info] Total Bins 2636
[LightGBM] [Info] Number of data points in the train set: 91386, number of used features: 17
[LightGBM] [Info] Auto-choosing col-wise multi-threading, the overhead of testing was 0.100821 seconds.
You can set `force_col_wise=true` to remove the overhead.
[LightGBM] [Info] Total Bins 2636
[LightGBM] [Info] Start training from score 5724.015317
[LightGBM] [Info] Number of data points in the train set: 91386, number of used features: 17
[LightGBM] [Info] Start training from score 5723.954199
[LightGBM] [Info] Auto-choosing col-wise multi-threading, the overhead of testing was 0.083225 seconds.
You can set `force_col_wise=true` to remove the overhead.
[LightGBM] [Info] Total Bins 2636
[LightGBM] [Info] Number of data points in the train set: 91386, number of used features: 17
[LightGBM] [Info] Start training from score 5724.253684
[LightGBM] [Info] Auto-choosing col-wise multi-threading, the overhead of testing was 0.114662 seconds.
You can set `force_col_wise=true` to remove the overhead.
[LightGBM] [Info] Total Bins 2636
[LightGBM] [Info] Number of data points in the train set: 91386, number of used features: 17
[LightGBM] [Info] Start training from score 5723.922740
[LightGBM] [Info] Auto-choosing col-wise multi-threading, the overhead of testing was 0.077050 seconds.
You can set `force_col_wise=true` to remove the overhead.
[LightGBM] [Info] Total Bins 2636
[LightGBM] [Info] Number of data points in the train set: 91386, number of used features: 17
[LightGBM] [Info] Start training from score 5723.885721
[LightGBM] [Info] Auto-choosing row-wise multi-threading, the overhead of testing was 0.027355 seconds.
You can set `force_row_wise=true` to remove the overhead.
And if memory is not enough, you can set `force_col_wise=true`.
[LightGBM] [Info] Total Bins 2636
[LightGBM] [Info] Number of data points in the train set: 91386, number of used features: 17
[LightGBM] [Info] Start training from score 5723.849257
[LightGBM] [Info] Auto-choosing row-wise multi-threading, the overhead of testing was 0.026680 seconds.
You can set `force_row_wise=true` to remove the overhead.
And if memory is not enough, you can set `force_col_wise=true`.
[LightGBM] [Info] Total Bins 2636
[LightGBM] [Info] Number of data points in the train set: 91386, number of used features: 17
[LightGBM] [Info] Start training from score 5723.813889
[LightGBM] [Info] Auto-choosing row-wise multi-threading, the overhead of testing was 0.026505 seconds.
You can set `force_row_wise=true` to remove the overhead.
And if memory is not enough, you can set `force_col_wise=true`.
[LightGBM] [Info] Total Bins 2636
[LightGBM] [Info] Number of data points in the train set: 91386, number of used features: 17
[LightGBM] [Info] Start training from score 5723.788037
[LightGBM] [Info] Auto-choosing row-wise multi-threading, the overhead of testing was 0.024815 seconds.
You can set `force_row_wise=true` to remove the overhead.
And if memory is not enough, you can set `force_col_wise=true`.
[LightGBM] [Info] Total Bins 2636
[LightGBM] [Info] Number of data points in the train set: 91386, number of used features: 17
[LightGBM] [Info] Start training from score 5723.752335
[LightGBM] [Info] Auto-choosing col-wise multi-threading, the overhead of testing was 0.076726 seconds.
You can set `force_col_wise=true` to remove the overhead.
[LightGBM] [Info] Total Bins 2636
[LightGBM] [Info] Number of data points in the train set: 91386, number of used features: 17
[LightGBM] [Info] Start training from score 5723.769054
[LightGBM] [Info] Auto-choosing row-wise multi-threading, the overhead of testing was 0.061489 seconds.
You can set `force_row_wise=true` to remove the overhead.
And if memory is not enough, you can set `force_col_wise=true`.
[LightGBM] [Info] Total Bins 2636
[LightGBM] [Info] Number of data points in the train set: 91386, number of used features: 17
[LightGBM] [Info] Start training from score 5723.739735
[LightGBM] [Info] Auto-choosing col-wise multi-threading, the overhead of testing was 0.124147 seconds.
You can set `force_col_wise=true` to remove the overhead.
[LightGBM] [Info] Total Bins 2636
[LightGBM] [Info] Number of data points in the train set: 91386, number of used features: 17
[LightGBM] [Info] Start training from score 5723.729996
[LightGBM] [Info] Auto-choosing row-wise multi-threading, the overhead of testing was 0.044467 seconds.
You can set `force_row_wise=true` to remove the overhead.
And if memory is not enough, you can set `force_col_wise=true`.
[LightGBM] [Info] Total Bins 2636
[LightGBM] [Info] Number of data points in the train set: 91386, number of used features: 17
[LightGBM] [Info] Start training from score 5723.718780
[LightGBM] [Info] Auto-choosing row-wise multi-threading, the overhead of testing was 0.032275 seconds.
You can set `force_row_wise=true` to remove the overhead.
And if memory is not enough, you can set `force_col_wise=true`.
[LightGBM] [Info] Total Bins 2636
[LightGBM] [Info] Number of data points in the train set: 91386, number of used features: 17
[LightGBM] [Info] Start training from score 5723.708149
[LightGBM] [Info] Auto-choosing row-wise multi-threading, the overhead of testing was 0.027495 seconds.
You can set `force_row_wise=true` to remove the overhead.
And if memory is not enough, you can set `force_col_wise=true`.
[LightGBM] [Info] Total Bins 2636
[LightGBM] [Info] Number of data points in the train set: 91386, number of used features: 17
[LightGBM] [Info] Start training from score 5723.698079
[LightGBM] [Info] Auto-choosing col-wise multi-threading, the overhead of testing was 0.075241 seconds.
You can set `force_col_wise=true` to remove the overhead.
[LightGBM] [Info] Total Bins 2636
[LightGBM] [Info] Number of data points in the train set: 91386, number of used features: 17
[LightGBM] [Info] Start training from score 5723.688284
[LightGBM] [Info] Auto-choosing col-wise multi-threading, the overhead of testing was 0.081773 seconds.
You can set `force_col_wise=true` to remove the overhead.
[LightGBM] [Info] Total Bins 2636
[LightGBM] [Info] Number of data points in the train set: 91386, number of used features: 17
[LightGBM] [Info] Start training from score 5723.676252
[LightGBM] [Info] Auto-choosing row-wise multi-threading, the overhead of testing was 0.026273 seconds.
You can set `force_row_wise=true` to remove the overhead.
And if memory is not enough, you can set `force_col_wise=true`.
[LightGBM] [Info] Total Bins 2636
[LightGBM] [Info] Number of data points in the train set: 91386, number of used features: 17
[LightGBM] [Info] Start training from score 5723.659648
[LightGBM] [Info] Auto-choosing col-wise multi-threading, the overhead of testing was 0.178972 seconds.
You can set `force_col_wise=true` to remove the overhead.
[LightGBM] [Info] Total Bins 2636
[LightGBM] [Info] Number of data points in the train set: 91386, number of used features: 17
[LightGBM] [Info] Start training from score 5723.643844
[LightGBM] [Info] Auto-choosing row-wise multi-threading, the overhead of testing was 0.017546 seconds.
You can set `force_row_wise=true` to remove the overhead.
And if memory is not enough, you can set `force_col_wise=true`.
[LightGBM] [Info] Total Bins 2636
[LightGBM] [Info] Number of data points in the train set: 91386, number of used features: 17
[LightGBM] [Info] Start training from score 5723.627152
[LightGBM] [Info] Auto-choosing col-wise multi-threading, the overhead of testing was 0.068320 seconds.
You can set `force_col_wise=true` to remove the overhead.
[LightGBM] [Info] Total Bins 2636
[LightGBM] [Info] Number of data points in the train set: 91386, number of used features: 17
[LightGBM] [Info] Start training from score 5723.611270
[LightGBM] [Info] Auto-choosing row-wise multi-threading, the overhead of testing was 0.020056 seconds.
You can set `force_row_wise=true` to remove the overhead.
And if memory is not enough, you can set `force_col_wise=true`.
[LightGBM] [Info] Total Bins 2636
[LightGBM] [Info] Number of data points in the train set: 91386, number of used features: 17
[LightGBM] [Info] Start training from score 5723.597182
[LightGBM] [Info] Auto-choosing row-wise multi-threading, the overhead of testing was 0.019623 seconds.
You can set `force_row_wise=true` to remove the overhead.
And if memory is not enough, you can set `force_col_wise=true`.
[LightGBM] [Info] Total Bins 2636
[LightGBM] [Info] Number of data points in the train set: 91386, number of used features: 17
[LightGBM] [Info] Start training from score 5723.586106
   [fit] key=2025-W25 cutoff=2025-06-16 11:00:00  (block 17/92)
[LightGBM] [Info] Auto-choosing col-wise multi-threading, the overhead of testing was 0.109458 seconds.
You can set `force_col_wise=true` to remove the overhead.
[LightGBM] [Info] Total Bins 2636
[LightGBM] [Info] Number of data points in the train set: 91554, number of used features: 17
[LightGBM] [Info] Auto-choosing col-wise multi-threading, the overhead of testing was 0.106493 seconds.
You can set `force_col_wise=true` to remove the overhead.
[LightGBM] [Info] Total Bins 2636
[LightGBM] [Info] Start training from score 5725.314234
[LightGBM] [Info] Number of data points in the train set: 91554, number of used features: 17
[LightGBM] [Info] Start training from score 5725.334643
[LightGBM] [Info] Auto-choosing col-wise multi-threading, the overhead of testing was 0.087669 seconds.
You can set `force_col_wise=true` to remove the overhead.
[LightGBM] [Info] Total Bins 2636
[LightGBM] [Info] Number of data points in the train set: 91554, number of used features: 17
[LightGBM] [Info] Start training from score 5725.324190
[LightGBM] [Info] Auto-choosing col-wise multi-threading, the overhead of testing was 0.097514 seconds.
You can set `force_col_wise=true` to remove the overhead.
[LightGBM] [Info] Total Bins 2636
[LightGBM] [Info] Number of data points in the train set: 91554, number of used features: 17
[LightGBM] [Info] Start training from score 5725.345644
[LightGBM] [Info] Auto-choosing col-wise multi-threading, the overhead of testing was 0.081792 seconds.
You can set `force_col_wise=true` to remove the overhead.
[LightGBM] [Info] Total Bins 2636
[LightGBM] [Info] Number of data points in the train set: 91554, number of used features: 17
[LightGBM] [Info] Start training from score 5725.303093
[LightGBM] [Info] Auto-choosing col-wise multi-threading, the overhead of testing was 0.083112 seconds.
You can set `force_col_wise=true` to remove the overhead.
[LightGBM] [Info] Total Bins 2636
[LightGBM] [Info] Number of data points in the train set: 91554, number of used features: 17
[LightGBM] [Info] Start training from score 5725.232005
[LightGBM] [Info] Auto-choosing row-wise multi-threading, the overhead of testing was 0.026846 seconds.
You can set `force_row_wise=true` to remove the overhead.
And if memory is not enough, you can set `force_col_wise=true`.
[LightGBM] [Info] Auto-choosing col-wise multi-threading, the overhead of testing was 0.097170 seconds.
You can set `force_col_wise=true` to remove the overhead.
[LightGBM] [Info] Auto-choosing row-wise multi-threading, the overhead of testing was 0.031876 seconds.
You can set `force_row_wise=true` to remove the overhead.
And if memory is not enough, you can set `force_col_wise=true`.
[LightGBM] [Info] Total Bins 2636
[LightGBM] [Info] Total Bins 2636
[LightGBM] [Info] Number of data points in the train set: 91554, number of used features: 17
[LightGBM] [Info] Total Bins 2636
[LightGBM] [Info] Number of data points in the train set: 91554, number of used features: 17
[LightGBM] [Info] Start training from score 5725.260478
[LightGBM] [Info] Start training from score 5725.198855
[LightGBM] [Info] Number of data points in the train set: 91554, number of used features: 17
[LightGBM] [Info] Start training from score 5725.164074
[LightGBM] [Info] Auto-choosing col-wise multi-threading, the overhead of testing was 0.069950 seconds.
You can set `force_col_wise=true` to remove the overhead.
[LightGBM] [Info] Total Bins 2636
[LightGBM] [Info] Number of data points in the train set: 91554, number of used features: 17
[LightGBM] [Info] Start training from score 5725.130508
[LightGBM] [Info] Auto-choosing row-wise multi-threading, the overhead of testing was 0.018701 seconds.
You can set `force_row_wise=true` to remove the overhead.
And if memory is not enough, you can set `force_col_wise=true`.
[LightGBM] [Info] Total Bins 2636
[LightGBM] [Info] Number of data points in the train set: 91554, number of used features: 17
[LightGBM] [Info] Start training from score 5724.966592
[LightGBM] [Info] Auto-choosing row-wise multi-threading, the overhead of testing was 0.019656 seconds.
You can set `force_row_wise=true` to remove the overhead.
And if memory is not enough, you can set `force_col_wise=true`.
[LightGBM] [Info] Total Bins 2636
[LightGBM] [Info] Number of data points in the train set: 91554, number of used features: 17
[LightGBM] [Info] Start training from score 5725.285812
[LightGBM] [Info] Auto-choosing col-wise multi-threading, the overhead of testing was 0.077242 seconds.
You can set `force_col_wise=true` to remove the overhead.
[LightGBM] [Info] Total Bins 2636
[LightGBM] [Info] Number of data points in the train set: 91554, number of used features: 17
[LightGBM] [Info] Start training from score 5725.065080
[LightGBM] [Info] Auto-choosing col-wise multi-threading, the overhead of testing was 0.083930 seconds.
You can set `force_col_wise=true` to remove the overhead.
[LightGBM] [Info] Total Bins 2636
[LightGBM] [Info] Number of data points in the train set: 91554, number of used features: 17
[LightGBM] [Info] Start training from score 5725.097627
[LightGBM] [Info] Auto-choosing col-wise multi-threading, the overhead of testing was 0.081358 seconds.
You can set `force_col_wise=true` to remove the overhead.
[LightGBM] [Info] Total Bins 2636
[LightGBM] [Info] Number of data points in the train set: 91554, number of used features: 17
[LightGBM] [Info] Start training from score 5725.033989
[LightGBM] [Info] Auto-choosing col-wise multi-threading, the overhead of testing was 0.079408 seconds.
You can set `force_col_wise=true` to remove the overhead.
[LightGBM] [Info] Total Bins 2636
[LightGBM] [Info] Number of data points in the train set: 91554, number of used features: 17
[LightGBM] [Info] Start training from score 5725.000073
[LightGBM] [Info] Auto-choosing col-wise multi-threading, the overhead of testing was 0.069971 seconds.
You can set `force_col_wise=true` to remove the overhead.
[LightGBM] [Info] Total Bins 2636
[LightGBM] [Info] Number of data points in the train set: 91554, number of used features: 17
[LightGBM] [Info] Start training from score 5724.932614
[LightGBM] [Info] Auto-choosing row-wise multi-threading, the overhead of testing was 0.030424 seconds.
You can set `force_row_wise=true` to remove the overhead.
And if memory is not enough, you can set `force_col_wise=true`.
[LightGBM] [Info] Total Bins 2636
[LightGBM] [Info] Number of data points in the train set: 91554, number of used features: 17
[LightGBM] [Info] Start training from score 5724.893631
[LightGBM] [Info] Auto-choosing row-wise multi-threading, the overhead of testing was 0.026781 seconds.
You can set `force_row_wise=true` to remove the overhead.
And if memory is not enough, you can set `force_col_wise=true`.
[LightGBM] [Info] Total Bins 2636
[LightGBM] [Info] Number of data points in the train set: 91554, number of used features: 17
[LightGBM] [Info] Start training from score 5724.820292
[LightGBM] [Info] Auto-choosing col-wise multi-threading, the overhead of testing was 0.076550 seconds.
You can set `force_col_wise=true` to remove the overhead.
[LightGBM] [Info] Total Bins 2636
[LightGBM] [Info] Number of data points in the train set: 91554, number of used features: 17
[LightGBM] [Info] Start training from score 5724.856043
[LightGBM] [Info] Auto-choosing col-wise multi-threading, the overhead of testing was 0.077628 seconds.
You can set `force_col_wise=true` to remove the overhead.
[LightGBM] [Info] Total Bins 2636
[LightGBM] [Info] Number of data points in the train set: 91554, number of used features: 17
[LightGBM] [Info] Start training from score 5724.793975
[LightGBM] [Info] Auto-choosing col-wise multi-threading, the overhead of testing was 0.144235 seconds.
You can set `force_col_wise=true` to remove the overhead.
[LightGBM] [Info] Total Bins 2636
[LightGBM] [Info] Number of data points in the train set: 91554, number of used features: 17
[LightGBM] [Info] Start training from score 5724.774568
[LightGBM] [Info] Auto-choosing row-wise multi-threading, the overhead of testing was 0.018303 seconds.
You can set `force_row_wise=true` to remove the overhead.
And if memory is not enough, you can set `force_col_wise=true`.
[LightGBM] [Info] Total Bins 2636
[LightGBM] [Info] Number of data points in the train set: 91554, number of used features: 17
[LightGBM] [Info] Start training from score 5724.744319
[LightGBM] [Info] Auto-choosing row-wise multi-threading, the overhead of testing was 0.018370 seconds.
You can set `force_row_wise=true` to remove the overhead.
And if memory is not enough, you can set `force_col_wise=true`.
[LightGBM] [Info] Total Bins 2636
[LightGBM] [Info] Number of data points in the train set: 91554, number of used features: 17
[LightGBM] [Info] Start training from score 5724.757213
[LightGBM] [Info] Auto-choosing row-wise multi-threading, the overhead of testing was 0.024972 seconds.
You can set `force_row_wise=true` to remove the overhead.
And if memory is not enough, you can set `force_col_wise=true`.
[LightGBM] [Info] Total Bins 2636
[LightGBM] [Info] Number of data points in the train set: 91554, number of used features: 17
[LightGBM] [Info] Start training from score 5724.734696
[LightGBM] [Info] Auto-choosing col-wise multi-threading, the overhead of testing was 0.081652 seconds.
You can set `force_col_wise=true` to remove the overhead.
[LightGBM] [Info] Total Bins 2636
[LightGBM] [Info] Number of data points in the train set: 91554, number of used features: 17
[LightGBM] [Info] Start training from score 5724.723501
[LightGBM] [Info] Auto-choosing row-wise multi-threading, the overhead of testing was 0.023212 seconds.
You can set `force_row_wise=true` to remove the overhead.
And if memory is not enough, you can set `force_col_wise=true`.
[LightGBM] [Info] Total Bins 2636
[LightGBM] [Info] Number of data points in the train set: 91554, number of used features: 17
[LightGBM] [Info] Start training from score 5724.712878
[LightGBM] [Info] Auto-choosing col-wise multi-threading, the overhead of testing was 0.071405 seconds.
You can set `force_col_wise=true` to remove the overhead.
[LightGBM] [Info] Total Bins 2636
[LightGBM] [Info] Number of data points in the train set: 91554, number of used features: 17
[LightGBM] [Info] Start training from score 5724.702739
[LightGBM] [Info] Auto-choosing col-wise multi-threading, the overhead of testing was 0.072861 seconds.
You can set `force_col_wise=true` to remove the overhead.
[LightGBM] [Info] Total Bins 2636
[LightGBM] [Info] Number of data points in the train set: 91554, number of used features: 17
[LightGBM] [Info] Start training from score 5724.692592
[LightGBM] [Info] Auto-choosing col-wise multi-threading, the overhead of testing was 0.074399 seconds.
You can set `force_col_wise=true` to remove the overhead.
[LightGBM] [Info] Total Bins 2636
[LightGBM] [Info] Number of data points in the train set: 91554, number of used features: 17
[LightGBM] [Info] Start training from score 5724.679817
[LightGBM] [Info] Auto-choosing row-wise multi-threading, the overhead of testing was 0.026420 seconds.
You can set `force_row_wise=true` to remove the overhead.
And if memory is not enough, you can set `force_col_wise=true`.
[LightGBM] [Info] Total Bins 2636
[LightGBM] [Info] Number of data points in the train set: 91554, number of used features: 17
[LightGBM] [Info] Start training from score 5724.662686
[LightGBM] [Info] Auto-choosing row-wise multi-threading, the overhead of testing was 0.037458 seconds.
You can set `force_row_wise=true` to remove the overhead.
And if memory is not enough, you can set `force_col_wise=true`.
[LightGBM] [Info] Total Bins 2636
[LightGBM] [Info] Number of data points in the train set: 91554, number of used features: 17
[LightGBM] [Info] Start training from score 5724.646802
[LightGBM] [Info] Auto-choosing col-wise multi-threading, the overhead of testing was 0.072495 seconds.
You can set `force_col_wise=true` to remove the overhead.
[LightGBM] [Info] Total Bins 2636
[LightGBM] [Info] Number of data points in the train set: 91554, number of used features: 17
[LightGBM] [Info] Start training from score 5724.630053
[LightGBM] [Info] Auto-choosing col-wise multi-threading, the overhead of testing was 0.069496 seconds.
You can set `force_col_wise=true` to remove the overhead.
[LightGBM] [Info] Total Bins 2636
[LightGBM] [Info] Number of data points in the train set: 91554, number of used features: 17
[LightGBM] [Info] Start training from score 5724.614517
[LightGBM] [Info] Auto-choosing row-wise multi-threading, the overhead of testing was 0.016091 seconds.
You can set `force_row_wise=true` to remove the overhead.
And if memory is not enough, you can set `force_col_wise=true`.
[LightGBM] [Info] Total Bins 2636
[LightGBM] [Info] Number of data points in the train set: 91554, number of used features: 17
[LightGBM] [Info] Start training from score 5724.601558
[LightGBM] [Info] Auto-choosing row-wise multi-threading, the overhead of testing was 0.013126 seconds.
You can set `force_row_wise=true` to remove the overhead.
And if memory is not enough, you can set `force_col_wise=true`.
[LightGBM] [Info] Total Bins 2636
[LightGBM] [Info] Number of data points in the train set: 91554, number of used features: 17
[LightGBM] [Info] Start training from score 5724.589782
   [fit] key=2025-W26 cutoff=2025-06-23 11:00:00  (block 24/92)
[LightGBM] [Info] Auto-choosing col-wise multi-threading, the overhead of testing was 0.074821 seconds.
You can set `force_col_wise=true` to remove the overhead.
[LightGBM] [Info] Total Bins 2636
[LightGBM] [Info] Number of data points in the train set: 91722, number of used features: 17
[LightGBM] [Info] Start training from score 5727.408625
[LightGBM] [Info] Auto-choosing col-wise multi-threading, the overhead of testing was 0.076795 seconds.
You can set `force_col_wise=true` to remove the overhead.
[LightGBM] [Info] Total Bins 2636
[LightGBM] [Info] Number of data points in the train set: 91722, number of used features: 17
[LightGBM] [Info] Start training from score 5727.407089
[LightGBM] [Info] Auto-choosing col-wise multi-threading, the overhead of testing was 0.067190 seconds.
You can set `force_col_wise=true` to remove the overhead.
[LightGBM] [Info] Total Bins 2636
[LightGBM] [Info] Number of data points in the train set: 91722, number of used features: 17
[LightGBM] [Info] Start training from score 5727.409628
[LightGBM] [Info] Auto-choosing col-wise multi-threading, the overhead of testing was 0.073710 seconds.
You can set `force_col_wise=true` to remove the overhead.
[LightGBM] [Info] Total Bins 2636
[LightGBM] [Info] Number of data points in the train set: 91722, number of used features: 17
[LightGBM] [Info] Auto-choosing row-wise multi-threading, the overhead of testing was 0.020202 seconds.
You can set `force_row_wise=true` to remove the overhead.
And if memory is not enough, you can set `force_col_wise=true`.
[LightGBM] [Info] Total Bins 2636
[LightGBM] [Info] Start training from score 5727.342873
[LightGBM] [Info] Number of data points in the train set: 91722, number of used features: 17
[LightGBM] [Info] Start training from score 5727.402436
[LightGBM] [Info] Auto-choosing col-wise multi-threading, the overhead of testing was 0.065836 seconds.
You can set `force_col_wise=true` to remove the overhead.
[LightGBM] [Info] Total Bins 2636
[LightGBM] [Info] Number of data points in the train set: 91722, number of used features: 17
[LightGBM] [Info] Start training from score 5727.409895
[LightGBM] [Info] Auto-choosing col-wise multi-threading, the overhead of testing was 0.080850 seconds.
You can set `force_col_wise=true` to remove the overhead.
[LightGBM] [Info] Total Bins 2636
[LightGBM] [Info] Auto-choosing col-wise multi-threading, the overhead of testing was 0.084835 seconds.
You can set `force_col_wise=true` to remove the overhead.
[LightGBM] [Info] Number of data points in the train set: 91722, number of used features: 17
[LightGBM] [Info] Total Bins 2636
[LightGBM] [Info] Start training from score 5727.316877
[LightGBM] [Info] Number of data points in the train set: 91722, number of used features: 17
[LightGBM] [Info] Start training from score 5727.410407
[LightGBM] [Info] Auto-choosing row-wise multi-threading, the overhead of testing was 0.028267 seconds.
You can set `force_row_wise=true` to remove the overhead.
And if memory is not enough, you can set `force_col_wise=true`.
[LightGBM] [Info] Total Bins 2636
[LightGBM] [Info] Number of data points in the train set: 91722, number of used features: 17
[LightGBM] [Info] Start training from score 5727.230313
[LightGBM] [Info] Auto-choosing col-wise multi-threading, the overhead of testing was 0.088136 seconds.
You can set `force_col_wise=true` to remove the overhead.
[LightGBM] [Info] Total Bins 2636
[LightGBM] [Info] Number of data points in the train set: 91722, number of used features: 17
[LightGBM] [Info] Start training from score 5727.292695
[LightGBM] [Info] Auto-choosing row-wise multi-threading, the overhead of testing was 0.033765 seconds.
You can set `force_row_wise=true` to remove the overhead.
And if memory is not enough, you can set `force_col_wise=true`.
[LightGBM] [Info] Total Bins 2636
[LightGBM] [Info] Auto-choosing col-wise multi-threading, the overhead of testing was 0.085211 seconds.
You can set `force_col_wise=true` to remove the overhead.
[LightGBM] [Info] Number of data points in the train set: 91722, number of used features: 17
[LightGBM] [Info] Total Bins 2636
[LightGBM] [Info] Auto-choosing col-wise multi-threading, the overhead of testing was 0.093239 seconds.
You can set `force_col_wise=true` to remove the overhead.
[LightGBM] [Info] Start training from score 5727.184159
[LightGBM] [Info] Total Bins 2636
[LightGBM] [Info] Number of data points in the train set: 91722, number of used features: 17
[LightGBM] [Info] Number of data points in the train set: 91722, number of used features: 17
[LightGBM] [Info] Start training from score 5727.386230
[LightGBM] [Info] Start training from score 5727.367011
[LightGBM] [Info] Auto-choosing row-wise multi-threading, the overhead of testing was 0.026371 seconds.
You can set `force_row_wise=true` to remove the overhead.
And if memory is not enough, you can set `force_col_wise=true`.
[LightGBM] [Info] Total Bins 2636
[LightGBM] [Info] Number of data points in the train set: 91722, number of used features: 17
[LightGBM] [Info] Auto-choosing col-wise multi-threading, the overhead of testing was 0.100381 seconds.
You can set `force_col_wise=true` to remove the overhead.
[LightGBM] [Info] Total Bins 2636
[LightGBM] [Info] Start training from score 5727.207799
[LightGBM] [Info] Number of data points in the train set: 91722, number of used features: 17
[LightGBM] [Info] Start training from score 5727.270362
[LightGBM] [Info] Auto-choosing col-wise multi-threading, the overhead of testing was 0.111782 seconds.
You can set `force_col_wise=true` to remove the overhead.
[LightGBM] [Info] Total Bins 2636
[LightGBM] [Info] Number of data points in the train set: 91722, number of used features: 17
[LightGBM] [Info] Start training from score 5727.249475
[LightGBM] [Info] Auto-choosing col-wise multi-threading, the overhead of testing was 0.080056 seconds.
You can set `force_col_wise=true` to remove the overhead.
[LightGBM] [Info] Total Bins 2636
[LightGBM] [Info] Number of data points in the train set: 91722, number of used features: 17
[LightGBM] [Info] Start training from score 5727.159389
[LightGBM] [Info] Auto-choosing col-wise multi-threading, the overhead of testing was 0.076737 seconds.
You can set `force_col_wise=true` to remove the overhead.
[LightGBM] [Info] Total Bins 2636
[LightGBM] [Info] Number of data points in the train set: 91722, number of used features: 17
[LightGBM] [Info] Start training from score 5727.128884
[LightGBM] [Info] Auto-choosing row-wise multi-threading, the overhead of testing was 0.026207 seconds.
You can set `force_row_wise=true` to remove the overhead.
And if memory is not enough, you can set `force_col_wise=true`.
[LightGBM] [Info] Total Bins 2636
[LightGBM] [Info] Number of data points in the train set: 91722, number of used features: 17
[LightGBM] [Info] Start training from score 5727.098800
[LightGBM] [Info] Auto-choosing col-wise multi-threading, the overhead of testing was 0.090757 seconds.
You can set `force_col_wise=true` to remove the overhead.
[LightGBM] [Info] Total Bins 2636
[LightGBM] [Info] Number of data points in the train set: 91722, number of used features: 17
[LightGBM] [Info] Auto-choosing col-wise multi-threading, the overhead of testing was 0.082586 seconds.
You can set `force_col_wise=true` to remove the overhead.
[LightGBM] [Info] Start training from score 5727.070082
[LightGBM] [Info] Total Bins 2636
[LightGBM] [Info] Number of data points in the train set: 91722, number of used features: 17
[LightGBM] [Info] Start training from score 5727.050147
[LightGBM] [Info] Auto-choosing col-wise multi-threading, the overhead of testing was 0.106915 seconds.
You can set `force_col_wise=true` to remove the overhead.
[LightGBM] [Info] Total Bins 2636
[LightGBM] [Info] Number of data points in the train set: 91722, number of used features: 17
[LightGBM] [Info] Start training from score 5727.037404
[LightGBM] [Info] Auto-choosing row-wise multi-threading, the overhead of testing was 0.019490 seconds.
You can set `force_row_wise=true` to remove the overhead.
And if memory is not enough, you can set `force_col_wise=true`.
[LightGBM] [Info] Total Bins 2636
[LightGBM] [Info] Number of data points in the train set: 91722, number of used features: 17
[LightGBM] [Info] Start training from score 5727.028356
[LightGBM] [Info] Auto-choosing col-wise multi-threading, the overhead of testing was 0.081718 seconds.
You can set `force_col_wise=true` to remove the overhead.
[LightGBM] [Info] Total Bins 2636
[LightGBM] [Info] Number of data points in the train set: 91722, number of used features: 17
[LightGBM] [Info] Start training from score 5727.022278
[LightGBM] [Info] Auto-choosing row-wise multi-threading, the overhead of testing was 0.027403 seconds.
You can set `force_row_wise=true` to remove the overhead.
And if memory is not enough, you can set `force_col_wise=true`.
[LightGBM] [Info] Total Bins 2636
[LightGBM] [Info] Number of data points in the train set: 91722, number of used features: 17
[LightGBM] [Info] Start training from score 5727.019051
[LightGBM] [Info] Auto-choosing col-wise multi-threading, the overhead of testing was 0.077562 seconds.
You can set `force_col_wise=true` to remove the overhead.
[LightGBM] [Info] Total Bins 2636
[LightGBM] [Info] Number of data points in the train set: 91722, number of used features: 17
[LightGBM] [Info] Start training from score 5727.013938
[LightGBM] [Info] Auto-choosing col-wise multi-threading, the overhead of testing was 0.077149 seconds.
You can set `force_col_wise=true` to remove the overhead.
[LightGBM] [Info] Total Bins 2636
[LightGBM] [Info] Number of data points in the train set: 91722, number of used features: 17
[LightGBM] [Info] Start training from score 5727.005578
[LightGBM] [Info] Auto-choosing col-wise multi-threading, the overhead of testing was 0.084264 seconds.
You can set `force_col_wise=true` to remove the overhead.
[LightGBM] [Info] Total Bins 2636
[LightGBM] [Info] Number of data points in the train set: 91722, number of used features: 17
[LightGBM] [Info] Start training from score 5727.009658
[LightGBM] [Info] Auto-choosing row-wise multi-threading, the overhead of testing was 0.025622 seconds.
You can set `force_row_wise=true` to remove the overhead.
And if memory is not enough, you can set `force_col_wise=true`.
[LightGBM] [Info] Total Bins 2636
[LightGBM] [Info] Number of data points in the train set: 91722, number of used features: 17
[LightGBM] [Info] Start training from score 5727.001478
[LightGBM] [Info] Auto-choosing row-wise multi-threading, the overhead of testing was 0.026907 seconds.
You can set `force_row_wise=true` to remove the overhead.
And if memory is not enough, you can set `force_col_wise=true`.
[LightGBM] [Info] Total Bins 2636
[LightGBM] [Info] Number of data points in the train set: 91722, number of used features: 17
[LightGBM] [Info] Start training from score 5726.994712
[LightGBM] [Info] Auto-choosing col-wise multi-threading, the overhead of testing was 0.106235 seconds.
You can set `force_col_wise=true` to remove the overhead.
[LightGBM] [Info] Total Bins 2636
[LightGBM] [Info] Number of data points in the train set: 91722, number of used features: 17
[LightGBM] [Info] Start training from score 5726.983217
[LightGBM] [Info] Auto-choosing row-wise multi-threading, the overhead of testing was 0.028432 seconds.
You can set `force_row_wise=true` to remove the overhead.
And if memory is not enough, you can set `force_col_wise=true`.
[LightGBM] [Info] Total Bins 2636
[LightGBM] [Info] Number of data points in the train set: 91722, number of used features: 17
[LightGBM] [Info] Start training from score 5726.973456
[LightGBM] [Info] Auto-choosing col-wise multi-threading, the overhead of testing was 0.072441 seconds.
You can set `force_col_wise=true` to remove the overhead.
[LightGBM] [Info] Total Bins 2636
[LightGBM] [Info] Number of data points in the train set: 91722, number of used features: 17
[LightGBM] [Info] Start training from score 5726.963246
[LightGBM] [Info] Auto-choosing col-wise multi-threading, the overhead of testing was 0.069606 seconds.
You can set `force_col_wise=true` to remove the overhead.
[LightGBM] [Info] Total Bins 2636
[LightGBM] [Info] Number of data points in the train set: 91722, number of used features: 17
[LightGBM] [Info] Start training from score 5726.954793
[LightGBM] [Info] Auto-choosing col-wise multi-threading, the overhead of testing was 0.048523 seconds.
You can set `force_col_wise=true` to remove the overhead.
[LightGBM] [Info] Total Bins 2636
[LightGBM] [Info] Number of data points in the train set: 91722, number of used features: 17
[LightGBM] [Info] Start training from score 5726.949435
[LightGBM] [Info] Auto-choosing col-wise multi-threading, the overhead of testing was 0.052697 seconds.
You can set `force_col_wise=true` to remove the overhead.
[LightGBM] [Info] Total Bins 2636
[LightGBM] [Info] Number of data points in the train set: 91722, number of used features: 17
[LightGBM] [Info] Start training from score 5726.947307
   [fit] key=2025-W27 cutoff=2025-06-30 11:00:00  (block 31/92)
[LightGBM] [Info] Auto-choosing row-wise multi-threading, the overhead of testing was 0.031336 seconds.
You can set `force_row_wise=true` to remove the overhead.
And if memory is not enough, you can set `force_col_wise=true`.
[LightGBM] [Info] [LightGBM] [Info] Total Bins 2636
[LightGBM] [Info] Number of data points in the train set: 91890, number of used features: 17
Auto-choosing row-wise multi-threading, the overhead of testing was 0.029461 seconds.
You can set `force_row_wise=true` to remove the overhead.
And if memory is not enough, you can set `force_col_wise=true`.
[LightGBM] [Info] Total Bins 2636
[LightGBM] [Info] Start training from score 5729.816662
[LightGBM] [Info] Number of data points in the train set: 91890, number of used features: 17
[LightGBM] [Info] Start training from score 5729.820082
[LightGBM] [Info] Auto-choosing row-wise multi-threading, the overhead of testing was 0.024227 seconds.
You can set `force_row_wise=true` to remove the overhead.
And if memory is not enough, you can set `force_col_wise=true`.
[LightGBM] [Info] Total Bins 2636
[LightGBM] [Info] Number of data points in the train set: 91890, number of used features: 17
[LightGBM] [Info] Start training from score 5729.812093
[LightGBM] [Info] Auto-choosing col-wise multi-threading, the overhead of testing was 0.065956 seconds.
You can set `force_col_wise=true` to remove the overhead.
[LightGBM] [Info] Total Bins 2636
[LightGBM] [Info] Number of data points in the train set: 91890, number of used features: 17
[LightGBM] [Info] Start training from score 5729.818401
[LightGBM] [Info] Auto-choosing col-wise multi-threading, the overhead of testing was 0.074656 seconds.
You can set `force_col_wise=true` to remove the overhead.
[LightGBM] [Info] Total Bins 2636
[LightGBM] [Info] Number of data points in the train set: 91890, number of used features: 17
[LightGBM] [Info] Start training from score 5729.819501
[LightGBM] [Info] Auto-choosing row-wise multi-threading, the overhead of testing was 0.027372 seconds.
You can set `force_row_wise=true` to remove the overhead.
And if memory is not enough, you can set `force_col_wise=true`.
[LightGBM] [Info] Total Bins 2636
[LightGBM] [Info] Number of data points in the train set: 91890, number of used features: 17
[LightGBM] [Info] Start training from score 5729.819451
[LightGBM] [Info] Auto-choosing col-wise multi-threading, the overhead of testing was 0.079478 seconds.
You can set `force_col_wise=true` to remove the overhead.
[LightGBM] [Info] Total Bins 2636
[LightGBM] [Info] Number of data points in the train set: 91890, number of used features: 17
[LightGBM] [Info] Start training from score 5729.656837
[LightGBM] [Info] Auto-choosing row-wise multi-threading, the overhead of testing was 0.025991 seconds.
You can set `force_row_wise=true` to remove the overhead.
And if memory is not enough, you can set `force_col_wise=true`.
[LightGBM] [Info] Total Bins 2636
[LightGBM] [Info] Number of data points in the train set: 91890, number of used features: 17
[LightGBM] [Info] Start training from score 5729.732393
[LightGBM] [Info] Auto-choosing col-wise multi-threading, the overhead of testing was 0.086106 seconds.
You can set `force_col_wise=true` to remove the overhead.
[LightGBM] [Info] Total Bins 2636
[LightGBM] [Info] Number of data points in the train set: 91890, number of used features: 17
[LightGBM] [Info] Start training from score 5729.796472
[LightGBM] [Info] Auto-choosing col-wise multi-threading, the overhead of testing was 0.078710 seconds.
You can set `force_col_wise=true` to remove the overhead.
[LightGBM] [Info] Total Bins 2636
[LightGBM] [Info] Number of data points in the train set: 91890, number of used features: 17
[LightGBM] [Info] Start training from score 5729.694615
[LightGBM] [Info] Auto-choosing row-wise multi-threading, the overhead of testing was 0.026651 seconds.
You can set `force_row_wise=true` to remove the overhead.
And if memory is not enough, you can set `force_col_wise=true`.
[LightGBM] [Info] Total Bins 2636
[LightGBM] [Info] Number of data points in the train set: 91890, number of used features: 17
[LightGBM] [Info] Auto-choosing col-wise multi-threading, the overhead of testing was 0.082812 seconds.
You can set `force_col_wise=true` to remove the overhead.
[LightGBM] [Info] Total Bins 2636
[LightGBM] [Info] Start training from score 5729.778082
[LightGBM] [Info] Number of data points in the train set: 91890, number of used features: 17
[LightGBM] [Info] Start training from score 5729.755566
[LightGBM] [Info] Auto-choosing row-wise multi-threading, the overhead of testing was 0.029319 seconds.
You can set `force_row_wise=true` to remove the overhead.
And if memory is not enough, you can set `force_col_wise=true`.
[LightGBM] [Info] Total Bins 2636
[LightGBM] [Info] Number of data points in the train set: 91890, number of used features: 17
[LightGBM] [Info] Start training from score 5729.645015
[LightGBM] [Info] Auto-choosing row-wise multi-threading, the overhead of testing was 0.026545 seconds.
You can set `force_row_wise=true` to remove the overhead.
And if memory is not enough, you can set `force_col_wise=true`.
[LightGBM] [Info] Total Bins 2636
[LightGBM] [Info] Number of data points in the train set: 91890, number of used features: 17
[LightGBM] [Info] Start training from score 5729.711922
[LightGBM] [Info] Auto-choosing col-wise multi-threading, the overhead of testing was 0.091927 seconds.
You can set `force_col_wise=true` to remove the overhead.
[LightGBM] [Info] Total Bins 2636
[LightGBM] [Info] Number of data points in the train set: 91890, number of used features: 17
[LightGBM] [Info] Start training from score 5729.680415
[LightGBM] [Info] Auto-choosing row-wise multi-threading, the overhead of testing was 0.026601 seconds.
You can set `force_row_wise=true` to remove the overhead.
And if memory is not enough, you can set `force_col_wise=true`.
[LightGBM] [Info] Total Bins 2636
[LightGBM] [Info] Number of data points in the train set: 91890, number of used features: 17
[LightGBM] [Info] Start training from score 5729.669701
[LightGBM] [Info] Auto-choosing row-wise multi-threading, the overhead of testing was 0.021430 seconds.
You can set `force_row_wise=true` to remove the overhead.
And if memory is not enough, you can set `force_col_wise=true`.
[LightGBM] [Info] Total Bins 2636
[LightGBM] [Info] Number of data points in the train set: 91890, number of used features: 17
[LightGBM] [Info] Start training from score 5729.631902
[LightGBM] [Info] Auto-choosing row-wise multi-threading, the overhead of testing was 0.035078 seconds.
You can set `force_row_wise=true` to remove the overhead.
And if memory is not enough, you can set `force_col_wise=true`.
[LightGBM] [Info] Total Bins 2636
[LightGBM] [Info] Number of data points in the train set: 91890, number of used features: 17
[LightGBM] [Info] Start training from score 5729.611813
[LightGBM] [Info] Auto-choosing col-wise multi-threading, the overhead of testing was 0.097646 seconds.
You can set `force_col_wise=true` to remove the overhead.
[LightGBM] [Info] Total Bins 2636
[LightGBM] [Info] Number of data points in the train set: 91890, number of used features: 17
[LightGBM] [Info] Start training from score 5729.590828
[LightGBM] [Info] Auto-choosing row-wise multi-threading, the overhead of testing was 0.019036 seconds.
You can set `force_row_wise=true` to remove the overhead.
And if memory is not enough, you can set `force_col_wise=true`.
[LightGBM] [Info] Total Bins 2636
[LightGBM] [Info] Number of data points in the train set: 91890, number of used features: 17
[LightGBM] [Info] Start training from score 5729.570095
[LightGBM] [Info] Auto-choosing row-wise multi-threading, the overhead of testing was 0.019953 seconds.
You can set `force_row_wise=true` to remove the overhead.
And if memory is not enough, you can set `force_col_wise=true`.
[LightGBM] [Info] Total Bins 2636
[LightGBM] [Info] Number of data points in the train set: 91890, number of used features: 17
[LightGBM] [Info] Start training from score 5729.557923
[LightGBM] [Info] Auto-choosing row-wise multi-threading, the overhead of testing was 0.031596 seconds.
You can set `force_row_wise=true` to remove the overhead.
And if memory is not enough, you can set `force_col_wise=true`.
[LightGBM] [Info] Total Bins 2636
[LightGBM] [Info] Number of data points in the train set: 91890, number of used features: 17
[LightGBM] [Info] Start training from score 5729.553192
[LightGBM] [Info] Auto-choosing row-wise multi-threading, the overhead of testing was 0.027604 seconds.
You can set `force_row_wise=true` to remove the overhead.
And if memory is not enough, you can set `force_col_wise=true`.
[LightGBM] [Info] Total Bins 2636
[LightGBM] [Info] Number of data points in the train set: 91890, number of used features: 17
[LightGBM] [Info] Start training from score 5729.551006
[LightGBM] [Info] Auto-choosing col-wise multi-threading, the overhead of testing was 0.073012 seconds.
You can set `force_col_wise=true` to remove the overhead.
[LightGBM] [Info] Total Bins 2636
[LightGBM] [Info] Number of data points in the train set: 91890, number of used features: 17
[LightGBM] [Info] Start training from score 5729.552448
[LightGBM] [Info] Auto-choosing row-wise multi-threading, the overhead of testing was 0.026822 seconds.
You can set `force_row_wise=true` to remove the overhead.
And if memory is not enough, you can set `force_col_wise=true`.
[LightGBM] [Info] Total Bins 2636
[LightGBM] [Info] Number of data points in the train set: 91890, number of used features: 17
[LightGBM] [Info] Start training from score 5729.556300
[LightGBM] [Info] Auto-choosing col-wise multi-threading, the overhead of testing was 0.074955 seconds.
You can set `force_col_wise=true` to remove the overhead.
[LightGBM] [Info] Total Bins 2636
[LightGBM] [Info] Number of data points in the train set: 91890, number of used features: 17
[LightGBM] [Info] Start training from score 5729.557421
[LightGBM] [Info] Auto-choosing col-wise multi-threading, the overhead of testing was 0.075082 seconds.
You can set `force_col_wise=true` to remove the overhead.
[LightGBM] [Info] Total Bins 2636
[LightGBM] [Info] Number of data points in the train set: 91890, number of used features: 17
[LightGBM] [Info] Start training from score 5729.558231
[LightGBM] [Info] Auto-choosing row-wise multi-threading, the overhead of testing was 0.026235 seconds.
You can set `force_row_wise=true` to remove the overhead.
And if memory is not enough, you can set `force_col_wise=true`.
[LightGBM] [Info] Total Bins 2636
[LightGBM] [Info] Number of data points in the train set: 91890, number of used features: 17
[LightGBM] [Info] Start training from score 5729.558598
[LightGBM] [Info] Auto-choosing col-wise multi-threading, the overhead of testing was 0.106910 seconds.
You can set `force_col_wise=true` to remove the overhead.
[LightGBM] [Info] Total Bins 2636
[LightGBM] [Info] Number of data points in the train set: 91890, number of used features: 17
[LightGBM] [Info] Start training from score 5729.558413
[LightGBM] [Info] Auto-choosing col-wise multi-threading, the overhead of testing was 0.081770 seconds.
You can set `force_col_wise=true` to remove the overhead.
[LightGBM] [Info] Total Bins 2636
[LightGBM] [Info] Number of data points in the train set: 91890, number of used features: 17
[LightGBM] [Info] Start training from score 5729.554989
[LightGBM] [Info] Auto-choosing row-wise multi-threading, the overhead of testing was 0.024743 seconds.
You can set `force_row_wise=true` to remove the overhead.
And if memory is not enough, you can set `force_col_wise=true`.
[LightGBM] [Info] Total Bins 2636
[LightGBM] [Info] Number of data points in the train set: 91890, number of used features: 17
[LightGBM] [Info] Start training from score 5729.547084
[LightGBM] [Info] Auto-choosing col-wise multi-threading, the overhead of testing was 0.074819 seconds.
You can set `force_col_wise=true` to remove the overhead.
[LightGBM] [Info] Total Bins 2636
[LightGBM] [Info] Number of data points in the train set: 91890, number of used features: 17
[LightGBM] [Info] Start training from score 5729.541009
[LightGBM] [Info] Auto-choosing col-wise multi-threading, the overhead of testing was 0.052372 seconds.
You can set `force_col_wise=true` to remove the overhead.
[LightGBM] [Info] Total Bins 2636
[LightGBM] [Info] Number of data points in the train set: 91890, number of used features: 17
[LightGBM] [Info] Start training from score 5729.535966
[LightGBM] [Info] Auto-choosing col-wise multi-threading, the overhead of testing was 0.045877 seconds.
You can set `force_col_wise=true` to remove the overhead.
[LightGBM] [Info] Total Bins 2636
[LightGBM] [Info] Number of data points in the train set: 91890, number of used features: 17
[LightGBM] [Info] Start training from score 5729.536544
[LightGBM] [Info] Auto-choosing col-wise multi-threading, the overhead of testing was 0.051915 seconds.
You can set `force_col_wise=true` to remove the overhead.
[LightGBM] [Info] Total Bins 2636
[LightGBM] [Info] Number of data points in the train set: 91890, number of used features: 17
[LightGBM] [Info] Start training from score 5729.534177
[LightGBM] [Info] Auto-choosing row-wise multi-threading, the overhead of testing was 0.014291 seconds.
You can set `force_row_wise=true` to remove the overhead.
And if memory is not enough, you can set `force_col_wise=true`.
[LightGBM] [Info] Total Bins 2636
[LightGBM] [Info] Number of data points in the train set: 91890, number of used features: 17
[LightGBM] [Info] Start training from score 5729.542767
   [fit] key=2025-W28 cutoff=2025-07-07 11:00:00  (block 38/92)
[LightGBM] [Info] Auto-choosing row-wise multi-threading, the overhead of testing was 0.031105 seconds.
You can set `force_row_wise=true` to remove the overhead.
And if memory is not enough, you can set `force_col_wise=true`.
[LightGBM] [Info] Total Bins 2636
[LightGBM] [Info] Number of data points in the train set: 92058, number of used features: 17
[LightGBM] [Info] Start training from score 5732.587096
[LightGBM] [Info] Auto-choosing row-wise multi-threading, the overhead of testing was 0.035084 seconds.
You can set `force_row_wise=true` to remove the overhead.
And if memory is not enough, you can set `force_col_wise=true`.
[LightGBM] [Info] Total Bins 2636
[LightGBM] [Info] Number of data points in the train set: 92058, number of used features: 17
[LightGBM] [Info] Start training from score 5732.590518
[LightGBM] [Info] Auto-choosing row-wise multi-threading, the overhead of testing was 0.021524 seconds.
You can set `force_row_wise=true` to remove the overhead.
And if memory is not enough, you can set `force_col_wise=true`.
[LightGBM] [Info] Auto-choosing row-wise multi-threading, the overhead of testing was 0.029533 seconds.
You can set `force_row_wise=true` to remove the overhead.
And if memory is not enough, you can set `force_col_wise=true`.
[LightGBM] [Info] Total Bins 2636
[LightGBM] [Info] Total Bins 2636
[LightGBM] [Info] Number of data points in the train set: 92058, number of used features: 17
[LightGBM] [Info] Number of data points in the train set: 92058, number of used features: 17
[LightGBM] [Info] Start training from score 5732.447180
[LightGBM] [Info] Start training from score 5732.578954
[LightGBM] [Info] Auto-choosing row-wise multi-threading, the overhead of testing was 0.027697 seconds.
You can set `force_row_wise=true` to remove the overhead.
And if memory is not enough, you can set `force_col_wise=true`.
[LightGBM] [Info] Total Bins 2636
[LightGBM] [Info] Number of data points in the train set: 92058, number of used features: 17
[LightGBM] [Info] Start training from score 5732.499739
[LightGBM] [Info] Auto-choosing col-wise multi-threading, the overhead of testing was 0.084260 seconds.
You can set `force_col_wise=true` to remove the overhead.
[LightGBM] [Info] Auto-choosing row-wise multi-threading, the overhead of testing was 0.028676 seconds.
You can set `force_row_wise=true` to remove the overhead.
And if memory is not enough, you can set `force_col_wise=true`.
[LightGBM] [Info] Total Bins 2636
[LightGBM] [Info] Total Bins 2636
[LightGBM] [Info] Number of data points in the train set: 92058, number of used features: 17
[LightGBM] [Info] Number of data points in the train set: 92058, number of used features: 17
[LightGBM] [Info] Start training from score 5732.472622
[LightGBM] [Info] Start training from score 5732.593496
[LightGBM] [Info] Auto-choosing row-wise multi-threading, the overhead of testing was 0.024895 seconds.
You can set `force_row_wise=true` to remove the overhead.
And if memory is not enough, you can set `force_col_wise=true`.
[LightGBM] [Info] Total Bins 2636
[LightGBM] [Info] Number of data points in the train set: 92058, number of used features: 17
[LightGBM] [Info] Start training from score 5732.583527
[LightGBM] [Info] Auto-choosing row-wise multi-threading, the overhead of testing was 0.027393 seconds.
You can set `force_row_wise=true` to remove the overhead.
And if memory is not enough, you can set `force_col_wise=true`.
[LightGBM] [Info] Auto-choosing row-wise multi-threading, the overhead of testing was 0.026983 seconds.
You can set `force_row_wise=true` to remove the overhead.
And if memory is not enough, you can set `force_col_wise=true`.
[LightGBM] [Info] Total Bins 2636
[LightGBM] [Info] Number of data points in the train set: 92058, number of used features: 17
[LightGBM] [Info] Start training from score 5732.548032
[LightGBM] [Info] Auto-choosing row-wise multi-threading, the overhead of testing was 0.024760 seconds.
You can set `force_row_wise=true` to remove the overhead.
And if memory is not enough, you can set `force_col_wise=true`.
[LightGBM] [Info] Total Bins 2636
[LightGBM] [Info] Total Bins 2636
[LightGBM] [Info] Number of data points in the train set: 92058, number of used features: 17
[LightGBM] [Info] Number of data points in the train set: 92058, number of used features: 17
[LightGBM] [Info] Start training from score 5732.424191
[LightGBM] [Info] Start training from score 5732.525723
[LightGBM] [Info] Auto-choosing col-wise multi-threading, the overhead of testing was 0.072959 seconds.
You can set `force_col_wise=true` to remove the overhead.
[LightGBM] [Info] Total Bins 2636
[LightGBM] [Info] Number of data points in the train set: 92058, number of used features: 17
[LightGBM] [Info] Auto-choosing row-wise multi-threading, the overhead of testing was 0.025523 seconds.
You can set `force_row_wise=true` to remove the overhead.
And if memory is not enough, you can set `force_col_wise=true`.
[LightGBM] [Info] Total Bins 2636
[LightGBM] [Info] Number of data points in the train set: 92058, number of used features: 17
[LightGBM] [Info] Start training from score 5732.403119
[LightGBM] [Info] Start training from score 5732.567709
[LightGBM] [Info] Auto-choosing col-wise multi-threading, the overhead of testing was 0.074160 seconds.
You can set `force_col_wise=true` to remove the overhead.
[LightGBM] [Info] Total Bins 2636
[LightGBM] [Info] Auto-choosing col-wise multi-threading, the overhead of testing was 0.080209 seconds.
You can set `force_col_wise=true` to remove the overhead.
[LightGBM] [Info] Total Bins 2636
[LightGBM] [Info] Number of data points in the train set: 92058, number of used features: 17
[LightGBM] [Info] Number of data points in the train set: 92058, number of used features: 17
[LightGBM] [Info] Start training from score 5732.346764
[LightGBM] [Info] Start training from score 5732.385288
[LightGBM] [Info] Auto-choosing row-wise multi-threading, the overhead of testing was 0.030413 seconds.
You can set `force_row_wise=true` to remove the overhead.
And if memory is not enough, you can set `force_col_wise=true`.
[LightGBM] [Info] Total Bins 2636
[LightGBM] [Info] Number of data points in the train set: 92058, number of used features: 17
[LightGBM] [Info] Start training from score 5732.365571
[LightGBM] [Info] Auto-choosing col-wise multi-threading, the overhead of testing was 0.063996 seconds.
You can set `force_col_wise=true` to remove the overhead.
[LightGBM] [Info] Total Bins 2636
[LightGBM] [Info] Number of data points in the train set: 92058, number of used features: 17
[LightGBM] [Info] Start training from score 5732.326778
[LightGBM] [Info] Auto-choosing col-wise multi-threading, the overhead of testing was 0.072864 seconds.
You can set `force_col_wise=true` to remove the overhead.
[LightGBM] [Info] Total Bins 2636
[LightGBM] [Info] Number of data points in the train set: 92058, number of used features: 17
[LightGBM] [Info] Start training from score 5732.301065
[LightGBM] [Info] Auto-choosing row-wise multi-threading, the overhead of testing was 0.025404 seconds.
You can set `force_row_wise=true` to remove the overhead.
And if memory is not enough, you can set `force_col_wise=true`.
[LightGBM] [Info] Total Bins 2636
[LightGBM] [Info] Number of data points in the train set: 92058, number of used features: 17
[LightGBM] [Info] Start training from score 5732.276045
[LightGBM] [Info] Auto-choosing col-wise multi-threading, the overhead of testing was 0.079763 seconds.
You can set `force_col_wise=true` to remove the overhead.
[LightGBM] [Info] Total Bins 2636
[LightGBM] [Info] Number of data points in the train set: 92058, number of used features: 17
[LightGBM] [Info] Start training from score 5732.251646
[LightGBM] [Info] Auto-choosing row-wise multi-threading, the overhead of testing was 0.026661 seconds.
You can set `force_row_wise=true` to remove the overhead.
And if memory is not enough, you can set `force_col_wise=true`.
[LightGBM] [Info] Total Bins 2636
[LightGBM] [Info] Number of data points in the train set: 92058, number of used features: 17
[LightGBM] [Info] Start training from score 5732.236672
[LightGBM] [Info] Auto-choosing row-wise multi-threading, the overhead of testing was 0.025468 seconds.
You can set `force_row_wise=true` to remove the overhead.
And if memory is not enough, you can set `force_col_wise=true`.
[LightGBM] [Info] Total Bins 2636
[LightGBM] [Info] Number of data points in the train set: 92058, number of used features: 17
[LightGBM] [Info] Start training from score 5732.229407
[LightGBM] [Info] Auto-choosing col-wise multi-threading, the overhead of testing was 0.095590 seconds.
You can set `force_col_wise=true` to remove the overhead.
[LightGBM] [Info] Total Bins 2636
[LightGBM] [Info] Number of data points in the train set: 92058, number of used features: 17
[LightGBM] [Info] Start training from score 5732.225553
[LightGBM] [Info] Auto-choosing col-wise multi-threading, the overhead of testing was 0.081175 seconds.
You can set `force_col_wise=true` to remove the overhead.
[LightGBM] [Info] Total Bins 2636
[LightGBM] [Info] Number of data points in the train set: 92058, number of used features: 17
[LightGBM] [Info] Start training from score 5732.224743
[LightGBM] [Info] Auto-choosing col-wise multi-threading, the overhead of testing was 0.079792 seconds.
You can set `force_col_wise=true` to remove the overhead.
[LightGBM] [Info] Total Bins 2636
[LightGBM] [Info] Number of data points in the train set: 92058, number of used features: 17
[LightGBM] [Info] Start training from score 5732.226079
[LightGBM] [Info] Auto-choosing col-wise multi-threading, the overhead of testing was 0.077685 seconds.
You can set `force_col_wise=true` to remove the overhead.
[LightGBM] [Info] Total Bins 2636
[LightGBM] [Info] Number of data points in the train set: 92058, number of used features: 17
[LightGBM] [Info] Start training from score 5732.225069
[LightGBM] [Info] Auto-choosing row-wise multi-threading, the overhead of testing was 0.035753 seconds.
You can set `force_row_wise=true` to remove the overhead.
And if memory is not enough, you can set `force_col_wise=true`.
[LightGBM] [Info] Total Bins 2636
[LightGBM] [Info] Number of data points in the train set: 92058, number of used features: 17
[LightGBM] [Info] Start training from score 5732.224357
[LightGBM] [Info] Auto-choosing col-wise multi-threading, the overhead of testing was 0.078522 seconds.
You can set `force_col_wise=true` to remove the overhead.
[LightGBM] [Info] Total Bins 2636
[LightGBM] [Info] Number of data points in the train set: 92058, number of used features: 17
[LightGBM] [Info] Start training from score 5732.223496
[LightGBM] [Info] Auto-choosing col-wise multi-threading, the overhead of testing was 0.082094 seconds.
You can set `force_col_wise=true` to remove the overhead.
[LightGBM] [Info] Total Bins 2636
[LightGBM] [Info] Number of data points in the train set: 92058, number of used features: 17
[LightGBM] [Info] Start training from score 5732.222268
[LightGBM] [Info] Auto-choosing col-wise multi-threading, the overhead of testing was 0.077304 seconds.
You can set `force_col_wise=true` to remove the overhead.
[LightGBM] [Info] Total Bins 2636
[LightGBM] [Info] Number of data points in the train set: 92058, number of used features: 17
[LightGBM] [Info] Start training from score 5732.209755
[LightGBM] [Info] Auto-choosing col-wise multi-threading, the overhead of testing was 0.080493 seconds.
You can set `force_col_wise=true` to remove the overhead.
[LightGBM] [Info] Total Bins 2636
[LightGBM] [Info] Number of data points in the train set: 92058, number of used features: 17
[LightGBM] [Info] Start training from score 5732.218155
[LightGBM] [Info] Auto-choosing col-wise multi-threading, the overhead of testing was 0.084343 seconds.
You can set `force_col_wise=true` to remove the overhead.
[LightGBM] [Info] Total Bins 2636
[LightGBM] [Info] Number of data points in the train set: 92058, number of used features: 17
[LightGBM] [Info] Start training from score 5732.203940
[LightGBM] [Info] Auto-choosing row-wise multi-threading, the overhead of testing was 0.018847 seconds.
You can set `force_row_wise=true` to remove the overhead.
And if memory is not enough, you can set `force_col_wise=true`.
[LightGBM] [Info] Auto-choosing col-wise multi-threading, the overhead of testing was 0.061471 seconds.
You can set `force_col_wise=true` to remove the overhead.
[LightGBM] [Info] Total Bins 2636
[LightGBM] [Info] Number of data points in the train set: 92058, number of used features: 17
[LightGBM] [Info] Total Bins 2636
[LightGBM] [Info] Start training from score 5732.198102
[LightGBM] [Info] Number of data points in the train set: 92058, number of used features: 17
[LightGBM] [Info] Start training from score 5732.194329
[LightGBM] [Info] Auto-choosing col-wise multi-threading, the overhead of testing was 0.068499 seconds.
You can set `force_col_wise=true` to remove the overhead.
[LightGBM] [Info] Total Bins 2636
[LightGBM] [Info] Number of data points in the train set: 92058, number of used features: 17
[LightGBM] [Info] Start training from score 5732.193520
[LightGBM] [Info] Auto-choosing col-wise multi-threading, the overhead of testing was 0.068882 seconds.
You can set `force_col_wise=true` to remove the overhead.
[LightGBM] [Info] Total Bins 2636
[LightGBM] [Info] Number of data points in the train set: 92058, number of used features: 17
[LightGBM] [Info] Start training from score 5732.196636
   [fit] key=2025-W29 cutoff=2025-07-14 11:00:00  (block 45/92)
[LightGBM] [Info] Auto-choosing row-wise multi-threading, the overhead of testing was 0.024148 seconds.
You can set `force_row_wise=true` to remove the overhead.
And if memory is not enough, you can set `force_col_wise=true`.
[LightGBM] [Info] Total Bins 2636
[LightGBM] [Info] Number of data points in the train set: 92226, number of used features: 17
[LightGBM] [Info] Start training from score 5735.702275
[LightGBM] [Info] Auto-choosing col-wise multi-threading, the overhead of testing was 0.082052 seconds.
You can set `force_col_wise=true` to remove the overhead.
[LightGBM] [Info] Total Bins 2636
[LightGBM] [Info] Number of data points in the train set: 92226, number of used features: 17
[LightGBM] [Info] Start training from score 5735.703730
[LightGBM] [Info] Auto-choosing row-wise multi-threading, the overhead of testing was 0.024211 seconds.
You can set `force_row_wise=true` to remove the overhead.
And if memory is not enough, you can set `force_col_wise=true`.
[LightGBM] [Info] Total Bins 2636
[LightGBM] [Info] Number of data points in the train set: 92226, number of used features: 17
[LightGBM] [Info] Start training from score 5735.704984
[LightGBM] [Info] Auto-choosing col-wise multi-threading, the overhead of testing was 0.072229 seconds.
You can set `force_col_wise=true` to remove the overhead.
[LightGBM] [Info] Total Bins 2636
[LightGBM] [Info] Number of data points in the train set: 92226, number of used features: 17
[LightGBM] [Info] Start training from score 5735.707294
[LightGBM] [Info] Auto-choosing row-wise multi-threading, the overhead of testing was 0.028507 seconds.
You can set `force_row_wise=true` to remove the overhead.
And if memory is not enough, you can set `force_col_wise=true`.
[LightGBM] [Info] Total Bins 2636
[LightGBM] [Info] Number of data points in the train set: 92226, number of used features: 17
[LightGBM] [Info] Start training from score 5735.709370
[LightGBM] [Info] Auto-choosing col-wise multi-threading, the overhead of testing was 0.070298 seconds.
You can set `force_col_wise=true` to remove the overhead.
[LightGBM] [Info] Total Bins 2636
[LightGBM] [Info] Number of data points in the train set: 92226, number of used features: 17
[LightGBM] [Info] Start training from score 5735.670960
[LightGBM] [Info] Auto-choosing row-wise multi-threading, the overhead of testing was 0.025386 seconds.
You can set `force_row_wise=true` to remove the overhead.
And if memory is not enough, you can set `force_col_wise=true`.
[LightGBM] [Info] Total Bins 2636
[LightGBM] [Info] Number of data points in the train set: 92226, number of used features: 17
[LightGBM] [Info] Start training from score 5735.563862
[LightGBM] [Info] Auto-choosing col-wise multi-threading, the overhead of testing was 0.081059 seconds.
You can set `force_col_wise=true` to remove the overhead.
[LightGBM] [Info] Auto-choosing row-wise multi-threading, the overhead of testing was 0.029037 seconds.
You can set `force_row_wise=true` to remove the overhead.
And if memory is not enough, you can set `force_col_wise=true`.
[LightGBM] [Info] Total Bins 2636
[LightGBM] [Info] Number of data points in the train set: 92226, number of used features: 17
[LightGBM] [Info] Total Bins 2636
[LightGBM] [Info] Start training from score 5735.688350
[LightGBM] [Info] Number of data points in the train set: 92226, number of used features: 17
[LightGBM] [Info] Start training from score 5735.709804
[LightGBM] [Info] Auto-choosing col-wise multi-threading, the overhead of testing was 0.068866 seconds.
You can set `force_col_wise=true` to remove the overhead.
[LightGBM] [Info] Total Bins 2636
[LightGBM] [Info] Number of data points in the train set: 92226, number of used features: 17
[LightGBM] [Info] Start training from score 5735.609248
[LightGBM] [Info] Auto-choosing row-wise multi-threading, the overhead of testing was 0.025280 seconds.
You can set `force_row_wise=true` to remove the overhead.
And if memory is not enough, you can set `force_col_wise=true`.
[LightGBM] [Info] Total Bins 2636
[LightGBM] [Info] Number of data points in the train set: 92226, number of used features: 17
[LightGBM] [Info] Start training from score 5735.649480
[LightGBM] [Info] Auto-choosing row-wise multi-threading, the overhead of testing was 0.018373 seconds.
You can set `force_row_wise=true` to remove the overhead.
And if memory is not enough, you can set `force_col_wise=true`.
[LightGBM] [Info] Auto-choosing col-wise multi-threading, the overhead of testing was 0.073524 seconds.
You can set `force_col_wise=true` to remove the overhead.
[LightGBM] [Info] Total Bins 2636
[LightGBM] [Info] Number of data points in the train set: 92226, number of used features: 17
[LightGBM] [Info] Total Bins 2636
[LightGBM] [Info] Number of data points in the train set: 92226, number of used features: 17
[LightGBM] [Info] Start training from score 5735.554891
[LightGBM] [Info] Start training from score 5735.593652
[LightGBM] [Info] Auto-choosing col-wise multi-threading, the overhead of testing was 0.082431 seconds.
You can set `force_col_wise=true` to remove the overhead.
[LightGBM] [Info] Total Bins 2636
[LightGBM] [Info] Number of data points in the train set: 92226, number of used features: 17
[LightGBM] [Info] Start training from score 5735.573133
[LightGBM] [Info] Auto-choosing row-wise multi-threading, the overhead of testing was 0.026571 seconds.
You can set `force_row_wise=true` to remove the overhead.
And if memory is not enough, you can set `force_col_wise=true`.
[LightGBM] [Info] Total Bins 2636
[LightGBM] [Info] Number of data points in the train set: 92226, number of used features: 17
[LightGBM] [Info] Start training from score 5735.628008
[LightGBM] [Info] Auto-choosing row-wise multi-threading, the overhead of testing was 0.024529 seconds.
You can set `force_row_wise=true` to remove the overhead.
And if memory is not enough, you can set `force_col_wise=true`.
[LightGBM] [Info] Total Bins 2636
[LightGBM] [Info] Number of data points in the train set: 92226, number of used features: 17
[LightGBM] [Info] Start training from score 5735.581369
[LightGBM] [Info] Auto-choosing col-wise multi-threading, the overhead of testing was 0.068745 seconds.
You can set `force_col_wise=true` to remove the overhead.
[LightGBM] [Info] Total Bins 2636
[LightGBM] [Info] Number of data points in the train set: 92226, number of used features: 17
[LightGBM] [Info] Start training from score 5735.544418
[LightGBM] [Info] Auto-choosing col-wise multi-threading, the overhead of testing was 0.082631 seconds.
You can set `force_col_wise=true` to remove the overhead.
[LightGBM] [Info] Total Bins 2636
[LightGBM] [Info] Number of data points in the train set: 92226, number of used features: 17
[LightGBM] [Info] Start training from score 5735.527676
[LightGBM] [Info] Auto-choosing row-wise multi-threading, the overhead of testing was 0.025323 seconds.
You can set `force_row_wise=true` to remove the overhead.
And if memory is not enough, you can set `force_col_wise=true`.
[LightGBM] [Info] Total Bins 2636
[LightGBM] [Info] Number of data points in the train set: 92226, number of used features: 17
[LightGBM] [Info] Start training from score 5735.509836
[LightGBM] [Info] Auto-choosing row-wise multi-threading, the overhead of testing was 0.025848 seconds.
You can set `force_row_wise=true` to remove the overhead.
And if memory is not enough, you can set `force_col_wise=true`.
[LightGBM] [Info] Total Bins 2636
[LightGBM] [Info] Number of data points in the train set: 92226, number of used features: 17
[LightGBM] [Info] Start training from score 5735.492085
[LightGBM] [Info] Auto-choosing col-wise multi-threading, the overhead of testing was 0.070184 seconds.
You can set `force_col_wise=true` to remove the overhead.
[LightGBM] [Info] Total Bins 2636
[LightGBM] [Info] Number of data points in the train set: 92226, number of used features: 17
[LightGBM] [Info] Start training from score 5735.482831
[LightGBM] [Info] Auto-choosing row-wise multi-threading, the overhead of testing was 0.024862 seconds.
You can set `force_row_wise=true` to remove the overhead.
And if memory is not enough, you can set `force_col_wise=true`.
[LightGBM] [Info] Total Bins 2636
[LightGBM] [Info] Number of data points in the train set: 92226, number of used features: 17
[LightGBM] [Info] Start training from score 5735.480871
[LightGBM] [Info] Auto-choosing col-wise multi-threading, the overhead of testing was 0.076554 seconds.
You can set `force_col_wise=true` to remove the overhead.
[LightGBM] [Info] Total Bins 2636
[LightGBM] [Info] Number of data points in the train set: 92226, number of used features: 17
[LightGBM] [Info] Start training from score 5735.482509
[LightGBM] [Info] Auto-choosing col-wise multi-threading, the overhead of testing was 0.123335 seconds.
You can set `force_col_wise=true` to remove the overhead.
[LightGBM] [Info] Total Bins 2636
[LightGBM] [Info] Number of data points in the train set: 92226, number of used features: 17
[LightGBM] [Info] Start training from score 5735.487644
[LightGBM] [Info] Auto-choosing col-wise multi-threading, the overhead of testing was 0.078631 seconds.
You can set `force_col_wise=true` to remove the overhead.
[LightGBM] [Info] Total Bins 2636
[LightGBM] [Info] Number of data points in the train set: 92226, number of used features: 17
[LightGBM] [Info] Start training from score 5735.494941
[LightGBM] [Info] Auto-choosing col-wise multi-threading, the overhead of testing was 0.079221 seconds.
You can set `force_col_wise=true` to remove the overhead.
[LightGBM] [Info] Total Bins 2636
[LightGBM] [Info] Number of data points in the train set: 92226, number of used features: 17
[LightGBM] [Info] Start training from score 5735.499083
[LightGBM] [Info] Auto-choosing col-wise multi-threading, the overhead of testing was 0.080687 seconds.
You can set `force_col_wise=true` to remove the overhead.
[LightGBM] [Info] Total Bins 2636
[LightGBM] [Info] Number of data points in the train set: 92226, number of used features: 17
[LightGBM] [Info] Start training from score 5735.507076
[LightGBM] [Info] Auto-choosing row-wise multi-threading, the overhead of testing was 0.024884 seconds.
You can set `force_row_wise=true` to remove the overhead.
And if memory is not enough, you can set `force_col_wise=true`.
[LightGBM] [Info] Total Bins 2636
[LightGBM] [Info] Number of data points in the train set: 92226, number of used features: 17
[LightGBM] [Info] Start training from score 5735.503230
[LightGBM] [Info] Auto-choosing col-wise multi-threading, the overhead of testing was 0.072421 seconds.
You can set `force_col_wise=true` to remove the overhead.
[LightGBM] [Info] Total Bins 2636
[LightGBM] [Info] Auto-choosing row-wise multi-threading, the overhead of testing was 0.023916 seconds.
You can set `force_row_wise=true` to remove the overhead.
And if memory is not enough, you can set `force_col_wise=true`.
[LightGBM] [Info] Total Bins 2636
[LightGBM] [Info] Number of data points in the train set: 92226, number of used features: 17
[LightGBM] [Info] Number of data points in the train set: 92226, number of used features: 17
[LightGBM] [Info] Start training from score 5735.510079
[LightGBM] [Info] Start training from score 5735.509812
[LightGBM] [Info] Auto-choosing col-wise multi-threading, the overhead of testing was 0.072776 seconds.
You can set `force_col_wise=true` to remove the overhead.
[LightGBM] [Info] Total Bins 2636
[LightGBM] [Info] Number of data points in the train set: 92226, number of used features: 17
[LightGBM] [Info] Start training from score 5735.504853
[LightGBM] [Info] Auto-choosing col-wise multi-threading, the overhead of testing was 0.137923 seconds.
You can set `force_col_wise=true` to remove the overhead.
[LightGBM] [Info] Total Bins 2636
[LightGBM] [Info] Number of data points in the train set: 92226, number of used features: 17
[LightGBM] [Info] Start training from score 5735.503072
[LightGBM] [Info] Auto-choosing col-wise multi-threading, the overhead of testing was 0.096553 seconds.
You can set `force_col_wise=true` to remove the overhead.
[LightGBM] [Info] Total Bins 2636
[LightGBM] [Info] Number of data points in the train set: 92226, number of used features: 17
[LightGBM] [Info] Start training from score 5735.501907
[LightGBM] [Info] Auto-choosing col-wise multi-threading, the overhead of testing was 0.061434 seconds.
You can set `force_col_wise=true` to remove the overhead.
[LightGBM] [Info] Total Bins 2636
[LightGBM] [Info] Number of data points in the train set: 92226, number of used features: 17
[LightGBM] [Info] Start training from score 5735.504473
[LightGBM] [Info] Auto-choosing col-wise multi-threading, the overhead of testing was 0.051899 seconds.
You can set `force_col_wise=true` to remove the overhead.
[LightGBM] [Info] Total Bins 2636
[LightGBM] [Info] Number of data points in the train set: 92226, number of used features: 17
[LightGBM] [Info] Start training from score 5735.511527
[LightGBM] [Info] Auto-choosing row-wise multi-threading, the overhead of testing was 0.018892 seconds.
You can set `force_row_wise=true` to remove the overhead.
And if memory is not enough, you can set `force_col_wise=true`.
[LightGBM] [Info] Total Bins 2636
[LightGBM] [Info] Number of data points in the train set: 92226, number of used features: 17
[LightGBM] [Info] Start training from score 5735.523268
   [fit] key=2025-W30 cutoff=2025-07-21 11:00:00  (block 52/92)
[LightGBM] [Info] Auto-choosing row-wise multi-threading, the overhead of testing was 0.024356 seconds.
You can set `force_row_wise=true` to remove the overhead.
And if memory is not enough, you can set `force_col_wise=true`.
[LightGBM] [Info] Total Bins 2636
[LightGBM] [Info] Number of data points in the train set: 92394, number of used features: 17
[LightGBM] [Info] Start training from score 5740.305758
[LightGBM] [Info] Auto-choosing row-wise multi-threading, the overhead of testing was 0.018101 seconds.
You can set `force_row_wise=true` to remove the overhead.
And if memory is not enough, you can set `force_col_wise=true`.
[LightGBM] [Info] Total Bins 2636
[LightGBM] [Info] Number of data points in the train set: 92394, number of used features: 17
[LightGBM] [Info] Start training from score 5740.286738
[LightGBM] [Info] Auto-choosing col-wise multi-threading, the overhead of testing was 0.069820 seconds.
You can set `force_col_wise=true` to remove the overhead.
[LightGBM] [Info] Total Bins 2636
[LightGBM] [Info] Number of data points in the train set: 92394, number of used features: 17
[LightGBM] [Info] Start training from score 5740.296939
[LightGBM] [Info] Auto-choosing row-wise multi-threading, the overhead of testing was 0.024782 seconds.
You can set `force_row_wise=true` to remove the overhead.
And if memory is not enough, you can set `force_col_wise=true`.
[LightGBM] [Info] Auto-choosing col-wise multi-threading, the overhead of testing was 0.076658 seconds.
You can set `force_col_wise=true` to remove the overhead.
[LightGBM] [Info] Total Bins 2636
[LightGBM] [Info] Total Bins 2636
[LightGBM] [Info] Number of data points in the train set: 92394, number of used features: 17
[LightGBM] [Info] Number of data points in the train set: 92394, number of used features: 17
[LightGBM] [Info] Auto-choosing col-wise multi-threading, the overhead of testing was 0.070537 seconds.
You can set `force_col_wise=true` to remove the overhead.
[LightGBM] [Info] Start training from score 5740.305002
[LightGBM] [Info] Total Bins 2636
[LightGBM] [Info] Number of data points in the train set: 92394, number of used features: 17
[LightGBM] [Info] Start training from score 5740.263860
[LightGBM] [Info] Start training from score 5740.296337
[LightGBM] [Info] Auto-choosing col-wise multi-threading, the overhead of testing was 0.080750 seconds.
You can set `force_col_wise=true` to remove the overhead.
[LightGBM] [Info] Total Bins 2636
[LightGBM] [Info] Number of data points in the train set: 92394, number of used features: 17
[LightGBM] [Info] Start training from score 5740.284326
[LightGBM] [Info] Auto-choosing col-wise multi-threading, the overhead of testing was 0.087401 seconds.
You can set `force_col_wise=true` to remove the overhead.
[LightGBM] [Info] Auto-choosing row-wise multi-threading, the overhead of testing was 0.033970 seconds.
You can set `force_row_wise=true` to remove the overhead.
And if memory is not enough, you can set `force_col_wise=true`.
[LightGBM] [Info] Total Bins 2636
[LightGBM] [Info] Number of data points in the train set: 92394, number of used features: 17
[LightGBM] [Info] Total Bins 2636
[LightGBM] [Info] Number of data points in the train set: 92394, number of used features: 17
[LightGBM] [Info] Start training from score 5740.275904
[LightGBM] [Info] Start training from score 5740.268426
[LightGBM] [Info] Auto-choosing col-wise multi-threading, the overhead of testing was 0.083051 seconds.
You can set `force_col_wise=true` to remove the overhead.
[LightGBM] [Info] Total Bins 2636
[LightGBM] [Info] Number of data points in the train set: 92394, number of used features: 17
[LightGBM] [Info] Start training from score 5740.228039
[LightGBM] [Info] Auto-choosing row-wise multi-threading, the overhead of testing was 0.026784 seconds.
You can set `force_row_wise=true` to remove the overhead.
And if memory is not enough, you can set `force_col_wise=true`.
[LightGBM] [Info] Total Bins 2636
[LightGBM] [Info] Auto-choosing col-wise multi-threading, the overhead of testing was 0.084899 seconds.
You can set `force_col_wise=true` to remove the overhead.
[LightGBM] [Info] Total Bins 2636
[LightGBM] [Info] Number of data points in the train set: 92394, number of used features: 17
[LightGBM] [Info] Number of data points in the train set: 92394, number of used features: 17
[LightGBM] [Info] Start training from score 5740.228648
[LightGBM] [Info] Start training from score 5740.252090
[LightGBM] [Info] Auto-choosing col-wise multi-threading, the overhead of testing was 0.080130 seconds.
You can set `force_col_wise=true` to remove the overhead.
[LightGBM] [Info] Total Bins 2636
[LightGBM] [Info] Number of data points in the train set: 92394, number of used features: 17
[LightGBM] [Info] Auto-choosing row-wise multi-threading, the overhead of testing was 0.030171 seconds.
You can set `force_row_wise=true` to remove the overhead.
And if memory is not enough, you can set `force_col_wise=true`.
[LightGBM] [Info] Total Bins 2636
[LightGBM] [Info] Number of data points in the train set: 92394, number of used features: 17
[LightGBM] [Info] Start training from score 5740.239924
[LightGBM] [Info] Start training from score 5740.232138
[LightGBM] [Info] Auto-choosing col-wise multi-threading, the overhead of testing was 0.070400 seconds.
You can set `force_col_wise=true` to remove the overhead.
[LightGBM] [Info] Total Bins 2636
[LightGBM] [Info] Number of data points in the train set: 92394, number of used features: 17
[LightGBM] [Info] Start training from score 5740.229374
[LightGBM] [Info] Auto-choosing col-wise multi-threading, the overhead of testing was 0.090524 seconds.
You can set `force_col_wise=true` to remove the overhead.
[LightGBM] [Info] Total Bins 2636
[LightGBM] [Info] Number of data points in the train set: 92394, number of used features: 17
[LightGBM] [Info] Start training from score 5740.228341
[LightGBM] [Info] Auto-choosing col-wise multi-threading, the overhead of testing was 0.069201 seconds.
You can set `force_col_wise=true` to remove the overhead.
[LightGBM] [Info] Total Bins 2636
[LightGBM] [Info] Number of data points in the train set: 92394, number of used features: 17
[LightGBM] [Info] Start training from score 5740.225832
[LightGBM] [Info] Auto-choosing row-wise multi-threading, the overhead of testing was 0.048634 seconds.
You can set `force_row_wise=true` to remove the overhead.
And if memory is not enough, you can set `force_col_wise=true`.
[LightGBM] [Info] Total Bins 2636
[LightGBM] [Info] Number of data points in the train set: 92394, number of used features: 17
[LightGBM] [Info] Start training from score 5740.216080
[LightGBM] [Info] Auto-choosing row-wise multi-threading, the overhead of testing was 0.025596 seconds.
You can set `force_row_wise=true` to remove the overhead.
And if memory is not enough, you can set `force_col_wise=true`.
[LightGBM] [Info] Total Bins 2636
[LightGBM] [Info] Number of data points in the train set: 92394, number of used features: 17
[LightGBM] [Info] Auto-choosing row-wise multi-threading, the overhead of testing was 0.025109 seconds.
You can set `force_row_wise=true` to remove the overhead.
And if memory is not enough, you can set `force_col_wise=true`.
[LightGBM] [Info] Start training from score 5740.191236
[LightGBM] [Info] Total Bins 2636
[LightGBM] [Info] Number of data points in the train set: 92394, number of used features: 17
[LightGBM] [Info] Start training from score 5740.203792
[LightGBM] [Info] Auto-choosing row-wise multi-threading, the overhead of testing was 0.033053 seconds.
You can set `force_row_wise=true` to remove the overhead.
And if memory is not enough, you can set `force_col_wise=true`.
[LightGBM] [Info] Total Bins 2636
[LightGBM] [Info] Number of data points in the train set: 92394, number of used features: 17
[LightGBM] [Info] Start training from score 5740.187854
[LightGBM] [Info] Auto-choosing col-wise multi-threading, the overhead of testing was 0.069341 seconds.
You can set `force_col_wise=true` to remove the overhead.
[LightGBM] [Info] Total Bins 2636
[LightGBM] [Info] Number of data points in the train set: 92394, number of used features: 17
[LightGBM] [Info] Start training from score 5740.192251
[LightGBM] [Info] Auto-choosing col-wise multi-threading, the overhead of testing was 0.083808 seconds.
You can set `force_col_wise=true` to remove the overhead.
[LightGBM] [Info] Total Bins 2636
[LightGBM] [Info] Number of data points in the train set: 92394, number of used features: 17
[LightGBM] [Info] Start training from score 5740.199871
[LightGBM] [Info] Auto-choosing col-wise multi-threading, the overhead of testing was 0.088474 seconds.
You can set `force_col_wise=true` to remove the overhead.
[LightGBM] [Info] Total Bins 2636
[LightGBM] [Info] Number of data points in the train set: 92394, number of used features: 17
[LightGBM] [Info] Start training from score 5740.211945
[LightGBM] [Info] Auto-choosing row-wise multi-threading, the overhead of testing was 0.028326 seconds.
You can set `force_row_wise=true` to remove the overhead.
And if memory is not enough, you can set `force_col_wise=true`.
[LightGBM] [Info] Total Bins 2636
[LightGBM] [Info] Number of data points in the train set: 92394, number of used features: 17
[LightGBM] [Info] Start training from score 5740.226166
[LightGBM] [Info] Auto-choosing col-wise multi-threading, the overhead of testing was 0.061138 seconds.
You can set `force_col_wise=true` to remove the overhead.
[LightGBM] [Info] Total Bins 2636
[LightGBM] [Info] Number of data points in the train set: 92394, number of used features: 17
[LightGBM] [Info] Start training from score 5740.237628
[LightGBM] [Info] Auto-choosing col-wise multi-threading, the overhead of testing was 0.122490 seconds.
You can set `force_col_wise=true` to remove the overhead.
[LightGBM] [Info] Total Bins 2636
[LightGBM] [Info] Number of data points in the train set: 92394, number of used features: 17
[LightGBM] [Info] Start training from score 5740.248413
[LightGBM] [Info] Auto-choosing row-wise multi-threading, the overhead of testing was 0.045237 seconds.
You can set `force_row_wise=true` to remove the overhead.
And if memory is not enough, you can set `force_col_wise=true`.
[LightGBM] [Info] Total Bins 2636
[LightGBM] [Info] Number of data points in the train set: 92394, number of used features: 17
[LightGBM] [Info] Start training from score 5740.258043
[LightGBM] [Info] Auto-choosing col-wise multi-threading, the overhead of testing was 0.075360 seconds.
You can set `force_col_wise=true` to remove the overhead.
[LightGBM] [Info] Total Bins 2636
[LightGBM] [Info] Number of data points in the train set: 92394, number of used features: 17
[LightGBM] [Info] Start training from score 5740.266538
[LightGBM] [Info] Auto-choosing col-wise multi-threading, the overhead of testing was 0.083528 seconds.
You can set `force_col_wise=true` to remove the overhead.
[LightGBM] [Info] Auto-choosing col-wise multi-threading, the overhead of testing was 0.075904 seconds.
You can set `force_col_wise=true` to remove the overhead.
[LightGBM] [Info] Total Bins 2636
[LightGBM] [Info] Total Bins 2636
[LightGBM] [Info] Number of data points in the train set: 92394, number of used features: 17
[LightGBM] [Info] Number of data points in the train set: 92394, number of used features: 17
[LightGBM] [Info] Start training from score 5740.269840
[LightGBM] [Info] Start training from score 5740.271413
[LightGBM] [Info] Auto-choosing row-wise multi-threading, the overhead of testing was 0.024458 seconds.
You can set `force_row_wise=true` to remove the overhead.
And if memory is not enough, you can set `force_col_wise=true`.
[LightGBM] [Info] Total Bins 2636
[LightGBM] [Info] Number of data points in the train set: 92394, number of used features: 17
[LightGBM] [Info] Start training from score 5740.270151
[LightGBM] [Info] Auto-choosing row-wise multi-threading, the overhead of testing was 0.026098 seconds.
You can set `force_row_wise=true` to remove the overhead.
And if memory is not enough, you can set `force_col_wise=true`.
[LightGBM] [Info] Total Bins 2636
[LightGBM] [Info] Number of data points in the train set: 92394, number of used features: 17
[LightGBM] [Info] Start training from score 5740.271066
[LightGBM] [Info] Auto-choosing row-wise multi-threading, the overhead of testing was 0.029411 seconds.
You can set `force_row_wise=true` to remove the overhead.
And if memory is not enough, you can set `force_col_wise=true`.
[LightGBM] [Info] Total Bins 2636
[LightGBM] [Info] Number of data points in the train set: 92394, number of used features: 17
[LightGBM] [Info] Start training from score 5740.274482
[LightGBM] [Info] Auto-choosing row-wise multi-threading, the overhead of testing was 0.025343 seconds.
You can set `force_row_wise=true` to remove the overhead.
And if memory is not enough, you can set `force_col_wise=true`.
[LightGBM] [Info] Total Bins 2636
[LightGBM] [Info] Number of data points in the train set: 92394, number of used features: 17
[LightGBM] [Info] Start training from score 5740.281534
[LightGBM] [Info] Auto-choosing row-wise multi-threading, the overhead of testing was 0.014307 seconds.
You can set `force_row_wise=true` to remove the overhead.
And if memory is not enough, you can set `force_col_wise=true`.
[LightGBM] [Info] Total Bins 2636
[LightGBM] [Info] Number of data points in the train set: 92394, number of used features: 17
[LightGBM] [Info] Start training from score 5740.292734
   [fit] key=2025-W31 cutoff=2025-07-28 11:00:00  (block 59/92)
[LightGBM] [Info] Auto-choosing row-wise multi-threading, the overhead of testing was 0.025786 seconds.
You can set `force_row_wise=true` to remove the overhead.
And if memory is not enough, you can set `force_col_wise=true`.
[LightGBM] [Info] Total Bins 2636
[LightGBM] [Info] Number of data points in the train set: 92562, number of used features: 17
[LightGBM] [Info] Start training from score 5743.165576
[LightGBM] [Info] Auto-choosing row-wise multi-threading, the overhead of testing was 0.025402 seconds.
You can set `force_row_wise=true` to remove the overhead.
And if memory is not enough, you can set `force_col_wise=true`.
[LightGBM] [Info] Total Bins 2636
[LightGBM] [Info] Number of data points in the train set: 92562, number of used features: 17
[LightGBM] [Info] Start training from score 5743.161912
[LightGBM] [Info] Auto-choosing row-wise multi-threading, the overhead of testing was 0.026512 seconds.
You can set `force_row_wise=true` to remove the overhead.
And if memory is not enough, you can set `force_col_wise=true`.
[LightGBM] [Info] Total Bins 2636
[LightGBM] [Info] Number of data points in the train set: 92562, number of used features: 17
[LightGBM] [Info] Start training from score 5743.148380
[LightGBM] [Info] Auto-choosing col-wise multi-threading, the overhead of testing was 0.067477 seconds.
You can set `force_col_wise=true` to remove the overhead.
[LightGBM] [Info] Auto-choosing col-wise multi-threading, the overhead of testing was 0.084157 seconds.
You can set `force_col_wise=true` to remove the overhead.
[LightGBM] [Info] Total Bins 2636
[LightGBM] [Info] Total Bins 2636
[LightGBM] [Info] Number of data points in the train set: 92562, number of used features: 17
[LightGBM] [Info] Number of data points in the train set: 92562, number of used features: 17
[LightGBM] [Info] Start training from score 5743.157828
[LightGBM] [Info] Start training from score 5742.984650
[LightGBM] [Info] Auto-choosing col-wise multi-threading, the overhead of testing was 0.082228 seconds.
You can set `force_col_wise=true` to remove the overhead.
[LightGBM] [Info] Total Bins 2636
[LightGBM] [Info] Number of data points in the train set: 92562, number of used features: 17
[LightGBM] [Info] Start training from score 5742.903690
[LightGBM] [Info] Auto-choosing row-wise multi-threading, the overhead of testing was 0.026315 seconds.
You can set `force_row_wise=true` to remove the overhead.
And if memory is not enough, you can set `force_col_wise=true`.
[LightGBM] [Info] Auto-choosing row-wise multi-threading, the overhead of testing was 0.026522 seconds.
You can set `force_row_wise=true` to remove the overhead.
And if memory is not enough, you can set `force_col_wise=true`.
[LightGBM] [Info] Total Bins 2636
[LightGBM] [Info] Number of data points in the train set: 92562, number of used features: 17
[LightGBM] [Info] Total Bins 2636
[LightGBM] [Info] Number of data points in the train set: 92562, number of used features: 17
[LightGBM] [Info] Start training from score 5743.009146
[LightGBM] [Info] Start training from score 5743.115887
[LightGBM] [Info] Auto-choosing row-wise multi-threading, the overhead of testing was 0.020312 seconds.
You can set `force_row_wise=true` to remove the overhead.
And if memory is not enough, you can set `force_col_wise=true`.
[LightGBM] [Info] Total Bins 2636
[LightGBM] [Info] Number of data points in the train set: 92562, number of used features: 17
[LightGBM] [Info] Start training from score 5743.153512
[LightGBM] [Info] Auto-choosing row-wise multi-threading, the overhead of testing was 0.026856 seconds.
You can set `force_row_wise=true` to remove the overhead.
And if memory is not enough, you can set `force_col_wise=true`.
[LightGBM] [Info] Total Bins 2636
[LightGBM] [Info] Number of data points in the train set: 92562, number of used features: 17
[LightGBM] [Info] Start training from score 5742.943722
[LightGBM] [Info] Auto-choosing col-wise multi-threading, the overhead of testing was 0.074924 seconds.
You can set `force_col_wise=true` to remove the overhead.
[LightGBM] [Info] Total Bins 2636
[LightGBM] [Info] Number of data points in the train set: 92562, number of used features: 17
[LightGBM] [Info] Start training from score 5742.923562
[LightGBM] [Info] Auto-choosing col-wise multi-threading, the overhead of testing was 0.097349 seconds.
You can set `force_col_wise=true` to remove the overhead.
[LightGBM] [Info] Total Bins 2636
[LightGBM] [Info] Number of data points in the train set: 92562, number of used features: 17
[LightGBM] [Info] Start training from score 5743.136894
[LightGBM] [Info] Auto-choosing col-wise multi-threading, the overhead of testing was 0.113806 seconds.
You can set `force_col_wise=true` to remove the overhead.
[LightGBM] [Info] Total Bins 2636
[LightGBM] [Info] Number of data points in the train set: 92562, number of used features: 17
[LightGBM] [Info] Auto-choosing row-wise multi-threading, the overhead of testing was 0.037767 seconds.
You can set `force_row_wise=true` to remove the overhead.
And if memory is not enough, you can set `force_col_wise=true`.
[LightGBM] [Info] Start training from score 5742.962548
[LightGBM] [Info] Total Bins 2636
[LightGBM] [Info] Number of data points in the train set: 92562, number of used features: 17
[LightGBM] [Info] Start training from score 5743.036058
[LightGBM] [Info] Auto-choosing row-wise multi-threading, the overhead of testing was 0.055133 seconds.
You can set `force_row_wise=true` to remove the overhead.
And if memory is not enough, you can set `force_col_wise=true`.
[LightGBM] [Info] Total Bins 2636
[LightGBM] [Info] Number of data points in the train set: 92562, number of used features: 17
[LightGBM] [Info] Start training from score 5743.092489
[LightGBM] [Info] Auto-choosing col-wise multi-threading, the overhead of testing was 0.119869 seconds.
You can set `force_col_wise=true` to remove the overhead.
[LightGBM] [Info] Total Bins 2636
[LightGBM] [Info] Number of data points in the train set: 92562, number of used features: 17
[LightGBM] [Info] Start training from score 5743.064843
[LightGBM] [Info] Auto-choosing row-wise multi-threading, the overhead of testing was 0.025378 seconds.
You can set `force_row_wise=true` to remove the overhead.
And if memory is not enough, you can set `force_col_wise=true`.
[LightGBM] [Info] Total Bins 2636
[LightGBM] [Info] Number of data points in the train set: 92562, number of used features: 17
[LightGBM] [Info] Start training from score 5742.882268
[LightGBM] [Info] Auto-choosing row-wise multi-threading, the overhead of testing was 0.027332 seconds.
You can set `force_row_wise=true` to remove the overhead.
And if memory is not enough, you can set `force_col_wise=true`.
[LightGBM] [Info] Total Bins 2636
[LightGBM] [Info] Number of data points in the train set: 92562, number of used features: 17
[LightGBM] [Info] Start training from score 5742.855280
[LightGBM] [Info] Auto-choosing col-wise multi-threading, the overhead of testing was 0.083801 seconds.
You can set `force_col_wise=true` to remove the overhead.
[LightGBM] [Info] Total Bins 2636
[LightGBM] [Info] Number of data points in the train set: 92562, number of used features: 17
[LightGBM] [Info] Start training from score 5742.828257
[LightGBM] [Info] Auto-choosing row-wise multi-threading, the overhead of testing was 0.022194 seconds.
You can set `force_row_wise=true` to remove the overhead.
And if memory is not enough, you can set `force_col_wise=true`.
[LightGBM] [Info] Total Bins 2636
[LightGBM] [Info] Number of data points in the train set: 92562, number of used features: 17
[LightGBM] [Info] Start training from score 5742.802760
[LightGBM] [Info] Auto-choosing col-wise multi-threading, the overhead of testing was 0.082362 seconds.
You can set `force_col_wise=true` to remove the overhead.
[LightGBM] [Info] Total Bins 2636
[LightGBM] [Info] Number of data points in the train set: 92562, number of used features: 17
[LightGBM] [Info] Start training from score 5742.786009
[LightGBM] [Info] Auto-choosing col-wise multi-threading, the overhead of testing was 0.077349 seconds.
You can set `force_col_wise=true` to remove the overhead.
[LightGBM] [Info] Total Bins 2636
[LightGBM] [Info] Number of data points in the train set: 92562, number of used features: 17
[LightGBM] [Info] Start training from score 5742.775780
[LightGBM] [Info] Auto-choosing col-wise multi-threading, the overhead of testing was 0.079424 seconds.
You can set `force_col_wise=true` to remove the overhead.
[LightGBM] [Info] Total Bins 2636
[LightGBM] [Info] Number of data points in the train set: 92562, number of used features: 17
[LightGBM] [Info] Start training from score 5742.769094
[LightGBM] [Info] Auto-choosing row-wise multi-threading, the overhead of testing was 0.019489 seconds.
You can set `force_row_wise=true` to remove the overhead.
And if memory is not enough, you can set `force_col_wise=true`.
[LightGBM] [Info] Total Bins 2636
[LightGBM] [Info] Number of data points in the train set: 92562, number of used features: 17
[LightGBM] [Info] Start training from score 5742.766323
[LightGBM] [Info] Auto-choosing row-wise multi-threading, the overhead of testing was 0.024387 seconds.
You can set `force_row_wise=true` to remove the overhead.
And if memory is not enough, you can set `force_col_wise=true`.
[LightGBM] [Info] Total Bins 2636
[LightGBM] [Info] Number of data points in the train set: 92562, number of used features: 17
[LightGBM] [Info] Start training from score 5742.766409
[LightGBM] [Info] Auto-choosing row-wise multi-threading, the overhead of testing was 0.024242 seconds.
You can set `force_row_wise=true` to remove the overhead.
And if memory is not enough, you can set `force_col_wise=true`.
[LightGBM] [Info] Total Bins 2636
[LightGBM] [Info] Number of data points in the train set: 92562, number of used features: 17
[LightGBM] [Info] Start training from score 5742.764195
[LightGBM] [Info] Auto-choosing row-wise multi-threading, the overhead of testing was 0.026741 seconds.
You can set `force_row_wise=true` to remove the overhead.
And if memory is not enough, you can set `force_col_wise=true`.
[LightGBM] [Info] Total Bins 2636
[LightGBM] [Info] Number of data points in the train set: 92562, number of used features: 17
[LightGBM] [Info] Start training from score 5742.762417
[LightGBM] [Info] Auto-choosing col-wise multi-threading, the overhead of testing was 0.082937 seconds.
You can set `force_col_wise=true` to remove the overhead.
[LightGBM] [Info] Total Bins 2636
[LightGBM] [Info] Number of data points in the train set: 92562, number of used features: 17
[LightGBM] [Info] Start training from score 5742.760664
[LightGBM] [Info] Auto-choosing col-wise multi-threading, the overhead of testing was 0.112587 seconds.
You can set `force_col_wise=true` to remove the overhead.
[LightGBM] [Info] Total Bins 2636
[LightGBM] [Info] Number of data points in the train set: 92562, number of used features: 17
[LightGBM] [Info] Start training from score 5742.758600
[LightGBM] [Info] Auto-choosing row-wise multi-threading, the overhead of testing was 0.028547 seconds.
You can set `force_row_wise=true` to remove the overhead.
And if memory is not enough, you can set `force_col_wise=true`.
[LightGBM] [Info] Total Bins 2636
[LightGBM] [Info] Number of data points in the train set: 92562, number of used features: 17
[LightGBM] [Info] Start training from score 5742.753040
[LightGBM] [Info] Auto-choosing col-wise multi-threading, the overhead of testing was 0.075265 seconds.
You can set `force_col_wise=true` to remove the overhead.
[LightGBM] [Info] Total Bins 2636
[LightGBM] [Info] Number of data points in the train set: 92562, number of used features: 17
[LightGBM] [Info] Start training from score 5742.741607
[LightGBM] [Info] Auto-choosing col-wise multi-threading, the overhead of testing was 0.083497 seconds.
You can set `force_col_wise=true` to remove the overhead.
[LightGBM] [Info] Total Bins 2636
[LightGBM] [Info] Number of data points in the train set: 92562, number of used features: 17
[LightGBM] [Info] Start training from score 5742.731599
[LightGBM] [Info] Auto-choosing col-wise multi-threading, the overhead of testing was 0.074641 seconds.
You can set `force_col_wise=true` to remove the overhead.
[LightGBM] [Info] Auto-choosing row-wise multi-threading, the overhead of testing was 0.031416 seconds.
You can set `force_row_wise=true` to remove the overhead.
And if memory is not enough, you can set `force_col_wise=true`.
[LightGBM] [Info] Total Bins 2636
[LightGBM] [Info] Total Bins 2636
[LightGBM] [Info] Number of data points in the train set: 92562, number of used features: 17
[LightGBM] [Info] Number of data points in the train set: 92562, number of used features: 17
[LightGBM] [Info] Start training from score 5742.712501
[LightGBM] [Info] Start training from score 5742.721072
[LightGBM] [Info] Auto-choosing col-wise multi-threading, the overhead of testing was 0.068672 seconds.
You can set `force_col_wise=true` to remove the overhead.
[LightGBM] [Info] Total Bins 2636
[LightGBM] [Info] Number of data points in the train set: 92562, number of used features: 17
[LightGBM] [Info] Start training from score 5742.707019
[LightGBM] [Info] Auto-choosing col-wise multi-threading, the overhead of testing was 0.062512 seconds.
You can set `force_col_wise=true` to remove the overhead.
[LightGBM] [Info] Total Bins 2636
[LightGBM] [Info] Number of data points in the train set: 92562, number of used features: 17
[LightGBM] [Info] Start training from score 5742.704511
   [fit] key=2025-W32 cutoff=2025-08-04 11:00:00  (block 66/92)
[LightGBM] [Info] Auto-choosing col-wise multi-threading, the overhead of testing was 0.075275 seconds.
You can set `force_col_wise=true` to remove the overhead.
[LightGBM] [Info] Total Bins 2636
[LightGBM] [Info] Number of data points in the train set: 92730, number of used features: 17
[LightGBM] [Info] Start training from score 5744.820922
[LightGBM] [Info] Auto-choosing col-wise multi-threading, the overhead of testing was 0.071293 seconds.
You can set `force_col_wise=true` to remove the overhead.
[LightGBM] [Info] Total Bins 2636
[LightGBM] [Info] Number of data points in the train set: 92730, number of used features: 17
[LightGBM] [Info] Start training from score 5744.813074
[LightGBM] [Info] Auto-choosing row-wise multi-threading, the overhead of testing was 0.027119 seconds.
You can set `force_row_wise=true` to remove the overhead.
And if memory is not enough, you can set `force_col_wise=true`.
[LightGBM] [Info] Total Bins 2636
[LightGBM] [Info] Number of data points in the train set: 92730, number of used features: 17
[LightGBM] [Info] Start training from score 5744.798978
[LightGBM] [Info] Auto-choosing col-wise multi-threading, the overhead of testing was 0.083802 seconds.
You can set `force_col_wise=true` to remove the overhead.
[LightGBM] [Info] Total Bins 2636
[LightGBM] [Info] Number of data points in the train set: 92730, number of used features: 17
[LightGBM] [Info] Start training from score 5744.816153
[LightGBM] [Info] Auto-choosing col-wise multi-threading, the overhead of testing was 0.071875 seconds.
You can set `force_col_wise=true` to remove the overhead.
[LightGBM] [Info] Total Bins 2636
[LightGBM] [Info] Number of data points in the train set: 92730, number of used features: 17
[LightGBM] [Info] Start training from score 5744.756573
[LightGBM] [Info] Auto-choosing col-wise multi-threading, the overhead of testing was 0.087651 seconds.
You can set `force_col_wise=true` to remove the overhead.
[LightGBM] [Info] Total Bins 2636
[LightGBM] [Info] Number of data points in the train set: 92730, number of used features: 17
[LightGBM] [Info] Start training from score 5744.779023
[LightGBM] [Info] Auto-choosing col-wise multi-threading, the overhead of testing was 0.075307 seconds.
You can set `force_col_wise=true` to remove the overhead.
[LightGBM] [Info] Total Bins 2636
[LightGBM] [Info] Number of data points in the train set: 92730, number of used features: 17
[LightGBM] [Info] Start training from score 5744.583149
[LightGBM] [Info] Auto-choosing row-wise multi-threading, the overhead of testing was 0.028476 seconds.
You can set `force_row_wise=true` to remove the overhead.
And if memory is not enough, you can set `force_col_wise=true`.
[LightGBM] [Info] Total Bins 2636
[LightGBM] [Info] Number of data points in the train set: 92730, number of used features: 17
[LightGBM] [Info] Auto-choosing row-wise multi-threading, the overhead of testing was 0.018670 seconds.
You can set `force_row_wise=true` to remove the overhead.
And if memory is not enough, you can set `force_col_wise=true`.
[LightGBM] [Info] Total Bins 2636
[LightGBM] [Info] Number of data points in the train set: 92730, number of used features: 17
[LightGBM] [Info] Auto-choosing row-wise multi-threading, the overhead of testing was 0.027535 seconds.
You can set `force_row_wise=true` to remove the overhead.
And if memory is not enough, you can set `force_col_wise=true`.
[LightGBM] [Info] Total Bins 2636
[LightGBM] [Info] Auto-choosing col-wise multi-threading, the overhead of testing was 0.084502 seconds.
You can set `force_col_wise=true` to remove the overhead.[LightGBM] [Info] 
Start training from score 5744.599911
[LightGBM] [Info] Number of data points in the train set: 92730, number of used features: 17
[LightGBM] [Info] Start training from score 5744.809138
[LightGBM] [Info] Start training from score 5744.818666
[LightGBM] [Info] Total Bins 2636
[LightGBM] [Info] Number of data points in the train set: 92730, number of used features: 17
[LightGBM] [Info] Start training from score 5744.730108
[LightGBM] [Info] Auto-choosing col-wise multi-threading, the overhead of testing was 0.069312 seconds.
You can set `force_col_wise=true` to remove the overhead.
[LightGBM] [Info] Total Bins 2636
[LightGBM] [Info] Number of data points in the train set: 92730, number of used features: 17
[LightGBM] [Info] Start training from score 5744.676615
[LightGBM] [Info] Auto-choosing col-wise multi-threading, the overhead of testing was 0.084398 seconds.
You can set `force_col_wise=true` to remove the overhead.
[LightGBM] [Info] Total Bins 2636
[LightGBM] [Info] Number of data points in the train set: 92730, number of used features: 17
[LightGBM] [Info] Start training from score 5744.702325
[LightGBM] [Info] Auto-choosing row-wise multi-threading, the overhead of testing was 0.034927 seconds.
You can set `force_row_wise=true` to remove the overhead.
And if memory is not enough, you can set `force_col_wise=true`.
[LightGBM] [Info] Auto-choosing col-wise multi-threading, the overhead of testing was 0.090200 seconds.
You can set `force_col_wise=true` to remove the overhead.
[LightGBM] [Info] Total Bins 2636
[LightGBM] [Info] Total Bins 2636
[LightGBM] [Info] Number of data points in the train set: 92730, number of used features: 17
[LightGBM] [Info] Number of data points in the train set: 92730, number of used features: 17
[LightGBM] [Info] Start training from score 5744.617533
[LightGBM] [Info] Start training from score 5744.633607
[LightGBM] [Info] Auto-choosing col-wise multi-threading, the overhead of testing was 0.086702 seconds.
You can set `force_col_wise=true` to remove the overhead.
[LightGBM] [Info] Total Bins 2636
[LightGBM] [Info] Number of data points in the train set: 92730, number of used features: 17
[LightGBM] [Info] Start training from score 5744.653631
[LightGBM] [Info] Auto-choosing col-wise multi-threading, the overhead of testing was 0.069176 seconds.
You can set `force_col_wise=true` to remove the overhead.
[LightGBM] [Info] Total Bins 2636
[LightGBM] [Info] Number of data points in the train set: 92730, number of used features: 17
[LightGBM] [Info] Start training from score 5744.565173
[LightGBM] [Info] Auto-choosing col-wise multi-threading, the overhead of testing was 0.088300 seconds.
You can set `force_col_wise=true` to remove the overhead.
[LightGBM] [Info] Total Bins 2636
[LightGBM] [Info] Number of data points in the train set: 92730, number of used features: 17
[LightGBM] [Info] Start training from score 5744.516113
[LightGBM] [Info] Auto-choosing row-wise multi-threading, the overhead of testing was 0.031595 seconds.
You can set `force_row_wise=true` to remove the overhead.
And if memory is not enough, you can set `force_col_wise=true`.
[LightGBM] [Info] Total Bins 2636
[LightGBM] [Info] Number of data points in the train set: 92730, number of used features: 17
[LightGBM] [Info] Start training from score 5744.540671
[LightGBM] [Info] Auto-choosing row-wise multi-threading, the overhead of testing was 0.019102 seconds.
You can set `force_row_wise=true` to remove the overhead.
And if memory is not enough, you can set `force_col_wise=true`.
[LightGBM] [Info] Total Bins 2636
[LightGBM] [Info] Number of data points in the train set: 92730, number of used features: 17
[LightGBM] [Info] Start training from score 5744.493196
[LightGBM] [Info] Auto-choosing row-wise multi-threading, the overhead of testing was 0.024551 seconds.
You can set `force_row_wise=true` to remove the overhead.
And if memory is not enough, you can set `force_col_wise=true`.
[LightGBM] [Info] Auto-choosing row-wise multi-threading, the overhead of testing was 0.034509 seconds.
You can set `force_row_wise=true` to remove the overhead.
And if memory is not enough, you can set `force_col_wise=true`.
[LightGBM] [Info] Total Bins 2636
[LightGBM] [Info] Total Bins 2636
[LightGBM] [Info] Number of data points in the train set: 92730, number of used features: 17
[LightGBM] [Info] Number of data points in the train set: 92730, number of used features: 17
[LightGBM] [Info] Start training from score 5744.478395
[LightGBM] [Info] Start training from score 5744.469652
[LightGBM] [Info] Auto-choosing col-wise multi-threading, the overhead of testing was 0.100391 seconds.
You can set `force_col_wise=true` to remove the overhead.
[LightGBM] [Info] Total Bins 2636
[LightGBM] [Info] Number of data points in the train set: 92730, number of used features: 17
[LightGBM] [Info] Start training from score 5744.464487
[LightGBM] [Info] Auto-choosing col-wise multi-threading, the overhead of testing was 0.083058 seconds.
You can set `force_col_wise=true` to remove the overhead.
[LightGBM] [Info] Total Bins 2636
[LightGBM] [Info] Number of data points in the train set: 92730, number of used features: 17
[LightGBM] [Info] Start training from score 5744.463490
[LightGBM] [Info] Auto-choosing col-wise multi-threading, the overhead of testing was 0.073634 seconds.
You can set `force_col_wise=true` to remove the overhead.
[LightGBM] [Info] Total Bins 2636
[LightGBM] [Info] Number of data points in the train set: 92730, number of used features: 17
[LightGBM] [Info] Start training from score 5744.465452
[LightGBM] [Info] Auto-choosing col-wise multi-threading, the overhead of testing was 0.082841 seconds.
You can set `force_col_wise=true` to remove the overhead.
[LightGBM] [Info] Total Bins 2636
[LightGBM] [Info] Number of data points in the train set: 92730, number of used features: 17
[LightGBM] [Info] Start training from score 5744.465205
[LightGBM] [Info] Auto-choosing row-wise multi-threading, the overhead of testing was 0.027308 seconds.
You can set `force_row_wise=true` to remove the overhead.
And if memory is not enough, you can set `force_col_wise=true`.
[LightGBM] [Info] Total Bins 2636
[LightGBM] [Info] Number of data points in the train set: 92730, number of used features: 17
[LightGBM] [Info] Start training from score 5744.464778
[LightGBM] [Info] Auto-choosing row-wise multi-threading, the overhead of testing was 0.026390 seconds.
You can set `force_row_wise=true` to remove the overhead.
And if memory is not enough, you can set `force_col_wise=true`.
[LightGBM] [Info] Auto-choosing col-wise multi-threading, the overhead of testing was 0.088727 seconds.
You can set `force_col_wise=true` to remove the overhead.
[LightGBM] [Info] Total Bins 2636
[LightGBM] [Info] Total Bins 2636
[LightGBM] [Info] Number of data points in the train set: 92730, number of used features: 17
[LightGBM] [Info] Number of data points in the train set: 92730, number of used features: 17
[LightGBM] [Info] Start training from score 5744.461658
[LightGBM] [Info] Start training from score 5744.463740
[LightGBM] [Info] Auto-choosing col-wise multi-threading, the overhead of testing was 0.088347 seconds.
You can set `force_col_wise=true` to remove the overhead.
[LightGBM] [Info] Total Bins 2636
[LightGBM] [Info] Number of data points in the train set: 92730, number of used features: 17
[LightGBM] [Info] Start training from score 5744.455839
[LightGBM] [Info] Auto-choosing col-wise multi-threading, the overhead of testing was 0.079254 seconds.
You can set `force_col_wise=true` to remove the overhead.
[LightGBM] [Info] Total Bins 2636
[LightGBM] [Info] Number of data points in the train set: 92730, number of used features: 17
[LightGBM] [Info] Start training from score 5744.442884
[LightGBM] [Info] Auto-choosing col-wise multi-threading, the overhead of testing was 0.085539 seconds.
You can set `force_col_wise=true` to remove the overhead.
[LightGBM] [Info] Total Bins 2636
[LightGBM] [Info] Number of data points in the train set: 92730, number of used features: 17
[LightGBM] [Info] Start training from score 5744.429778
[LightGBM] [Info] Auto-choosing col-wise multi-threading, the overhead of testing was 0.073071 seconds.
You can set `force_col_wise=true` to remove the overhead.
[LightGBM] [Info] Total Bins 2636
[LightGBM] [Info] Number of data points in the train set: 92730, number of used features: 17
[LightGBM] [Info] Start training from score 5744.416056
[LightGBM] [Info] Auto-choosing row-wise multi-threading, the overhead of testing was 0.033825 seconds.
You can set `force_row_wise=true` to remove the overhead.
And if memory is not enough, you can set `force_col_wise=true`.
[LightGBM] [Info] Total Bins 2636
[LightGBM] [Info] Number of data points in the train set: 92730, number of used features: 17
[LightGBM] [Info] Start training from score 5744.404222
[LightGBM] [Info] Auto-choosing col-wise multi-threading, the overhead of testing was 0.106699 seconds.
You can set `force_col_wise=true` to remove the overhead.
[LightGBM] [Info] Total Bins 2636
[LightGBM] [Info] Number of data points in the train set: 92730, number of used features: 17
[LightGBM] [Info] Start training from score 5744.395137
[LightGBM] [Info] Auto-choosing col-wise multi-threading, the overhead of testing was 0.050306 seconds.
You can set `force_col_wise=true` to remove the overhead.
[LightGBM] [Info] Total Bins 2636
[LightGBM] [Info] Number of data points in the train set: 92730, number of used features: 17
[LightGBM] [Info] Start training from score 5744.389830
   [fit] key=2025-W33 cutoff=2025-08-11 11:00:00  (block 73/92)
[LightGBM] [Info] Auto-choosing col-wise multi-threading, the overhead of testing was 0.067526 seconds.
You can set `force_col_wise=true` to remove the overhead.
[LightGBM] [Info] Total Bins 2636
[LightGBM] [Info] Auto-choosing col-wise multi-threading, the overhead of testing was 0.069067 seconds.
You can set `force_col_wise=true` to remove the overhead.
[LightGBM] [Info] Auto-choosing col-wise multi-threading, the overhead of testing was 0.084226 seconds.
You can set `force_col_wise=true` to remove the overhead.
[LightGBM] [Info] Total Bins 2636
[LightGBM] [Info] Number of data points in the train set: 92898, number of used features: 17
[LightGBM] [Info] Number of data points in the train set: 92898, number of used features: 17
[LightGBM] [Info] Start training from score 5745.977016
[LightGBM] [Info] Start training from score 5745.959669
[LightGBM] [Info] Total Bins 2636
[LightGBM] [Info] Number of data points in the train set: 92898, number of used features: 17
[LightGBM] [Info] Start training from score 5745.985910
[LightGBM] [Info] Auto-choosing row-wise multi-threading, the overhead of testing was 0.024596 seconds.
You can set `force_row_wise=true` to remove the overhead.
And if memory is not enough, you can set `force_col_wise=true`.
[LightGBM] [Info] Total Bins 2636
[LightGBM] [Info] Number of data points in the train set: 92898, number of used features: 17
[LightGBM] [Info] Start training from score 5745.911492
[LightGBM] [Info] Auto-choosing col-wise multi-threading, the overhead of testing was 0.082542 seconds.
You can set `force_col_wise=true` to remove the overhead.
[LightGBM] [Info] Total Bins 2636
[LightGBM] [Info] Number of data points in the train set: 92898, number of used features: 17
[LightGBM] [Info] Start training from score 5745.817656
[LightGBM] [Info] Auto-choosing col-wise multi-threading, the overhead of testing was 0.071014 seconds.
You can set `force_col_wise=true` to remove the overhead.
[LightGBM] [Info] Total Bins 2636
[LightGBM] [Info] Number of data points in the train set: 92898, number of used features: 17
[LightGBM] [Info] Start training from score 5745.883700
[LightGBM] [Info] Auto-choosing row-wise multi-threading, the overhead of testing was 0.038466 seconds.
You can set `force_row_wise=true` to remove the overhead.
And if memory is not enough, you can set `force_col_wise=true`.
[LightGBM] [Info] Total Bins 2636
[LightGBM] [Info] Number of data points in the train set: 92898, number of used features: 17
[LightGBM] [Info] Start training from score 5745.935792
[LightGBM] [Info] Auto-choosing col-wise multi-threading, the overhead of testing was 0.092426 seconds.
You can set `force_col_wise=true` to remove the overhead.
[LightGBM] [Info] Total Bins 2636
[LightGBM] [Info] Number of data points in the train set: 92898, number of used features: 17
[LightGBM] [Info] Start training from score 5745.752827
[LightGBM] [Info] Auto-choosing col-wise multi-threading, the overhead of testing was 0.108646 seconds.
You can set `force_col_wise=true` to remove the overhead.
[LightGBM] [Info] Total Bins 2636
[LightGBM] [Info] Number of data points in the train set: 92898, number of used features: 17
[LightGBM] [Info] Start training from score 5745.784694
[LightGBM] [Info] Auto-choosing row-wise multi-threading, the overhead of testing was 0.036411 seconds.
You can set `force_row_wise=true` to remove the overhead.
And if memory is not enough, you can set `force_col_wise=true`.
[LightGBM] [Info] Auto-choosing col-wise multi-threading, the overhead of testing was 0.097551 seconds.
You can set `force_col_wise=true` to remove the overhead.
[LightGBM] [Info] Total Bins 2636
[LightGBM] [Info] Number of data points in the train set: 92898, number of used features: 17
[LightGBM] [Info] Auto-choosing row-wise multi-threading, the overhead of testing was 0.031828 seconds.
You can set `force_row_wise=true` to remove the overhead.
And if memory is not enough, you can set `force_col_wise=true`.
[LightGBM] [Info] Start training from score 5745.694738
[LightGBM] [Info] Total Bins 2636
[LightGBM] [Info] Number of data points in the train set: 92898, number of used features: 17
[LightGBM] [Info] Total Bins 2636
[LightGBM] [Info] Start training from score 5745.851579
[LightGBM] [Info] Number of data points in the train set: 92898, number of used features: 17
[LightGBM] [Info] Start training from score 5745.636853
[LightGBM] [Info] Auto-choosing row-wise multi-threading, the overhead of testing was 0.019988 seconds.
You can set `force_row_wise=true` to remove the overhead.
And if memory is not enough, you can set `force_col_wise=true`.
[LightGBM] [Info] Total Bins 2636
[LightGBM] [Info] Number of data points in the train set: 92898, number of used features: 17
[LightGBM] [Info] Start training from score 5745.968093
[LightGBM] [Info] Auto-choosing row-wise multi-threading, the overhead of testing was 0.022991 seconds.
You can set `force_row_wise=true` to remove the overhead.
And if memory is not enough, you can set `force_col_wise=true`.
[LightGBM] [Info] Total Bins 2636
[LightGBM] [Info] Number of data points in the train set: 92898, number of used features: 17
[LightGBM] [Info] Start training from score 5745.722290
[LightGBM] [Info] Auto-choosing row-wise multi-threading, the overhead of testing was 0.037569 seconds.
You can set `force_row_wise=true` to remove the overhead.
And if memory is not enough, you can set `force_col_wise=true`.
[LightGBM] [Info] Total Bins 2636
[LightGBM] [Info] Number of data points in the train set: 92898, number of used features: 17
[LightGBM] [Info] Start training from score 5745.665436
[LightGBM] [Info] Auto-choosing col-wise multi-threading, the overhead of testing was 0.087658 seconds.
You can set `force_col_wise=true` to remove the overhead.
[LightGBM] [Info] Total Bins 2636
[LightGBM] [Info] Number of data points in the train set: 92898, number of used features: 17
[LightGBM] [Info] Start training from score 5745.950638
[LightGBM] [Info] Auto-choosing col-wise multi-threading, the overhead of testing was 0.081985 seconds.
You can set `force_col_wise=true` to remove the overhead.
[LightGBM] [Info] Total Bins 2636
[LightGBM] [Info] Number of data points in the train set: 92898, number of used features: 17
[LightGBM] [Info] Start training from score 5745.607349
[LightGBM] [Info] Auto-choosing col-wise multi-threading, the overhead of testing was 0.079564 seconds.
You can set `force_col_wise=true` to remove the overhead.
[LightGBM] [Info] Total Bins 2636
[LightGBM] [Info] Number of data points in the train set: 92898, number of used features: 17
[LightGBM] [Info] Start training from score 5745.537268
[LightGBM] [Info] Auto-choosing col-wise multi-threading, the overhead of testing was 0.119051 seconds.
You can set `force_col_wise=true` to remove the overhead.
[LightGBM] [Info] Total Bins 2636
[LightGBM] [Info] Number of data points in the train set: 92898, number of used features: 17
[LightGBM] [Info] Start training from score 5745.572106
[LightGBM] [Info] Auto-choosing row-wise multi-threading, the overhead of testing was 0.012545 seconds.
You can set `force_row_wise=true` to remove the overhead.
And if memory is not enough, you can set `force_col_wise=true`.
[LightGBM] [Info] Total Bins 2636
[LightGBM] [Info] Number of data points in the train set: 92898, number of used features: 17
[LightGBM] [Info] Start training from score 5745.505964
[LightGBM] [Info] Auto-choosing row-wise multi-threading, the overhead of testing was 0.024972 seconds.
You can set `force_row_wise=true` to remove the overhead.
And if memory is not enough, you can set `force_col_wise=true`.
[LightGBM] [Info] Total Bins 2636
[LightGBM] [Info] Number of data points in the train set: 92898, number of used features: 17
[LightGBM] [Info] Start training from score 5745.482740
[LightGBM] [Info] Auto-choosing row-wise multi-threading, the overhead of testing was 0.019921 seconds.
You can set `force_row_wise=true` to remove the overhead.
And if memory is not enough, you can set `force_col_wise=true`.
[LightGBM] [Info] Total Bins 2636
[LightGBM] [Info] Number of data points in the train set: 92898, number of used features: 17
[LightGBM] [Info] Start training from score 5745.465605
[LightGBM] [Info] Auto-choosing col-wise multi-threading, the overhead of testing was 0.072980 seconds.
You can set `force_col_wise=true` to remove the overhead.
[LightGBM] [Info] Total Bins 2636
[LightGBM] [Info] Number of data points in the train set: 92898, number of used features: 17
[LightGBM] [Info] Start training from score 5745.451623
[LightGBM] [Info] Auto-choosing col-wise multi-threading, the overhead of testing was 0.084671 seconds.
You can set `force_col_wise=true` to remove the overhead.
[LightGBM] [Info] Total Bins 2636
[LightGBM] [Info] Number of data points in the train set: 92898, number of used features: 17
[LightGBM] [Info] Start training from score 5745.441607
[LightGBM] [Info] Auto-choosing col-wise multi-threading, the overhead of testing was 0.077728 seconds.
You can set `force_col_wise=true` to remove the overhead.
[LightGBM] [Info] Total Bins 2636
[LightGBM] [Info] Number of data points in the train set: 92898, number of used features: 17
[LightGBM] [Info] Start training from score 5745.434890
[LightGBM] [Info] Auto-choosing row-wise multi-threading, the overhead of testing was 0.025542 seconds.
You can set `force_row_wise=true` to remove the overhead.
And if memory is not enough, you can set `force_col_wise=true`.
[LightGBM] [Info] Total Bins 2636
[LightGBM] [Info] Number of data points in the train set: 92898, number of used features: 17
[LightGBM] [Info] Start training from score 5745.426601
[LightGBM] [Info] Auto-choosing col-wise multi-threading, the overhead of testing was 0.073300 seconds.
You can set `force_col_wise=true` to remove the overhead.
[LightGBM] [Info] Total Bins 2636
[LightGBM] [Info] Number of data points in the train set: 92898, number of used features: 17
[LightGBM] [Info] Start training from score 5745.418888
[LightGBM] [Info] Auto-choosing row-wise multi-threading, the overhead of testing was 0.020774 seconds.
You can set `force_row_wise=true` to remove the overhead.
And if memory is not enough, you can set `force_col_wise=true`.
[LightGBM] [Info] Total Bins 2636
[LightGBM] [Info] Number of data points in the train set: 92898, number of used features: 17
[LightGBM] [Info] Start training from score 5745.411307
[LightGBM] [Info] Auto-choosing col-wise multi-threading, the overhead of testing was 0.105343 seconds.
You can set `force_col_wise=true` to remove the overhead.
[LightGBM] [Info] Total Bins 2636
[LightGBM] [Info] Number of data points in the train set: 92898, number of used features: 17
[LightGBM] [Info] Start training from score 5745.403330
[LightGBM] [Info] Auto-choosing row-wise multi-threading, the overhead of testing was 0.031009 seconds.
You can set `force_row_wise=true` to remove the overhead.
And if memory is not enough, you can set `force_col_wise=true`.
[LightGBM] [Info] Total Bins 2636
[LightGBM] [Info] Number of data points in the train set: 92898, number of used features: 17
[LightGBM] [Info] Start training from score 5745.391988
[LightGBM] [Info] Auto-choosing row-wise multi-threading, the overhead of testing was 0.032029 seconds.
You can set `force_row_wise=true` to remove the overhead.
And if memory is not enough, you can set `force_col_wise=true`.
[LightGBM] [Info] Total Bins 2636
[LightGBM] [Info] Number of data points in the train set: 92898, number of used features: 17
[LightGBM] [Info] Start training from score 5745.373384
[LightGBM] [Info] Auto-choosing row-wise multi-threading, the overhead of testing was 0.020793 seconds.
You can set `force_row_wise=true` to remove the overhead.
And if memory is not enough, you can set `force_col_wise=true`.
[LightGBM] [Info] Total Bins 2636
[LightGBM] [Info] Number of data points in the train set: 92898, number of used features: 17
[LightGBM] [Info] Start training from score 5745.354855
[LightGBM] [Info] Auto-choosing col-wise multi-threading, the overhead of testing was 0.068048 seconds.
You can set `force_col_wise=true` to remove the overhead.
[LightGBM] [Info] Total Bins 2636
[LightGBM] [Info] Number of data points in the train set: 92898, number of used features: 17
[LightGBM] [Info] Start training from score 5745.335582
[LightGBM] [Info] Auto-choosing row-wise multi-threading, the overhead of testing was 0.018490 seconds.
You can set `force_row_wise=true` to remove the overhead.
And if memory is not enough, you can set `force_col_wise=true`.
[LightGBM] [Info] Total Bins 2636
[LightGBM] [Info] Number of data points in the train set: 92898, number of used features: 17
[LightGBM] [Info] Start training from score 5745.317623
[LightGBM] [Info] Auto-choosing row-wise multi-threading, the overhead of testing was 0.018506 seconds.
You can set `force_row_wise=true` to remove the overhead.
And if memory is not enough, you can set `force_col_wise=true`.
[LightGBM] [Info] Total Bins 2636
[LightGBM] [Info] Number of data points in the train set: 92898, number of used features: 17
[LightGBM] [Info] Start training from score 5745.290436
[LightGBM] [Info] Auto-choosing col-wise multi-threading, the overhead of testing was 0.055041 seconds.
You can set `force_col_wise=true` to remove the overhead.
[LightGBM] [Info] Total Bins 2636
[LightGBM] [Info] Number of data points in the train set: 92898, number of used features: 17
[LightGBM] [Info] Start training from score 5745.302419
   [fit] key=2025-W34 cutoff=2025-08-18 11:00:00  (block 80/92)
[LightGBM] [Info] Auto-choosing col-wise multi-threading, the overhead of testing was 0.072730 seconds.
You can set `force_col_wise=true` to remove the overhead.
[LightGBM] [Info] Total Bins 2636
[LightGBM] [Info] Number of data points in the train set: 93066, number of used features: 17
[LightGBM] [Info] Start training from score 5746.733996
[LightGBM] [Info] Auto-choosing row-wise multi-threading, the overhead of testing was 0.028525 seconds.
You can set `force_row_wise=true` to remove the overhead.
And if memory is not enough, you can set `force_col_wise=true`.
[LightGBM] [Info] Total Bins 2636
[LightGBM] [Info] Number of data points in the train set: 93066, number of used features: 17
[LightGBM] [Info] Start training from score 5746.703881
[LightGBM] [Info] Auto-choosing col-wise multi-threading, the overhead of testing was 0.082843 seconds.
You can set `force_col_wise=true` to remove the overhead.
[LightGBM] [Info] Total Bins 2636
[LightGBM] [Info] Number of data points in the train set: 93066, number of used features: 17
[LightGBM] [Info] Start training from score 5746.666052
[LightGBM] [Info] Auto-choosing col-wise multi-threading, the overhead of testing was 0.088665 seconds.
You can set `force_col_wise=true` to remove the overhead.
[LightGBM] [Info] Total Bins 2636
[LightGBM] [Info] Number of data points in the train set: 93066, number of used features: 17
[LightGBM] [Info] Start training from score 5746.719392
[LightGBM] [Info] Auto-choosing col-wise multi-threading, the overhead of testing was 0.087070 seconds.
You can set `force_col_wise=true` to remove the overhead.
[LightGBM] [Info] Total Bins 2636
[LightGBM] [Info] Number of data points in the train set: 93066, number of used features: 17
[LightGBM] [Info] Start training from score 5746.638901
[LightGBM] [Info] Auto-choosing row-wise multi-threading, the overhead of testing was 0.033764 seconds.
You can set `force_row_wise=true` to remove the overhead.
And if memory is not enough, you can set `force_col_wise=true`.
[LightGBM] [Info] Total Bins 2636
[LightGBM] [Info] Auto-choosing row-wise multi-threading, the overhead of testing was 0.024049 seconds.
You can set `force_row_wise=true` to remove the overhead.
And if memory is not enough, you can set `force_col_wise=true`.
[LightGBM] [Info] Number of data points in the train set: 93066, number of used features: 17
[LightGBM] [Info] Total Bins 2636
[LightGBM] [Info] Number of data points in the train set: 93066, number of used features: 17
[LightGBM] [Info] Start training from score 5746.574911
[LightGBM] [Info] Start training from score 5746.543749
[LightGBM] [Info] Auto-choosing col-wise multi-threading, the overhead of testing was 0.067391 seconds.
You can set `force_col_wise=true` to remove the overhead.
[LightGBM] [Info] Total Bins 2636
[LightGBM] [Info] Number of data points in the train set: 93066, number of used features: 17
[LightGBM] [Info] Start training from score 5746.712111
[LightGBM] [Info] Auto-choosing col-wise multi-threading, the overhead of testing was 0.065240 seconds.
You can set `force_col_wise=true` to remove the overhead.
[LightGBM] [Info] Total Bins 2636
[LightGBM] [Info] Number of data points in the train set: 93066, number of used features: 17
[LightGBM] [Info] Start training from score 5746.726838
[LightGBM] [Info] Auto-choosing col-wise multi-threading, the overhead of testing was 0.070914 seconds.
You can set `force_col_wise=true` to remove the overhead.
[LightGBM] [Info] Total Bins 2636
[LightGBM] [Info] Number of data points in the train set: 93066, number of used features: 17
[LightGBM] [Info] Start training from score 5746.513755
[LightGBM] [Info] Auto-choosing row-wise multi-threading, the overhead of testing was 0.026024 seconds.
You can set `force_row_wise=true` to remove the overhead.
And if memory is not enough, you can set `force_col_wise=true`.
[LightGBM] [Info] Total Bins 2636
[LightGBM] [Info] Number of data points in the train set: 93066, number of used features: 17
[LightGBM] [Info] Start training from score 5746.485304
[LightGBM] [Info] Auto-choosing col-wise multi-threading, the overhead of testing was 0.088658 seconds.
You can set `force_col_wise=true` to remove the overhead.
[LightGBM] [Info] Auto-choosing col-wise multi-threading, the overhead of testing was 0.080176 seconds.
You can set `force_col_wise=true` to remove the overhead.
[LightGBM] [Info] Total Bins 2636
[LightGBM] [Info] Total Bins 2636
[LightGBM] [Info] Number of data points in the train set: 93066, number of used features: 17
[LightGBM] [Info] Number of data points in the train set: 93066, number of used features: 17
[LightGBM] [Info] Start training from score 5746.689835
[LightGBM] [Info] Start training from score 5746.607633
[LightGBM] [Info] Auto-choosing col-wise multi-threading, the overhead of testing was 0.082846 seconds.
You can set `force_col_wise=true` to remove the overhead.
[LightGBM] [Info] Total Bins 2636
[LightGBM] [Info] Number of data points in the train set: 93066, number of used features: 17
[LightGBM] [Info] Start training from score 5746.459478
[LightGBM] [Info] Auto-choosing col-wise multi-threading, the overhead of testing was 0.093377 seconds.
You can set `force_col_wise=true` to remove the overhead.
[LightGBM] [Info] Total Bins 2636
[LightGBM] [Info] Number of data points in the train set: 93066, number of used features: 17
[LightGBM] [Info] Start training from score 5746.431841
[LightGBM] [Info] Auto-choosing row-wise multi-threading, the overhead of testing was 0.050588 seconds.
You can set `force_row_wise=true` to remove the overhead.
And if memory is not enough, you can set `force_col_wise=true`.
[LightGBM] [Info] Total Bins 2636
[LightGBM] [Info] Number of data points in the train set: 93066, number of used features: 17
[LightGBM] [Info] Start training from score 5746.404610
[LightGBM] [Info] Auto-choosing row-wise multi-threading, the overhead of testing was 0.035499 seconds.
You can set `force_row_wise=true` to remove the overhead.
And if memory is not enough, you can set `force_col_wise=true`.
[LightGBM] [Info] Total Bins 2636
[LightGBM] [Info] Number of data points in the train set: 93066, number of used features: 17
[LightGBM] [Info] Start training from score 5746.376835
[LightGBM] [Info] Auto-choosing col-wise multi-threading, the overhead of testing was 0.097292 seconds.
You can set `force_col_wise=true` to remove the overhead.
[LightGBM] [Info] Total Bins 2636
[LightGBM] [Info] Number of data points in the train set: 93066, number of used features: 17
[LightGBM] [Info] Start training from score 5746.343073
[LightGBM] [Info] Auto-choosing col-wise multi-threading, the overhead of testing was 0.071196 seconds.
You can set `force_col_wise=true` to remove the overhead.
[LightGBM] [Info] Total Bins 2636
[LightGBM] [Info] Number of data points in the train set: 93066, number of used features: 17
[LightGBM] [Info] Start training from score 5746.278405
[LightGBM] [Info] Auto-choosing col-wise multi-threading, the overhead of testing was 0.082460 seconds.
You can set `force_col_wise=true` to remove the overhead.
[LightGBM] [Info] Total Bins 2636
[LightGBM] [Info] Number of data points in the train set: 93066, number of used features: 17
[LightGBM] [Info] Start training from score 5746.308869
[LightGBM] [Info] Auto-choosing row-wise multi-threading, the overhead of testing was 0.026417 seconds.
You can set `force_row_wise=true` to remove the overhead.
And if memory is not enough, you can set `force_col_wise=true`.
[LightGBM] [Info] Total Bins 2636
[LightGBM] [Info] Number of data points in the train set: 93066, number of used features: 17
[LightGBM] [Info] Start training from score 5746.255255
[LightGBM] [Info] Auto-choosing col-wise multi-threading, the overhead of testing was 0.084067 seconds.
You can set `force_col_wise=true` to remove the overhead.
[LightGBM] [Info] Total Bins 2636
[LightGBM] [Info] Number of data points in the train set: 93066, number of used features: 17
[LightGBM] [Info] Start training from score 5746.224163
[LightGBM] [Info] Auto-choosing col-wise multi-threading, the overhead of testing was 0.075741 seconds.
You can set `force_col_wise=true` to remove the overhead.
[LightGBM] [Info] Total Bins 2636
[LightGBM] [Info] Number of data points in the train set: 93066, number of used features: 17
[LightGBM] [Info] Start training from score 5746.238130
[LightGBM] [Info] Auto-choosing col-wise multi-threading, the overhead of testing was 0.073221 seconds.
You can set `force_col_wise=true` to remove the overhead.
[LightGBM] [Info] Total Bins 2636
[LightGBM] [Info] Number of data points in the train set: 93066, number of used features: 17
[LightGBM] [Info] Start training from score 5746.213992
[LightGBM] [Info] Auto-choosing row-wise multi-threading, the overhead of testing was 0.033080 seconds.
You can set `force_row_wise=true` to remove the overhead.
And if memory is not enough, you can set `force_col_wise=true`.
[LightGBM] [Info] Total Bins 2636
[LightGBM] [Info] Number of data points in the train set: 93066, number of used features: 17
[LightGBM] [Info] Start training from score 5746.206707
[LightGBM] [Info] Auto-choosing row-wise multi-threading, the overhead of testing was 0.025415 seconds.
You can set `force_row_wise=true` to remove the overhead.
And if memory is not enough, you can set `force_col_wise=true`.
[LightGBM] [Info] Total Bins 2636
[LightGBM] [Info] Number of data points in the train set: 93066, number of used features: 17
[LightGBM] [Info] Start training from score 5746.197531
[LightGBM] [Info] Auto-choosing row-wise multi-threading, the overhead of testing was 0.025062 seconds.
You can set `force_row_wise=true` to remove the overhead.
And if memory is not enough, you can set `force_col_wise=true`.
[LightGBM] [Info] Total Bins 2636
[LightGBM] [Info] Number of data points in the train set: 93066, number of used features: 17
[LightGBM] [Info] Start training from score 5746.188972
[LightGBM] [Info] Auto-choosing row-wise multi-threading, the overhead of testing was 0.026034 seconds.
You can set `force_row_wise=true` to remove the overhead.
And if memory is not enough, you can set `force_col_wise=true`.
[LightGBM] [Info] Total Bins 2636
[LightGBM] [Info] Number of data points in the train set: 93066, number of used features: 17
[LightGBM] [Info] Start training from score 5746.180502
[LightGBM] [Info] Auto-choosing row-wise multi-threading, the overhead of testing was 0.043646 seconds.
You can set `force_row_wise=true` to remove the overhead.
And if memory is not enough, you can set `force_col_wise=true`.
[LightGBM] [Info] Total Bins 2636
[LightGBM] [Info] Number of data points in the train set: 93066, number of used features: 17
[LightGBM] [Info] Start training from score 5746.171905
[LightGBM] [Info] Auto-choosing col-wise multi-threading, the overhead of testing was 0.089303 seconds.
You can set `force_col_wise=true` to remove the overhead.
[LightGBM] [Info] Total Bins 2636
[LightGBM] [Info] Number of data points in the train set: 93066, number of used features: 17
[LightGBM] [Info] Start training from score 5746.143184
[LightGBM] [Info] Auto-choosing col-wise multi-threading, the overhead of testing was 0.064501 seconds.
You can set `force_col_wise=true` to remove the overhead.
[LightGBM] [Info] Total Bins 2636
[LightGBM] [Info] Number of data points in the train set: 93066, number of used features: 17
[LightGBM] [Info] Start training from score 5746.160702
[LightGBM] [Info] Auto-choosing col-wise multi-threading, the overhead of testing was 0.081157 seconds.
You can set `force_col_wise=true` to remove the overhead.
[LightGBM] [Info] Total Bins 2636
[LightGBM] [Info] Number of data points in the train set: 93066, number of used features: 17
[LightGBM] [Info] Start training from score 5746.126677
[LightGBM] [Info] Auto-choosing col-wise multi-threading, the overhead of testing was 0.070213 seconds.
You can set `force_col_wise=true` to remove the overhead.
[LightGBM] [Info] Total Bins 2636
[LightGBM] [Info] Number of data points in the train set: 93066, number of used features: 17
[LightGBM] [Info] Start training from score 5746.109104
[LightGBM] [Info] Auto-choosing row-wise multi-threading, the overhead of testing was 0.021314 seconds.
You can set `force_row_wise=true` to remove the overhead.
And if memory is not enough, you can set `force_col_wise=true`.
[LightGBM] [Info] Total Bins 2636
[LightGBM] [Info] Number of data points in the train set: 93066, number of used features: 17
[LightGBM] [Info] Start training from score 5746.093058
[LightGBM] [Info] Auto-choosing col-wise multi-threading, the overhead of testing was 0.063545 seconds.
You can set `force_col_wise=true` to remove the overhead.
[LightGBM] [Info] Total Bins 2636
[LightGBM] [Info] Number of data points in the train set: 93066, number of used features: 17
[LightGBM] [Info] Start training from score 5746.079299
[LightGBM] [Info] Auto-choosing col-wise multi-threading, the overhead of testing was 0.056697 seconds.
You can set `force_col_wise=true` to remove the overhead.
[LightGBM] [Info] Total Bins 2636
[LightGBM] [Info] Number of data points in the train set: 93066, number of used features: 17
[LightGBM] [Info] Start training from score 5746.068080
   [fit] key=2025-W35 cutoff=2025-08-25 11:00:00  (block 87/92)
   [done] 92 blocks σε 1353.6s

📊 RESULT | MAE=315.7039 MW | RMSE=421.2362 | sMAPE=4.6237% | n=2208
💾 saved: runs/load_direct/summer_lgbm_dirw_g12_base.json
--- [2026-07-17 00:42:58] OK  runs/load_direct/summer_lgbm_dirw_g12_base.json  (1361s)

=== [2026-07-17 00:42:58] RUN -> runs/load_direct/summer_lgbm_dirw_g12_dense.json
[LightGBM] [Info] Auto-choosing col-wise multi-threading, the overhead of testing was 0.170486 seconds.
You can set `force_col_wise=true` to remove the overhead.
[LightGBM] [Info] Total Bins 7226
[LightGBM] [Info] Number of data points in the train set: 91002, number of used features: 35
[LightGBM] [Info] Start training from score 5724.449785
[LightGBM] [Info] Auto-choosing col-wise multi-threading, the overhead of testing was 0.157323 seconds.
You can set `force_col_wise=true` to remove the overhead.
[LightGBM] [Info] Total Bins 7226
[LightGBM] [Info] Number of data points in the train set: 91002, number of used features: 35
[LightGBM] [Info] Start training from score 5724.430214
[LightGBM] [Info] Auto-choosing col-wise multi-threading, the overhead of testing was 0.163960 seconds.
You can set `force_col_wise=true` to remove the overhead.
[LightGBM] [Info] Total Bins 7226
[LightGBM] [Info] Auto-choosing col-wise multi-threading, the overhead of testing was 0.171135 seconds.
You can set `force_col_wise=true` to remove the overhead.
[LightGBM] [Info] Total Bins 7226
[LightGBM] [Info] Auto-choosing col-wise multi-threading, the overhead of testing was 0.162550 seconds.
You can set `force_col_wise=true` to remove the overhead.
[LightGBM] [Info] Number of data points in the train set: 91002, number of used features: 35
[LightGBM] [Info] Start training from score 5724.380627
[LightGBM] [Info] Total Bins 7226
[LightGBM] [Info] Number of data points in the train set: 91002, number of used features: 35
[LightGBM] [Info] Start training from score 5724.226008
[LightGBM] [Info] Auto-choosing col-wise multi-threading, the overhead of testing was 0.170067 seconds.
You can set `force_col_wise=true` to remove the overhead.
[LightGBM] [Info] Total Bins 7226
[LightGBM] [Info] Number of data points in the train set: 91002, number of used features: 35
[LightGBM] [Info] Start training from score 5724.491559
[LightGBM] [Info] Number of data points in the train set: 91002, number of used features: 35
[LightGBM] [Info] Start training from score 5724.258143
[LightGBM] [Info] Auto-choosing col-wise multi-threading, the overhead of testing was 0.171538 seconds.
You can set `force_col_wise=true` to remove the overhead.
[LightGBM] [Info] Total Bins 7226
[LightGBM] [Info] Number of data points in the train set: 91002, number of used features: 35
[LightGBM] [Info] Auto-choosing col-wise multi-threading, the overhead of testing was 0.172846 seconds.
You can set `force_col_wise=true` to remove the overhead.
[LightGBM] [Info] Total Bins 7226
[LightGBM] [Info] Start training from score 5724.353146
[LightGBM] [Info] Number of data points in the train set: 91002, number of used features: 35
[LightGBM] [Info] Start training from score 5724.322564
[LightGBM] [Info] Auto-choosing col-wise multi-threading, the overhead of testing was 0.184372 seconds.
You can set `force_col_wise=true` to remove the overhead.
[LightGBM] [Info] Total Bins 7226
[LightGBM] [Info] Auto-choosing col-wise multi-threading, the overhead of testing was 0.175981 seconds.
You can set `force_col_wise=true` to remove the overhead.
[LightGBM] [Info] Total Bins 7226
[LightGBM] [Info] Number of data points in the train set: 91002, number of used features: 35
[LightGBM] [Info] Number of data points in the train set: 91002, number of used features: 35
[LightGBM] [Info] Start training from score 5724.470022
[LightGBM] [Info] Start training from score 5724.407773
[LightGBM] [Info] Auto-choosing col-wise multi-threading, the overhead of testing was 0.177107 seconds.
You can set `force_col_wise=true` to remove the overhead.
[LightGBM] [Info] Total Bins 7226
[LightGBM] [Info] Auto-choosing col-wise multi-threading, the overhead of testing was 0.171242 seconds.
You can set `force_col_wise=true` to remove the overhead.
[LightGBM] [Info] Total Bins 7226
[LightGBM] [Info] Number of data points in the train set: 91002, number of used features: 35
[LightGBM] [Info] Start training from score 5724.164203
[LightGBM] [Info] Auto-choosing col-wise multi-threading, the overhead of testing was 0.175158 seconds.
You can set `force_col_wise=true` to remove the overhead.
[LightGBM] [Info] Total Bins 7226
[LightGBM] [Info] Number of data points in the train set: 91002, number of used features: 35
[LightGBM] [Info] Number of data points in the train set: 91002, number of used features: 35
[LightGBM] [Info] Start training from score 5724.194186
[LightGBM] [Info] Start training from score 5724.513550
[LightGBM] [Info] Auto-choosing col-wise multi-threading, the overhead of testing was 0.177348 seconds.
You can set `force_col_wise=true` to remove the overhead.
[LightGBM] [Info] Total Bins 7226
[LightGBM] [Info] Auto-choosing col-wise multi-threading, the overhead of testing was 0.190990 seconds.
You can set `force_col_wise=true` to remove the overhead.
[LightGBM] [Info] Total Bins 7226
[LightGBM] [Info] Number of data points in the train set: 91002, number of used features: 35
[LightGBM] [Info] Start training from score 5724.129532
[LightGBM] [Info] Auto-choosing col-wise multi-threading, the overhead of testing was 0.184604 seconds.
You can set `force_col_wise=true` to remove the overhead.
[LightGBM] [Info] Total Bins 7226
[LightGBM] [Info] Number of data points in the train set: 91002, number of used features: 35
[LightGBM] [Info] Start training from score 5724.093739
[LightGBM] [Info] Number of data points in the train set: 91002, number of used features: 35
[LightGBM] [Info] Start training from score 5724.290176
[LightGBM] [Info] Auto-choosing col-wise multi-threading, the overhead of testing was 0.191840 seconds.
You can set `force_col_wise=true` to remove the overhead.
[LightGBM] [Info] Total Bins 7226
[LightGBM] [Info] Number of data points in the train set: 91002, number of used features: 35
[LightGBM] [Info] Start training from score 5724.055818
[LightGBM] [Info] Auto-choosing col-wise multi-threading, the overhead of testing was 0.179399 seconds.
You can set `force_col_wise=true` to remove the overhead.
[LightGBM] [Info] Total Bins 7226
[LightGBM] [Info] Number of data points in the train set: 91002, number of used features: 35
[LightGBM] [Info] Start training from score 5724.010565
[LightGBM] [Info] Auto-choosing col-wise multi-threading, the overhead of testing was 0.159707 seconds.
You can set `force_col_wise=true` to remove the overhead.
[LightGBM] [Info] Total Bins 7226
[LightGBM] [Info] Number of data points in the train set: 91002, number of used features: 35
[LightGBM] [Info] Start training from score 5723.964794
[LightGBM] [Info] Auto-choosing col-wise multi-threading, the overhead of testing was 0.172817 seconds.
You can set `force_col_wise=true` to remove the overhead.
[LightGBM] [Info] Total Bins 7226
[LightGBM] [Info] Number of data points in the train set: 91002, number of used features: 35
[LightGBM] [Info] Start training from score 5723.886349
[LightGBM] [Info] Auto-choosing col-wise multi-threading, the overhead of testing was 0.175567 seconds.
You can set `force_col_wise=true` to remove the overhead.
[LightGBM] [Info] Total Bins 7226
[LightGBM] [Info] Number of data points in the train set: 91002, number of used features: 35
[LightGBM] [Info] Start training from score 5723.921739
[LightGBM] [Info] Auto-choosing col-wise multi-threading, the overhead of testing was 0.157360 seconds.
You can set `force_col_wise=true` to remove the overhead.
[LightGBM] [Info] Total Bins 7226
[LightGBM] [Info] Number of data points in the train set: 91002, number of used features: 35
[LightGBM] [Info] Start training from score 5723.855397
[LightGBM] [Info] Auto-choosing row-wise multi-threading, the overhead of testing was 0.084601 seconds.
You can set `force_row_wise=true` to remove the overhead.
And if memory is not enough, you can set `force_col_wise=true`.
[LightGBM] [Info] Total Bins 7226
[LightGBM] [Info] Number of data points in the train set: 91002, number of used features: 35
[LightGBM] [Info] Start training from score 5723.827322
[LightGBM] [Info] Auto-choosing col-wise multi-threading, the overhead of testing was 0.163672 seconds.
You can set `force_col_wise=true` to remove the overhead.
[LightGBM] [Info] Total Bins 7226
[LightGBM] [Info] Number of data points in the train set: 91002, number of used features: 35
[LightGBM] [Info] Start training from score 5723.806218
[LightGBM] [Info] Auto-choosing col-wise multi-threading, the overhead of testing was 0.167242 seconds.
You can set `force_col_wise=true` to remove the overhead.
[LightGBM] [Info] Total Bins 7226
[LightGBM] [Info] Number of data points in the train set: 91002, number of used features: 35
[LightGBM] [Info] Start training from score 5723.789064
[LightGBM] [Info] Auto-choosing col-wise multi-threading, the overhead of testing was 0.177580 seconds.
You can set `force_col_wise=true` to remove the overhead.
[LightGBM] [Info] Total Bins 7226
[LightGBM] [Info] Number of data points in the train set: 91002, number of used features: 35
[LightGBM] [Info] Start training from score 5723.770812
[LightGBM] [Info] Auto-choosing col-wise multi-threading, the overhead of testing was 0.268537 seconds.
You can set `force_col_wise=true` to remove the overhead.
[LightGBM] [Info] Total Bins 7226
[LightGBM] [Info] Number of data points in the train set: 91002, number of used features: 35
[LightGBM] [Info] Start training from score 5723.754037
[LightGBM] [Info] Auto-choosing col-wise multi-threading, the overhead of testing was 0.162239 seconds.
You can set `force_col_wise=true` to remove the overhead.
[LightGBM] [Info] Total Bins 7226
[LightGBM] [Info] Number of data points in the train set: 91002, number of used features: 35
[LightGBM] [Info] Start training from score 5723.738474
[LightGBM] [Info] Auto-choosing col-wise multi-threading, the overhead of testing was 0.171322 seconds.
You can set `force_col_wise=true` to remove the overhead.
[LightGBM] [Info] Total Bins 7226
[LightGBM] [Info] Number of data points in the train set: 91002, number of used features: 35
[LightGBM] [Info] Start training from score 5723.722485
[LightGBM] [Info] Auto-choosing col-wise multi-threading, the overhead of testing was 0.266751 seconds.
You can set `force_col_wise=true` to remove the overhead.
[LightGBM] [Info] Total Bins 7226
[LightGBM] [Info] Number of data points in the train set: 91002, number of used features: 35
[LightGBM] [Info] Start training from score 5723.702017
[LightGBM] [Info] Auto-choosing col-wise multi-threading, the overhead of testing was 0.176768 seconds.
You can set `force_col_wise=true` to remove the overhead.
[LightGBM] [Info] Total Bins 7226
[LightGBM] [Info] Number of data points in the train set: 91002, number of used features: 35
[LightGBM] [Info] Start training from score 5723.674640
[LightGBM] [Info] Auto-choosing col-wise multi-threading, the overhead of testing was 0.170164 seconds.
You can set `force_col_wise=true` to remove the overhead.
[LightGBM] [Info] Total Bins 7226
[LightGBM] [Info] Number of data points in the train set: 91002, number of used features: 35
[LightGBM] [Info] Start training from score 5723.646264
[LightGBM] [Info] Auto-choosing col-wise multi-threading, the overhead of testing was 0.153223 seconds.
You can set `force_col_wise=true` to remove the overhead.
[LightGBM] [Info] Total Bins 7226
[LightGBM] [Info] Number of data points in the train set: 91002, number of used features: 35
[LightGBM] [Info] Start training from score 5723.615458
[LightGBM] [Info] Auto-choosing col-wise multi-threading, the overhead of testing was 0.155408 seconds.
You can set `force_col_wise=true` to remove the overhead.
[LightGBM] [Info] Total Bins 7226
[LightGBM] [Info] Number of data points in the train set: 91002, number of used features: 35
[LightGBM] [Info] Start training from score 5723.584938
[LightGBM] [Info] Auto-choosing col-wise multi-threading, the overhead of testing was 0.136464 seconds.
You can set `force_col_wise=true` to remove the overhead.
[LightGBM] [Info] Total Bins 7226
[LightGBM] [Info] Number of data points in the train set: 91002, number of used features: 35
[LightGBM] [Info] Start training from score 5723.556241
[LightGBM] [Info] Auto-choosing col-wise multi-threading, the overhead of testing was 0.128481 seconds.
You can set `force_col_wise=true` to remove the overhead.
[LightGBM] [Info] Total Bins 7226
[LightGBM] [Info] Number of data points in the train set: 91002, number of used features: 35
[LightGBM] [Info] Start training from score 5723.529042
==============================================================================
MASTER FORECAST | algo=lgbm task=load strategy=direct
  market=dam task=load gate=strict delay_override=None → gap=12h (crosslag_gap=12h) | horizon=24 stride=24 retrain=weekly
  groups=['calendar', 'lags', 'dense', 'roll']  (#features=35)
  test=[2025-06-01 00:00:00 .. 2025-08-31 23:00:00]  train_end=None
==============================================================================
  AEL crosslag_mode=freeze (crosslag_gap=12h)
   [fit] key=2025-W22 cutoff=2025-05-31 11:00:00  (block 1/92)
[LightGBM] [Info] Auto-choosing col-wise multi-threading, the overhead of testing was 0.159797 seconds.
You can set `force_col_wise=true` to remove the overhead.
[LightGBM] [Info] Total Bins 7226
[LightGBM] [Info] Number of data points in the train set: 91050, number of used features: 35
[LightGBM] [Info] Start training from score 5724.035100
[LightGBM] [Info] Auto-choosing col-wise multi-threading, the overhead of testing was 0.161111 seconds.
You can set `force_col_wise=true` to remove the overhead.
[LightGBM] [Info] Total Bins 7226
[LightGBM] [Info] Number of data points in the train set: 91050, number of used features: 35
[LightGBM] [Info] Auto-choosing col-wise multi-threading, the overhead of testing was 0.170238 seconds.
You can set `force_col_wise=true` to remove the overhead.
[LightGBM] [Info] Total Bins 7226
[LightGBM] [Info] Number of data points in the train set: 91050, number of used features: 35
[LightGBM] [Info] Start training from score 5724.056903
[LightGBM] [Info] Start training from score 5724.013695
[LightGBM] [Info] Auto-choosing col-wise multi-threading, the overhead of testing was 0.175680 seconds.
You can set `force_col_wise=true` to remove the overhead.
[LightGBM] [Info] Total Bins 7226
[LightGBM] [Info] Number of data points in the train set: 91050, number of used features: 35
[LightGBM] [Info] Start training from score 5723.993315
[LightGBM] [Info] Auto-choosing col-wise multi-threading, the overhead of testing was 0.155954 seconds.
You can set `force_col_wise=true` to remove the overhead.
[LightGBM] [Info] Total Bins 7226
[LightGBM] [Info] Auto-choosing col-wise multi-threading, the overhead of testing was 0.171507 seconds.
You can set `force_col_wise=true` to remove the overhead.
[LightGBM] [Info] Number of data points in the train set: 91050, number of used features: 35
[LightGBM] [Info] Total Bins 7226
[LightGBM] [Info] Start training from score 5723.594483
[LightGBM] [Info] Number of data points in the train set: 91050, number of used features: 35
[LightGBM] [Info] Start training from score 5723.946416
[LightGBM] [Info] Auto-choosing col-wise multi-threading, the overhead of testing was 0.167546 seconds.
You can set `force_col_wise=true` to remove the overhead.
[LightGBM] [Info] Total Bins 7226
[LightGBM] [Info] Auto-choosing col-wise multi-threading, the overhead of testing was 0.163723 seconds.
You can set `force_col_wise=true` to remove the overhead.
[LightGBM] [Info] Total Bins 7226
[LightGBM] [Info] Number of data points in the train set: 91050, number of used features: 35
[LightGBM] [Info] Start training from score 5723.674611
[LightGBM] [Info] Number of data points in the train set: 91050, number of used features: 35
[LightGBM] [Info] Auto-choosing col-wise multi-threading, the overhead of testing was 0.165035 seconds.
You can set `force_col_wise=true` to remove the overhead.
[LightGBM] [Info] Total Bins 7226
[LightGBM] [Info] Start training from score 5723.972722
[LightGBM] [Info] Number of data points in the train set: 91050, number of used features: 35
[LightGBM] [Info] Start training from score 5723.875541
[LightGBM] [Info] Auto-choosing row-wise multi-threading, the overhead of testing was 0.055869 seconds.
You can set `force_row_wise=true` to remove the overhead.
And if memory is not enough, you can set `force_col_wise=true`.
[LightGBM] [Info] Total Bins 7226
[LightGBM] [Info] Number of data points in the train set: 91050, number of used features: 35
[LightGBM] [Info] Start training from score 5723.790990
[LightGBM] [Info] Auto-choosing col-wise multi-threading, the overhead of testing was 0.174415 seconds.
You can set `force_col_wise=true` to remove the overhead.
[LightGBM] [Info] Total Bins 7226
[LightGBM] [Info] Auto-choosing col-wise multi-threading, the overhead of testing was 0.173628 seconds.
You can set `force_col_wise=true` to remove the overhead.
[LightGBM] [Info] Total Bins 7226
[LightGBM] [Info] Number of data points in the train set: 91050, number of used features: 35
[LightGBM] [Info] Start training from score 5723.636604
[LightGBM] [Info] Auto-choosing col-wise multi-threading, the overhead of testing was 0.158210 seconds.
You can set `force_col_wise=true` to remove the overhead.
[LightGBM] [Info] Total Bins 7226
[LightGBM] [Info] Number of data points in the train set: 91050, number of used features: 35
[LightGBM] [Info] Start training from score 5723.713170
[LightGBM] [Info] Number of data points in the train set: 91050, number of used features: 35
[LightGBM] [Info] Start training from score 5723.912804
[LightGBM] [Info] Auto-choosing col-wise multi-threading, the overhead of testing was 0.178373 seconds.
You can set `force_col_wise=true` to remove the overhead.
[LightGBM] [Info] Total Bins 7226
[LightGBM] [Info] Number of data points in the train set: 91050, number of used features: 35
[LightGBM] [Info] Start training from score 5723.833717
[LightGBM] [Info] Auto-choosing col-wise multi-threading, the overhead of testing was 0.168406 seconds.
You can set `force_col_wise=true` to remove the overhead.
[LightGBM] [Info] Total Bins 7226
[LightGBM] [Info] Number of data points in the train set: 91050, number of used features: 35
[LightGBM] [Info] Start training from score 5723.550504
[LightGBM] [Info] Auto-choosing col-wise multi-threading, the overhead of testing was 0.171153 seconds.
You can set `force_col_wise=true` to remove the overhead.
[LightGBM] [Info] Total Bins 7226
[LightGBM] [Info] Number of data points in the train set: 91050, number of used features: 35
[LightGBM] [Info] Start training from score 5723.751439
[LightGBM] [Info] Auto-choosing col-wise multi-threading, the overhead of testing was 0.245603 seconds.
You can set `force_col_wise=true` to remove the overhead.
[LightGBM] [Info] Total Bins 7226
[LightGBM] [Info] Number of data points in the train set: 91050, number of used features: 35
[LightGBM] [Info] Start training from score 5723.505980
[LightGBM] [Info] Auto-choosing col-wise multi-threading, the overhead of testing was 0.165755 seconds.
You can set `force_col_wise=true` to remove the overhead.
[LightGBM] [Info] Total Bins 7226
[LightGBM] [Info] Number of data points in the train set: 91050, number of used features: 35
[LightGBM] [Info] Start training from score 5723.455601
[LightGBM] [Info] Auto-choosing col-wise multi-threading, the overhead of testing was 0.161933 seconds.
You can set `force_col_wise=true` to remove the overhead.
[LightGBM] [Info] Total Bins 7226
[LightGBM] [Info] Number of data points in the train set: 91050, number of used features: 35
[LightGBM] [Info] Start training from score 5723.406822
[LightGBM] [Info] Auto-choosing col-wise multi-threading, the overhead of testing was 0.151322 seconds.
You can set `force_col_wise=true` to remove the overhead.
[LightGBM] [Info] Total Bins 7226
[LightGBM] [Info] Number of data points in the train set: 91050, number of used features: 35
[LightGBM] [Info] Start training from score 5723.325113
[LightGBM] [Info] Auto-choosing col-wise multi-threading, the overhead of testing was 0.168022 seconds.
You can set `force_col_wise=true` to remove the overhead.
[LightGBM] [Info] Total Bins 7226
[LightGBM] [Info] Number of data points in the train set: 91050, number of used features: 35
[LightGBM] [Info] Start training from score 5723.361055
[LightGBM] [Info] Auto-choosing col-wise multi-threading, the overhead of testing was 0.197610 seconds.
You can set `force_col_wise=true` to remove the overhead.
[LightGBM] [Info] Total Bins 7226
[LightGBM] [Info] Number of data points in the train set: 91050, number of used features: 35
[LightGBM] [Info] Start training from score 5723.295286
[LightGBM] [Info] Auto-choosing col-wise multi-threading, the overhead of testing was 0.160804 seconds.
You can set `force_col_wise=true` to remove the overhead.
[LightGBM] [Info] Total Bins 7226
[LightGBM] [Info] Number of data points in the train set: 91050, number of used features: 35
[LightGBM] [Info] Start training from score 5723.267588
[LightGBM] [Info] Auto-choosing col-wise multi-threading, the overhead of testing was 0.154982 seconds.
You can set `force_col_wise=true` to remove the overhead.
[LightGBM] [Info] Total Bins 7226
[LightGBM] [Info] Number of data points in the train set: 91050, number of used features: 35
[LightGBM] [Info] Start training from score 5723.243354
[LightGBM] [Info] Auto-choosing col-wise multi-threading, the overhead of testing was 0.166697 seconds.
You can set `force_col_wise=true` to remove the overhead.
[LightGBM] [Info] Total Bins 7226
[LightGBM] [Info] Number of data points in the train set: 91050, number of used features: 35
[LightGBM] [Info] Start training from score 5723.222563
[LightGBM] [Info] Auto-choosing col-wise multi-threading, the overhead of testing was 0.220166 seconds.
You can set `force_col_wise=true` to remove the overhead.
[LightGBM] [Info] Total Bins 7226
[LightGBM] [Info] Number of data points in the train set: 91050, number of used features: 35
[LightGBM] [Info] Start training from score 5723.201191
[LightGBM] [Info] Auto-choosing col-wise multi-threading, the overhead of testing was 0.269531 seconds.
You can set `force_col_wise=true` to remove the overhead.
[LightGBM] [Info] Auto-choosing col-wise multi-threading, the overhead of testing was 0.251818 seconds.
You can set `force_col_wise=true` to remove the overhead.
[LightGBM] [Info] Total Bins 7226
[LightGBM] [Info] Total Bins 7226
[LightGBM] [Info] Number of data points in the train set: 91050, number of used features: 35
[LightGBM] [Info] Start training from score 5723.181240
[LightGBM] [Info] Number of data points in the train set: 91050, number of used features: 35
[LightGBM] [Info] Start training from score 5723.162247
[LightGBM] [Info] Auto-choosing col-wise multi-threading, the overhead of testing was 0.203844 seconds.
You can set `force_col_wise=true` to remove the overhead.
[LightGBM] [Info] Total Bins 7226
[LightGBM] [Info] Number of data points in the train set: 91050, number of used features: 35
[LightGBM] [Info] Start training from score 5723.143960
[LightGBM] [Info] Auto-choosing col-wise multi-threading, the overhead of testing was 0.174448 seconds.
You can set `force_col_wise=true` to remove the overhead.
[LightGBM] [Info] Total Bins 7226
[LightGBM] [Info] Number of data points in the train set: 91050, number of used features: 35
[LightGBM] [Info] Start training from score 5723.123547
[LightGBM] [Info] Auto-choosing col-wise multi-threading, the overhead of testing was 0.166065 seconds.
You can set `force_col_wise=true` to remove the overhead.
[LightGBM] [Info] Total Bins 7226
[LightGBM] [Info] Number of data points in the train set: 91050, number of used features: 35
[LightGBM] [Info] Start training from score 5723.098732
[LightGBM] [Info] Auto-choosing col-wise multi-threading, the overhead of testing was 0.168951 seconds.
You can set `force_col_wise=true` to remove the overhead.
[LightGBM] [Info] Total Bins 7226
[LightGBM] [Info] Number of data points in the train set: 91050, number of used features: 35
[LightGBM] [Info] Start training from score 5723.073655
[LightGBM] [Info] Auto-choosing col-wise multi-threading, the overhead of testing was 0.120361 seconds.
You can set `force_col_wise=true` to remove the overhead.
[LightGBM] [Info] Total Bins 7226
[LightGBM] [Info] Number of data points in the train set: 91050, number of used features: 35
[LightGBM] [Info] Start training from score 5723.045842
[LightGBM] [Info] Auto-choosing col-wise multi-threading, the overhead of testing was 0.124000 seconds.
You can set `force_col_wise=true` to remove the overhead.
[LightGBM] [Info] Total Bins 7226
[LightGBM] [Info] Number of data points in the train set: 91050, number of used features: 35
[LightGBM] [Info] Start training from score 5722.993191
[LightGBM] [Info] Auto-choosing col-wise multi-threading, the overhead of testing was 0.130643 seconds.
You can set `force_col_wise=true` to remove the overhead.
[LightGBM] [Info] Total Bins 7226
[LightGBM] [Info] Number of data points in the train set: 91050, number of used features: 35
[LightGBM] [Info] Start training from score 5723.018490
[LightGBM] [Info] Auto-choosing col-wise multi-threading, the overhead of testing was 0.166818 seconds.
You can set `force_col_wise=true` to remove the overhead.
[LightGBM] [Info] Total Bins 7226
[LightGBM] [Info] Number of data points in the train set: 91050, number of used features: 35
[LightGBM] [Info] Start training from score 5722.969609
   [fit] key=2025-W23 cutoff=2025-06-02 11:00:00  (block 3/92)
[LightGBM] [Info] Auto-choosing col-wise multi-threading, the overhead of testing was 0.156315 seconds.
You can set `force_col_wise=true` to remove the overhead.
[LightGBM] [Info] Total Bins 7226
[LightGBM] [Info] Number of data points in the train set: 91218, number of used features: 35
[LightGBM] [Info] Start training from score 5723.397358
[LightGBM] [Info] Auto-choosing col-wise multi-threading, the overhead of testing was 0.165132 seconds.
You can set `force_col_wise=true` to remove the overhead.
[LightGBM] [Info] Total Bins 7226
[LightGBM] [Info] Number of data points in the train set: 91218, number of used features: 35
[LightGBM] [Info] Start training from score 5723.441864
[LightGBM] [Info] Auto-choosing col-wise multi-threading, the overhead of testing was 0.157447 seconds.
You can set `force_col_wise=true` to remove the overhead.
[LightGBM] [Info] Total Bins 7226
[LightGBM] [Info] Auto-choosing col-wise multi-threading, the overhead of testing was 0.161359 seconds.
You can set `force_col_wise=true` to remove the overhead.
[LightGBM] [Info] Total Bins 7226
[LightGBM] [Info] Number of data points in the train set: 91218, number of used features: 35
[LightGBM] [Info] Start training from score 5723.119611
[LightGBM] [Info] Number of data points in the train set: 91218, number of used features: 35
[LightGBM] [Info] Auto-choosing col-wise multi-threading, the overhead of testing was 0.161269 seconds.
You can set `force_col_wise=true` to remove the overhead.
[LightGBM] [Info] Total Bins 7226
[LightGBM] [Info] Start training from score 5723.208535
[LightGBM] [Info] Number of data points in the train set: 91218, number of used features: 35
[LightGBM] [Info] Start training from score 5723.468888
[LightGBM] [Info] Auto-choosing col-wise multi-threading, the overhead of testing was 0.170466 seconds.
You can set `force_col_wise=true` to remove the overhead.
[LightGBM] [Info] Total Bins 7226
[LightGBM] [Info] Number of data points in the train set: 91218, number of used features: 35
[LightGBM] [Info] Start training from score 5723.178444
[LightGBM] [Info] Auto-choosing col-wise multi-threading, the overhead of testing was 0.158634 seconds.
You can set `force_col_wise=true` to remove the overhead.
[LightGBM] [Info] Total Bins 7226
[LightGBM] [Info] Number of data points in the train set: 91218, number of used features: 35
[LightGBM] [Info] Start training from score 5723.455029
[LightGBM] [Info] Auto-choosing col-wise multi-threading, the overhead of testing was 0.160511 seconds.
You can set `force_col_wise=true` to remove the overhead.
[LightGBM] [Info] Total Bins 7226
[LightGBM] [Info] Number of data points in the train set: 91218, number of used features: 35
[LightGBM] [Info] Start training from score 5723.272793
[LightGBM] [Info] Auto-choosing col-wise multi-threading, the overhead of testing was 0.163530 seconds.
You can set `force_col_wise=true` to remove the overhead.
[LightGBM] [Info] Total Bins 7226
[LightGBM] [Info] Auto-choosing col-wise multi-threading, the overhead of testing was 0.173953 seconds.
You can set `force_col_wise=true` to remove the overhead.
[LightGBM] [Info] Total Bins 7226
[LightGBM] [Info] Auto-choosing col-wise multi-threading, the overhead of testing was 0.173253 seconds.
You can set `force_col_wise=true` to remove the overhead.
[LightGBM] [Info] Total Bins 7226
[LightGBM] [Info] Number of data points in the train set: 91218, number of used features: 35
[LightGBM] [Info] Number of data points in the train set: 91218, number of used features: 35
[LightGBM] [Info] Start training from score 5723.416238
[LightGBM] [Info] Start training from score 5723.429371
[LightGBM] [Info] Number of data points in the train set: 91218, number of used features: 35
[LightGBM] [Info] Start training from score 5723.150407
[LightGBM] [Info] Auto-choosing col-wise multi-threading, the overhead of testing was 0.175556 seconds.
You can set `force_col_wise=true` to remove the overhead.
[LightGBM] [Info] Total Bins 7226
[LightGBM] [Info] Number of data points in the train set: 91218, number of used features: 35
[LightGBM] [Info] Start training from score 5723.239695
[LightGBM] [Info] Auto-choosing col-wise multi-threading, the overhead of testing was 0.188737 seconds.
You can set `force_col_wise=true` to remove the overhead.
[LightGBM] [Info] Total Bins 7226
[LightGBM] [Info] Auto-choosing col-wise multi-threading, the overhead of testing was 0.168442 seconds.
You can set `force_col_wise=true` to remove the overhead.
[LightGBM] [Info] Number of data points in the train set: 91218, number of used features: 35
[LightGBM] [Info] Total Bins 7226
[LightGBM] [Info] Auto-choosing col-wise multi-threading, the overhead of testing was 0.169256 seconds.
You can set `force_col_wise=true` to remove the overhead.
[LightGBM] [Info] Total Bins 7226
[LightGBM] [Info] Start training from score 5723.307833
[LightGBM] [Info] Number of data points in the train set: 91218, number of used features: 35
[LightGBM] [Info] Start training from score 5723.089274
[LightGBM] [Info] Number of data points in the train set: 91218, number of used features: 35
[LightGBM] [Info] Start training from score 5723.371087
[LightGBM] [Info] Auto-choosing col-wise multi-threading, the overhead of testing was 0.184739 seconds.
You can set `force_col_wise=true` to remove the overhead.
[LightGBM] [Info] Total Bins 7226
[LightGBM] [Info] Number of data points in the train set: 91218, number of used features: 35
[LightGBM] [Info] Start training from score 5723.341533
[LightGBM] [Info] Auto-choosing row-wise multi-threading, the overhead of testing was 0.056484 seconds.
You can set `force_row_wise=true` to remove the overhead.
And if memory is not enough, you can set `force_col_wise=true`.
[LightGBM] [Info] Total Bins 7226
[LightGBM] [Info] Number of data points in the train set: 91218, number of used features: 35
[LightGBM] [Info] Start training from score 5723.057757
[LightGBM] [Info] Auto-choosing col-wise multi-threading, the overhead of testing was 0.169239 seconds.
You can set `force_col_wise=true` to remove the overhead.
[LightGBM] [Info] Total Bins 7226
[LightGBM] [Info] Number of data points in the train set: 91218, number of used features: 35
[LightGBM] [Info] Start training from score 5723.020198
[LightGBM] [Info] Auto-choosing col-wise multi-threading, the overhead of testing was 0.165359 seconds.
You can set `force_col_wise=true` to remove the overhead.
[LightGBM] [Info] Total Bins 7226
[LightGBM] [Info] Number of data points in the train set: 91218, number of used features: 35
[LightGBM] [Info] Start training from score 5722.982659
[LightGBM] [Info] Auto-choosing col-wise multi-threading, the overhead of testing was 0.163822 seconds.
You can set `force_col_wise=true` to remove the overhead.
[LightGBM] [Info] Total Bins 7226
[LightGBM] [Info] Number of data points in the train set: 91218, number of used features: 35
[LightGBM] [Info] Start training from score 5722.920362
[LightGBM] [Info] Auto-choosing col-wise multi-threading, the overhead of testing was 0.162214 seconds.
You can set `force_col_wise=true` to remove the overhead.
[LightGBM] [Info] Total Bins 7226
[LightGBM] [Info] Number of data points in the train set: 91218, number of used features: 35
[LightGBM] [Info] Start training from score 5722.946776
[LightGBM] [Info] Auto-choosing col-wise multi-threading, the overhead of testing was 0.203473 seconds.
You can set `force_col_wise=true` to remove the overhead.
[LightGBM] [Info] Total Bins 7226
[LightGBM] [Info] Number of data points in the train set: 91218, number of used features: 35
[LightGBM] [Info] Start training from score 5722.900642
[LightGBM] [Info] Auto-choosing col-wise multi-threading, the overhead of testing was 0.170285 seconds.
You can set `force_col_wise=true` to remove the overhead.
[LightGBM] [Info] Total Bins 7226
[LightGBM] [Info] Number of data points in the train set: 91218, number of used features: 35
[LightGBM] [Info] Start training from score 5722.883750
[LightGBM] [Info] Auto-choosing col-wise multi-threading, the overhead of testing was 0.165055 seconds.
You can set `force_col_wise=true` to remove the overhead.
[LightGBM] [Info] Total Bins 7226
[LightGBM] [Info] Number of data points in the train set: 91218, number of used features: 35
[LightGBM] [Info] Start training from score 5722.870217
[LightGBM] [Info] Auto-choosing col-wise multi-threading, the overhead of testing was 0.205238 seconds.
You can set `force_col_wise=true` to remove the overhead.
[LightGBM] [Info] Total Bins 7226
[LightGBM] [Info] Number of data points in the train set: 91218, number of used features: 35
[LightGBM] [Info] Start training from score 5722.860010
[LightGBM] [Info] Auto-choosing col-wise multi-threading, the overhead of testing was 0.249358 seconds.
You can set `force_col_wise=true` to remove the overhead.
[LightGBM] [Info] Total Bins 7226
[LightGBM] [Info] Number of data points in the train set: 91218, number of used features: 35
[LightGBM] [Info] Start training from score 5722.847984
[LightGBM] [Info] Auto-choosing col-wise multi-threading, the overhead of testing was 0.264383 seconds.
You can set `force_col_wise=true` to remove the overhead.
[LightGBM] [Info] Total Bins 7226
[LightGBM] [Info] Number of data points in the train set: 91218, number of used features: 35
[LightGBM] [Info] Start training from score 5722.836708
[LightGBM] [Info] Auto-choosing col-wise multi-threading, the overhead of testing was 0.163011 seconds.
You can set `force_col_wise=true` to remove the overhead.
[LightGBM] [Info] Total Bins 7226
[LightGBM] [Info] Number of data points in the train set: 91218, number of used features: 35
[LightGBM] [Info] Start training from score 5722.825491
[LightGBM] [Info] Auto-choosing col-wise multi-threading, the overhead of testing was 0.160820 seconds.
You can set `force_col_wise=true` to remove the overhead.
[LightGBM] [Info] Total Bins 7226
[LightGBM] [Info] Number of data points in the train set: 91218, number of used features: 35
[LightGBM] [Info] Start training from score 5722.812828
[LightGBM] [Info] Auto-choosing col-wise multi-threading, the overhead of testing was 0.174511 seconds.
You can set `force_col_wise=true` to remove the overhead.
[LightGBM] [Info] Total Bins 7226
[LightGBM] [Info] Number of data points in the train set: 91218, number of used features: 35
[LightGBM] [Info] Start training from score 5722.796180
[LightGBM] [Info] Auto-choosing col-wise multi-threading, the overhead of testing was 0.161492 seconds.
You can set `force_col_wise=true` to remove the overhead.
[LightGBM] [Info] Total Bins 7226
[LightGBM] [Info] Number of data points in the train set: 91218, number of used features: 35
[LightGBM] [Info] Start training from score 5722.773089
[LightGBM] [Info] Auto-choosing col-wise multi-threading, the overhead of testing was 0.162228 seconds.
You can set `force_col_wise=true` to remove the overhead.
[LightGBM] [Info] Total Bins 7226
[LightGBM] [Info] Number of data points in the train set: 91218, number of used features: 35
[LightGBM] [Info] Start training from score 5722.749165
[LightGBM] [Info] Auto-choosing col-wise multi-threading, the overhead of testing was 0.147574 seconds.
You can set `force_col_wise=true` to remove the overhead.
[LightGBM] [Info] Total Bins 7226
[LightGBM] [Info] Number of data points in the train set: 91218, number of used features: 35
[LightGBM] [Info] Start training from score 5722.723672
[LightGBM] [Info] Auto-choosing col-wise multi-threading, the overhead of testing was 0.172912 seconds.
You can set `force_col_wise=true` to remove the overhead.
[LightGBM] [Info] Total Bins 7226
[LightGBM] [Info] Number of data points in the train set: 91218, number of used features: 35
[LightGBM] [Info] Start training from score 5722.699582
[LightGBM] [Info] Auto-choosing col-wise multi-threading, the overhead of testing was 0.134991 seconds.
You can set `force_col_wise=true` to remove the overhead.
[LightGBM] [Info] Total Bins 7226
[LightGBM] [Info] Number of data points in the train set: 91218, number of used features: 35
[LightGBM] [Info] Start training from score 5722.678737
[LightGBM] [Info] Auto-choosing col-wise multi-threading, the overhead of testing was 0.141715 seconds.
You can set `force_col_wise=true` to remove the overhead.
[LightGBM] [Info] Total Bins 7226
[LightGBM] [Info] Number of data points in the train set: 91218, number of used features: 35
[LightGBM] [Info] Start training from score 5722.661458
   [fit] key=2025-W24 cutoff=2025-06-09 11:00:00  (block 10/92)
[LightGBM] [Info] Auto-choosing col-wise multi-threading, the overhead of testing was 0.163405 seconds.
You can set `force_col_wise=true` to remove the overhead.
[LightGBM] [Info] Total Bins 7226
[LightGBM] [Info] Number of data points in the train set: 91386, number of used features: 35
[LightGBM] [Info] Start training from score 5724.168734
[LightGBM] [Info] Auto-choosing col-wise multi-threading, the overhead of testing was 0.160973 seconds.
You can set `force_col_wise=true` to remove the overhead.
[LightGBM] [Info] Total Bins 7226
[LightGBM] [Info] Number of data points in the train set: 91386, number of used features: 35
[LightGBM] [Info] Start training from score 5724.200993
[LightGBM] [Info] Auto-choosing col-wise multi-threading, the overhead of testing was 0.164873 seconds.
You can set `force_col_wise=true` to remove the overhead.
[LightGBM] [Info] Total Bins 7226
[LightGBM] [Info] Number of data points in the train set: 91386, number of used features: 35
[LightGBM] [Info] Start training from score 5724.290131
[LightGBM] [Info] Auto-choosing col-wise multi-threading, the overhead of testing was 0.161812 seconds.
You can set `force_col_wise=true` to remove the overhead.
[LightGBM] [Info] Total Bins 7226
[LightGBM] [Info] Number of data points in the train set: 91386, number of used features: 35
[LightGBM] [Info] Start training from score 5724.135148
[LightGBM] [Info] Auto-choosing col-wise multi-threading, the overhead of testing was 0.159441 seconds.
You can set `force_col_wise=true` to remove the overhead.
[LightGBM] [Info] Total Bins 7226
[LightGBM] [Info] Number of data points in the train set: 91386, number of used features: 35
[LightGBM] [Info] Start training from score 5724.270166
[LightGBM] [Info] Auto-choosing col-wise multi-threading, the overhead of testing was 0.169956 seconds.
You can set `force_col_wise=true` to remove the overhead.
[LightGBM] [Info] Total Bins 7226
[LightGBM] [Info] Number of data points in the train set: 91386, number of used features: 35
[LightGBM] [Info] Start training from score 5724.228884
[LightGBM] [Info] Auto-choosing col-wise multi-threading, the overhead of testing was 0.161313 seconds.
You can set `force_col_wise=true` to remove the overhead.
[LightGBM] [Info] Total Bins 7226
[LightGBM] [Info] Number of data points in the train set: 91386, number of used features: 35
[LightGBM] [Info] Start training from score 5724.300034
[LightGBM] [Info] Auto-choosing col-wise multi-threading, the overhead of testing was 0.171963 seconds.
You can set `force_col_wise=true` to remove the overhead.
[LightGBM] [Info] Total Bins 7226
[LightGBM] [Info] Number of data points in the train set: 91386, number of used features: 35
[LightGBM] [Info] Start training from score 5724.043282
[LightGBM] [Info] Auto-choosing col-wise multi-threading, the overhead of testing was 0.156402 seconds.
You can set `force_col_wise=true` to remove the overhead.
[LightGBM] [Info] Total Bins 7226
[LightGBM] [Info] Number of data points in the train set: 91386, number of used features: 35
[LightGBM] [Info] Start training from score 5724.309599
[LightGBM] [Info] Auto-choosing col-wise multi-threading, the overhead of testing was 0.173040 seconds.
You can set `force_col_wise=true` to remove the overhead.
[LightGBM] [Info] Total Bins 7226
[LightGBM] [Info] Number of data points in the train set: 91386, number of used features: 35
[LightGBM] [Info] Start training from score 5724.015317
[LightGBM] [Info] Auto-choosing row-wise multi-threading, the overhead of testing was 0.049927 seconds.
You can set `force_row_wise=true` to remove the overhead.
And if memory is not enough, you can set `force_col_wise=true`.
[LightGBM] [Info] Total Bins 7226
[LightGBM] [Info] Number of data points in the train set: 91386, number of used features: 35
[LightGBM] [Info] Start training from score 5724.280320
[LightGBM] [Info] Auto-choosing col-wise multi-threading, the overhead of testing was 0.159318 seconds.
You can set `force_col_wise=true` to remove the overhead.
[LightGBM] [Info] Total Bins 7226
[LightGBM] [Info] Number of data points in the train set: 91386, number of used features: 35
[LightGBM] [Info] Start training from score 5723.954199
[LightGBM] [Info] Auto-choosing col-wise multi-threading, the overhead of testing was 0.175312 seconds.
You can set `force_col_wise=true` to remove the overhead.
[LightGBM] [Info] Total Bins 7226
[LightGBM] [Info] Number of data points in the train set: 91386, number of used features: 35
[LightGBM] [Info] Auto-choosing col-wise multi-threading, the overhead of testing was 0.171194 seconds.
You can set `force_col_wise=true` to remove the overhead.
[LightGBM] [Info] Total Bins 7226
[LightGBM] [Info] Number of data points in the train set: 91386, number of used features: 35
[LightGBM] [Info] Start training from score 5724.253684
[LightGBM] [Info] Auto-choosing col-wise multi-threading, the overhead of testing was 0.179598 seconds.
You can set `force_col_wise=true` to remove the overhead.
[LightGBM] [Info] Total Bins 7226
[LightGBM] [Info] Number of data points in the train set: 91386, number of used features: 35
[LightGBM] [Info] Start training from score 5723.984612
[LightGBM] [Info] Start training from score 5724.072836
[LightGBM] [Info] Auto-choosing col-wise multi-threading, the overhead of testing was 0.172319 seconds.
You can set `force_col_wise=true` to remove the overhead.
[LightGBM] [Info] Total Bins 7226
[LightGBM] [Info] Number of data points in the train set: 91386, number of used features: 35
[LightGBM] [Info] Start training from score 5724.103326
[LightGBM] [Info] Auto-choosing col-wise multi-threading, the overhead of testing was 0.165687 seconds.
You can set `force_col_wise=true` to remove the overhead.
[LightGBM] [Info] Total Bins 7226
[LightGBM] [Info] Number of data points in the train set: 91386, number of used features: 35
[LightGBM] [Info] Start training from score 5723.922740
[LightGBM] [Info] Auto-choosing col-wise multi-threading, the overhead of testing was 0.176536 seconds.
You can set `force_col_wise=true` to remove the overhead.
[LightGBM] [Info] Total Bins 7226
[LightGBM] [Info] Number of data points in the train set: 91386, number of used features: 35
[LightGBM] [Info] Start training from score 5723.885721
[LightGBM] [Info] Auto-choosing col-wise multi-threading, the overhead of testing was 0.181889 seconds.
You can set `force_col_wise=true` to remove the overhead.
[LightGBM] [Info] Auto-choosing col-wise multi-threading, the overhead of testing was 0.215032 seconds.
You can set `force_col_wise=true` to remove the overhead.
[LightGBM] [Info] Total Bins 7226
[LightGBM] [Info] Total Bins 7226
[LightGBM] [Info] Number of data points in the train set: 91386, number of used features: 35
[LightGBM] [Info] Start training from score 5723.813889
[LightGBM] [Info] Number of data points in the train set: 91386, number of used features: 35
[LightGBM] [Info] Start training from score 5723.849257
[LightGBM] [Info] Auto-choosing col-wise multi-threading, the overhead of testing was 0.203268 seconds.
You can set `force_col_wise=true` to remove the overhead.
[LightGBM] [Info] Total Bins 7226
[LightGBM] [Info] Number of data points in the train set: 91386, number of used features: 35
[LightGBM] [Info] Start training from score 5723.788037
[LightGBM] [Info] Auto-choosing col-wise multi-threading, the overhead of testing was 0.160371 seconds.
You can set `force_col_wise=true` to remove the overhead.
[LightGBM] [Info] Total Bins 7226
[LightGBM] [Info] Number of data points in the train set: 91386, number of used features: 35
[LightGBM] [Info] Start training from score 5723.752335
[LightGBM] [Info] Auto-choosing col-wise multi-threading, the overhead of testing was 0.150013 seconds.
You can set `force_col_wise=true` to remove the overhead.
[LightGBM] [Info] Total Bins 7226
[LightGBM] [Info] Number of data points in the train set: 91386, number of used features: 35
[LightGBM] [Info] Start training from score 5723.769054
[LightGBM] [Info] Auto-choosing col-wise multi-threading, the overhead of testing was 0.163015 seconds.
You can set `force_col_wise=true` to remove the overhead.
[LightGBM] [Info] Total Bins 7226
[LightGBM] [Info] Number of data points in the train set: 91386, number of used features: 35
[LightGBM] [Info] Start training from score 5723.739735
[LightGBM] [Info] Auto-choosing col-wise multi-threading, the overhead of testing was 0.167765 seconds.
You can set `force_col_wise=true` to remove the overhead.
[LightGBM] [Info] Total Bins 7226
[LightGBM] [Info] Number of data points in the train set: 91386, number of used features: 35
[LightGBM] [Info] Start training from score 5723.729996
[LightGBM] [Info] Auto-choosing col-wise multi-threading, the overhead of testing was 0.192760 seconds.
You can set `force_col_wise=true` to remove the overhead.
[LightGBM] [Info] Total Bins 7226
[LightGBM] [Info] Number of data points in the train set: 91386, number of used features: 35
[LightGBM] [Info] Start training from score 5723.718780
[LightGBM] [Info] Auto-choosing col-wise multi-threading, the overhead of testing was 0.164855 seconds.
You can set `force_col_wise=true` to remove the overhead.
[LightGBM] [Info] Total Bins 7226
[LightGBM] [Info] Number of data points in the train set: 91386, number of used features: 35
[LightGBM] [Info] Start training from score 5723.708149
[LightGBM] [Info] Auto-choosing col-wise multi-threading, the overhead of testing was 0.171530 seconds.
You can set `force_col_wise=true` to remove the overhead.
[LightGBM] [Info] Total Bins 7226
[LightGBM] [Info] Number of data points in the train set: 91386, number of used features: 35
[LightGBM] [Info] Start training from score 5723.698079
[LightGBM] [Info] Auto-choosing col-wise multi-threading, the overhead of testing was 0.176613 seconds.
You can set `force_col_wise=true` to remove the overhead.
[LightGBM] [Info] Total Bins 7226
[LightGBM] [Info] Number of data points in the train set: 91386, number of used features: 35
[LightGBM] [Info] Start training from score 5723.688284
[LightGBM] [Info] Auto-choosing col-wise multi-threading, the overhead of testing was 0.177096 seconds.
You can set `force_col_wise=true` to remove the overhead.
[LightGBM] [Info] Total Bins 7226
[LightGBM] [Info] Number of data points in the train set: 91386, number of used features: 35
[LightGBM] [Info] Start training from score 5723.676252
[LightGBM] [Info] Auto-choosing col-wise multi-threading, the overhead of testing was 0.173149 seconds.
You can set `force_col_wise=true` to remove the overhead.
[LightGBM] [Info] Total Bins 7226
[LightGBM] [Info] Number of data points in the train set: 91386, number of used features: 35
[LightGBM] [Info] Start training from score 5723.659648
[LightGBM] [Info] Auto-choosing col-wise multi-threading, the overhead of testing was 0.189945 seconds.
You can set `force_col_wise=true` to remove the overhead.
[LightGBM] [Info] Total Bins 7226
[LightGBM] [Info] Number of data points in the train set: 91386, number of used features: 35
[LightGBM] [Info] Start training from score 5723.643844
[LightGBM] [Info] Auto-choosing col-wise multi-threading, the overhead of testing was 0.145296 seconds.
You can set `force_col_wise=true` to remove the overhead.
[LightGBM] [Info] Total Bins 7226
[LightGBM] [Info] Number of data points in the train set: 91386, number of used features: 35
[LightGBM] [Info] Start training from score 5723.627152
[LightGBM] [Info] Auto-choosing col-wise multi-threading, the overhead of testing was 0.120831 seconds.
You can set `force_col_wise=true` to remove the overhead.
[LightGBM] [Info] Total Bins 7226
[LightGBM] [Info] Number of data points in the train set: 91386, number of used features: 35
[LightGBM] [Info] Start training from score 5723.611270
[LightGBM] [Info] Auto-choosing col-wise multi-threading, the overhead of testing was 0.127194 seconds.
You can set `force_col_wise=true` to remove the overhead.
[LightGBM] [Info] Total Bins 7226
[LightGBM] [Info] Number of data points in the train set: 91386, number of used features: 35
[LightGBM] [Info] Start training from score 5723.597182
[LightGBM] [Info] Auto-choosing col-wise multi-threading, the overhead of testing was 0.126427 seconds.
You can set `force_col_wise=true` to remove the overhead.
[LightGBM] [Info] Total Bins 7226
[LightGBM] [Info] Number of data points in the train set: 91386, number of used features: 35
[LightGBM] [Info] Start training from score 5723.586106
   [fit] key=2025-W25 cutoff=2025-06-16 11:00:00  (block 17/92)
[LightGBM] [Info] Auto-choosing col-wise multi-threading, the overhead of testing was 0.160885 seconds.
You can set `force_col_wise=true` to remove the overhead.
[LightGBM] [Info] Total Bins 7226
[LightGBM] [Info] Number of data points in the train set: 91554, number of used features: 35
[LightGBM] [Info] Start training from score 5725.314234
[LightGBM] [Info] Auto-choosing col-wise multi-threading, the overhead of testing was 0.161741 seconds.
You can set `force_col_wise=true` to remove the overhead.
[LightGBM] [Info] Total Bins 7226
[LightGBM] [Info] Number of data points in the train set: 91554, number of used features: 35
[LightGBM] [Info] Start training from score 5725.285812
[LightGBM] [Info] Auto-choosing col-wise multi-threading, the overhead of testing was 0.158073 seconds.
You can set `force_col_wise=true` to remove the overhead.
[LightGBM] [Info] Total Bins 7226
[LightGBM] [Info] Number of data points in the train set: 91554, number of used features: 35
[LightGBM] [Info] Start training from score 5725.345644
[LightGBM] [Info] Auto-choosing col-wise multi-threading, the overhead of testing was 0.161558 seconds.
You can set `force_col_wise=true` to remove the overhead.
[LightGBM] [Info] Total Bins 7226
[LightGBM] [Info] Number of data points in the train set: 91554, number of used features: 35
[LightGBM] [Info] Start training from score 5725.334643
[LightGBM] [Info] Auto-choosing col-wise multi-threading, the overhead of testing was 0.159885 seconds.
You can set `force_col_wise=true` to remove the overhead.
[LightGBM] [Info] Total Bins 7226
[LightGBM] [Info] Number of data points in the train set: 91554, number of used features: 35
[LightGBM] [Info] Start training from score 5725.198855
[LightGBM] [Info] Auto-choosing col-wise multi-threading, the overhead of testing was 0.155785 seconds.
You can set `force_col_wise=true` to remove the overhead.
[LightGBM] [Info] Total Bins 7226
[LightGBM] [Info] Number of data points in the train set: 91554, number of used features: 35
[LightGBM] [Info] Start training from score 5725.164074
[LightGBM] [Info] Auto-choosing col-wise multi-threading, the overhead of testing was 0.162976 seconds.
You can set `force_col_wise=true` to remove the overhead.
[LightGBM] [Info] Total Bins 7226
[LightGBM] [Info] Number of data points in the train set: 91554, number of used features: 35
[LightGBM] [Info] Start training from score 5725.303093
[LightGBM] [Info] Auto-choosing col-wise multi-threading, the overhead of testing was 0.162109 seconds.
You can set `force_col_wise=true` to remove the overhead.
[LightGBM] [Info] Total Bins 7226
[LightGBM] [Info] Auto-choosing col-wise multi-threading, the overhead of testing was 0.156233 seconds.
You can set `force_col_wise=true` to remove the overhead.
[LightGBM] [Info] Total Bins 7226
[LightGBM] [Info] Number of data points in the train set: 91554, number of used features: 35
[LightGBM] [Info] Number of data points in the train set: 91554, number of used features: 35
[LightGBM] [Info] Start training from score 5725.260478
[LightGBM] [Info] Start training from score 5725.130508
[LightGBM] [Info] Auto-choosing col-wise multi-threading, the overhead of testing was 0.175641 seconds.
You can set `force_col_wise=true` to remove the overhead.
[LightGBM] [Info] Total Bins 7226
[LightGBM] [Info] Auto-choosing col-wise multi-threading, the overhead of testing was 0.166883 seconds.
You can set `force_col_wise=true` to remove the overhead.
[LightGBM] [Info] Total Bins 7226
[LightGBM] [Info] Auto-choosing col-wise multi-threading, the overhead of testing was 0.152401 seconds.
You can set `force_col_wise=true` to remove the overhead.
[LightGBM] [Info] Total Bins 7226
[LightGBM] [Info] Number of data points in the train set: 91554, number of used features: 35
[LightGBM] [Info] Number of data points in the train set: 91554, number of used features: 35
[LightGBM] [Info] Start training from score 5725.000073
[LightGBM] [Info] Start training from score 5725.033989
[LightGBM] [Info] Number of data points in the train set: 91554, number of used features: 35
[LightGBM] [Info] Start training from score 5725.065080
[LightGBM] [Info] Auto-choosing col-wise multi-threading, the overhead of testing was 0.163820 seconds.
You can set `force_col_wise=true` to remove the overhead.
[LightGBM] [Info] Auto-choosing col-wise multi-threading, the overhead of testing was 0.163976 seconds.
You can set `force_col_wise=true` to remove the overhead.
[LightGBM] [Info] Total Bins 7226
[LightGBM] [Info] Total Bins 7226
[LightGBM] [Info] Number of data points in the train set: 91554, number of used features: 35
[LightGBM] [Info] Auto-choosing col-wise multi-threading, the overhead of testing was 0.175296 seconds.
You can set `force_col_wise=true` to remove the overhead.
[LightGBM] [Info] Total Bins 7226
[LightGBM] [Info] Number of data points in the train set: 91554, number of used features: 35
[LightGBM] [Info] Start training from score 5725.232005
[LightGBM] [Info] Start training from score 5725.097627
[LightGBM] [Info] Auto-choosing col-wise multi-threading, the overhead of testing was 0.180062 seconds.
You can set `force_col_wise=true` to remove the overhead.
[LightGBM] [Info] Total Bins 7226
[LightGBM] [Info] Number of data points in the train set: 91554, number of used features: 35
[LightGBM] [Info] Start training from score 5724.966592
[LightGBM] [Info] Number of data points in the train set: 91554, number of used features: 35
[LightGBM] [Info] Start training from score 5725.324190
[LightGBM] [Info] Auto-choosing col-wise multi-threading, the overhead of testing was 0.150300 seconds.
You can set `force_col_wise=true` to remove the overhead.
[LightGBM] [Info] Total Bins 7226
[LightGBM] [Info] Number of data points in the train set: 91554, number of used features: 35
[LightGBM] [Info] Start training from score 5724.932614
[LightGBM] [Info] Auto-choosing col-wise multi-threading, the overhead of testing was 0.164595 seconds.
You can set `force_col_wise=true` to remove the overhead.
[LightGBM] [Info] Total Bins 7226
[LightGBM] [Info] Number of data points in the train set: 91554, number of used features: 35
[LightGBM] [Info] Start training from score 5724.893631
[LightGBM] [Info] Auto-choosing col-wise multi-threading, the overhead of testing was 0.173001 seconds.
You can set `force_col_wise=true` to remove the overhead.
[LightGBM] [Info] Total Bins 7226
[LightGBM] [Info] Number of data points in the train set: 91554, number of used features: 35
[LightGBM] [Info] Start training from score 5724.856043
[LightGBM] [Info] Auto-choosing col-wise multi-threading, the overhead of testing was 0.159349 seconds.
You can set `force_col_wise=true` to remove the overhead.
[LightGBM] [Info] Total Bins 7226
[LightGBM] [Info] Number of data points in the train set: 91554, number of used features: 35
[LightGBM] [Info] Start training from score 5724.820292
[LightGBM] [Info] Auto-choosing col-wise multi-threading, the overhead of testing was 0.152054 seconds.
You can set `force_col_wise=true` to remove the overhead.
[LightGBM] [Info] Total Bins 7226
[LightGBM] [Info] Number of data points in the train set: 91554, number of used features: 35
[LightGBM] [Info] Start training from score 5724.793975
[LightGBM] [Info] Auto-choosing row-wise multi-threading, the overhead of testing was 0.070149 seconds.
You can set `force_row_wise=true` to remove the overhead.
And if memory is not enough, you can set `force_col_wise=true`.
[LightGBM] [Info] Total Bins 7226
[LightGBM] [Info] Number of data points in the train set: 91554, number of used features: 35
[LightGBM] [Info] Start training from score 5724.774568
[LightGBM] [Info] Auto-choosing col-wise multi-threading, the overhead of testing was 0.188225 seconds.
You can set `force_col_wise=true` to remove the overhead.
[LightGBM] [Info] Total Bins 7226
[LightGBM] [Info] Number of data points in the train set: 91554, number of used features: 35
[LightGBM] [Info] Start training from score 5724.757213
[LightGBM] [Info] Auto-choosing col-wise multi-threading, the overhead of testing was 0.165871 seconds.
You can set `force_col_wise=true` to remove the overhead.
[LightGBM] [Info] Total Bins 7226
[LightGBM] [Info] Number of data points in the train set: 91554, number of used features: 35
[LightGBM] [Info] Start training from score 5724.744319
[LightGBM] [Info] Auto-choosing col-wise multi-threading, the overhead of testing was 0.174768 seconds.
You can set `force_col_wise=true` to remove the overhead.
[LightGBM] [Info] Total Bins 7226
[LightGBM] [Info] Number of data points in the train set: 91554, number of used features: 35
[LightGBM] [Info] Start training from score 5724.734696
[LightGBM] [Info] Auto-choosing col-wise multi-threading, the overhead of testing was 0.158563 seconds.
You can set `force_col_wise=true` to remove the overhead.
[LightGBM] [Info] Total Bins 7226
[LightGBM] [Info] Number of data points in the train set: 91554, number of used features: 35
[LightGBM] [Info] Start training from score 5724.723501
[LightGBM] [Info] Auto-choosing col-wise multi-threading, the overhead of testing was 0.164329 seconds.
You can set `force_col_wise=true` to remove the overhead.
[LightGBM] [Info] Total Bins 7226
[LightGBM] [Info] Number of data points in the train set: 91554, number of used features: 35
[LightGBM] [Info] Start training from score 5724.712878
[LightGBM] [Info] Auto-choosing col-wise multi-threading, the overhead of testing was 0.271724 seconds.
You can set `force_col_wise=true` to remove the overhead.
[LightGBM] [Info] Total Bins 7226
[LightGBM] [Info] Number of data points in the train set: 91554, number of used features: 35
[LightGBM] [Info] Start training from score 5724.702739
[LightGBM] [Info] Auto-choosing col-wise multi-threading, the overhead of testing was 0.157183 seconds.
You can set `force_col_wise=true` to remove the overhead.
[LightGBM] [Info] Total Bins 7226
[LightGBM] [Info] Number of data points in the train set: 91554, number of used features: 35
[LightGBM] [Info] Start training from score 5724.692592
[LightGBM] [Info] Auto-choosing col-wise multi-threading, the overhead of testing was 0.160187 seconds.
You can set `force_col_wise=true` to remove the overhead.
[LightGBM] [Info] Total Bins 7226
[LightGBM] [Info] Number of data points in the train set: 91554, number of used features: 35
[LightGBM] [Info] Start training from score 5724.679817
[LightGBM] [Info] Auto-choosing col-wise multi-threading, the overhead of testing was 0.162976 seconds.
You can set `force_col_wise=true` to remove the overhead.
[LightGBM] [Info] Total Bins 7226
[LightGBM] [Info] Number of data points in the train set: 91554, number of used features: 35
[LightGBM] [Info] Start training from score 5724.662686
[LightGBM] [Info] Auto-choosing col-wise multi-threading, the overhead of testing was 0.153347 seconds.
You can set `force_col_wise=true` to remove the overhead.
[LightGBM] [Info] Total Bins 7226
[LightGBM] [Info] Number of data points in the train set: 91554, number of used features: 35
[LightGBM] [Info] Start training from score 5724.646802
[LightGBM] [Info] Auto-choosing col-wise multi-threading, the overhead of testing was 0.136898 seconds.
You can set `force_col_wise=true` to remove the overhead.
[LightGBM] [Info] Total Bins 7226
[LightGBM] [Info] Number of data points in the train set: 91554, number of used features: 35
[LightGBM] [Info] Start training from score 5724.630053
[LightGBM] [Info] Auto-choosing row-wise multi-threading, the overhead of testing was 0.046460 seconds.
You can set `force_row_wise=true` to remove the overhead.
And if memory is not enough, you can set `force_col_wise=true`.
[LightGBM] [Info] Total Bins 7226
[LightGBM] [Info] Number of data points in the train set: 91554, number of used features: 35
[LightGBM] [Info] Start training from score 5724.614517
[LightGBM] [Info] Auto-choosing col-wise multi-threading, the overhead of testing was 0.126960 seconds.
You can set `force_col_wise=true` to remove the overhead.
[LightGBM] [Info] Total Bins 7226
[LightGBM] [Info] Number of data points in the train set: 91554, number of used features: 35
[LightGBM] [Info] Start training from score 5724.589782
[LightGBM] [Info] Auto-choosing col-wise multi-threading, the overhead of testing was 0.142950 seconds.
You can set `force_col_wise=true` to remove the overhead.
[LightGBM] [Info] Total Bins 7226
[LightGBM] [Info] Number of data points in the train set: 91554, number of used features: 35
[LightGBM] [Info] Start training from score 5724.601558
   [fit] key=2025-W26 cutoff=2025-06-23 11:00:00  (block 24/92)
[LightGBM] [Info] Auto-choosing col-wise multi-threading, the overhead of testing was 0.211255 seconds.
You can set `force_col_wise=true` to remove the overhead.
[LightGBM] [Info] Total Bins 7226
[LightGBM] [Info] Number of data points in the train set: 91722, number of used features: 35
[LightGBM] [Info] Start training from score 5727.408625
[LightGBM] [Info] Auto-choosing col-wise multi-threading, the overhead of testing was 0.175822 seconds.
You can set `force_col_wise=true` to remove the overhead.
[LightGBM] [Info] Total Bins 7226
[LightGBM] [Info] Number of data points in the train set: 91722, number of used features: 35
[LightGBM] [Info] Start training from score 5727.407089
[LightGBM] [Info] Auto-choosing col-wise multi-threading, the overhead of testing was 0.176154 seconds.
You can set `force_col_wise=true` to remove the overhead.
[LightGBM] [Info] Total Bins 7226
[LightGBM] [Info] Number of data points in the train set: 91722, number of used features: 35
[LightGBM] [Info] Start training from score 5727.409628
[LightGBM] [Info] Auto-choosing col-wise multi-threading, the overhead of testing was 0.169569 seconds.
You can set `force_col_wise=true` to remove the overhead.
[LightGBM] [Info] Total Bins 7226
[LightGBM] [Info] Number of data points in the train set: 91722, number of used features: 35
[LightGBM] [Info] Start training from score 5727.402436
[LightGBM] [Info] Auto-choosing col-wise multi-threading, the overhead of testing was 0.164218 seconds.
You can set `force_col_wise=true` to remove the overhead.
[LightGBM] [Info] Auto-choosing col-wise multi-threading, the overhead of testing was 0.181750 seconds.
You can set `force_col_wise=true` to remove the overhead.
[LightGBM] [Info] Total Bins 7226
[LightGBM] [Info] Auto-choosing col-wise multi-threading, the overhead of testing was 0.184876 seconds.
You can set `force_col_wise=true` to remove the overhead.
[LightGBM] [Info] Total Bins 7226
[LightGBM] [Info] Total Bins 7226
[LightGBM] [Info] Number of data points in the train set: 91722, number of used features: 35
[LightGBM] [Info] Start training from score 5727.409895
[LightGBM] [Info] Number of data points in the train set: 91722, number of used features: 35
[LightGBM] [Info] Start training from score 5727.207799
[LightGBM] [Info] Number of data points in the train set: 91722, number of used features: 35
[LightGBM] [Info] Start training from score 5727.410407
[LightGBM] [Info] Auto-choosing col-wise multi-threading, the overhead of testing was 0.180067 seconds.
You can set `force_col_wise=true` to remove the overhead.
[LightGBM] [Info] Total Bins 7226
[LightGBM] [Info] Number of data points in the train set: 91722, number of used features: 35
[LightGBM] [Info] Start training from score 5727.270362
[LightGBM] [Info] Auto-choosing col-wise multi-threading, the overhead of testing was 0.174663 seconds.
You can set `force_col_wise=true` to remove the overhead.
[LightGBM] [Info] Total Bins 7226
[LightGBM] [Info] Number of data points in the train set: 91722, number of used features: 35
[LightGBM] [Info] Start training from score 5727.249475
[LightGBM] [Info] Auto-choosing col-wise multi-threading, the overhead of testing was 0.200165 seconds.
You can set `force_col_wise=true` to remove the overhead.
[LightGBM] [Info] Total Bins 7226
[LightGBM] [Info] Number of data points in the train set: 91722, number of used features: 35
[LightGBM] [Info] Auto-choosing col-wise multi-threading, the overhead of testing was 0.199545 seconds.
You can set `force_col_wise=true` to remove the overhead.
[LightGBM] [Info] Total Bins 7226
[LightGBM] [Info] Start training from score 5727.386230
[LightGBM] [Info] Number of data points in the train set: 91722, number of used features: 35
[LightGBM] [Info] Start training from score 5727.184159
[LightGBM] [Info] Auto-choosing col-wise multi-threading, the overhead of testing was 0.190264 seconds.
You can set `force_col_wise=true` to remove the overhead.
[LightGBM] [Info] Total Bins 7226
[LightGBM] [Info] Number of data points in the train set: 91722, number of used features: 35
[LightGBM] [Info] Auto-choosing col-wise multi-threading, the overhead of testing was 0.222445 seconds.
You can set `force_col_wise=true` to remove the overhead.
[LightGBM] [Info] Total Bins 7226
[LightGBM] [Info] Number of data points in the train set: 91722, number of used features: 35
[LightGBM] [Info] Start training from score 5727.230313
[LightGBM] [Info] Start training from score 5727.292695
[LightGBM] [Info] Auto-choosing col-wise multi-threading, the overhead of testing was 0.227280 seconds.
You can set `force_col_wise=true` to remove the overhead.
[LightGBM] [Info] Total Bins 7226
[LightGBM] [Info] Number of data points in the train set: 91722, number of used features: 35
[LightGBM] [Info] Auto-choosing col-wise multi-threading, the overhead of testing was 0.219456 seconds.
You can set `force_col_wise=true` to remove the overhead.
[LightGBM] [Info] Start training from score 5727.367011
[LightGBM] [Info] Total Bins 7226
[LightGBM] [Info] Number of data points in the train set: 91722, number of used features: 35
[LightGBM] [Info] Start training from score 5727.316877
[LightGBM] [Info] Auto-choosing col-wise multi-threading, the overhead of testing was 0.219148 seconds.
You can set `force_col_wise=true` to remove the overhead.
[LightGBM] [Info] Total Bins 7226
[LightGBM] [Info] Number of data points in the train set: 91722, number of used features: 35
[LightGBM] [Info] Start training from score 5727.342873
[LightGBM] [Info] Auto-choosing col-wise multi-threading, the overhead of testing was 0.190860 seconds.
You can set `force_col_wise=true` to remove the overhead.
[LightGBM] [Info] Total Bins 7226
[LightGBM] [Info] Number of data points in the train set: 91722, number of used features: 35
[LightGBM] [Info] Start training from score 5727.159389
[LightGBM] [Info] Auto-choosing col-wise multi-threading, the overhead of testing was 0.171739 seconds.
You can set `force_col_wise=true` to remove the overhead.
[LightGBM] [Info] Total Bins 7226
[LightGBM] [Info] Number of data points in the train set: 91722, number of used features: 35
[LightGBM] [Info] Start training from score 5727.128884
[LightGBM] [Info] Auto-choosing col-wise multi-threading, the overhead of testing was 0.182879 seconds.
You can set `force_col_wise=true` to remove the overhead.
[LightGBM] [Info] Total Bins 7226
[LightGBM] [Info] Number of data points in the train set: 91722, number of used features: 35
[LightGBM] [Info] Start training from score 5727.098800
[LightGBM] [Info] Auto-choosing col-wise multi-threading, the overhead of testing was 0.208778 seconds.
You can set `force_col_wise=true` to remove the overhead.
[LightGBM] [Info] Total Bins 7226
[LightGBM] [Info] Number of data points in the train set: 91722, number of used features: 35
[LightGBM] [Info] Start training from score 5727.070082
[LightGBM] [Info] Auto-choosing col-wise multi-threading, the overhead of testing was 0.165633 seconds.
You can set `force_col_wise=true` to remove the overhead.
[LightGBM] [Info] Total Bins 7226
[LightGBM] [Info] Number of data points in the train set: 91722, number of used features: 35
[LightGBM] [Info] Start training from score 5727.050147
[LightGBM] [Info] Auto-choosing col-wise multi-threading, the overhead of testing was 0.194151 seconds.
You can set `force_col_wise=true` to remove the overhead.
[LightGBM] [Info] Total Bins 7226
[LightGBM] [Info] Number of data points in the train set: 91722, number of used features: 35
[LightGBM] [Info] Start training from score 5727.037404
[LightGBM] [Info] Auto-choosing col-wise multi-threading, the overhead of testing was 0.202815 seconds.
You can set `force_col_wise=true` to remove the overhead.
[LightGBM] [Info] Total Bins 7226
[LightGBM] [Info] Number of data points in the train set: 91722, number of used features: 35
[LightGBM] [Info] Start training from score 5727.028356
[LightGBM] [Info] Auto-choosing col-wise multi-threading, the overhead of testing was 0.190853 seconds.
You can set `force_col_wise=true` to remove the overhead.
[LightGBM] [Info] Total Bins 7226
[LightGBM] [Info] Number of data points in the train set: 91722, number of used features: 35
[LightGBM] [Info] Start training from score 5727.022278
[LightGBM] [Info] Auto-choosing col-wise multi-threading, the overhead of testing was 0.189519 seconds.
You can set `force_col_wise=true` to remove the overhead.
[LightGBM] [Info] Total Bins 7226
[LightGBM] [Info] Number of data points in the train set: 91722, number of used features: 35
[LightGBM] [Info] Start training from score 5727.019051
[LightGBM] [Info] Auto-choosing col-wise multi-threading, the overhead of testing was 0.216810 seconds.
You can set `force_col_wise=true` to remove the overhead.
[LightGBM] [Info] Total Bins 7226
[LightGBM] [Info] Number of data points in the train set: 91722, number of used features: 35
[LightGBM] [Info] Start training from score 5727.013938
[LightGBM] [Info] Auto-choosing col-wise multi-threading, the overhead of testing was 0.208887 seconds.
You can set `force_col_wise=true` to remove the overhead.
[LightGBM] [Info] Total Bins 7226
[LightGBM] [Info] Number of data points in the train set: 91722, number of used features: 35
[LightGBM] [Info] Start training from score 5727.009658
[LightGBM] [Info] Auto-choosing col-wise multi-threading, the overhead of testing was 0.232803 seconds.
You can set `force_col_wise=true` to remove the overhead.
[LightGBM] [Info] Total Bins 7226
[LightGBM] [Info] Number of data points in the train set: 91722, number of used features: 35
[LightGBM] [Info] Start training from score 5727.005578
[LightGBM] [Info] Auto-choosing col-wise multi-threading, the overhead of testing was 0.221571 seconds.
You can set `force_col_wise=true` to remove the overhead.
[LightGBM] [Info] Total Bins 7226
[LightGBM] [Info] Number of data points in the train set: 91722, number of used features: 35
[LightGBM] [Info] Start training from score 5727.001478
[LightGBM] [Info] Auto-choosing col-wise multi-threading, the overhead of testing was 0.183469 seconds.
You can set `force_col_wise=true` to remove the overhead.
[LightGBM] [Info] Total Bins 7226
[LightGBM] [Info] Number of data points in the train set: 91722, number of used features: 35
[LightGBM] [Info] Start training from score 5726.994712
[LightGBM] [Info] Auto-choosing col-wise multi-threading, the overhead of testing was 0.201486 seconds.
You can set `force_col_wise=true` to remove the overhead.
[LightGBM] [Info] Total Bins 7226
[LightGBM] [Info] Number of data points in the train set: 91722, number of used features: 35
[LightGBM] [Info] Start training from score 5726.983217
[LightGBM] [Info] Auto-choosing col-wise multi-threading, the overhead of testing was 0.177403 seconds.
You can set `force_col_wise=true` to remove the overhead.
[LightGBM] [Info] Total Bins 7226
[LightGBM] [Info] Number of data points in the train set: 91722, number of used features: 35
[LightGBM] [Info] Start training from score 5726.973456
[LightGBM] [Info] Auto-choosing col-wise multi-threading, the overhead of testing was 0.137289 seconds.
You can set `force_col_wise=true` to remove the overhead.
[LightGBM] [Info] Total Bins 7226
[LightGBM] [Info] Number of data points in the train set: 91722, number of used features: 35
[LightGBM] [Info] Start training from score 5726.963246
[LightGBM] [Info] Auto-choosing col-wise multi-threading, the overhead of testing was 0.131920 seconds.
You can set `force_col_wise=true` to remove the overhead.
[LightGBM] [Info] Total Bins 7226
[LightGBM] [Info] Number of data points in the train set: 91722, number of used features: 35
[LightGBM] [Info] Start training from score 5726.954793
[LightGBM] [Info] Auto-choosing col-wise multi-threading, the overhead of testing was 0.138727 seconds.
You can set `force_col_wise=true` to remove the overhead.
[LightGBM] [Info] Total Bins 7226
[LightGBM] [Info] Number of data points in the train set: 91722, number of used features: 35
[LightGBM] [Info] Start training from score 5726.949435
[LightGBM] [Info] Auto-choosing col-wise multi-threading, the overhead of testing was 0.171968 seconds.
You can set `force_col_wise=true` to remove the overhead.
[LightGBM] [Info] Total Bins 7226
[LightGBM] [Info] Number of data points in the train set: 91722, number of used features: 35
[LightGBM] [Info] Start training from score 5726.947307
   [fit] key=2025-W27 cutoff=2025-06-30 11:00:00  (block 31/92)
[LightGBM] [Info] Auto-choosing col-wise multi-threading, the overhead of testing was 0.160742 seconds.
You can set `force_col_wise=true` to remove the overhead.
[LightGBM] [Info] Total Bins 7226
[LightGBM] [Info] Number of data points in the train set: 91890, number of used features: 35
[LightGBM] [Info] Start training from score 5729.796472
[LightGBM] [Info] Auto-choosing col-wise multi-threading, the overhead of testing was 0.171068 seconds.
You can set `force_col_wise=true` to remove the overhead.
[LightGBM] [Info] Total Bins 7226
[LightGBM] [Info] Number of data points in the train set: 91890, number of used features: 35
[LightGBM] [Info] Start training from score 5729.820082
[LightGBM] [Info] Auto-choosing col-wise multi-threading, the overhead of testing was 0.164032 seconds.
You can set `force_col_wise=true` to remove the overhead.
[LightGBM] [Info] Total Bins 7226
[LightGBM] [Info] Auto-choosing col-wise multi-threading, the overhead of testing was 0.169855 seconds.
You can set `force_col_wise=true` to remove the overhead.
[LightGBM] [Info] Total Bins 7226
[LightGBM] [Info] Number of data points in the train set: 91890, number of used features: 35
[LightGBM] [Info] Number of data points in the train set: 91890, number of used features: 35
[LightGBM] [Info] Start training from score 5729.812093
[LightGBM] [Info] Start training from score 5729.816662
[LightGBM] [Info] Auto-choosing col-wise multi-threading, the overhead of testing was 0.166218 seconds.
You can set `force_col_wise=true` to remove the overhead.
[LightGBM] [Info] Total Bins 7226
[LightGBM] [Info] Auto-choosing col-wise multi-threading, the overhead of testing was 0.166125 seconds.
You can set `force_col_wise=true` to remove the overhead.
[LightGBM] [Info] Total Bins 7226
[LightGBM] [Info] Number of data points in the train set: 91890, number of used features: 35
[LightGBM] [Info] Auto-choosing col-wise multi-threading, the overhead of testing was 0.171373 seconds.
You can set `force_col_wise=true` to remove the overhead.
[LightGBM] [Info] Total Bins 7226
[LightGBM] [Info] Auto-choosing col-wise multi-threading, the overhead of testing was 0.176029 seconds.
You can set `force_col_wise=true` to remove the overhead.
[LightGBM] [Info] Total Bins 7226
[LightGBM] [Info] Number of data points in the train set: 91890, number of used features: 35
[LightGBM] [Info] Start training from score 5729.778082
[LightGBM] [Info] Start training from score 5729.819451
[LightGBM] [Info] Number of data points in the train set: 91890, number of used features: 35
[LightGBM] [Info] Number of data points in the train set: 91890, number of used features: 35
[LightGBM] [Info] Start training from score 5729.819501
[LightGBM] [Info] Start training from score 5729.656837
[LightGBM] [Info] Auto-choosing col-wise multi-threading, the overhead of testing was 0.231803 seconds.
You can set `force_col_wise=true` to remove the overhead.
[LightGBM] [Info] Total Bins 7226
[LightGBM] [Info] Number of data points in the train set: 91890, number of used features: 35
[LightGBM] [Info] Start training from score 5729.732393
[LightGBM] [Info] Auto-choosing col-wise multi-threading, the overhead of testing was 0.261059 seconds.
You can set `force_col_wise=true` to remove the overhead.
[LightGBM] [Info] Total Bins 7226
[LightGBM] [Info] Number of data points in the train set: 91890, number of used features: 35
[LightGBM] [Info] Start training from score 5729.818401
[LightGBM] [Info] Auto-choosing col-wise multi-threading, the overhead of testing was 0.289278 seconds.
You can set `force_col_wise=true` to remove the overhead.
[LightGBM] [Info] Total Bins 7226
[LightGBM] [Info] Auto-choosing col-wise multi-threading, the overhead of testing was 0.251748 seconds.
You can set `force_col_wise=true` to remove the overhead.
[LightGBM] [Info] Total Bins 7226
[LightGBM] [Info] Auto-choosing col-wise multi-threading, the overhead of testing was 0.226572 seconds.
You can set `force_col_wise=true` to remove the overhead.
[LightGBM] [Info] Auto-choosing col-wise multi-threading, the overhead of testing was 0.272692 seconds.
You can set `force_col_wise=true` to remove the overhead.
[LightGBM] [Info] Number of data points in the train set: 91890, number of used features: 35
[LightGBM] [Info] Total Bins 7226
[LightGBM] [Info] Total Bins 7226
[LightGBM] [Info] Start training from score 5729.680415
[LightGBM] [Info] Number of data points in the train set: 91890, number of used features: 35
[LightGBM] [Info] Auto-choosing col-wise multi-threading, the overhead of testing was 0.221991 seconds.
You can set `force_col_wise=true` to remove the overhead.
[LightGBM] [Info] Total Bins 7226
[LightGBM] [Info] Start training from score 5729.711922
[LightGBM] [Info] Number of data points in the train set: 91890, number of used features: 35
[LightGBM] [Info] Number of data points in the train set: 91890, number of used features: 35
[LightGBM] [Info] Start training from score 5729.669701
[LightGBM] [Info] Start training from score 5729.694615
[LightGBM] [Info] Number of data points in the train set: 91890, number of used features: 35
[LightGBM] [Info] Start training from score 5729.755566
[LightGBM] [Info] Auto-choosing col-wise multi-threading, the overhead of testing was 0.184697 seconds.
You can set `force_col_wise=true` to remove the overhead.
[LightGBM] [Info] Total Bins 7226
[LightGBM] [Info] Number of data points in the train set: 91890, number of used features: 35
[LightGBM] [Info] Start training from score 5729.645015
[LightGBM] [Info] Auto-choosing col-wise multi-threading, the overhead of testing was 0.171755 seconds.
You can set `force_col_wise=true` to remove the overhead.
[LightGBM] [Info] Total Bins 7226
[LightGBM] [Info] Number of data points in the train set: 91890, number of used features: 35
[LightGBM] [Info] Start training from score 5729.631902
[LightGBM] [Info] Auto-choosing col-wise multi-threading, the overhead of testing was 0.169325 seconds.
You can set `force_col_wise=true` to remove the overhead.
[LightGBM] [Info] Total Bins 7226
[LightGBM] [Info] Number of data points in the train set: 91890, number of used features: 35
[LightGBM] [Info] Start training from score 5729.611813
[LightGBM] [Info] Auto-choosing col-wise multi-threading, the overhead of testing was 0.225151 seconds.
You can set `force_col_wise=true` to remove the overhead.
[LightGBM] [Info] Total Bins 7226
[LightGBM] [Info] Number of data points in the train set: 91890, number of used features: 35
[LightGBM] [Info] Start training from score 5729.590828
[LightGBM] [Info] Auto-choosing col-wise multi-threading, the overhead of testing was 0.170392 seconds.
You can set `force_col_wise=true` to remove the overhead.
[LightGBM] [Info] Total Bins 7226
[LightGBM] [Info] Number of data points in the train set: 91890, number of used features: 35
[LightGBM] [Info] Start training from score 5729.570095
[LightGBM] [Info] Auto-choosing col-wise multi-threading, the overhead of testing was 0.160047 seconds.
You can set `force_col_wise=true` to remove the overhead.
[LightGBM] [Info] Total Bins 7226
[LightGBM] [Info] Number of data points in the train set: 91890, number of used features: 35
[LightGBM] [Info] Start training from score 5729.557923
[LightGBM] [Info] Auto-choosing col-wise multi-threading, the overhead of testing was 0.169462 seconds.
You can set `force_col_wise=true` to remove the overhead.
[LightGBM] [Info] Total Bins 7226
[LightGBM] [Info] Number of data points in the train set: 91890, number of used features: 35
[LightGBM] [Info] Start training from score 5729.553192
[LightGBM] [Info] Auto-choosing col-wise multi-threading, the overhead of testing was 0.256870 seconds.
You can set `force_col_wise=true` to remove the overhead.
[LightGBM] [Info] Total Bins 7226
[LightGBM] [Info] Number of data points in the train set: 91890, number of used features: 35
[LightGBM] [Info] Start training from score 5729.551006
[LightGBM] [Info] Auto-choosing col-wise multi-threading, the overhead of testing was 0.168326 seconds.
You can set `force_col_wise=true` to remove the overhead.
[LightGBM] [Info] Total Bins 7226
[LightGBM] [Info] Number of data points in the train set: 91890, number of used features: 35
[LightGBM] [Info] Start training from score 5729.552448
[LightGBM] [Info] Auto-choosing col-wise multi-threading, the overhead of testing was 0.161667 seconds.
You can set `force_col_wise=true` to remove the overhead.
[LightGBM] [Info] Total Bins 7226
[LightGBM] [Info] Number of data points in the train set: 91890, number of used features: 35
[LightGBM] [Info] Start training from score 5729.556300
[LightGBM] [Info] Auto-choosing col-wise multi-threading, the overhead of testing was 0.171533 seconds.
You can set `force_col_wise=true` to remove the overhead.
[LightGBM] [Info] Total Bins 7226
[LightGBM] [Info] Number of data points in the train set: 91890, number of used features: 35
[LightGBM] [Info] Start training from score 5729.557421
[LightGBM] [Info] Auto-choosing col-wise multi-threading, the overhead of testing was 0.175712 seconds.
You can set `force_col_wise=true` to remove the overhead.
[LightGBM] [Info] Total Bins 7226
[LightGBM] [Info] Number of data points in the train set: 91890, number of used features: 35
[LightGBM] [Info] Start training from score 5729.558231
[LightGBM] [Info] Auto-choosing col-wise multi-threading, the overhead of testing was 0.164543 seconds.
You can set `force_col_wise=true` to remove the overhead.
[LightGBM] [Info] Total Bins 7226
[LightGBM] [Info] Number of data points in the train set: 91890, number of used features: 35
[LightGBM] [Info] Start training from score 5729.558598
[LightGBM] [Info] Auto-choosing col-wise multi-threading, the overhead of testing was 0.271272 seconds.
You can set `force_col_wise=true` to remove the overhead.
[LightGBM] [Info] Total Bins 7226
[LightGBM] [Info] Number of data points in the train set: 91890, number of used features: 35
[LightGBM] [Info] Start training from score 5729.558413
[LightGBM] [Info] Auto-choosing col-wise multi-threading, the overhead of testing was 0.250790 seconds.
You can set `force_col_wise=true` to remove the overhead.
[LightGBM] [Info] Total Bins 7226
[LightGBM] [Info] Number of data points in the train set: 91890, number of used features: 35
[LightGBM] [Info] Start training from score 5729.554989
[LightGBM] [Info] Auto-choosing col-wise multi-threading, the overhead of testing was 0.194666 seconds.
You can set `force_col_wise=true` to remove the overhead.
[LightGBM] [Info] Total Bins 7226
[LightGBM] [Info] Number of data points in the train set: 91890, number of used features: 35
[LightGBM] [Info] Start training from score 5729.547084
[LightGBM] [Info] Auto-choosing col-wise multi-threading, the overhead of testing was 0.176798 seconds.
You can set `force_col_wise=true` to remove the overhead.
[LightGBM] [Info] Total Bins 7226
[LightGBM] [Info] Number of data points in the train set: 91890, number of used features: 35
[LightGBM] [Info] Start training from score 5729.541009
[LightGBM] [Info] Auto-choosing col-wise multi-threading, the overhead of testing was 0.132337 seconds.
You can set `force_col_wise=true` to remove the overhead.
[LightGBM] [Info] Total Bins 7226
[LightGBM] [Info] Number of data points in the train set: 91890, number of used features: 35
[LightGBM] [Info] Start training from score 5729.535966
[LightGBM] [Info] Auto-choosing col-wise multi-threading, the overhead of testing was 0.137194 seconds.
You can set `force_col_wise=true` to remove the overhead.
[LightGBM] [Info] Total Bins 7226
[LightGBM] [Info] Number of data points in the train set: 91890, number of used features: 35
[LightGBM] [Info] Start training from score 5729.534177
[LightGBM] [Info] Auto-choosing col-wise multi-threading, the overhead of testing was 0.174531 seconds.
You can set `force_col_wise=true` to remove the overhead.
[LightGBM] [Info] Total Bins 7226
[LightGBM] [Info] Number of data points in the train set: 91890, number of used features: 35
[LightGBM] [Info] Start training from score 5729.542767
[LightGBM] [Info] Auto-choosing col-wise multi-threading, the overhead of testing was 0.135649 seconds.
You can set `force_col_wise=true` to remove the overhead.
[LightGBM] [Info] Total Bins 7226
[LightGBM] [Info] Number of data points in the train set: 91890, number of used features: 35
[LightGBM] [Info] Start training from score 5729.536544
   [fit] key=2025-W28 cutoff=2025-07-07 11:00:00  (block 38/92)
[LightGBM] [Info] Auto-choosing col-wise multi-threading, the overhead of testing was 0.166310 seconds.
You can set `force_col_wise=true` to remove the overhead.
[LightGBM] [Info] Total Bins 7226
[LightGBM] [Info] Number of data points in the train set: 92058, number of used features: 35
[LightGBM] [Info] Start training from score 5732.593496
[LightGBM] [Info] Auto-choosing col-wise multi-threading, the overhead of testing was 0.181323 seconds.
You can set `force_col_wise=true` to remove the overhead.
[LightGBM] [Info] Total Bins 7226
[LightGBM] [Info] Number of data points in the train set: 92058, number of used features: 35
[LightGBM] [Info] Start training from score 5732.590518
[LightGBM] [Info] Auto-choosing col-wise multi-threading, the overhead of testing was 0.170717 seconds.
You can set `force_col_wise=true` to remove the overhead.
[LightGBM] [Info] Total Bins 7226
[LightGBM] [Info] Number of data points in the train set: 92058, number of used features: 35
[LightGBM] [Info] Start training from score 5732.578954
[LightGBM] [Info] Auto-choosing col-wise multi-threading, the overhead of testing was 0.179123 seconds.
You can set `force_col_wise=true` to remove the overhead.
[LightGBM] [Info] Total Bins 7226
[LightGBM] [Info] Number of data points in the train set: 92058, number of used features: 35
[LightGBM] [Info] Start training from score 5732.583527
[LightGBM] [Info] Auto-choosing col-wise multi-threading, the overhead of testing was 0.168111 seconds.
You can set `force_col_wise=true` to remove the overhead.
[LightGBM] [Info] Total Bins 7226
[LightGBM] [Info] Number of data points in the train set: 92058, number of used features: 35
[LightGBM] [Info] Start training from score 5732.472622
[LightGBM] [Info] Auto-choosing col-wise multi-threading, the overhead of testing was 0.171781 seconds.
You can set `force_col_wise=true` to remove the overhead.
[LightGBM] [Info] Total Bins 7226
[LightGBM] [Info] Number of data points in the train set: 92058, number of used features: 35
[LightGBM] [Info] Start training from score 5732.424191
[LightGBM] [Info] Auto-choosing col-wise multi-threading, the overhead of testing was 0.178012 seconds.
You can set `force_col_wise=true` to remove the overhead.
[LightGBM] [Info] Total Bins 7226
[LightGBM] [Info] Auto-choosing col-wise multi-threading, the overhead of testing was 0.182128 seconds.
You can set `force_col_wise=true` to remove the overhead.
[LightGBM] [Info] Number of data points in the train set: 92058, number of used features: 35
[LightGBM] [Info] Total Bins 7226
[LightGBM] [Info] Start training from score 5732.365571
[LightGBM] [Info] Number of data points in the train set: 92058, number of used features: 35
[LightGBM] [Info] Start training from score 5732.567709
[LightGBM] [Info] Auto-choosing col-wise multi-threading, the overhead of testing was 0.178466 seconds.
You can set `force_col_wise=true` to remove the overhead.
[LightGBM] [Info] Total Bins 7226
[LightGBM] [Info] Auto-choosing col-wise multi-threading, the overhead of testing was 0.193615 seconds.
You can set `force_col_wise=true` to remove the overhead.
[LightGBM] [Info] Total Bins 7226
[LightGBM] [Info] Number of data points in the train set: 92058, number of used features: 35
[LightGBM] [Info] Start training from score 5732.499739
[LightGBM] [Info] Number of data points in the train set: 92058, number of used features: 35
[LightGBM] [Info] Start training from score 5732.346764
[LightGBM] [Info] Auto-choosing col-wise multi-threading, the overhead of testing was 0.174906 seconds.
You can set `force_col_wise=true` to remove the overhead.
[LightGBM] [Info] Total Bins 7226
[LightGBM] [Info] Number of data points in the train set: 92058, number of used features: 35
[LightGBM] [Info] Start training from score 5732.587096
[LightGBM] [Info] Auto-choosing col-wise multi-threading, the overhead of testing was 0.171198 seconds.
You can set `force_col_wise=true` to remove the overhead.
[LightGBM] [Info] Total Bins 7226
[LightGBM] [Info] Number of data points in the train set: 92058, number of used features: 35
[LightGBM] [Info] Auto-choosing col-wise multi-threading, the overhead of testing was 0.179130 seconds.
You can set `force_col_wise=true` to remove the overhead.
[LightGBM] [Info] Total Bins 7226
[LightGBM] [Info] Start training from score 5732.525723
[LightGBM] [Info] Number of data points in the train set: 92058, number of used features: 35
[LightGBM] [Info] Auto-choosing col-wise multi-threading, the overhead of testing was 0.174007 seconds.
You can set `force_col_wise=true` to remove the overhead.
[LightGBM] [Info] Total Bins 7226
[LightGBM] [Info] Start training from score 5732.548032
[LightGBM] [Info] Number of data points in the train set: 92058, number of used features: 35
[LightGBM] [Info] Start training from score 5732.403119
[LightGBM] [Info] Auto-choosing col-wise multi-threading, the overhead of testing was 0.167142 seconds.
You can set `force_col_wise=true` to remove the overhead.
[LightGBM] [Info] Total Bins 7226
[LightGBM] [Info] Number of data points in the train set: 92058, number of used features: 35
[LightGBM] [Info] Start training from score 5732.447180
[LightGBM] [Info] Auto-choosing col-wise multi-threading, the overhead of testing was 0.207454 seconds.
You can set `force_col_wise=true` to remove the overhead.
[LightGBM] [Info] Total Bins 7226
[LightGBM] [Info] Number of data points in the train set: 92058, number of used features: 35
[LightGBM] [Info] Start training from score 5732.385288
[LightGBM] [Info] Auto-choosing col-wise multi-threading, the overhead of testing was 0.166036 seconds.
You can set `force_col_wise=true` to remove the overhead.
[LightGBM] [Info] Total Bins 7226
[LightGBM] [Info] Number of data points in the train set: 92058, number of used features: 35
[LightGBM] [Info] Start training from score 5732.326778
[LightGBM] [Info] Auto-choosing col-wise multi-threading, the overhead of testing was 0.168015 seconds.
You can set `force_col_wise=true` to remove the overhead.
[LightGBM] [Info] Total Bins 7226
[LightGBM] [Info] Number of data points in the train set: 92058, number of used features: 35
[LightGBM] [Info] Start training from score 5732.301065
[LightGBM] [Info] Auto-choosing col-wise multi-threading, the overhead of testing was 0.163804 seconds.
You can set `force_col_wise=true` to remove the overhead.
[LightGBM] [Info] Total Bins 7226
[LightGBM] [Info] Number of data points in the train set: 92058, number of used features: 35
[LightGBM] [Info] Start training from score 5732.276045
[LightGBM] [Info] Auto-choosing col-wise multi-threading, the overhead of testing was 0.280444 seconds.
You can set `force_col_wise=true` to remove the overhead.
[LightGBM] [Info] Total Bins 7226
[LightGBM] [Info] Number of data points in the train set: 92058, number of used features: 35
[LightGBM] [Info] Start training from score 5732.251646
[LightGBM] [Info] Auto-choosing col-wise multi-threading, the overhead of testing was 0.177500 seconds.
You can set `force_col_wise=true` to remove the overhead.
[LightGBM] [Info] Total Bins 7226
[LightGBM] [Info] Number of data points in the train set: 92058, number of used features: 35
[LightGBM] [Info] Start training from score 5732.236672
[LightGBM] [Info] Auto-choosing col-wise multi-threading, the overhead of testing was 0.168463 seconds.
You can set `force_col_wise=true` to remove the overhead.
[LightGBM] [Info] Total Bins 7226
[LightGBM] [Info] Number of data points in the train set: 92058, number of used features: 35
[LightGBM] [Info] Start training from score 5732.229407
[LightGBM] [Info] Auto-choosing col-wise multi-threading, the overhead of testing was 0.154899 seconds.
You can set `force_col_wise=true` to remove the overhead.
[LightGBM] [Info] Total Bins 7226
[LightGBM] [Info] Number of data points in the train set: 92058, number of used features: 35
[LightGBM] [Info] Start training from score 5732.225553
[LightGBM] [Info] Auto-choosing col-wise multi-threading, the overhead of testing was 0.194409 seconds.
You can set `force_col_wise=true` to remove the overhead.
[LightGBM] [Info] Total Bins 7226
[LightGBM] [Info] Number of data points in the train set: 92058, number of used features: 35
[LightGBM] [Info] Start training from score 5732.224743
[LightGBM] [Info] Auto-choosing col-wise multi-threading, the overhead of testing was 0.180942 seconds.
You can set `force_col_wise=true` to remove the overhead.
[LightGBM] [Info] Total Bins 7226
[LightGBM] [Info] Number of data points in the train set: 92058, number of used features: 35
[LightGBM] [Info] Start training from score 5732.226079
[LightGBM] [Info] Auto-choosing col-wise multi-threading, the overhead of testing was 0.194554 seconds.
You can set `force_col_wise=true` to remove the overhead.
[LightGBM] [Info] Total Bins 7226
[LightGBM] [Info] Number of data points in the train set: 92058, number of used features: 35
[LightGBM] [Info] Start training from score 5732.225069
[LightGBM] [Info] Auto-choosing col-wise multi-threading, the overhead of testing was 0.176540 seconds.
You can set `force_col_wise=true` to remove the overhead.
[LightGBM] [Info] Total Bins 7226
[LightGBM] [Info] Number of data points in the train set: 92058, number of used features: 35
[LightGBM] [Info] Start training from score 5732.224357
[LightGBM] [Info] Auto-choosing col-wise multi-threading, the overhead of testing was 0.187411 seconds.
You can set `force_col_wise=true` to remove the overhead.
[LightGBM] [Info] Total Bins 7226
[LightGBM] [Info] Number of data points in the train set: 92058, number of used features: 35
[LightGBM] [Info] Start training from score 5732.223496
[LightGBM] [Info] Auto-choosing col-wise multi-threading, the overhead of testing was 0.200160 seconds.
You can set `force_col_wise=true` to remove the overhead.
[LightGBM] [Info] Total Bins 7226
[LightGBM] [Info] Number of data points in the train set: 92058, number of used features: 35
[LightGBM] [Info] Start training from score 5732.222268
[LightGBM] [Info] Auto-choosing col-wise multi-threading, the overhead of testing was 0.211640 seconds.
You can set `force_col_wise=true` to remove the overhead.
[LightGBM] [Info] Total Bins 7226
[LightGBM] [Info] Number of data points in the train set: 92058, number of used features: 35
[LightGBM] [Info] Start training from score 5732.218155
[LightGBM] [Info] Auto-choosing col-wise multi-threading, the overhead of testing was 0.179136 seconds.
You can set `force_col_wise=true` to remove the overhead.
[LightGBM] [Info] Total Bins 7226
[LightGBM] [Info] Number of data points in the train set: 92058, number of used features: 35
[LightGBM] [Info] Start training from score 5732.209755
[LightGBM] [Info] Auto-choosing col-wise multi-threading, the overhead of testing was 0.163311 seconds.
You can set `force_col_wise=true` to remove the overhead.
[LightGBM] [Info] Total Bins 7226
[LightGBM] [Info] Number of data points in the train set: 92058, number of used features: 35
[LightGBM] [Info] Start training from score 5732.203940
[LightGBM] [Info] Auto-choosing col-wise multi-threading, the overhead of testing was 0.128801 seconds.
You can set `force_col_wise=true` to remove the overhead.
[LightGBM] [Info] Total Bins 7226
[LightGBM] [Info] Number of data points in the train set: 92058, number of used features: 35
[LightGBM] [Info] Start training from score 5732.194329
[LightGBM] [Info] Auto-choosing col-wise multi-threading, the overhead of testing was 0.128402 seconds.
You can set `force_col_wise=true` to remove the overhead.
[LightGBM] [Info] Total Bins 7226
[LightGBM] [Info] Number of data points in the train set: 92058, number of used features: 35
[LightGBM] [Info] Start training from score 5732.198102
[LightGBM] [Info] Auto-choosing col-wise multi-threading, the overhead of testing was 0.140530 seconds.
You can set `force_col_wise=true` to remove the overhead.
[LightGBM] [Info] Total Bins 7226
[LightGBM] [Info] Number of data points in the train set: 92058, number of used features: 35
[LightGBM] [Info] Start training from score 5732.193520
[LightGBM] [Info] Auto-choosing col-wise multi-threading, the overhead of testing was 0.134441 seconds.
You can set `force_col_wise=true` to remove the overhead.
[LightGBM] [Info] Total Bins 7226
[LightGBM] [Info] Number of data points in the train set: 92058, number of used features: 35
[LightGBM] [Info] Start training from score 5732.196636
   [fit] key=2025-W29 cutoff=2025-07-14 11:00:00  (block 45/92)
[LightGBM] [Info] Auto-choosing col-wise multi-threading, the overhead of testing was 0.197170 seconds.
You can set `force_col_wise=true` to remove the overhead.
[LightGBM] [Info] Total Bins 7226
[LightGBM] [Info] Number of data points in the train set: 92226, number of used features: 35
[LightGBM] [Info] Start training from score 5735.649480
[LightGBM] [Info] Auto-choosing col-wise multi-threading, the overhead of testing was 0.202752 seconds.
You can set `force_col_wise=true` to remove the overhead.
[LightGBM] [Info] Total Bins 7226
[LightGBM] [Info] Number of data points in the train set: 92226, number of used features: 35
[LightGBM] [Info] Start training from score 5735.688350
[LightGBM] [Info] Auto-choosing col-wise multi-threading, the overhead of testing was 0.202547 seconds.
You can set `force_col_wise=true` to remove the overhead.
[LightGBM] [Info] Total Bins 7226
[LightGBM] [Info] Number of data points in the train set: 92226, number of used features: 35
[LightGBM] [Info] Start training from score 5735.703730
[LightGBM] [Info] Auto-choosing col-wise multi-threading, the overhead of testing was 0.201848 seconds.
You can set `force_col_wise=true` to remove the overhead.
[LightGBM] [Info] Total Bins 7226
[LightGBM] [Info] Number of data points in the train set: 92226, number of used features: 35
[LightGBM] [Info] Start training from score 5735.707294
[LightGBM] [Info] Auto-choosing col-wise multi-threading, the overhead of testing was 0.207364 seconds.
You can set `force_col_wise=true` to remove the overhead.
[LightGBM] [Info] Total Bins 7226
[LightGBM] [Info] Number of data points in the train set: 92226, number of used features: 35
[LightGBM] [Info] Start training from score 5735.709804
[LightGBM] [Info] Auto-choosing col-wise multi-threading, the overhead of testing was 0.215353 seconds.
You can set `force_col_wise=true` to remove the overhead.
[LightGBM] [Info] Total Bins 7226
[LightGBM] [Info] Number of data points in the train set: 92226, number of used features: 35
[LightGBM] [Info] Auto-choosing col-wise multi-threading, the overhead of testing was 0.239685 seconds.
You can set `force_col_wise=true` to remove the overhead.
[LightGBM] [Info] Total Bins 7226
[LightGBM] [Info] Start training from score 5735.670960
[LightGBM] [Info] Number of data points in the train set: 92226, number of used features: 35
[LightGBM] [Info] Start training from score 5735.709370
[LightGBM] [Info] Auto-choosing col-wise multi-threading, the overhead of testing was 0.227124 seconds.
You can set `force_col_wise=true` to remove the overhead.
[LightGBM] [Info] Total Bins 7226
[LightGBM] [Info] Number of data points in the train set: 92226, number of used features: 35
[LightGBM] [Info] Start training from score 5735.609248
[LightGBM] [Info] Auto-choosing col-wise multi-threading, the overhead of testing was 0.202972 seconds.
You can set `force_col_wise=true` to remove the overhead.
[LightGBM] [Info] Total Bins 7226
[LightGBM] [Info] Number of data points in the train set: 92226, number of used features: 35
[LightGBM] [Info] Start training from score 5735.702275
[LightGBM] [Info] Auto-choosing col-wise multi-threading, the overhead of testing was 0.174272 seconds.
You can set `force_col_wise=true` to remove the overhead.
[LightGBM] [Info] Total Bins 7226
[LightGBM] [Info] Number of data points in the train set: 92226, number of used features: 35
[LightGBM] [Info] Start training from score 5735.563862
[LightGBM] [Info] Auto-choosing col-wise multi-threading, the overhead of testing was 0.185692 seconds.
You can set `force_col_wise=true` to remove the overhead.
[LightGBM] [Info] Total Bins 7226
[LightGBM] [Info] Number of data points in the train set: 92226, number of used features: 35
[LightGBM] [Info] Auto-choosing col-wise multi-threading, the overhead of testing was 0.170013 seconds.
You can set `force_col_wise=true` to remove the overhead.
[LightGBM] [Info] Total Bins 7226
[LightGBM] [Info] Start training from score 5735.628008
[LightGBM] [Info] Number of data points in the train set: 92226, number of used features: 35
[LightGBM] [Info] Start training from score 5735.554891
[LightGBM] [Info] Auto-choosing col-wise multi-threading, the overhead of testing was 0.179522 seconds.
You can set `force_col_wise=true` to remove the overhead.
[LightGBM] [Info] Total Bins 7226
[LightGBM] [Info] Auto-choosing col-wise multi-threading, the overhead of testing was 0.183461 seconds.
You can set `force_col_wise=true` to remove the overhead.
[LightGBM] [Info] Total Bins 7226
[LightGBM] [Info] Number of data points in the train set: 92226, number of used features: 35
[LightGBM] [Info] Start training from score 5735.593652
[LightGBM] [Info] Auto-choosing col-wise multi-threading, the overhead of testing was 0.187291 seconds.
You can set `force_col_wise=true` to remove the overhead.
[LightGBM] [Info] Total Bins 7226
[LightGBM] [Info] Auto-choosing col-wise multi-threading, the overhead of testing was 0.171841 seconds.
You can set `force_col_wise=true` to remove the overhead.
[LightGBM] [Info] Number of data points in the train set: 92226, number of used features: 35
[LightGBM] [Info] Total Bins 7226
[LightGBM] [Info] Start training from score 5735.581369
[LightGBM] [Info] Number of data points in the train set: 92226, number of used features: 35
[LightGBM] [Info] Number of data points in the train set: 92226, number of used features: 35
[LightGBM] [Info] Start training from score 5735.573133
[LightGBM] [Info] Start training from score 5735.704984
[LightGBM] [Info] Auto-choosing col-wise multi-threading, the overhead of testing was 0.249964 seconds.
You can set `force_col_wise=true` to remove the overhead.
[LightGBM] [Info] Total Bins 7226
[LightGBM] [Info] Number of data points in the train set: 92226, number of used features: 35
[LightGBM] [Info] Start training from score 5735.544418
[LightGBM] [Info] Auto-choosing col-wise multi-threading, the overhead of testing was 0.161711 seconds.
You can set `force_col_wise=true` to remove the overhead.
[LightGBM] [Info] Total Bins 7226
[LightGBM] [Info] Number of data points in the train set: 92226, number of used features: 35
[LightGBM] [Info] Start training from score 5735.527676
[LightGBM] [Info] Auto-choosing col-wise multi-threading, the overhead of testing was 0.163087 seconds.
You can set `force_col_wise=true` to remove the overhead.
[LightGBM] [Info] Total Bins 7226
[LightGBM] [Info] Number of data points in the train set: 92226, number of used features: 35
[LightGBM] [Info] Start training from score 5735.509836
[LightGBM] [Info] Auto-choosing col-wise multi-threading, the overhead of testing was 0.170240 seconds.
You can set `force_col_wise=true` to remove the overhead.
[LightGBM] [Info] Total Bins 7226
[LightGBM] [Info] Number of data points in the train set: 92226, number of used features: 35
[LightGBM] [Info] Start training from score 5735.480871
[LightGBM] [Info] Auto-choosing col-wise multi-threading, the overhead of testing was 0.164153 seconds.
You can set `force_col_wise=true` to remove the overhead.
[LightGBM] [Info] Total Bins 7226
[LightGBM] [Info] Number of data points in the train set: 92226, number of used features: 35
[LightGBM] [Info] Start training from score 5735.482831
[LightGBM] [Info] Auto-choosing col-wise multi-threading, the overhead of testing was 0.177248 seconds.
You can set `force_col_wise=true` to remove the overhead.
[LightGBM] [Info] Total Bins 7226
[LightGBM] [Info] Number of data points in the train set: 92226, number of used features: 35
[LightGBM] [Info] Start training from score 5735.492085
[LightGBM] [Info] Auto-choosing col-wise multi-threading, the overhead of testing was 0.277201 seconds.
You can set `force_col_wise=true` to remove the overhead.
[LightGBM] [Info] Total Bins 7226
[LightGBM] [Info] Number of data points in the train set: 92226, number of used features: 35
[LightGBM] [Info] Start training from score 5735.482509
[LightGBM] [Info] Auto-choosing col-wise multi-threading, the overhead of testing was 0.175011 seconds.
You can set `force_col_wise=true` to remove the overhead.
[LightGBM] [Info] Total Bins 7226
[LightGBM] [Info] Number of data points in the train set: 92226, number of used features: 35
[LightGBM] [Info] Start training from score 5735.494941
[LightGBM] [Info] Auto-choosing col-wise multi-threading, the overhead of testing was 0.182086 seconds.
You can set `force_col_wise=true` to remove the overhead.
[LightGBM] [Info] Total Bins 7226
[LightGBM] [Info] Number of data points in the train set: 92226, number of used features: 35
[LightGBM] [Info] Start training from score 5735.487644
[LightGBM] [Info] Auto-choosing col-wise multi-threading, the overhead of testing was 0.169037 seconds.
You can set `force_col_wise=true` to remove the overhead.
[LightGBM] [Info] Total Bins 7226
[LightGBM] [Info] Number of data points in the train set: 92226, number of used features: 35
[LightGBM] [Info] Start training from score 5735.499083
[LightGBM] [Info] Auto-choosing col-wise multi-threading, the overhead of testing was 0.164874 seconds.
You can set `force_col_wise=true` to remove the overhead.
[LightGBM] [Info] Total Bins 7226
[LightGBM] [Info] Number of data points in the train set: 92226, number of used features: 35
[LightGBM] [Info] Start training from score 5735.503230
[LightGBM] [Info] Auto-choosing col-wise multi-threading, the overhead of testing was 0.156923 seconds.
You can set `force_col_wise=true` to remove the overhead.
[LightGBM] [Info] Total Bins 7226
[LightGBM] [Info] Number of data points in the train set: 92226, number of used features: 35
[LightGBM] [Info] Start training from score 5735.507076
[LightGBM] [Info] Auto-choosing col-wise multi-threading, the overhead of testing was 0.212818 seconds.
You can set `force_col_wise=true` to remove the overhead.
[LightGBM] [Info] Total Bins 7226
[LightGBM] [Info] Number of data points in the train set: 92226, number of used features: 35
[LightGBM] [Info] Start training from score 5735.510079
[LightGBM] [Info] Auto-choosing col-wise multi-threading, the overhead of testing was 0.186715 seconds.
You can set `force_col_wise=true` to remove the overhead.
[LightGBM] [Info] Total Bins 7226
[LightGBM] [Info] Number of data points in the train set: 92226, number of used features: 35
[LightGBM] [Info] Start training from score 5735.509812
[LightGBM] [Info] Auto-choosing col-wise multi-threading, the overhead of testing was 0.183309 seconds.
You can set `force_col_wise=true` to remove the overhead.
[LightGBM] [Info] Total Bins 7226
[LightGBM] [Info] Number of data points in the train set: 92226, number of used features: 35
[LightGBM] [Info] Start training from score 5735.504853
[LightGBM] [Info] Auto-choosing col-wise multi-threading, the overhead of testing was 0.295430 seconds.
You can set `force_col_wise=true` to remove the overhead.
[LightGBM] [Info] Total Bins 7226
[LightGBM] [Info] Number of data points in the train set: 92226, number of used features: 35
[LightGBM] [Info] Start training from score 5735.503072
[LightGBM] [Info] Auto-choosing col-wise multi-threading, the overhead of testing was 0.143077 seconds.
You can set `force_col_wise=true` to remove the overhead.
[LightGBM] [Info] Total Bins 7226
[LightGBM] [Info] Number of data points in the train set: 92226, number of used features: 35
[LightGBM] [Info] Start training from score 5735.501907
[LightGBM] [Info] Auto-choosing col-wise multi-threading, the overhead of testing was 0.169269 seconds.
You can set `force_col_wise=true` to remove the overhead.
[LightGBM] [Info] Total Bins 7226
[LightGBM] [Info] Number of data points in the train set: 92226, number of used features: 35
[LightGBM] [Info] Start training from score 5735.504473
[LightGBM] [Info] Auto-choosing col-wise multi-threading, the overhead of testing was 0.128828 seconds.
You can set `force_col_wise=true` to remove the overhead.
[LightGBM] [Info] Total Bins 7226
[LightGBM] [Info] Number of data points in the train set: 92226, number of used features: 35
[LightGBM] [Info] Start training from score 5735.511527
[LightGBM] [Info] Auto-choosing col-wise multi-threading, the overhead of testing was 0.132642 seconds.
You can set `force_col_wise=true` to remove the overhead.
[LightGBM] [Info] Total Bins 7226
[LightGBM] [Info] Number of data points in the train set: 92226, number of used features: 35
[LightGBM] [Info] Start training from score 5735.523268
   [fit] key=2025-W30 cutoff=2025-07-21 11:00:00  (block 52/92)
[LightGBM] [Info] Auto-choosing col-wise multi-threading, the overhead of testing was 0.159446 seconds.
You can set `force_col_wise=true` to remove the overhead.
[LightGBM] [Info] Total Bins 7226
[LightGBM] [Info] Number of data points in the train set: 92394, number of used features: 35
[LightGBM] [Info] Start training from score 5740.286738
[LightGBM] [Info] Auto-choosing col-wise multi-threading, the overhead of testing was 0.166869 seconds.
You can set `force_col_wise=true` to remove the overhead.
[LightGBM] [Info] Total Bins 7226
[LightGBM] [Info] Number of data points in the train set: 92394, number of used features: 35
[LightGBM] [Info] Start training from score 5740.305002
[LightGBM] [Info] Auto-choosing col-wise multi-threading, the overhead of testing was 0.164821 seconds.
You can set `force_col_wise=true` to remove the overhead.
[LightGBM] [Info] Total Bins 7226
[LightGBM] [Info] Number of data points in the train set: 92394, number of used features: 35
[LightGBM] [Info] Start training from score 5740.275904
[LightGBM] [Info] Auto-choosing col-wise multi-threading, the overhead of testing was 0.146660 seconds.
You can set `force_col_wise=true` to remove the overhead.
[LightGBM] [Info] Total Bins 7226
[LightGBM] [Info] Auto-choosing col-wise multi-threading, the overhead of testing was 0.182791 seconds.
You can set `force_col_wise=true` to remove the overhead.
[LightGBM] [Info] Total Bins 7226
[LightGBM] [Info] Number of data points in the train set: 92394, number of used features: 35
[LightGBM] [Info] Start training from score 5740.296939
[LightGBM] [Info] Number of data points in the train set: 92394, number of used features: 35
[LightGBM] [Info] Start training from score 5740.252090
[LightGBM] [Info] Auto-choosing col-wise multi-threading, the overhead of testing was 0.165090 seconds.
You can set `force_col_wise=true` to remove the overhead.
[LightGBM] [Info] Total Bins 7226
[LightGBM] [Info] Number of data points in the train set: 92394, number of used features: 35
[LightGBM] [Info] Start training from score 5740.228341
[LightGBM] [Info] Auto-choosing col-wise multi-threading, the overhead of testing was 0.186484 seconds.
You can set `force_col_wise=true` to remove the overhead.
[LightGBM] [Info] Total Bins 7226
[LightGBM] [Info] Auto-choosing col-wise multi-threading, the overhead of testing was 0.173954 seconds.
You can set `force_col_wise=true` to remove the overhead.
[LightGBM] [Info] Auto-choosing col-wise multi-threading, the overhead of testing was 0.176276 seconds.
You can set `force_col_wise=true` to remove the overhead.
[LightGBM] [Info] Total Bins 7226
[LightGBM] [Info] Total Bins 7226
[LightGBM] [Info] Number of data points in the train set: 92394, number of used features: 35
[LightGBM] [Info] Number of data points in the train set: 92394, number of used features: 35
[LightGBM] [Info] Number of data points in the train set: 92394, number of used features: 35
[LightGBM] [Info] Start training from score 5740.284326[LightGBM] [Info] 
Start training from score 5740.305758
[LightGBM] [Info] Start training from score 5740.263860
[LightGBM] [Info] Auto-choosing col-wise multi-threading, the overhead of testing was 0.164763 seconds.
You can set `force_col_wise=true` to remove the overhead.
[LightGBM] [Info] Total Bins 7226
[LightGBM] [Info] Number of data points in the train set: 92394, number of used features: 35
[LightGBM] [Info] Start training from score 5740.296337
[LightGBM] [Info] Auto-choosing col-wise multi-threading, the overhead of testing was 0.168767 seconds.
You can set `force_col_wise=true` to remove the overhead.
[LightGBM] [Info] Total Bins 7226
[LightGBM] [Info] Number of data points in the train set: 92394, number of used features: 35
[LightGBM] [Info] Start training from score 5740.239924
[LightGBM] [Info] Auto-choosing col-wise multi-threading, the overhead of testing was 0.171074 seconds.
You can set `force_col_wise=true` to remove the overhead.
[LightGBM] [Info] Total Bins 7226
[LightGBM] [Info] Auto-choosing col-wise multi-threading, the overhead of testing was 0.177534 seconds.
You can set `force_col_wise=true` to remove the overhead.
[LightGBM] [Info] Total Bins 7226
[LightGBM] [Info] Auto-choosing col-wise multi-threading, the overhead of testing was 0.161068 seconds.
You can set `force_col_wise=true` to remove the overhead.
[LightGBM] [Info] Number of data points in the train set: 92394, number of used features: 35
[LightGBM] [Info] Start training from score 5740.268426
[LightGBM] [Info] Total Bins 7226
[LightGBM] [Info] Number of data points in the train set: 92394, number of used features: 35
[LightGBM] [Info] Start training from score 5740.232138
[LightGBM] [Info] Number of data points in the train set: 92394, number of used features: 35
[LightGBM] [Info] Start training from score 5740.228648
[LightGBM] [Info] Auto-choosing col-wise multi-threading, the overhead of testing was 0.193134 seconds.
You can set `force_col_wise=true` to remove the overhead.
[LightGBM] [Info] Total Bins 7226
[LightGBM] [Info] Number of data points in the train set: 92394, number of used features: 35
[LightGBM] [Info] Start training from score 5740.229374
[LightGBM] [Info] Auto-choosing col-wise multi-threading, the overhead of testing was 0.254652 seconds.
You can set `force_col_wise=true` to remove the overhead.
[LightGBM] [Info] Total Bins 7226
[LightGBM] [Info] Number of data points in the train set: 92394, number of used features: 35
[LightGBM] [Info] Start training from score 5740.228039
[LightGBM] [Info] Auto-choosing col-wise multi-threading, the overhead of testing was 0.233625 seconds.
You can set `force_col_wise=true` to remove the overhead.
[LightGBM] [Info] Total Bins 7226
[LightGBM] [Info] Number of data points in the train set: 92394, number of used features: 35
[LightGBM] [Info] Start training from score 5740.225832
[LightGBM] [Info] Auto-choosing col-wise multi-threading, the overhead of testing was 0.172453 seconds.
You can set `force_col_wise=true` to remove the overhead.
[LightGBM] [Info] Total Bins 7226
[LightGBM] [Info] Number of data points in the train set: 92394, number of used features: 35
[LightGBM] [Info] Start training from score 5740.216080
[LightGBM] [Info] Auto-choosing col-wise multi-threading, the overhead of testing was 0.148784 seconds.
You can set `force_col_wise=true` to remove the overhead.
[LightGBM] [Info] Total Bins 7226
[LightGBM] [Info] Number of data points in the train set: 92394, number of used features: 35
[LightGBM] [Info] Start training from score 5740.203792
[LightGBM] [Info] Auto-choosing col-wise multi-threading, the overhead of testing was 0.159871 seconds.
You can set `force_col_wise=true` to remove the overhead.
[LightGBM] [Info] Total Bins 7226
[LightGBM] [Info] Number of data points in the train set: 92394, number of used features: 35
[LightGBM] [Info] Start training from score 5740.191236
[LightGBM] [Info] Auto-choosing col-wise multi-threading, the overhead of testing was 0.144789 seconds.
You can set `force_col_wise=true` to remove the overhead.
[LightGBM] [Info] Total Bins 7226
[LightGBM] [Info] Number of data points in the train set: 92394, number of used features: 35
[LightGBM] [Info] Start training from score 5740.192251
[LightGBM] [Info] Auto-choosing col-wise multi-threading, the overhead of testing was 0.158858 seconds.
You can set `force_col_wise=true` to remove the overhead.
[LightGBM] [Info] Total Bins 7226
[LightGBM] [Info] Number of data points in the train set: 92394, number of used features: 35
[LightGBM] [Info] Start training from score 5740.187854
[LightGBM] [Info] Auto-choosing col-wise multi-threading, the overhead of testing was 0.185720 seconds.
You can set `force_col_wise=true` to remove the overhead.
[LightGBM] [Info] Total Bins 7226
[LightGBM] [Info] Number of data points in the train set: 92394, number of used features: 35
[LightGBM] [Info] Start training from score 5740.199871
[LightGBM] [Info] Auto-choosing col-wise multi-threading, the overhead of testing was 0.151597 seconds.
You can set `force_col_wise=true` to remove the overhead.
[LightGBM] [Info] Total Bins 7226
[LightGBM] [Info] Number of data points in the train set: 92394, number of used features: 35
[LightGBM] [Info] Start training from score 5740.211945
[LightGBM] [Info] Auto-choosing col-wise multi-threading, the overhead of testing was 0.168101 seconds.
You can set `force_col_wise=true` to remove the overhead.
[LightGBM] [Info] Total Bins 7226
[LightGBM] [Info] Number of data points in the train set: 92394, number of used features: 35
[LightGBM] [Info] Start training from score 5740.226166
[LightGBM] [Info] Auto-choosing col-wise multi-threading, the overhead of testing was 0.160449 seconds.
You can set `force_col_wise=true` to remove the overhead.
[LightGBM] [Info] Auto-choosing col-wise multi-threading, the overhead of testing was 0.168435 seconds.
You can set `force_col_wise=true` to remove the overhead.
[LightGBM] [Info] Total Bins 7226
[LightGBM] [Info] Total Bins 7226
[LightGBM] [Info] Number of data points in the train set: 92394, number of used features: 35
[LightGBM] [Info] Number of data points in the train set: 92394, number of used features: 35
[LightGBM] [Info] Start training from score 5740.237628
[LightGBM] [Info] Start training from score 5740.248413
[LightGBM] [Info] Auto-choosing col-wise multi-threading, the overhead of testing was 0.160542 seconds.
You can set `force_col_wise=true` to remove the overhead.
[LightGBM] [Info] Total Bins 7226
[LightGBM] [Info] Number of data points in the train set: 92394, number of used features: 35
[LightGBM] [Info] Start training from score 5740.258043
[LightGBM] [Info] Auto-choosing col-wise multi-threading, the overhead of testing was 0.153065 seconds.
You can set `force_col_wise=true` to remove the overhead.
[LightGBM] [Info] Total Bins 7226
[LightGBM] [Info] Number of data points in the train set: 92394, number of used features: 35
[LightGBM] [Info] Start training from score 5740.266538
[LightGBM] [Info] Auto-choosing col-wise multi-threading, the overhead of testing was 0.166944 seconds.
You can set `force_col_wise=true` to remove the overhead.
[LightGBM] [Info] Total Bins 7226
[LightGBM] [Info] Number of data points in the train set: 92394, number of used features: 35
[LightGBM] [Info] Start training from score 5740.271413
[LightGBM] [Info] Auto-choosing col-wise multi-threading, the overhead of testing was 0.165542 seconds.
You can set `force_col_wise=true` to remove the overhead.
[LightGBM] [Info] Total Bins 7226
[LightGBM] [Info] Number of data points in the train set: 92394, number of used features: 35
[LightGBM] [Info] Start training from score 5740.269840
[LightGBM] [Info] Auto-choosing col-wise multi-threading, the overhead of testing was 0.161556 seconds.
You can set `force_col_wise=true` to remove the overhead.
[LightGBM] [Info] Total Bins 7226
[LightGBM] [Info] Number of data points in the train set: 92394, number of used features: 35
[LightGBM] [Info] Start training from score 5740.270151
[LightGBM] [Info] Auto-choosing col-wise multi-threading, the overhead of testing was 0.143986 seconds.
You can set `force_col_wise=true` to remove the overhead.
[LightGBM] [Info] Total Bins 7226
[LightGBM] [Info] Number of data points in the train set: 92394, number of used features: 35
[LightGBM] [Info] Start training from score 5740.271066
[LightGBM] [Info] Auto-choosing col-wise multi-threading, the overhead of testing was 0.142325 seconds.
You can set `force_col_wise=true` to remove the overhead.
[LightGBM] [Info] Total Bins 7226
[LightGBM] [Info] Number of data points in the train set: 92394, number of used features: 35
[LightGBM] [Info] Start training from score 5740.274482
[LightGBM] [Info] Auto-choosing col-wise multi-threading, the overhead of testing was 0.124363 seconds.
You can set `force_col_wise=true` to remove the overhead.
[LightGBM] [Info] Total Bins 7226
[LightGBM] [Info] Number of data points in the train set: 92394, number of used features: 35
[LightGBM] [Info] Start training from score 5740.281534
[LightGBM] [Info] Auto-choosing col-wise multi-threading, the overhead of testing was 0.127942 seconds.
You can set `force_col_wise=true` to remove the overhead.
[LightGBM] [Info] Total Bins 7226
[LightGBM] [Info] Number of data points in the train set: 92394, number of used features: 35
[LightGBM] [Info] Start training from score 5740.292734
   [fit] key=2025-W31 cutoff=2025-07-28 11:00:00  (block 59/92)
[LightGBM] [Info] Auto-choosing col-wise multi-threading, the overhead of testing was 0.168758 seconds.
You can set `force_col_wise=true` to remove the overhead.
[LightGBM] [Info] Total Bins 7226
[LightGBM] [Info] Number of data points in the train set: 92562, number of used features: 35
[LightGBM] [Info] Start training from score 5743.165576
[LightGBM] [Info] Auto-choosing col-wise multi-threading, the overhead of testing was 0.169162 seconds.
You can set `force_col_wise=true` to remove the overhead.
[LightGBM] [Info] Total Bins 7226
[LightGBM] [Info] Number of data points in the train set: 92562, number of used features: 35
[LightGBM] [Info] Start training from score 5743.157828
[LightGBM] [Info] Auto-choosing col-wise multi-threading, the overhead of testing was 0.188354 seconds.
You can set `force_col_wise=true` to remove the overhead.
[LightGBM] [Info] Total Bins 7226
[LightGBM] [Info] Number of data points in the train set: 92562, number of used features: 35
[LightGBM] [Info] Start training from score 5743.153512
[LightGBM] [Info] Auto-choosing col-wise multi-threading, the overhead of testing was 0.202727 seconds.
You can set `force_col_wise=true` to remove the overhead.
[LightGBM] [Info] Total Bins 7226
[LightGBM] [Info] Number of data points in the train set: 92562, number of used features: 35
[LightGBM] [Info] Start training from score 5743.161912
[LightGBM] [Info] Auto-choosing row-wise multi-threading, the overhead of testing was 0.047726 seconds.
You can set `force_row_wise=true` to remove the overhead.
And if memory is not enough, you can set `force_col_wise=true`.
[LightGBM] [Info] Total Bins 7226
[LightGBM] [Info] Number of data points in the train set: 92562, number of used features: 35
[LightGBM] [Info] Start training from score 5743.148380
[LightGBM] [Info] Auto-choosing col-wise multi-threading, the overhead of testing was 0.199186 seconds.
You can set `force_col_wise=true` to remove the overhead.
[LightGBM] [Info] Total Bins 7226
[LightGBM] [Info] Number of data points in the train set: 92562, number of used features: 35
[LightGBM] [Info] Start training from score 5743.036058
[LightGBM] [Info] Auto-choosing col-wise multi-threading, the overhead of testing was 0.197765 seconds.
You can set `force_col_wise=true` to remove the overhead.
[LightGBM] [Info] Total Bins 7226
[LightGBM] [Info] Number of data points in the train set: 92562, number of used features: 35
[LightGBM] [Info] Start training from score 5742.923562
[LightGBM] [Info] Auto-choosing col-wise multi-threading, the overhead of testing was 0.214064 seconds.
You can set `force_col_wise=true` to remove the overhead.
[LightGBM] [Info] Total Bins 7226
[LightGBM] [Info] Number of data points in the train set: 92562, number of used features: 35
[LightGBM] [Info] Start training from score 5743.136894
[LightGBM] [Info] Auto-choosing col-wise multi-threading, the overhead of testing was 0.207927 seconds.
You can set `force_col_wise=true` to remove the overhead.
[LightGBM] [Info] Total Bins 7226
[LightGBM] [Info] Number of data points in the train set: 92562, number of used features: 35
[LightGBM] [Info] Auto-choosing col-wise multi-threading, the overhead of testing was 0.214028 seconds.
You can set `force_col_wise=true` to remove the overhead.
[LightGBM] [Info] Total Bins 7226
[LightGBM] [Info] Start training from score 5742.903690
[LightGBM] [Info] Number of data points in the train set: 92562, number of used features: 35
[LightGBM] [Info] Start training from score 5743.092489
[LightGBM] [Info] Auto-choosing col-wise multi-threading, the overhead of testing was 0.209993 seconds.
You can set `force_col_wise=true` to remove the overhead.
[LightGBM] [Info] Total Bins 7226
[LightGBM] [Info] Number of data points in the train set: 92562, number of used features: 35
[LightGBM] [Info] Auto-choosing col-wise multi-threading, the overhead of testing was 0.206741 seconds.
You can set `force_col_wise=true` to remove the overhead.
[LightGBM] [Info] Start training from score 5743.009146
[LightGBM] [Info] Total Bins 7226
[LightGBM] [Info] Auto-choosing col-wise multi-threading, the overhead of testing was 0.199868 seconds.
You can set `force_col_wise=true` to remove the overhead.
[LightGBM] [Info] Total Bins 7226
[LightGBM] [Info] Number of data points in the train set: 92562, number of used features: 35
[LightGBM] [Info] Number of data points in the train set: 92562, number of used features: 35
[LightGBM] [Info] Start training from score 5743.064843
[LightGBM] [Info] Start training from score 5743.115887
[LightGBM] [Info] Auto-choosing col-wise multi-threading, the overhead of testing was 0.191456 seconds.
You can set `force_col_wise=true` to remove the overhead.
[LightGBM] [Info] Total Bins 7226
[LightGBM] [Info] Number of data points in the train set: 92562, number of used features: 35
[LightGBM] [Info] Start training from score 5742.943722
[LightGBM] [Info] Auto-choosing col-wise multi-threading, the overhead of testing was 0.179871 seconds.
You can set `force_col_wise=true` to remove the overhead.
[LightGBM] [Info] Total Bins 7226
[LightGBM] [Info] Number of data points in the train set: 92562, number of used features: 35
[LightGBM] [Info] Start training from score 5742.962548
[LightGBM] [Info] Auto-choosing col-wise multi-threading, the overhead of testing was 0.173803 seconds.
You can set `force_col_wise=true` to remove the overhead.
[LightGBM] [Info] Total Bins 7226
[LightGBM] [Info] Number of data points in the train set: 92562, number of used features: 35
[LightGBM] [Info] Start training from score 5742.984650
[LightGBM] [Info] Auto-choosing col-wise multi-threading, the overhead of testing was 0.204460 seconds.
You can set `force_col_wise=true` to remove the overhead.
[LightGBM] [Info] Auto-choosing col-wise multi-threading, the overhead of testing was 0.179848 seconds.
You can set `force_col_wise=true` to remove the overhead.
[LightGBM] [Info] Total Bins 7226
[LightGBM] [Info] Total Bins 7226
[LightGBM] [Info] Number of data points in the train set: 92562, number of used features: 35
[LightGBM] [Info] Number of data points in the train set: 92562, number of used features: 35
[LightGBM] [Info] Start training from score 5742.855280
[LightGBM] [Info] Start training from score 5742.882268
[LightGBM] [Info] Auto-choosing col-wise multi-threading, the overhead of testing was 0.174651 seconds.
You can set `force_col_wise=true` to remove the overhead.
[LightGBM] [Info] Total Bins 7226
[LightGBM] [Info] Number of data points in the train set: 92562, number of used features: 35
[LightGBM] [Info] Start training from score 5742.828257
[LightGBM] [Info] Auto-choosing col-wise multi-threading, the overhead of testing was 0.165398 seconds.
You can set `force_col_wise=true` to remove the overhead.
[LightGBM] [Info] Total Bins 7226
[LightGBM] [Info] Number of data points in the train set: 92562, number of used features: 35
[LightGBM] [Info] Start training from score 5742.802760
[LightGBM] [Info] Auto-choosing col-wise multi-threading, the overhead of testing was 0.192773 seconds.
You can set `force_col_wise=true` to remove the overhead.
[LightGBM] [Info] Total Bins 7226
[LightGBM] [Info] Number of data points in the train set: 92562, number of used features: 35
[LightGBM] [Info] Start training from score 5742.786009
[LightGBM] [Info] Auto-choosing col-wise multi-threading, the overhead of testing was 0.235401 seconds.
You can set `force_col_wise=true` to remove the overhead.
[LightGBM] [Info] Total Bins 7226
[LightGBM] [Info] Number of data points in the train set: 92562, number of used features: 35
[LightGBM] [Info] Start training from score 5742.775780
[LightGBM] [Info] Auto-choosing col-wise multi-threading, the overhead of testing was 0.166572 seconds.
You can set `force_col_wise=true` to remove the overhead.
[LightGBM] [Info] Total Bins 7226
[LightGBM] [Info] Number of data points in the train set: 92562, number of used features: 35
[LightGBM] [Info] Start training from score 5742.769094
[LightGBM] [Info] Auto-choosing col-wise multi-threading, the overhead of testing was 0.172498 seconds.
You can set `force_col_wise=true` to remove the overhead.
[LightGBM] [Info] Total Bins 7226
[LightGBM] [Info] Number of data points in the train set: 92562, number of used features: 35
[LightGBM] [Info] Start training from score 5742.766323
[LightGBM] [Info] Auto-choosing col-wise multi-threading, the overhead of testing was 0.207308 seconds.
You can set `force_col_wise=true` to remove the overhead.
[LightGBM] [Info] Total Bins 7226
[LightGBM] [Info] Number of data points in the train set: 92562, number of used features: 35
[LightGBM] [Info] Start training from score 5742.766409
[LightGBM] [Info] Auto-choosing col-wise multi-threading, the overhead of testing was 0.179223 seconds.
You can set `force_col_wise=true` to remove the overhead.
[LightGBM] [Info] Total Bins 7226
[LightGBM] [Info] Number of data points in the train set: 92562, number of used features: 35
[LightGBM] [Info] Start training from score 5742.764195
[LightGBM] [Info] Auto-choosing col-wise multi-threading, the overhead of testing was 0.174253 seconds.
You can set `force_col_wise=true` to remove the overhead.
[LightGBM] [Info] Total Bins 7226
[LightGBM] [Info] Number of data points in the train set: 92562, number of used features: 35
[LightGBM] [Info] Start training from score 5742.762417
[LightGBM] [Info] Auto-choosing col-wise multi-threading, the overhead of testing was 0.188450 seconds.
You can set `force_col_wise=true` to remove the overhead.
[LightGBM] [Info] Total Bins 7226
[LightGBM] [Info] Number of data points in the train set: 92562, number of used features: 35
[LightGBM] [Info] Start training from score 5742.760664
[LightGBM] [Info] Auto-choosing col-wise multi-threading, the overhead of testing was 0.212535 seconds.
You can set `force_col_wise=true` to remove the overhead.
[LightGBM] [Info] Total Bins 7226
[LightGBM] [Info] Number of data points in the train set: 92562, number of used features: 35
[LightGBM] [Info] Start training from score 5742.758600
[LightGBM] [Info] Auto-choosing col-wise multi-threading, the overhead of testing was 0.166629 seconds.
You can set `force_col_wise=true` to remove the overhead.
[LightGBM] [Info] Total Bins 7226
[LightGBM] [Info] Number of data points in the train set: 92562, number of used features: 35
[LightGBM] [Info] Start training from score 5742.741607
[LightGBM] [Info] Auto-choosing col-wise multi-threading, the overhead of testing was 0.204466 seconds.
You can set `force_col_wise=true` to remove the overhead.
[LightGBM] [Info] Total Bins 7226
[LightGBM] [Info] Number of data points in the train set: 92562, number of used features: 35
[LightGBM] [Info] Start training from score 5742.753040
[LightGBM] [Info] Auto-choosing col-wise multi-threading, the overhead of testing was 0.214301 seconds.
You can set `force_col_wise=true` to remove the overhead.
[LightGBM] [Info] Total Bins 7226
[LightGBM] [Info] Number of data points in the train set: 92562, number of used features: 35
[LightGBM] [Info] Start training from score 5742.731599
[LightGBM] [Info] Auto-choosing col-wise multi-threading, the overhead of testing was 0.154082 seconds.
You can set `force_col_wise=true` to remove the overhead.
[LightGBM] [Info] Total Bins 7226
[LightGBM] [Info] Number of data points in the train set: 92562, number of used features: 35
[LightGBM] [Info] Start training from score 5742.721072
[LightGBM] [Info] Auto-choosing col-wise multi-threading, the overhead of testing was 0.127569 seconds.
You can set `force_col_wise=true` to remove the overhead.
[LightGBM] [Info] Total Bins 7226
[LightGBM] [Info] Number of data points in the train set: 92562, number of used features: 35
[LightGBM] [Info] Start training from score 5742.712501
[LightGBM] [Info] Auto-choosing col-wise multi-threading, the overhead of testing was 0.129870 seconds.
You can set `force_col_wise=true` to remove the overhead.
[LightGBM] [Info] Total Bins 7226
[LightGBM] [Info] Number of data points in the train set: 92562, number of used features: 35
[LightGBM] [Info] Start training from score 5742.707019
[LightGBM] [Info] Auto-choosing col-wise multi-threading, the overhead of testing was 0.137411 seconds.
You can set `force_col_wise=true` to remove the overhead.
[LightGBM] [Info] Total Bins 7226
[LightGBM] [Info] Number of data points in the train set: 92562, number of used features: 35
[LightGBM] [Info] Start training from score 5742.704511
   [fit] key=2025-W32 cutoff=2025-08-04 11:00:00  (block 66/92)
[LightGBM] [Info] Auto-choosing col-wise multi-threading, the overhead of testing was 0.163585 seconds.
You can set `force_col_wise=true` to remove the overhead.
[LightGBM] [Info] Total Bins 7226
[LightGBM] [Info] Number of data points in the train set: 92730, number of used features: 35
[LightGBM] [Info] Start training from score 5744.818666
[LightGBM] [Info] Auto-choosing col-wise multi-threading, the overhead of testing was 0.205657 seconds.
You can set `force_col_wise=true` to remove the overhead.
[LightGBM] [Info] Total Bins 7226
[LightGBM] [Info] Number of data points in the train set: 92730, number of used features: 35
[LightGBM] [Info] Start training from score 5744.633607
[LightGBM] [Info] Auto-choosing col-wise multi-threading, the overhead of testing was 0.220865 seconds.
You can set `force_col_wise=true` to remove the overhead.
[LightGBM] [Info] Total Bins 7226
[LightGBM] [Info] Number of data points in the train set: 92730, number of used features: 35
[LightGBM] [Info] Start training from score 5744.816153
[LightGBM] [Info] Auto-choosing col-wise multi-threading, the overhead of testing was 0.169755 seconds.
You can set `force_col_wise=true` to remove the overhead.
[LightGBM] [Info] Total Bins 7226
[LightGBM] [Info] Number of data points in the train set: 92730, number of used features: 35
[LightGBM] [Info] Start training from score 5744.820922
[LightGBM] [Info] Auto-choosing col-wise multi-threading, the overhead of testing was 0.160728 seconds.
You can set `force_col_wise=true` to remove the overhead.
[LightGBM] [Info] Total Bins 7226
[LightGBM] [Info] Number of data points in the train set: 92730, number of used features: 35
[LightGBM] [Info] Start training from score 5744.798978
[LightGBM] [Info] Auto-choosing col-wise multi-threading, the overhead of testing was 0.175252 seconds.
You can set `force_col_wise=true` to remove the overhead.
[LightGBM] [Info] Total Bins 7226
[LightGBM] [Info] Auto-choosing col-wise multi-threading, the overhead of testing was 0.187031 seconds.
You can set `force_col_wise=true` to remove the overhead.
[LightGBM] [Info] Total Bins 7226
[LightGBM] [Info] Number of data points in the train set: 92730, number of used features: 35
[LightGBM] [Info] Start training from score 5744.809138
[LightGBM] [Info] Number of data points in the train set: 92730, number of used features: 35
[LightGBM] [Info] Start training from score 5744.756573
[LightGBM] [Info] Auto-choosing col-wise multi-threading, the overhead of testing was 0.181693 seconds.
You can set `force_col_wise=true` to remove the overhead.
[LightGBM] [Info] Total Bins 7226
[LightGBM] [Info] Number of data points in the train set: 92730, number of used features: 35
[LightGBM] [Info] Start training from score 5744.599911
[LightGBM] [Info] Auto-choosing col-wise multi-threading, the overhead of testing was 0.159524 seconds.
You can set `force_col_wise=true` to remove the overhead.
[LightGBM] [Info] Total Bins 7226
[LightGBM] [Info] Auto-choosing col-wise multi-threading, the overhead of testing was 0.162836 seconds.
You can set `force_col_wise=true` to remove the overhead.
[LightGBM] [Info] Number of data points in the train set: 92730, number of used features: 35
[LightGBM] [Info] Total Bins 7226
[LightGBM] [Info] Start training from score 5744.583149
[LightGBM] [Info] Number of data points in the train set: 92730, number of used features: 35
[LightGBM] [Info] Start training from score 5744.617533
[LightGBM] [Info] Auto-choosing col-wise multi-threading, the overhead of testing was 0.162240 seconds.
You can set `force_col_wise=true` to remove the overhead.
[LightGBM] [Info] Total Bins 7226
[LightGBM] [Info] Auto-choosing col-wise multi-threading, the overhead of testing was 0.172576 seconds.
You can set `force_col_wise=true` to remove the overhead.
[LightGBM] [Info] Total Bins 7226
[LightGBM] [Info] Number of data points in the train set: 92730, number of used features: 35
[LightGBM] [Info] Number of data points in the train set: 92730, number of used features: 35
[LightGBM] [Info] Start training from score 5744.813074
[LightGBM] [Info] Start training from score 5744.653631
[LightGBM] [Info] Auto-choosing col-wise multi-threading, the overhead of testing was 0.185600 seconds.
You can set `force_col_wise=true` to remove the overhead.
[LightGBM] [Info] Total Bins 7226
[LightGBM] [Info] Number of data points in the train set: 92730, number of used features: 35
[LightGBM] [Info] Start training from score 5744.702325
[LightGBM] [Info] Auto-choosing col-wise multi-threading, the overhead of testing was 0.166635 seconds.
You can set `force_col_wise=true` to remove the overhead.
[LightGBM] [Info] Total Bins 7226
[LightGBM] [Info] Auto-choosing col-wise multi-threading, the overhead of testing was 0.170573 seconds.
You can set `force_col_wise=true` to remove the overhead.
[LightGBM] [Info] Total Bins 7226
[LightGBM] [Info] Number of data points in the train set: 92730, number of used features: 35
[LightGBM] [Info] Start training from score 5744.676615
[LightGBM] [Info] Auto-choosing col-wise multi-threading, the overhead of testing was 0.168879 seconds.
You can set `force_col_wise=true` to remove the overhead.
[LightGBM] [Info] Total Bins 7226
[LightGBM] [Info] Number of data points in the train set: 92730, number of used features: 35
[LightGBM] [Info] Start training from score 5744.730108
[LightGBM] [Info] Number of data points in the train set: 92730, number of used features: 35
[LightGBM] [Info] Start training from score 5744.779023
[LightGBM] [Info] Auto-choosing col-wise multi-threading, the overhead of testing was 0.208931 seconds.
You can set `force_col_wise=true` to remove the overhead.
[LightGBM] [Info] Total Bins 7226
[LightGBM] [Info] Number of data points in the train set: 92730, number of used features: 35
[LightGBM] [Info] Start training from score 5744.565173
[LightGBM] [Info] Auto-choosing col-wise multi-threading, the overhead of testing was 0.191796 seconds.
You can set `force_col_wise=true` to remove the overhead.
[LightGBM] [Info] Total Bins 7226
[LightGBM] [Info] Number of data points in the train set: 92730, number of used features: 35
[LightGBM] [Info] Start training from score 5744.516113
[LightGBM] [Info] Auto-choosing col-wise multi-threading, the overhead of testing was 0.167121 seconds.
You can set `force_col_wise=true` to remove the overhead.
[LightGBM] [Info] Total Bins 7226
[LightGBM] [Info] Number of data points in the train set: 92730, number of used features: 35
[LightGBM] [Info] Start training from score 5744.540671
[LightGBM] [Info] Auto-choosing col-wise multi-threading, the overhead of testing was 0.197883 seconds.
You can set `force_col_wise=true` to remove the overhead.
[LightGBM] [Info] Total Bins 7226
[LightGBM] [Info] Number of data points in the train set: 92730, number of used features: 35
[LightGBM] [Info] Start training from score 5744.493196
[LightGBM] [Info] Auto-choosing col-wise multi-threading, the overhead of testing was 0.210357 seconds.
You can set `force_col_wise=true` to remove the overhead.
[LightGBM] [Info] Total Bins 7226
[LightGBM] [Info] Number of data points in the train set: 92730, number of used features: 35
[LightGBM] [Info] Start training from score 5744.478395
[LightGBM] [Info] Auto-choosing col-wise multi-threading, the overhead of testing was 0.161620 seconds.
You can set `force_col_wise=true` to remove the overhead.
[LightGBM] [Info] Total Bins 7226
[LightGBM] [Info] Number of data points in the train set: 92730, number of used features: 35
[LightGBM] [Info] Start training from score 5744.469652
[LightGBM] [Info] Auto-choosing col-wise multi-threading, the overhead of testing was 0.185668 seconds.
You can set `force_col_wise=true` to remove the overhead.
[LightGBM] [Info] Total Bins 7226
[LightGBM] [Info] Number of data points in the train set: 92730, number of used features: 35
[LightGBM] [Info] Start training from score 5744.464487
[LightGBM] [Info] Auto-choosing col-wise multi-threading, the overhead of testing was 0.191818 seconds.
You can set `force_col_wise=true` to remove the overhead.
[LightGBM] [Info] Total Bins 7226
[LightGBM] [Info] Number of data points in the train set: 92730, number of used features: 35
[LightGBM] [Info] Start training from score 5744.463490
[LightGBM] [Info] Auto-choosing col-wise multi-threading, the overhead of testing was 0.198127 seconds.
You can set `force_col_wise=true` to remove the overhead.
[LightGBM] [Info] Total Bins 7226
[LightGBM] [Info] Number of data points in the train set: 92730, number of used features: 35
[LightGBM] [Info] Start training from score 5744.465452
[LightGBM] [Info] Auto-choosing col-wise multi-threading, the overhead of testing was 0.185572 seconds.
You can set `force_col_wise=true` to remove the overhead.
[LightGBM] [Info] Total Bins 7226
[LightGBM] [Info] Number of data points in the train set: 92730, number of used features: 35
[LightGBM] [Info] Start training from score 5744.465205
[LightGBM] [Info] Auto-choosing col-wise multi-threading, the overhead of testing was 0.176339 seconds.
You can set `force_col_wise=true` to remove the overhead.
[LightGBM] [Info] Total Bins 7226
[LightGBM] [Info] Number of data points in the train set: 92730, number of used features: 35
[LightGBM] [Info] Start training from score 5744.464778
[LightGBM] [Info] Auto-choosing col-wise multi-threading, the overhead of testing was 0.230308 seconds.
You can set `force_col_wise=true` to remove the overhead.
[LightGBM] [Info] Total Bins 7226
[LightGBM] [Info] Number of data points in the train set: 92730, number of used features: 35
[LightGBM] [Info] Start training from score 5744.463740
[LightGBM] [Info] Auto-choosing col-wise multi-threading, the overhead of testing was 0.242903 seconds.
You can set `force_col_wise=true` to remove the overhead.
[LightGBM] [Info] Total Bins 7226
[LightGBM] [Info] Number of data points in the train set: 92730, number of used features: 35
[LightGBM] [Info] Start training from score 5744.461658
[LightGBM] [Info] Auto-choosing col-wise multi-threading, the overhead of testing was 0.198241 seconds.
You can set `force_col_wise=true` to remove the overhead.
[LightGBM] [Info] Total Bins 7226
[LightGBM] [Info] Number of data points in the train set: 92730, number of used features: 35
[LightGBM] [Info] Start training from score 5744.455839
[LightGBM] [Info] Auto-choosing col-wise multi-threading, the overhead of testing was 0.215405 seconds.
You can set `force_col_wise=true` to remove the overhead.
[LightGBM] [Info] Total Bins 7226
[LightGBM] [Info] Number of data points in the train set: 92730, number of used features: 35
[LightGBM] [Info] Start training from score 5744.442884
[LightGBM] [Info] Auto-choosing col-wise multi-threading, the overhead of testing was 0.179423 seconds.
You can set `force_col_wise=true` to remove the overhead.
[LightGBM] [Info] Total Bins 7226
[LightGBM] [Info] Number of data points in the train set: 92730, number of used features: 35
[LightGBM] [Info] Start training from score 5744.429778
[LightGBM] [Info] Auto-choosing col-wise multi-threading, the overhead of testing was 0.151353 seconds.
You can set `force_col_wise=true` to remove the overhead.
[LightGBM] [Info] Total Bins 7226
[LightGBM] [Info] Number of data points in the train set: 92730, number of used features: 35
[LightGBM] [Info] Start training from score 5744.416056
[LightGBM] [Info] Auto-choosing col-wise multi-threading, the overhead of testing was 0.140820 seconds.
You can set `force_col_wise=true` to remove the overhead.
[LightGBM] [Info] Total Bins 7226
[LightGBM] [Info] Number of data points in the train set: 92730, number of used features: 35
[LightGBM] [Info] Start training from score 5744.404222
[LightGBM] [Info] Auto-choosing col-wise multi-threading, the overhead of testing was 0.136889 seconds.
You can set `force_col_wise=true` to remove the overhead.
[LightGBM] [Info] Total Bins 7226
[LightGBM] [Info] Number of data points in the train set: 92730, number of used features: 35
[LightGBM] [Info] Start training from score 5744.395137
[LightGBM] [Info] Auto-choosing col-wise multi-threading, the overhead of testing was 0.159017 seconds.
You can set `force_col_wise=true` to remove the overhead.
[LightGBM] [Info] Total Bins 7226
[LightGBM] [Info] Number of data points in the train set: 92730, number of used features: 35
[LightGBM] [Info] Start training from score 5744.389830
   [fit] key=2025-W33 cutoff=2025-08-11 11:00:00  (block 73/92)
[LightGBM] [Info] Auto-choosing col-wise multi-threading, the overhead of testing was 0.166686 seconds.
You can set `force_col_wise=true` to remove the overhead.
[LightGBM] [Info] Total Bins 7226
[LightGBM] [Info] Number of data points in the train set: 92898, number of used features: 35
[LightGBM] [Info] Start training from score 5745.977016
[LightGBM] [Info] Auto-choosing col-wise multi-threading, the overhead of testing was 0.174457 seconds.
You can set `force_col_wise=true` to remove the overhead.
[LightGBM] [Info] Total Bins 7226
[LightGBM] [Info] Number of data points in the train set: 92898, number of used features: 35
[LightGBM] [Info] Start training from score 5745.694738
[LightGBM] [Info] Auto-choosing col-wise multi-threading, the overhead of testing was 0.166203 seconds.
You can set `force_col_wise=true` to remove the overhead.
[LightGBM] [Info] Total Bins 7226
[LightGBM] [Info] Number of data points in the train set: 92898, number of used features: 35
[LightGBM] [Info] Start training from score 5745.985910
[LightGBM] [Info] Auto-choosing col-wise multi-threading, the overhead of testing was 0.174818 seconds.
You can set `force_col_wise=true` to remove the overhead.
[LightGBM] [Info] Total Bins 7226
[LightGBM] [Info] Number of data points in the train set: 92898, number of used features: 35
[LightGBM] [Info] Start training from score 5745.784694
[LightGBM] [Info] Auto-choosing col-wise multi-threading, the overhead of testing was 0.193808 seconds.
You can set `force_col_wise=true` to remove the overhead.
[LightGBM] [Info] Auto-choosing col-wise multi-threading, the overhead of testing was 0.181391 seconds.
You can set `force_col_wise=true` to remove the overhead.
[LightGBM] [Info] Total Bins 7226
[LightGBM] [Info] Total Bins 7226
[LightGBM] [Info] Number of data points in the train set: 92898, number of used features: 35
[LightGBM] [Info] Number of data points in the train set: 92898, number of used features: 35
[LightGBM] [Info] Start training from score 5745.722290
[LightGBM] [Info] Start training from score 5745.959669
[LightGBM] [Info] Auto-choosing col-wise multi-threading, the overhead of testing was 0.196054 seconds.
You can set `force_col_wise=true` to remove the overhead.
[LightGBM] [Info] Total Bins 7226
[LightGBM] [Info] Number of data points in the train set: 92898, number of used features: 35
[LightGBM] [Info] Start training from score 5745.752827
[LightGBM] [Info] Auto-choosing col-wise multi-threading, the overhead of testing was 0.226575 seconds.
You can set `force_col_wise=true` to remove the overhead.
[LightGBM] [Info] Total Bins 7226
[LightGBM] [Info] Number of data points in the train set: 92898, number of used features: 35
[LightGBM] [Info] Start training from score 5745.968093
[LightGBM] [Info] Auto-choosing col-wise multi-threading, the overhead of testing was 0.218257 seconds.
You can set `force_col_wise=true` to remove the overhead.
[LightGBM] [Info] Total Bins 7226
[LightGBM] [Info] Number of data points in the train set: 92898, number of used features: 35
[LightGBM] [Info] Start training from score 5745.817656
[LightGBM] [Info] Auto-choosing col-wise multi-threading, the overhead of testing was 0.225159 seconds.
You can set `force_col_wise=true` to remove the overhead.
[LightGBM] [Info] Auto-choosing col-wise multi-threading, the overhead of testing was 0.207657 seconds.
You can set `force_col_wise=true` to remove the overhead.
[LightGBM] [Info] Total Bins 7226
[LightGBM] [Info] Total Bins 7226
[LightGBM] [Info] Number of data points in the train set: 92898, number of used features: 35
[LightGBM] [Info] Start training from score 5745.851579
[LightGBM] [Info] Auto-choosing col-wise multi-threading, the overhead of testing was 0.210868 seconds.
You can set `force_col_wise=true` to remove the overhead.
[LightGBM] [Info] Total Bins 7226
[LightGBM] [Info] Number of data points in the train set: 92898, number of used features: 35
[LightGBM] [Info] Start training from score 5745.935792
[LightGBM] [Info] Number of data points in the train set: 92898, number of used features: 35
[LightGBM] [Info] Start training from score 5745.950638
[LightGBM] [Info] Auto-choosing col-wise multi-threading, the overhead of testing was 0.212400 seconds.
You can set `force_col_wise=true` to remove the overhead.
[LightGBM] [Info] Total Bins 7226
[LightGBM] [Info] Number of data points in the train set: 92898, number of used features: 35
[LightGBM] [Info] Start training from score 5745.911492
[LightGBM] [Info] Auto-choosing col-wise multi-threading, the overhead of testing was 0.206764 seconds.
You can set `force_col_wise=true` to remove the overhead.
[LightGBM] [Info] Total Bins 7226
[LightGBM] [Info] Number of data points in the train set: 92898, number of used features: 35
[LightGBM] [Info] Start training from score 5745.665436
[LightGBM] [Info] Auto-choosing col-wise multi-threading, the overhead of testing was 0.195681 seconds.
You can set `force_col_wise=true` to remove the overhead.
[LightGBM] [Info] Total Bins 7226
[LightGBM] [Info] Number of data points in the train set: 92898, number of used features: 35
[LightGBM] [Info] Start training from score 5745.883700
[LightGBM] [Info] Auto-choosing col-wise multi-threading, the overhead of testing was 0.205989 seconds.
You can set `force_col_wise=true` to remove the overhead.
[LightGBM] [Info] Total Bins 7226
[LightGBM] [Info] Number of data points in the train set: 92898, number of used features: 35
[LightGBM] [Info] Start training from score 5745.636853
[LightGBM] [Info] Auto-choosing col-wise multi-threading, the overhead of testing was 0.179476 seconds.
You can set `force_col_wise=true` to remove the overhead.
[LightGBM] [Info] Total Bins 7226
[LightGBM] [Info] Number of data points in the train set: 92898, number of used features: 35
[LightGBM] [Info] Start training from score 5745.607349
[LightGBM] [Info] Auto-choosing col-wise multi-threading, the overhead of testing was 0.211435 seconds.
You can set `force_col_wise=true` to remove the overhead.
[LightGBM] [Info] Total Bins 7226
[LightGBM] [Info] Number of data points in the train set: 92898, number of used features: 35
[LightGBM] [Info] Start training from score 5745.537268
[LightGBM] [Info] Auto-choosing col-wise multi-threading, the overhead of testing was 0.234358 seconds.
You can set `force_col_wise=true` to remove the overhead.
[LightGBM] [Info] Total Bins 7226
[LightGBM] [Info] Number of data points in the train set: 92898, number of used features: 35
[LightGBM] [Info] Start training from score 5745.572106
[LightGBM] [Info] Auto-choosing col-wise multi-threading, the overhead of testing was 0.180552 seconds.
You can set `force_col_wise=true` to remove the overhead.
[LightGBM] [Info] Total Bins 7226
[LightGBM] [Info] Number of data points in the train set: 92898, number of used features: 35
[LightGBM] [Info] Start training from score 5745.505964
[LightGBM] [Info] Auto-choosing col-wise multi-threading, the overhead of testing was 0.189850 seconds.
You can set `force_col_wise=true` to remove the overhead.
[LightGBM] [Info] Total Bins 7226
[LightGBM] [Info] Number of data points in the train set: 92898, number of used features: 35
[LightGBM] [Info] Start training from score 5745.482740
[LightGBM] [Info] Auto-choosing col-wise multi-threading, the overhead of testing was 0.214997 seconds.
You can set `force_col_wise=true` to remove the overhead.
[LightGBM] [Info] Total Bins 7226
[LightGBM] [Info] Number of data points in the train set: 92898, number of used features: 35
[LightGBM] [Info] Start training from score 5745.465605
[LightGBM] [Info] Auto-choosing col-wise multi-threading, the overhead of testing was 0.178417 seconds.
You can set `force_col_wise=true` to remove the overhead.
[LightGBM] [Info] Total Bins 7226
[LightGBM] [Info] Number of data points in the train set: 92898, number of used features: 35
[LightGBM] [Info] Start training from score 5745.451623
[LightGBM] [Info] Auto-choosing col-wise multi-threading, the overhead of testing was 0.165810 seconds.
You can set `force_col_wise=true` to remove the overhead.
[LightGBM] [Info] Total Bins 7226
[LightGBM] [Info] Number of data points in the train set: 92898, number of used features: 35
[LightGBM] [Info] Start training from score 5745.441607
[LightGBM] [Info] Auto-choosing col-wise multi-threading, the overhead of testing was 0.203981 seconds.
You can set `force_col_wise=true` to remove the overhead.
[LightGBM] [Info] Total Bins 7226
[LightGBM] [Info] Number of data points in the train set: 92898, number of used features: 35
[LightGBM] [Info] Start training from score 5745.434890
[LightGBM] [Info] Auto-choosing col-wise multi-threading, the overhead of testing was 0.183082 seconds.
You can set `force_col_wise=true` to remove the overhead.
[LightGBM] [Info] Total Bins 7226
[LightGBM] [Info] Number of data points in the train set: 92898, number of used features: 35
[LightGBM] [Info] Start training from score 5745.426601
[LightGBM] [Info] Auto-choosing col-wise multi-threading, the overhead of testing was 0.187648 seconds.
You can set `force_col_wise=true` to remove the overhead.
[LightGBM] [Info] Total Bins 7226
[LightGBM] [Info] Number of data points in the train set: 92898, number of used features: 35
[LightGBM] [Info] Start training from score 5745.418888
[LightGBM] [Info] Auto-choosing col-wise multi-threading, the overhead of testing was 0.174267 seconds.
You can set `force_col_wise=true` to remove the overhead.
[LightGBM] [Info] Total Bins 7226
[LightGBM] [Info] Number of data points in the train set: 92898, number of used features: 35
[LightGBM] [Info] Start training from score 5745.411307
[LightGBM] [Info] Auto-choosing col-wise multi-threading, the overhead of testing was 0.195778 seconds.
You can set `force_col_wise=true` to remove the overhead.
[LightGBM] [Info] Total Bins 7226
[LightGBM] [Info] Number of data points in the train set: 92898, number of used features: 35
[LightGBM] [Info] Start training from score 5745.403330
[LightGBM] [Info] Auto-choosing col-wise multi-threading, the overhead of testing was 0.181419 seconds.
You can set `force_col_wise=true` to remove the overhead.
[LightGBM] [Info] Total Bins 7226
[LightGBM] [Info] Number of data points in the train set: 92898, number of used features: 35
[LightGBM] [Info] Start training from score 5745.391988
[LightGBM] [Info] Auto-choosing col-wise multi-threading, the overhead of testing was 0.224077 seconds.
You can set `force_col_wise=true` to remove the overhead.
[LightGBM] [Info] Total Bins 7226
[LightGBM] [Info] Number of data points in the train set: 92898, number of used features: 35
[LightGBM] [Info] Start training from score 5745.373384
[LightGBM] [Info] Auto-choosing col-wise multi-threading, the overhead of testing was 0.235796 seconds.
You can set `force_col_wise=true` to remove the overhead.
[LightGBM] [Info] Total Bins 7226
[LightGBM] [Info] Number of data points in the train set: 92898, number of used features: 35
[LightGBM] [Info] Start training from score 5745.354855
[LightGBM] [Info] Auto-choosing col-wise multi-threading, the overhead of testing was 0.140993 seconds.
You can set `force_col_wise=true` to remove the overhead.
[LightGBM] [Info] Total Bins 7226
[LightGBM] [Info] Auto-choosing col-wise multi-threading, the overhead of testing was 0.137213 seconds.
You can set `force_col_wise=true` to remove the overhead.
[LightGBM] [Info] Total Bins 7226
[LightGBM] [Info] Number of data points in the train set: 92898, number of used features: 35
[LightGBM] [Info] Start training from score 5745.335582
[LightGBM] [Info] Number of data points in the train set: 92898, number of used features: 35
[LightGBM] [Info] Start training from score 5745.302419
[LightGBM] [Info] Auto-choosing col-wise multi-threading, the overhead of testing was 0.138688 seconds.
You can set `force_col_wise=true` to remove the overhead.
[LightGBM] [Info] Total Bins 7226
[LightGBM] [Info] Number of data points in the train set: 92898, number of used features: 35
[LightGBM] [Info] Start training from score 5745.317623
[LightGBM] [Info] Auto-choosing col-wise multi-threading, the overhead of testing was 0.137751 seconds.
You can set `force_col_wise=true` to remove the overhead.
[LightGBM] [Info] Total Bins 7226
[LightGBM] [Info] Number of data points in the train set: 92898, number of used features: 35
[LightGBM] [Info] Start training from score 5745.290436
   [fit] key=2025-W34 cutoff=2025-08-18 11:00:00  (block 80/92)
[LightGBM] [Info] Auto-choosing col-wise multi-threading, the overhead of testing was 0.170340 seconds.
You can set `force_col_wise=true` to remove the overhead.
[LightGBM] [Info] Total Bins 7226
[LightGBM] [Info] Number of data points in the train set: 93066, number of used features: 35
[LightGBM] [Info] Start training from score 5746.607633
[LightGBM] [Info] Auto-choosing col-wise multi-threading, the overhead of testing was 0.158666 seconds.
You can set `force_col_wise=true` to remove the overhead.
[LightGBM] [Info] Total Bins 7226
[LightGBM] [Info] Number of data points in the train set: 93066, number of used features: 35
[LightGBM] [Info] Start training from score 5746.666052
[LightGBM] [Info] Auto-choosing col-wise multi-threading, the overhead of testing was 0.166503 seconds.
You can set `force_col_wise=true` to remove the overhead.
[LightGBM] [Info] Total Bins 7226
[LightGBM] [Info] Number of data points in the train set: 93066, number of used features: 35
[LightGBM] [Info] Auto-choosing col-wise multi-threading, the overhead of testing was 0.180515 seconds.
You can set `force_col_wise=true` to remove the overhead.
[LightGBM] [Info] Start training from score 5746.726838
[LightGBM] [Info] Total Bins 7226
[LightGBM] [Info] Auto-choosing col-wise multi-threading, the overhead of testing was 0.174571 seconds.
You can set `force_col_wise=true` to remove the overhead.
[LightGBM] [Info] Total Bins 7226
[LightGBM] [Info] Auto-choosing col-wise multi-threading, the overhead of testing was 0.166553 seconds.
You can set `force_col_wise=true` to remove the overhead.
[LightGBM] [Info] Total Bins 7226
[LightGBM] [Info] Number of data points in the train set: 93066, number of used features: 35
[LightGBM] [Info] Start training from score 5746.733996
[LightGBM] [Info] Number of data points in the train set: 93066, number of used features: 35
[LightGBM] [Info] Auto-choosing col-wise multi-threading, the overhead of testing was 0.172576 seconds.
You can set `force_col_wise=true` to remove the overhead.
[LightGBM] [Info] Total Bins 7226
[LightGBM] [Info] Start training from score 5746.574911
[LightGBM] [Info] Number of data points in the train set: 93066, number of used features: 35
[LightGBM] [Info] Number of data points in the train set: 93066, number of used features: 35
[LightGBM] [Info] Start training from score 5746.638901
[LightGBM] [Info] Start training from score 5746.719392
[LightGBM] [Info] Auto-choosing col-wise multi-threading, the overhead of testing was 0.185618 seconds.
You can set `force_col_wise=true` to remove the overhead.
[LightGBM] [Info] Total Bins 7226
[LightGBM] [Info] Auto-choosing col-wise multi-threading, the overhead of testing was 0.196285 seconds.
You can set `force_col_wise=true` to remove the overhead.
[LightGBM] [Info] Total Bins 7226
[LightGBM] [Info] Number of data points in the train set: 93066, number of used features: 35
[LightGBM] [Info] Start training from score 5746.485304
[LightGBM] [Info] Number of data points in the train set: 93066, number of used features: 35
[LightGBM] [Info] Start training from score 5746.513755
[LightGBM] [Info] Auto-choosing col-wise multi-threading, the overhead of testing was 0.213933 seconds.
You can set `force_col_wise=true` to remove the overhead.
[LightGBM] [Info] Total Bins 7226
[LightGBM] [Info] Number of data points in the train set: 93066, number of used features: 35
[LightGBM] [Info] Start training from score 5746.689835
[LightGBM] [Info] Auto-choosing col-wise multi-threading, the overhead of testing was 0.229897 seconds.
You can set `force_col_wise=true` to remove the overhead.
[LightGBM] [Info] Total Bins 7226
[LightGBM] [Info] Number of data points in the train set: 93066, number of used features: 35
[LightGBM] [Info] Start training from score 5746.404610
[LightGBM] [Info] Auto-choosing col-wise multi-threading, the overhead of testing was 0.189197 seconds.
You can set `force_col_wise=true` to remove the overhead.
[LightGBM] [Info] Total Bins 7226
[LightGBM] [Info] Auto-choosing col-wise multi-threading, the overhead of testing was 0.196842 seconds.
You can set `force_col_wise=true` to remove the overhead.
[LightGBM] [Info] Total Bins 7226
[LightGBM] [Info] Number of data points in the train set: 93066, number of used features: 35
[LightGBM] [Info] Start training from score 5746.712111
[LightGBM] [Info] Number of data points in the train set: 93066, number of used features: 35
[LightGBM] [Info] Start training from score 5746.431841
[LightGBM] [Info] Auto-choosing col-wise multi-threading, the overhead of testing was 0.218609 seconds.
You can set `force_col_wise=true` to remove the overhead.
[LightGBM] [Info] Total Bins 7226
[LightGBM] [Info] Number of data points in the train set: 93066, number of used features: 35
[LightGBM] [Info] Start training from score 5746.543749
[LightGBM] [Info] Auto-choosing col-wise multi-threading, the overhead of testing was 0.206473 seconds.
You can set `force_col_wise=true` to remove the overhead.
[LightGBM] [Info] Total Bins 7226
[LightGBM] [Info] Number of data points in the train set: 93066, number of used features: 35
[LightGBM] [Info] Start training from score 5746.703881
[LightGBM] [Info] Auto-choosing col-wise multi-threading, the overhead of testing was 0.204962 seconds.
You can set `force_col_wise=true` to remove the overhead.
[LightGBM] [Info] Total Bins 7226
[LightGBM] [Info] Number of data points in the train set: 93066, number of used features: 35
[LightGBM] [Info] Start training from score 5746.459478
[LightGBM] [Info] Auto-choosing col-wise multi-threading, the overhead of testing was 0.177827 seconds.
You can set `force_col_wise=true` to remove the overhead.
[LightGBM] [Info] Total Bins 7226
[LightGBM] [Info] Auto-choosing col-wise multi-threading, the overhead of testing was 0.187281 seconds.
You can set `force_col_wise=true` to remove the overhead.
[LightGBM] [Info] Total Bins 7226
[LightGBM] [Info] Number of data points in the train set: 93066, number of used features: 35
[LightGBM] [Info] Number of data points in the train set: 93066, number of used features: 35
[LightGBM] [Info] Start training from score 5746.376835
[LightGBM] [Info] Start training from score 5746.343073
[LightGBM] [Info] Auto-choosing col-wise multi-threading, the overhead of testing was 0.218091 seconds.
You can set `force_col_wise=true` to remove the overhead.
[LightGBM] [Info] Total Bins 7226
[LightGBM] [Info] Number of data points in the train set: 93066, number of used features: 35
[LightGBM] [Info] Start training from score 5746.308869
[LightGBM] [Info] Auto-choosing col-wise multi-threading, the overhead of testing was 0.191178 seconds.
You can set `force_col_wise=true` to remove the overhead.
[LightGBM] [Info] Total Bins 7226
[LightGBM] [Info] Number of data points in the train set: 93066, number of used features: 35
[LightGBM] [Info] Start training from score 5746.278405
[LightGBM] [Info] Auto-choosing col-wise multi-threading, the overhead of testing was 0.173570 seconds.
You can set `force_col_wise=true` to remove the overhead.
[LightGBM] [Info] Total Bins 7226
[LightGBM] [Info] Number of data points in the train set: 93066, number of used features: 35
[LightGBM] [Info] Start training from score 5746.255255
[LightGBM] [Info] Auto-choosing col-wise multi-threading, the overhead of testing was 0.204654 seconds.
You can set `force_col_wise=true` to remove the overhead.
[LightGBM] [Info] Total Bins 7226
[LightGBM] [Info] Number of data points in the train set: 93066, number of used features: 35
[LightGBM] [Info] Start training from score 5746.238130
[LightGBM] [Info] Auto-choosing col-wise multi-threading, the overhead of testing was 0.180906 seconds.
You can set `force_col_wise=true` to remove the overhead.
[LightGBM] [Info] Total Bins 7226
[LightGBM] [Info] Number of data points in the train set: 93066, number of used features: 35
[LightGBM] [Info] Start training from score 5746.224163
[LightGBM] [Info] Auto-choosing col-wise multi-threading, the overhead of testing was 0.177503 seconds.
You can set `force_col_wise=true` to remove the overhead.
[LightGBM] [Info] Total Bins 7226
[LightGBM] [Info] Number of data points in the train set: 93066, number of used features: 35
[LightGBM] [Info] Start training from score 5746.213992
[LightGBM] [Info] Auto-choosing col-wise multi-threading, the overhead of testing was 0.163575 seconds.
You can set `force_col_wise=true` to remove the overhead.
[LightGBM] [Info] Total Bins 7226
[LightGBM] [Info] Number of data points in the train set: 93066, number of used features: 35
[LightGBM] [Info] Start training from score 5746.206707
[LightGBM] [Info] Auto-choosing col-wise multi-threading, the overhead of testing was 0.183387 seconds.
You can set `force_col_wise=true` to remove the overhead.
[LightGBM] [Info] Total Bins 7226
[LightGBM] [Info] Number of data points in the train set: 93066, number of used features: 35
[LightGBM] [Info] Start training from score 5746.197531
[LightGBM] [Info] Auto-choosing col-wise multi-threading, the overhead of testing was 0.204729 seconds.
You can set `force_col_wise=true` to remove the overhead.
[LightGBM] [Info] Total Bins 7226
[LightGBM] [Info] Number of data points in the train set: 93066, number of used features: 35
[LightGBM] [Info] Start training from score 5746.188972
[LightGBM] [Info] Auto-choosing col-wise multi-threading, the overhead of testing was 0.171023 seconds.
You can set `force_col_wise=true` to remove the overhead.
[LightGBM] [Info] Total Bins 7226
[LightGBM] [Info] Number of data points in the train set: 93066, number of used features: 35
[LightGBM] [Info] Start training from score 5746.180502
[LightGBM] [Info] Auto-choosing col-wise multi-threading, the overhead of testing was 0.214092 seconds.
You can set `force_col_wise=true` to remove the overhead.
[LightGBM] [Info] Total Bins 7226
[LightGBM] [Info] Number of data points in the train set: 93066, number of used features: 35
[LightGBM] [Info] Start training from score 5746.171905
[LightGBM] [Info] Auto-choosing col-wise multi-threading, the overhead of testing was 0.197064 seconds.
You can set `force_col_wise=true` to remove the overhead.
[LightGBM] [Info] Total Bins 7226
[LightGBM] [Info] Number of data points in the train set: 93066, number of used features: 35
[LightGBM] [Info] Start training from score 5746.160702
[LightGBM] [Info] Auto-choosing col-wise multi-threading, the overhead of testing was 0.206376 seconds.
You can set `force_col_wise=true` to remove the overhead.
[LightGBM] [Info] Total Bins 7226
[LightGBM] [Info] Number of data points in the train set: 93066, number of used features: 35
[LightGBM] [Info] Start training from score 5746.143184
[LightGBM] [Info] Auto-choosing col-wise multi-threading, the overhead of testing was 0.186235 seconds.
You can set `force_col_wise=true` to remove the overhead.
[LightGBM] [Info] Total Bins 7226
[LightGBM] [Info] Number of data points in the train set: 93066, number of used features: 35
[LightGBM] [Info] Start training from score 5746.126677
[LightGBM] [Info] Auto-choosing col-wise multi-threading, the overhead of testing was 0.128325 seconds.
You can set `force_col_wise=true` to remove the overhead.
[LightGBM] [Info] Total Bins 7226
[LightGBM] [Info] Number of data points in the train set: 93066, number of used features: 35
[LightGBM] [Info] Start training from score 5746.109104
[LightGBM] [Info] Auto-choosing col-wise multi-threading, the overhead of testing was 0.159588 seconds.
You can set `force_col_wise=true` to remove the overhead.
[LightGBM] [Info] Total Bins 7226
[LightGBM] [Info] Number of data points in the train set: 93066, number of used features: 35
[LightGBM] [Info] Start training from score 5746.093058
[LightGBM] [Info] Auto-choosing col-wise multi-threading, the overhead of testing was 0.126886 seconds.
You can set `force_col_wise=true` to remove the overhead.
[LightGBM] [Info] Total Bins 7226
[LightGBM] [Info] Number of data points in the train set: 93066, number of used features: 35
[LightGBM] [Info] Start training from score 5746.079299
[LightGBM] [Info] Auto-choosing col-wise multi-threading, the overhead of testing was 0.164561 seconds.
You can set `force_col_wise=true` to remove the overhead.
[LightGBM] [Info] Total Bins 7226
[LightGBM] [Info] Number of data points in the train set: 93066, number of used features: 35
[LightGBM] [Info] Start training from score 5746.068080
   [fit] key=2025-W35 cutoff=2025-08-25 11:00:00  (block 87/92)
   [done] 92 blocks σε 1970.8s

📊 RESULT | MAE=299.645 MW | RMSE=412.9029 | sMAPE=4.3338% | n=2208
💾 saved: runs/load_direct/summer_lgbm_dirw_g12_dense.json
--- [2026-07-17 01:15:56] OK  runs/load_direct/summer_lgbm_dirw_g12_dense.json  (1978s)

=== [2026-07-17 01:15:56] RUN -> runs/load_direct/summer_lgbm_dirw_g12_genlags.json
[LightGBM] [Info] Auto-choosing col-wise multi-threading, the overhead of testing was 0.173644 seconds.
You can set `force_col_wise=true` to remove the overhead.
[LightGBM] [Info] Total Bins 7226
[LightGBM] [Info] Number of data points in the train set: 91002, number of used features: 35
[LightGBM] [Info] Start training from score 5724.449785
[LightGBM] [Info] Auto-choosing col-wise multi-threading, the overhead of testing was 0.164069 seconds.
You can set `force_col_wise=true` to remove the overhead.
[LightGBM] [Info] Total Bins 7226
[LightGBM] [Info] Auto-choosing col-wise multi-threading, the overhead of testing was 0.158922 seconds.
You can set `force_col_wise=true` to remove the overhead.
[LightGBM] [Info] Total Bins 7226
[LightGBM] [Info] Number of data points in the train set: 91002, number of used features: 35
[LightGBM] [Info] Start training from score 5724.290176
[LightGBM] [Info] Number of data points in the train set: 91002, number of used features: 35
[LightGBM] [Info] Auto-choosing col-wise multi-threading, the overhead of testing was 0.169671 seconds.
You can set `force_col_wise=true` to remove the overhead.
[LightGBM] [Info] Start training from score 5724.380627
[LightGBM] [Info] Total Bins 7226
[LightGBM] [Info] Number of data points in the train set: 91002, number of used features: 35
[LightGBM] [Info] Start training from score 5724.430214
[LightGBM] [Info] Auto-choosing row-wise multi-threading, the overhead of testing was 0.102013 seconds.
You can set `force_row_wise=true` to remove the overhead.
And if memory is not enough, you can set `force_col_wise=true`.
[LightGBM] [Info] Total Bins 7226
[LightGBM] [Info] Auto-choosing row-wise multi-threading, the overhead of testing was 0.083350 seconds.
You can set `force_row_wise=true` to remove the overhead.
And if memory is not enough, you can set `force_col_wise=true`.
[LightGBM] [Info] Total Bins 7226
[LightGBM] [Info] Number of data points in the train set: 91002, number of used features: 35
[LightGBM] [Info] Start training from score 5724.322564
[LightGBM] [Info] Number of data points in the train set: 91002, number of used features: 35
[LightGBM] [Info] Start training from score 5724.491559
[LightGBM] [Info] Auto-choosing row-wise multi-threading, the overhead of testing was 0.103735 seconds.
You can set `force_row_wise=true` to remove the overhead.
And if memory is not enough, you can set `force_col_wise=true`.
[LightGBM] [Info] Total Bins 7226
[LightGBM] [Info] Auto-choosing row-wise multi-threading, the overhead of testing was 0.088346 seconds.
You can set `force_row_wise=true` to remove the overhead.
And if memory is not enough, you can set `force_col_wise=true`.
[LightGBM] [Info] Total Bins 7226
[LightGBM] [Info] Auto-choosing col-wise multi-threading, the overhead of testing was 0.243372 seconds.
You can set `force_col_wise=true` to remove the overhead.
[LightGBM] [Info] Total Bins 7226
[LightGBM] [Info] Number of data points in the train set: 91002, number of used features: 35
[LightGBM] [Info] Start training from score 5724.353146
[LightGBM] [Info] Number of data points in the train set: 91002, number of used features: 35
[LightGBM] [Info] Number of data points in the train set: 91002, number of used features: 35
[LightGBM] [Info] Start training from score 5724.407773
[LightGBM] [Info] Start training from score 5724.226008
[LightGBM] [Info] Auto-choosing col-wise multi-threading, the overhead of testing was 0.259452 seconds.
You can set `force_col_wise=true` to remove the overhead.
[LightGBM] [Info] Total Bins 7226
[LightGBM] [Info] Auto-choosing col-wise multi-threading, the overhead of testing was 0.274832 seconds.
You can set `force_col_wise=true` to remove the overhead.
[LightGBM] [Info] Total Bins 7226
[LightGBM] [Info] Auto-choosing col-wise multi-threading, the overhead of testing was 0.272938 seconds.
You can set `force_col_wise=true` to remove the overhead.
[LightGBM] [Info] Number of data points in the train set: 91002, number of used features: 35
[LightGBM] [Info] Auto-choosing col-wise multi-threading, the overhead of testing was 0.248544 seconds.
You can set `force_col_wise=true` to remove the overhead.
[LightGBM] [Info] Total Bins 7226
[LightGBM] [Info] Number of data points in the train set: 91002, number of used features: 35
[LightGBM] [Info] Total Bins 7226
[LightGBM] [Info] Start training from score 5724.164203
[LightGBM] [Info] Start training from score 5724.513550
[LightGBM] [Info] Auto-choosing col-wise multi-threading, the overhead of testing was 0.263713 seconds.
You can set `force_col_wise=true` to remove the overhead.
[LightGBM] [Info] Total Bins 7226
[LightGBM] [Info] Auto-choosing col-wise multi-threading, the overhead of testing was 0.244328 seconds.
You can set `force_col_wise=true` to remove the overhead.
[LightGBM] [Info] Number of data points in the train set: 91002, number of used features: 35
[LightGBM] [Info] Start training from score 5724.470022
[LightGBM] [Info] Number of data points in the train set: 91002, number of used features: 35
[LightGBM] [Info] Total Bins 7226
[LightGBM] [Info] Start training from score 5724.194186
[LightGBM] [Info] Auto-choosing col-wise multi-threading, the overhead of testing was 0.224374 seconds.
You can set `force_col_wise=true` to remove the overhead.
[LightGBM] [Info] Total Bins 7226
[LightGBM] [Info] Number of data points in the train set: 91002, number of used features: 35
[LightGBM] [Info] Start training from score 5724.258143
[LightGBM] [Info] Number of data points in the train set: 91002, number of used features: 35
[LightGBM] [Info] Start training from score 5724.093739
[LightGBM] [Info] Number of data points in the train set: 91002, number of used features: 35
[LightGBM] [Info] Start training from score 5724.129532
[LightGBM] [Info] Auto-choosing col-wise multi-threading, the overhead of testing was 0.164916 seconds.
You can set `force_col_wise=true` to remove the overhead.
[LightGBM] [Info] Total Bins 7226
[LightGBM] [Info] Number of data points in the train set: 91002, number of used features: 35
[LightGBM] [Info] Start training from score 5724.055818
[LightGBM] [Info] Auto-choosing col-wise multi-threading, the overhead of testing was 0.169684 seconds.
You can set `force_col_wise=true` to remove the overhead.
[LightGBM] [Info] Total Bins 7226
[LightGBM] [Info] Number of data points in the train set: 91002, number of used features: 35
[LightGBM] [Info] Start training from score 5724.010565
[LightGBM] [Info] Auto-choosing row-wise multi-threading, the overhead of testing was 0.068316 seconds.
You can set `force_row_wise=true` to remove the overhead.
And if memory is not enough, you can set `force_col_wise=true`.
[LightGBM] [Info] Total Bins 7226
[LightGBM] [Info] Number of data points in the train set: 91002, number of used features: 35
[LightGBM] [Info] Start training from score 5723.964794
[LightGBM] [Info] Auto-choosing col-wise multi-threading, the overhead of testing was 0.259551 seconds.
You can set `force_col_wise=true` to remove the overhead.
[LightGBM] [Info] Total Bins 7226
[LightGBM] [Info] Number of data points in the train set: 91002, number of used features: 35
[LightGBM] [Info] Start training from score 5723.921739
[LightGBM] [Info] Auto-choosing col-wise multi-threading, the overhead of testing was 0.170716 seconds.
You can set `force_col_wise=true` to remove the overhead.
[LightGBM] [Info] Total Bins 7226
[LightGBM] [Info] Number of data points in the train set: 91002, number of used features: 35
[LightGBM] [Info] Start training from score 5723.886349
[LightGBM] [Info] Auto-choosing col-wise multi-threading, the overhead of testing was 0.160597 seconds.
You can set `force_col_wise=true` to remove the overhead.
[LightGBM] [Info] Total Bins 7226
[LightGBM] [Info] Number of data points in the train set: 91002, number of used features: 35
[LightGBM] [Info] Start training from score 5723.855397
[LightGBM] [Info] Auto-choosing col-wise multi-threading, the overhead of testing was 0.165801 seconds.
You can set `force_col_wise=true` to remove the overhead.
[LightGBM] [Info] Total Bins 7226
[LightGBM] [Info] Number of data points in the train set: 91002, number of used features: 35
[LightGBM] [Info] Start training from score 5723.827322
[LightGBM] [Info] Auto-choosing col-wise multi-threading, the overhead of testing was 0.180905 seconds.
You can set `force_col_wise=true` to remove the overhead.
[LightGBM] [Info] Total Bins 7226
[LightGBM] [Info] Number of data points in the train set: 91002, number of used features: 35
[LightGBM] [Info] Start training from score 5723.806218
[LightGBM] [Info] Auto-choosing col-wise multi-threading, the overhead of testing was 0.166301 seconds.
You can set `force_col_wise=true` to remove the overhead.
[LightGBM] [Info] Total Bins 7226
[LightGBM] [Info] Number of data points in the train set: 91002, number of used features: 35
[LightGBM] [Info] Start training from score 5723.789064
[LightGBM] [Info] Auto-choosing col-wise multi-threading, the overhead of testing was 0.168441 seconds.
You can set `force_col_wise=true` to remove the overhead.
[LightGBM] [Info] Total Bins 7226
[LightGBM] [Info] Number of data points in the train set: 91002, number of used features: 35
[LightGBM] [Info] Start training from score 5723.770812
[LightGBM] [Info] Auto-choosing col-wise multi-threading, the overhead of testing was 0.178902 seconds.
You can set `force_col_wise=true` to remove the overhead.
[LightGBM] [Info] Total Bins 7226
[LightGBM] [Info] Number of data points in the train set: 91002, number of used features: 35
[LightGBM] [Info] Start training from score 5723.754037
[LightGBM] [Info] Auto-choosing col-wise multi-threading, the overhead of testing was 0.272959 seconds.
You can set `force_col_wise=true` to remove the overhead.
[LightGBM] [Info] Total Bins 7226
[LightGBM] [Info] Number of data points in the train set: 91002, number of used features: 35
[LightGBM] [Info] Start training from score 5723.738474
[LightGBM] [Info] Auto-choosing col-wise multi-threading, the overhead of testing was 0.172011 seconds.
You can set `force_col_wise=true` to remove the overhead.
[LightGBM] [Info] Total Bins 7226
[LightGBM] [Info] Number of data points in the train set: 91002, number of used features: 35
[LightGBM] [Info] Start training from score 5723.722485
[LightGBM] [Info] Auto-choosing col-wise multi-threading, the overhead of testing was 0.170110 seconds.
You can set `force_col_wise=true` to remove the overhead.
[LightGBM] [Info] Total Bins 7226
[LightGBM] [Info] Number of data points in the train set: 91002, number of used features: 35
[LightGBM] [Info] Start training from score 5723.702017
[LightGBM] [Info] Auto-choosing col-wise multi-threading, the overhead of testing was 0.178601 seconds.
You can set `force_col_wise=true` to remove the overhead.
[LightGBM] [Info] Total Bins 7226
[LightGBM] [Info] Number of data points in the train set: 91002, number of used features: 35
[LightGBM] [Info] Start training from score 5723.674640
[LightGBM] [Info] Auto-choosing col-wise multi-threading, the overhead of testing was 0.172939 seconds.
You can set `force_col_wise=true` to remove the overhead.
[LightGBM] [Info] Total Bins 7226
[LightGBM] [Info] Number of data points in the train set: 91002, number of used features: 35
[LightGBM] [Info] Start training from score 5723.646264
[LightGBM] [Info] Auto-choosing col-wise multi-threading, the overhead of testing was 0.140783 seconds.
You can set `force_col_wise=true` to remove the overhead.
[LightGBM] [Info] Total Bins 7226
[LightGBM] [Info] Number of data points in the train set: 91002, number of used features: 35
[LightGBM] [Info] Start training from score 5723.615458
[LightGBM] [Info] Auto-choosing col-wise multi-threading, the overhead of testing was 0.137554 seconds.
You can set `force_col_wise=true` to remove the overhead.
[LightGBM] [Info] Total Bins 7226
[LightGBM] [Info] Number of data points in the train set: 91002, number of used features: 35
[LightGBM] [Info] Start training from score 5723.584938
[LightGBM] [Info] Auto-choosing col-wise multi-threading, the overhead of testing was 0.140634 seconds.
You can set `force_col_wise=true` to remove the overhead.
[LightGBM] [Info] Total Bins 7226
[LightGBM] [Info] Number of data points in the train set: 91002, number of used features: 35
[LightGBM] [Info] Start training from score 5723.556241
[LightGBM] [Info] Auto-choosing col-wise multi-threading, the overhead of testing was 0.129102 seconds.
You can set `force_col_wise=true` to remove the overhead.
[LightGBM] [Info] Total Bins 7226
[LightGBM] [Info] Number of data points in the train set: 91002, number of used features: 35
[LightGBM] [Info] Start training from score 5723.529042
==============================================================================
MASTER FORECAST | algo=lgbm task=load strategy=direct
  market=dam task=load gate=strict delay_override=None → gap=12h (crosslag_gap=12h) | horizon=24 stride=24 retrain=weekly
  groups=['calendar', 'lags', 'roll', 'genlags']  (#features=35)
  test=[2025-06-01 00:00:00 .. 2025-08-31 23:00:00]  train_end=None
==============================================================================
  AEL crosslag_mode=freeze (crosslag_gap=12h)
   [fit] key=2025-W22 cutoff=2025-05-31 11:00:00  (block 1/92)
[LightGBM] [Info] Auto-choosing col-wise multi-threading, the overhead of testing was 0.235117 seconds.
You can set `force_col_wise=true` to remove the overhead.
[LightGBM] [Info] Total Bins 7226
[LightGBM] [Info] Number of data points in the train set: 91050, number of used features: 35
[LightGBM] [Info] Start training from score 5724.035100
[LightGBM] [Info] Auto-choosing col-wise multi-threading, the overhead of testing was 0.157581 seconds.
You can set `force_col_wise=true` to remove the overhead.
[LightGBM] [Info] Total Bins 7226
[LightGBM] [Info] Number of data points in the train set: 91050, number of used features: 35
[LightGBM] [Info] Start training from score 5723.972722
[LightGBM] [Info] Auto-choosing col-wise multi-threading, the overhead of testing was 0.158984 seconds.
You can set `force_col_wise=true` to remove the overhead.
[LightGBM] [Info] Total Bins 7226
[LightGBM] [Info] Number of data points in the train set: 91050, number of used features: 35
[LightGBM] [Info] Start training from score 5723.993315
[LightGBM] [Info] Auto-choosing col-wise multi-threading, the overhead of testing was 0.156679 seconds.
You can set `force_col_wise=true` to remove the overhead.
[LightGBM] [Info] Total Bins 7226
[LightGBM] [Info] Number of data points in the train set: 91050, number of used features: 35
[LightGBM] [Info] Start training from score 5723.912804
[LightGBM] [Info] Auto-choosing col-wise multi-threading, the overhead of testing was 0.155081 seconds.
You can set `force_col_wise=true` to remove the overhead.
[LightGBM] [Info] Total Bins 7226
[LightGBM] [Info] Number of data points in the train set: 91050, number of used features: 35
[LightGBM] [Info] Start training from score 5723.833717
[LightGBM] [Info] Auto-choosing col-wise multi-threading, the overhead of testing was 0.160614 seconds.
You can set `force_col_wise=true` to remove the overhead.
[LightGBM] [Info] Total Bins 7226
[LightGBM] [Info] Auto-choosing row-wise multi-threading, the overhead of testing was 0.054303 seconds.
You can set `force_row_wise=true` to remove the overhead.
And if memory is not enough, you can set `force_col_wise=true`.
[LightGBM] [Info] Auto-choosing col-wise multi-threading, the overhead of testing was 0.153292 seconds.
You can set `force_col_wise=true` to remove the overhead.
[LightGBM] [Info] Total Bins 7226
[LightGBM] [Info] Total Bins 7226
[LightGBM] [Info] Number of data points in the train set: 91050, number of used features: 35
[LightGBM] [Info] Start training from score 5723.636604
[LightGBM] [Info] Number of data points in the train set: 91050, number of used features: 35
[LightGBM] [Info] Number of data points in the train set: 91050, number of used features: 35
[LightGBM] [Info] Start training from score 5723.946416
[LightGBM] [Info] Start training from score 5724.013695
[LightGBM] [Info] Auto-choosing col-wise multi-threading, the overhead of testing was 0.177960 seconds.
You can set `force_col_wise=true` to remove the overhead.
[LightGBM] [Info] Auto-choosing col-wise multi-threading, the overhead of testing was 0.168380 seconds.
You can set `force_col_wise=true` to remove the overhead.
[LightGBM] [Info] Total Bins 7226
[LightGBM] [Info] Total Bins 7226
[LightGBM] [Info] Auto-choosing col-wise multi-threading, the overhead of testing was 0.176189 seconds.
You can set `force_col_wise=true` to remove the overhead.
[LightGBM] [Info] Total Bins 7226
[LightGBM] [Info] Number of data points in the train set: 91050, number of used features: 35
[LightGBM] [Info] Start training from score 5724.056903
[LightGBM] [Info] Auto-choosing col-wise multi-threading, the overhead of testing was 0.174330 seconds.
You can set `force_col_wise=true` to remove the overhead.
[LightGBM] [Info] Number of data points in the train set: 91050, number of used features: 35
[LightGBM] [Info] Number of data points in the train set: 91050, number of used features: 35
[LightGBM] [Info] Total Bins 7226
[LightGBM] [Info] Start training from score 5723.594483
[LightGBM] [Info] Start training from score 5723.713170
[LightGBM] [Info] Auto-choosing row-wise multi-threading, the overhead of testing was 0.052669 seconds.
You can set `force_row_wise=true` to remove the overhead.
And if memory is not enough, you can set `force_col_wise=true`.
[LightGBM] [Info] Total Bins 7226
[LightGBM] [Info] Auto-choosing col-wise multi-threading, the overhead of testing was 0.174978 seconds.
You can set `force_col_wise=true` to remove the overhead.
[LightGBM] [Info] Total Bins 7226
[LightGBM] [Info] Number of data points in the train set: 91050, number of used features: 35
[LightGBM] [Info] Number of data points in the train set: 91050, number of used features: 35
[LightGBM] [Info] Number of data points in the train set: 91050, number of used features: 35
[LightGBM] [Info] Start training from score 5723.790990
[LightGBM] [Info] Start training from score 5723.550504
[LightGBM] [Info] Start training from score 5723.751439
[LightGBM] [Info] Auto-choosing col-wise multi-threading, the overhead of testing was 0.166719 seconds.
You can set `force_col_wise=true` to remove the overhead.
[LightGBM] [Info] Total Bins 7226
[LightGBM] [Info] Number of data points in the train set: 91050, number of used features: 35
[LightGBM] [Info] Start training from score 5723.674611
[LightGBM] [Info] Auto-choosing col-wise multi-threading, the overhead of testing was 0.181463 seconds.
You can set `force_col_wise=true` to remove the overhead.
[LightGBM] [Info] Total Bins 7226
[LightGBM] [Info] Number of data points in the train set: 91050, number of used features: 35
[LightGBM] [Info] Start training from score 5723.875541
[LightGBM] [Info] Auto-choosing row-wise multi-threading, the overhead of testing was 0.084578 seconds.
You can set `force_row_wise=true` to remove the overhead.
And if memory is not enough, you can set `force_col_wise=true`.
[LightGBM] [Info] Total Bins 7226
[LightGBM] [Info] Number of data points in the train set: 91050, number of used features: 35
[LightGBM] [Info] Start training from score 5723.505980
[LightGBM] [Info] Auto-choosing col-wise multi-threading, the overhead of testing was 0.167432 seconds.
You can set `force_col_wise=true` to remove the overhead.
[LightGBM] [Info] Total Bins 7226
[LightGBM] [Info] Number of data points in the train set: 91050, number of used features: 35
[LightGBM] [Info] Start training from score 5723.455601
[LightGBM] [Info] Auto-choosing col-wise multi-threading, the overhead of testing was 0.152596 seconds.
You can set `force_col_wise=true` to remove the overhead.
[LightGBM] [Info] Total Bins 7226
[LightGBM] [Info] Number of data points in the train set: 91050, number of used features: 35
[LightGBM] [Info] Start training from score 5723.406822
[LightGBM] [Info] Auto-choosing col-wise multi-threading, the overhead of testing was 0.158642 seconds.
You can set `force_col_wise=true` to remove the overhead.
[LightGBM] [Info] Total Bins 7226
[LightGBM] [Info] Number of data points in the train set: 91050, number of used features: 35
[LightGBM] [Info] Start training from score 5723.361055
[LightGBM] [Info] Auto-choosing col-wise multi-threading, the overhead of testing was 0.152194 seconds.
You can set `force_col_wise=true` to remove the overhead.
[LightGBM] [Info] Total Bins 7226
[LightGBM] [Info] Number of data points in the train set: 91050, number of used features: 35
[LightGBM] [Info] Start training from score 5723.295286
[LightGBM] [Info] Auto-choosing col-wise multi-threading, the overhead of testing was 0.159095 seconds.
You can set `force_col_wise=true` to remove the overhead.
[LightGBM] [Info] Total Bins 7226
[LightGBM] [Info] Number of data points in the train set: 91050, number of used features: 35
[LightGBM] [Info] Start training from score 5723.325113
[LightGBM] [Info] Auto-choosing col-wise multi-threading, the overhead of testing was 0.162244 seconds.
You can set `force_col_wise=true` to remove the overhead.
[LightGBM] [Info] Total Bins 7226
[LightGBM] [Info] Number of data points in the train set: 91050, number of used features: 35
[LightGBM] [Info] Start training from score 5723.267588
[LightGBM] [Info] Auto-choosing col-wise multi-threading, the overhead of testing was 0.171895 seconds.
You can set `force_col_wise=true` to remove the overhead.
[LightGBM] [Info] Total Bins 7226
[LightGBM] [Info] Number of data points in the train set: 91050, number of used features: 35
[LightGBM] [Info] Start training from score 5723.243354
[LightGBM] [Info] Auto-choosing col-wise multi-threading, the overhead of testing was 0.163433 seconds.
You can set `force_col_wise=true` to remove the overhead.
[LightGBM] [Info] Total Bins 7226
[LightGBM] [Info] Number of data points in the train set: 91050, number of used features: 35
[LightGBM] [Info] Start training from score 5723.222563
[LightGBM] [Info] Auto-choosing col-wise multi-threading, the overhead of testing was 0.236916 seconds.
You can set `force_col_wise=true` to remove the overhead.
[LightGBM] [Info] Total Bins 7226
[LightGBM] [Info] Number of data points in the train set: 91050, number of used features: 35
[LightGBM] [Info] Auto-choosing col-wise multi-threading, the overhead of testing was 0.210329 seconds.
You can set `force_col_wise=true` to remove the overhead.
[LightGBM] [Info] Total Bins 7226
[LightGBM] [Info] Start training from score 5723.201191
[LightGBM] [Info] Number of data points in the train set: 91050, number of used features: 35
[LightGBM] [Info] Start training from score 5723.181240
[LightGBM] [Info] Auto-choosing col-wise multi-threading, the overhead of testing was 0.170930 seconds.
You can set `force_col_wise=true` to remove the overhead.
[LightGBM] [Info] Total Bins 7226
[LightGBM] [Info] Number of data points in the train set: 91050, number of used features: 35
[LightGBM] [Info] Start training from score 5723.162247
[LightGBM] [Info] Auto-choosing col-wise multi-threading, the overhead of testing was 0.187994 seconds.
You can set `force_col_wise=true` to remove the overhead.
[LightGBM] [Info] Total Bins 7226
[LightGBM] [Info] Number of data points in the train set: 91050, number of used features: 35
[LightGBM] [Info] Start training from score 5723.143960
[LightGBM] [Info] Auto-choosing col-wise multi-threading, the overhead of testing was 0.160751 seconds.
You can set `force_col_wise=true` to remove the overhead.
[LightGBM] [Info] Total Bins 7226
[LightGBM] [Info] Number of data points in the train set: 91050, number of used features: 35
[LightGBM] [Info] Start training from score 5723.123547
[LightGBM] [Info] Auto-choosing col-wise multi-threading, the overhead of testing was 0.180018 seconds.
You can set `force_col_wise=true` to remove the overhead.
[LightGBM] [Info] Total Bins 7226
[LightGBM] [Info] Number of data points in the train set: 91050, number of used features: 35
[LightGBM] [Info] Start training from score 5723.098732
[LightGBM] [Info] Auto-choosing col-wise multi-threading, the overhead of testing was 0.159719 seconds.
You can set `force_col_wise=true` to remove the overhead.
[LightGBM] [Info] Total Bins 7226
[LightGBM] [Info] Number of data points in the train set: 91050, number of used features: 35
[LightGBM] [Info] Start training from score 5723.073655
[LightGBM] [Info] Auto-choosing col-wise multi-threading, the overhead of testing was 0.127916 seconds.
You can set `force_col_wise=true` to remove the overhead.
[LightGBM] [Info] Total Bins 7226
[LightGBM] [Info] Number of data points in the train set: 91050, number of used features: 35
[LightGBM] [Info] Start training from score 5723.045842
[LightGBM] [Info] Auto-choosing col-wise multi-threading, the overhead of testing was 0.127905 seconds.
You can set `force_col_wise=true` to remove the overhead.
[LightGBM] [Info] Total Bins 7226
[LightGBM] [Info] Number of data points in the train set: 91050, number of used features: 35
[LightGBM] [Info] Start training from score 5723.018490
[LightGBM] [Info] Auto-choosing row-wise multi-threading, the overhead of testing was 0.047769 seconds.
You can set `force_row_wise=true` to remove the overhead.
And if memory is not enough, you can set `force_col_wise=true`.
[LightGBM] [Info] Total Bins 7226
[LightGBM] [Info] Number of data points in the train set: 91050, number of used features: 35
[LightGBM] [Info] Start training from score 5722.993191
[LightGBM] [Info] Auto-choosing col-wise multi-threading, the overhead of testing was 0.094764 seconds.
You can set `force_col_wise=true` to remove the overhead.
[LightGBM] [Info] Total Bins 7226
[LightGBM] [Info] Number of data points in the train set: 91050, number of used features: 35
[LightGBM] [Info] Start training from score 5722.969609
   [fit] key=2025-W23 cutoff=2025-06-02 11:00:00  (block 3/92)
[LightGBM] [Info] Auto-choosing col-wise multi-threading, the overhead of testing was 0.164394 seconds.
You can set `force_col_wise=true` to remove the overhead.
[LightGBM] [Info] Total Bins 7226
[LightGBM] [Info] Number of data points in the train set: 91218, number of used features: 35
[LightGBM] [Info] Start training from score 5723.468888
[LightGBM] [Info] Auto-choosing col-wise multi-threading, the overhead of testing was 0.166144 seconds.
You can set `force_col_wise=true` to remove the overhead.
[LightGBM] [Info] Total Bins 7226
[LightGBM] [Info] Number of data points in the train set: 91218, number of used features: 35
[LightGBM] [Info] Start training from score 5723.441864
[LightGBM] [Info] Auto-choosing col-wise multi-threading, the overhead of testing was 0.153684 seconds.
You can set `force_col_wise=true` to remove the overhead.
[LightGBM] [Info] Total Bins 7226
[LightGBM] [Info] Number of data points in the train set: 91218, number of used features: 35
[LightGBM] [Info] Start training from score 5723.119611
[LightGBM] [Info] Auto-choosing row-wise multi-threading, the overhead of testing was 0.065083 seconds.
You can set `force_row_wise=true` to remove the overhead.
And if memory is not enough, you can set `force_col_wise=true`.
[LightGBM] [Info] Total Bins 7226
[LightGBM] [Info] Number of data points in the train set: 91218, number of used features: 35
[LightGBM] [Info] Start training from score 5723.371087
[LightGBM] [Info] Auto-choosing col-wise multi-threading, the overhead of testing was 0.163253 seconds.
You can set `force_col_wise=true` to remove the overhead.
[LightGBM] [Info] Total Bins 7226
[LightGBM] [Info] Auto-choosing col-wise multi-threading, the overhead of testing was 0.154200 seconds.
You can set `force_col_wise=true` to remove the overhead.
[LightGBM] [Info] Total Bins 7226
[LightGBM] [Info] Number of data points in the train set: 91218, number of used features: 35
[LightGBM] [Info] Number of data points in the train set: 91218, number of used features: 35
[LightGBM] [Info] Start training from score 5723.239695
[LightGBM] [Info] Start training from score 5723.429371
[LightGBM] [Info] Auto-choosing col-wise multi-threading, the overhead of testing was 0.170567 seconds.
You can set `force_col_wise=true` to remove the overhead.
[LightGBM] [Info] Total Bins 7226
[LightGBM] [Info] Number of data points in the train set: 91218, number of used features: 35
[LightGBM] [Info] Start training from score 5723.455029
[LightGBM] [Info] Auto-choosing col-wise multi-threading, the overhead of testing was 0.165373 seconds.
You can set `force_col_wise=true` to remove the overhead.
[LightGBM] [Info] Total Bins 7226
[LightGBM] [Info] Number of data points in the train set: 91218, number of used features: 35
[LightGBM] [Info] Start training from score 5723.416238
[LightGBM] [Info] Auto-choosing col-wise multi-threading, the overhead of testing was 0.159419 seconds.
You can set `force_col_wise=true` to remove the overhead.
[LightGBM] [Info] Total Bins 7226
[LightGBM] [Info] Number of data points in the train set: 91218, number of used features: 35
[LightGBM] [Info] Start training from score 5723.397358
[LightGBM] [Info] Auto-choosing col-wise multi-threading, the overhead of testing was 0.177637 seconds.
You can set `force_col_wise=true` to remove the overhead.
[LightGBM] [Info] Total Bins 7226
[LightGBM] [Info] Auto-choosing col-wise multi-threading, the overhead of testing was 0.177087 seconds.
You can set `force_col_wise=true` to remove the overhead.
[LightGBM] [Info] Total Bins 7226
[LightGBM] [Info] Number of data points in the train set: 91218, number of used features: 35
[LightGBM] [Info] Start training from score 5723.341533
[LightGBM] [Info] Auto-choosing col-wise multi-threading, the overhead of testing was 0.180893 seconds.
You can set `force_col_wise=true` to remove the overhead.
[LightGBM] [Info] Total Bins 7226
[LightGBM] [Info] Number of data points in the train set: 91218, number of used features: 35
[LightGBM] [Info] Start training from score 5723.272793
[LightGBM] [Info] Number of data points in the train set: 91218, number of used features: 35
[LightGBM] [Info] Start training from score 5723.208535
[LightGBM] [Info] Auto-choosing col-wise multi-threading, the overhead of testing was 0.174329 seconds.
You can set `force_col_wise=true` to remove the overhead.
[LightGBM] [Info] Total Bins 7226
[LightGBM] [Info] Auto-choosing col-wise multi-threading, the overhead of testing was 0.165819 seconds.
You can set `force_col_wise=true` to remove the overhead.
[LightGBM] [Info] Total Bins 7226
[LightGBM] [Info] Auto-choosing col-wise multi-threading, the overhead of testing was 0.176873 seconds.
You can set `force_col_wise=true` to remove the overhead.
[LightGBM] [Info] Number of data points in the train set: 91218, number of used features: 35
[LightGBM] [Info] Total Bins 7226
[LightGBM] [Info] Start training from score 5723.150407
[LightGBM] [Info] Number of data points in the train set: 91218, number of used features: 35
[LightGBM] [Info] Start training from score 5723.307833
[LightGBM] [Info] Number of data points in the train set: 91218, number of used features: 35
[LightGBM] [Info] Start training from score 5723.089274
[LightGBM] [Info] Auto-choosing col-wise multi-threading, the overhead of testing was 0.173294 seconds.
You can set `force_col_wise=true` to remove the overhead.
[LightGBM] [Info] Total Bins 7226
[LightGBM] [Info] Number of data points in the train set: 91218, number of used features: 35
[LightGBM] [Info] Start training from score 5723.178444
[LightGBM] [Info] Auto-choosing col-wise multi-threading, the overhead of testing was 0.198772 seconds.
You can set `force_col_wise=true` to remove the overhead.
[LightGBM] [Info] Total Bins 7226
[LightGBM] [Info] Number of data points in the train set: 91218, number of used features: 35
[LightGBM] [Info] Start training from score 5723.057757
[LightGBM] [Info] Auto-choosing col-wise multi-threading, the overhead of testing was 0.168608 seconds.
You can set `force_col_wise=true` to remove the overhead.
[LightGBM] [Info] Total Bins 7226
[LightGBM] [Info] Number of data points in the train set: 91218, number of used features: 35
[LightGBM] [Info] Start training from score 5723.020198
[LightGBM] [Info] Auto-choosing col-wise multi-threading, the overhead of testing was 0.148060 seconds.
You can set `force_col_wise=true` to remove the overhead.
[LightGBM] [Info] Total Bins 7226
[LightGBM] [Info] Number of data points in the train set: 91218, number of used features: 35
[LightGBM] [Info] Start training from score 5722.982659
[LightGBM] [Info] Auto-choosing col-wise multi-threading, the overhead of testing was 0.170827 seconds.
You can set `force_col_wise=true` to remove the overhead.
[LightGBM] [Info] Total Bins 7226
[LightGBM] [Info] Number of data points in the train set: 91218, number of used features: 35
[LightGBM] [Info] Start training from score 5722.946776
[LightGBM] [Info] Auto-choosing col-wise multi-threading, the overhead of testing was 0.176683 seconds.
You can set `force_col_wise=true` to remove the overhead.
[LightGBM] [Info] Total Bins 7226
[LightGBM] [Info] Number of data points in the train set: 91218, number of used features: 35
[LightGBM] [Info] Start training from score 5722.900642
[LightGBM] [Info] Auto-choosing col-wise multi-threading, the overhead of testing was 0.157844 seconds.
You can set `force_col_wise=true` to remove the overhead.
[LightGBM] [Info] Total Bins 7226
[LightGBM] [Info] Number of data points in the train set: 91218, number of used features: 35
[LightGBM] [Info] Start training from score 5722.883750
[LightGBM] [Info] Auto-choosing col-wise multi-threading, the overhead of testing was 0.165271 seconds.
You can set `force_col_wise=true` to remove the overhead.
[LightGBM] [Info] Auto-choosing col-wise multi-threading, the overhead of testing was 0.166234 seconds.
You can set `force_col_wise=true` to remove the overhead.
[LightGBM] [Info] Total Bins 7226
[LightGBM] [Info] Total Bins 7226
[LightGBM] [Info] Number of data points in the train set: 91218, number of used features: 35
[LightGBM] [Info] Number of data points in the train set: 91218, number of used features: 35
[LightGBM] [Info] Start training from score 5722.870217
[LightGBM] [Info] Start training from score 5722.920362
[LightGBM] [Info] Auto-choosing col-wise multi-threading, the overhead of testing was 0.228815 seconds.
You can set `force_col_wise=true` to remove the overhead.
[LightGBM] [Info] Total Bins 7226
[LightGBM] [Info] Number of data points in the train set: 91218, number of used features: 35
[LightGBM] [Info] Start training from score 5722.860010
[LightGBM] [Info] Auto-choosing col-wise multi-threading, the overhead of testing was 0.164424 seconds.
You can set `force_col_wise=true` to remove the overhead.
[LightGBM] [Info] Total Bins 7226
[LightGBM] [Info] Number of data points in the train set: 91218, number of used features: 35
[LightGBM] [Info] Start training from score 5722.847984
[LightGBM] [Info] Auto-choosing col-wise multi-threading, the overhead of testing was 0.167068 seconds.
You can set `force_col_wise=true` to remove the overhead.
[LightGBM] [Info] Total Bins 7226
[LightGBM] [Info] Number of data points in the train set: 91218, number of used features: 35
[LightGBM] [Info] Start training from score 5722.836708
[LightGBM] [Info] Auto-choosing col-wise multi-threading, the overhead of testing was 0.167591 seconds.
You can set `force_col_wise=true` to remove the overhead.
[LightGBM] [Info] Total Bins 7226
[LightGBM] [Info] Number of data points in the train set: 91218, number of used features: 35
[LightGBM] [Info] Start training from score 5722.825491
[LightGBM] [Info] Auto-choosing col-wise multi-threading, the overhead of testing was 0.160581 seconds.
You can set `force_col_wise=true` to remove the overhead.
[LightGBM] [Info] Total Bins 7226
[LightGBM] [Info] Number of data points in the train set: 91218, number of used features: 35
[LightGBM] [Info] Start training from score 5722.812828
[LightGBM] [Info] Auto-choosing col-wise multi-threading, the overhead of testing was 0.242314 seconds.
You can set `force_col_wise=true` to remove the overhead.
[LightGBM] [Info] Total Bins 7226
[LightGBM] [Info] Number of data points in the train set: 91218, number of used features: 35
[LightGBM] [Info] Start training from score 5722.796180
[LightGBM] [Info] Auto-choosing col-wise multi-threading, the overhead of testing was 0.176178 seconds.
You can set `force_col_wise=true` to remove the overhead.
[LightGBM] [Info] Total Bins 7226
[LightGBM] [Info] Number of data points in the train set: 91218, number of used features: 35
[LightGBM] [Info] Start training from score 5722.773089
[LightGBM] [Info] Auto-choosing col-wise multi-threading, the overhead of testing was 0.175469 seconds.
You can set `force_col_wise=true` to remove the overhead.
[LightGBM] [Info] Total Bins 7226
[LightGBM] [Info] Number of data points in the train set: 91218, number of used features: 35
[LightGBM] [Info] Start training from score 5722.749165
[LightGBM] [Info] Auto-choosing col-wise multi-threading, the overhead of testing was 0.214841 seconds.
You can set `force_col_wise=true` to remove the overhead.
[LightGBM] [Info] Total Bins 7226
[LightGBM] [Info] Number of data points in the train set: 91218, number of used features: 35
[LightGBM] [Info] Start training from score 5722.723672
[LightGBM] [Info] Auto-choosing col-wise multi-threading, the overhead of testing was 0.124334 seconds.
You can set `force_col_wise=true` to remove the overhead.
[LightGBM] [Info] Total Bins 7226
[LightGBM] [Info] Number of data points in the train set: 91218, number of used features: 35
[LightGBM] [Info] Start training from score 5722.678737
[LightGBM] [Info] Auto-choosing col-wise multi-threading, the overhead of testing was 0.121827 seconds.
You can set `force_col_wise=true` to remove the overhead.
[LightGBM] [Info] Total Bins 7226
[LightGBM] [Info] Number of data points in the train set: 91218, number of used features: 35
[LightGBM] [Info] Start training from score 5722.699582
[LightGBM] [Info] Auto-choosing col-wise multi-threading, the overhead of testing was 0.081888 seconds.
You can set `force_col_wise=true` to remove the overhead.
[LightGBM] [Info] Total Bins 7226
[LightGBM] [Info] Number of data points in the train set: 91218, number of used features: 35
[LightGBM] [Info] Start training from score 5722.661458
   [fit] key=2025-W24 cutoff=2025-06-09 11:00:00  (block 10/92)
[LightGBM] [Info] Auto-choosing row-wise multi-threading, the overhead of testing was 0.055272 seconds.
You can set `force_row_wise=true` to remove the overhead.
And if memory is not enough, you can set `force_col_wise=true`.
[LightGBM] [Info] Total Bins 7226
[LightGBM] [Info] Number of data points in the train set: 91386, number of used features: 35
[LightGBM] [Info] Start training from score 5724.228884
[LightGBM] [Info] Auto-choosing col-wise multi-threading, the overhead of testing was 0.181793 seconds.
You can set `force_col_wise=true` to remove the overhead.
[LightGBM] [Info] Total Bins 7226
[LightGBM] [Info] Number of data points in the train set: 91386, number of used features: 35
[LightGBM] [Info] Start training from score 5724.168734
[LightGBM] [Info] Auto-choosing col-wise multi-threading, the overhead of testing was 0.205415 seconds.
You can set `force_col_wise=true` to remove the overhead.
[LightGBM] [Info] Total Bins 7226
[LightGBM] [Info] Number of data points in the train set: 91386, number of used features: 35
[LightGBM] [Info] Start training from score 5724.309599
[LightGBM] [Info] Auto-choosing col-wise multi-threading, the overhead of testing was 0.237813 seconds.
You can set `force_col_wise=true` to remove the overhead.
[LightGBM] [Info] Total Bins 7226
[LightGBM] [Info] Number of data points in the train set: 91386, number of used features: 35
[LightGBM] [Info] Start training from score 5724.300034
[LightGBM] [Info] Auto-choosing col-wise multi-threading, the overhead of testing was 0.218116 seconds.
You can set `force_col_wise=true` to remove the overhead.
[LightGBM] [Info] Total Bins 7226
[LightGBM] [Info] Number of data points in the train set: 91386, number of used features: 35
[LightGBM] [Info] Start training from score 5724.200993
[LightGBM] [Info] Auto-choosing col-wise multi-threading, the overhead of testing was 0.234516 seconds.
You can set `force_col_wise=true` to remove the overhead.
[LightGBM] [Info] Total Bins 7226
[LightGBM] [Info] Number of data points in the train set: 91386, number of used features: 35
[LightGBM] [Info] Start training from score 5724.135148
[LightGBM] [Info] Auto-choosing col-wise multi-threading, the overhead of testing was 0.226438 seconds.
You can set `force_col_wise=true` to remove the overhead.
[LightGBM] [Info] Total Bins 7226
[LightGBM] [Info] Number of data points in the train set: 91386, number of used features: 35
[LightGBM] [Info] Start training from score 5724.072836
[LightGBM] [Info] Auto-choosing col-wise multi-threading, the overhead of testing was 0.189599 seconds.
You can set `force_col_wise=true` to remove the overhead.
[LightGBM] [Info] Total Bins 7226
[LightGBM] [Info] Number of data points in the train set: 91386, number of used features: 35
[LightGBM] [Info] Start training from score 5724.280320
[LightGBM] [Info] Auto-choosing col-wise multi-threading, the overhead of testing was 0.176071 seconds.
You can set `force_col_wise=true` to remove the overhead.
[LightGBM] [Info] Total Bins 7226
[LightGBM] [Info] Number of data points in the train set: 91386, number of used features: 35
[LightGBM] [Info] Start training from score 5724.290131
[LightGBM] [Info] Auto-choosing col-wise multi-threading, the overhead of testing was 0.152010 seconds.
You can set `force_col_wise=true` to remove the overhead.
[LightGBM] [Info] Total Bins 7226
[LightGBM] [Info] Number of data points in the train set: 91386, number of used features: 35
[LightGBM] [Info] Start training from score 5724.270166
[LightGBM] [Info] Auto-choosing col-wise multi-threading, the overhead of testing was 0.189156 seconds.
You can set `force_col_wise=true` to remove the overhead.
[LightGBM] [Info] Total Bins 7226
[LightGBM] [Info] Number of data points in the train set: 91386, number of used features: 35
[LightGBM] [Info] Start training from score 5724.103326
[LightGBM] [Info] Auto-choosing col-wise multi-threading, the overhead of testing was 0.173966 seconds.
You can set `force_col_wise=true` to remove the overhead.
[LightGBM] [Info] Total Bins 7226
[LightGBM] [Info] Number of data points in the train set: 91386, number of used features: 35
[LightGBM] [Info] Start training from score 5724.253684
[LightGBM] [Info] Auto-choosing col-wise multi-threading, the overhead of testing was 0.188631 seconds.
You can set `force_col_wise=true` to remove the overhead.
[LightGBM] [Info] Total Bins 7226
[LightGBM] [Info] Number of data points in the train set: 91386, number of used features: 35
[LightGBM] [Info] Start training from score 5724.043282
[LightGBM] [Info] Auto-choosing col-wise multi-threading, the overhead of testing was 0.160900 seconds.
You can set `force_col_wise=true` to remove the overhead.
[LightGBM] [Info] Total Bins 7226
[LightGBM] [Info] Number of data points in the train set: 91386, number of used features: 35
[LightGBM] [Info] Start training from score 5723.984612
[LightGBM] [Info] Auto-choosing col-wise multi-threading, the overhead of testing was 0.186762 seconds.
You can set `force_col_wise=true` to remove the overhead.
[LightGBM] [Info] Total Bins 7226
[LightGBM] [Info] Number of data points in the train set: 91386, number of used features: 35
[LightGBM] [Info] Start training from score 5724.015317
[LightGBM] [Info] Auto-choosing col-wise multi-threading, the overhead of testing was 0.170537 seconds.
You can set `force_col_wise=true` to remove the overhead.
[LightGBM] [Info] Total Bins 7226
[LightGBM] [Info] Number of data points in the train set: 91386, number of used features: 35
[LightGBM] [Info] Start training from score 5723.954199
[LightGBM] [Info] Auto-choosing col-wise multi-threading, the overhead of testing was 0.155078 seconds.
You can set `force_col_wise=true` to remove the overhead.
[LightGBM] [Info] Total Bins 7226
[LightGBM] [Info] Number of data points in the train set: 91386, number of used features: 35
[LightGBM] [Info] Start training from score 5723.922740
[LightGBM] [Info] Auto-choosing col-wise multi-threading, the overhead of testing was 0.161138 seconds.
You can set `force_col_wise=true` to remove the overhead.
[LightGBM] [Info] Total Bins 7226
[LightGBM] [Info] Number of data points in the train set: 91386, number of used features: 35
[LightGBM] [Info] Start training from score 5723.885721
[LightGBM] [Info] Auto-choosing col-wise multi-threading, the overhead of testing was 0.178346 seconds.
You can set `force_col_wise=true` to remove the overhead.
[LightGBM] [Info] Total Bins 7226
[LightGBM] [Info] Number of data points in the train set: 91386, number of used features: 35
[LightGBM] [Info] Start training from score 5723.849257
[LightGBM] [Info] Auto-choosing row-wise multi-threading, the overhead of testing was 0.075731 seconds.
You can set `force_row_wise=true` to remove the overhead.
And if memory is not enough, you can set `force_col_wise=true`.
[LightGBM] [Info] Total Bins 7226
[LightGBM] [Info] Number of data points in the train set: 91386, number of used features: 35
[LightGBM] [Info] Start training from score 5723.788037
[LightGBM] [Info] Auto-choosing row-wise multi-threading, the overhead of testing was 0.102682 seconds.
You can set `force_row_wise=true` to remove the overhead.
And if memory is not enough, you can set `force_col_wise=true`.
[LightGBM] [Info] Total Bins 7226
[LightGBM] [Info] Number of data points in the train set: 91386, number of used features: 35
[LightGBM] [Info] Start training from score 5723.813889
[LightGBM] [Info] Auto-choosing col-wise multi-threading, the overhead of testing was 0.190852 seconds.
You can set `force_col_wise=true` to remove the overhead.
[LightGBM] [Info] Total Bins 7226
[LightGBM] [Info] Number of data points in the train set: 91386, number of used features: 35
[LightGBM] [Info] Start training from score 5723.769054
[LightGBM] [Info] Auto-choosing col-wise multi-threading, the overhead of testing was 0.173905 seconds.
You can set `force_col_wise=true` to remove the overhead.
[LightGBM] [Info] Total Bins 7226
[LightGBM] [Info] Number of data points in the train set: 91386, number of used features: 35
[LightGBM] [Info] Start training from score 5723.752335
[LightGBM] [Info] Auto-choosing col-wise multi-threading, the overhead of testing was 0.175183 seconds.
You can set `force_col_wise=true` to remove the overhead.
[LightGBM] [Info] Total Bins 7226
[LightGBM] [Info] Number of data points in the train set: 91386, number of used features: 35
[LightGBM] [Info] Start training from score 5723.729996
[LightGBM] [Info] Auto-choosing col-wise multi-threading, the overhead of testing was 0.174152 seconds.
You can set `force_col_wise=true` to remove the overhead.
[LightGBM] [Info] Total Bins 7226
[LightGBM] [Info] Number of data points in the train set: 91386, number of used features: 35
[LightGBM] [Info] Start training from score 5723.739735
[LightGBM] [Info] Auto-choosing col-wise multi-threading, the overhead of testing was 0.167515 seconds.
You can set `force_col_wise=true` to remove the overhead.
[LightGBM] [Info] Total Bins 7226
[LightGBM] [Info] Number of data points in the train set: 91386, number of used features: 35
[LightGBM] [Info] Start training from score 5723.718780
[LightGBM] [Info] Auto-choosing col-wise multi-threading, the overhead of testing was 0.212924 seconds.
You can set `force_col_wise=true` to remove the overhead.
[LightGBM] [Info] Total Bins 7226
[LightGBM] [Info] Number of data points in the train set: 91386, number of used features: 35
[LightGBM] [Info] Start training from score 5723.708149
[LightGBM] [Info] Auto-choosing col-wise multi-threading, the overhead of testing was 0.161478 seconds.
You can set `force_col_wise=true` to remove the overhead.
[LightGBM] [Info] Total Bins 7226
[LightGBM] [Info] Number of data points in the train set: 91386, number of used features: 35
[LightGBM] [Info] Start training from score 5723.698079
[LightGBM] [Info] Auto-choosing col-wise multi-threading, the overhead of testing was 0.160400 seconds.
You can set `force_col_wise=true` to remove the overhead.
[LightGBM] [Info] Total Bins 7226
[LightGBM] [Info] Number of data points in the train set: 91386, number of used features: 35
[LightGBM] [Info] Start training from score 5723.688284
[LightGBM] [Info] Auto-choosing col-wise multi-threading, the overhead of testing was 0.159889 seconds.
You can set `force_col_wise=true` to remove the overhead.
[LightGBM] [Info] Total Bins 7226
[LightGBM] [Info] Number of data points in the train set: 91386, number of used features: 35
[LightGBM] [Info] Start training from score 5723.676252
[LightGBM] [Info] Auto-choosing col-wise multi-threading, the overhead of testing was 0.175014 seconds.
You can set `force_col_wise=true` to remove the overhead.
[LightGBM] [Info] Total Bins 7226
[LightGBM] [Info] Number of data points in the train set: 91386, number of used features: 35
[LightGBM] [Info] Start training from score 5723.659648
[LightGBM] [Info] Auto-choosing col-wise multi-threading, the overhead of testing was 0.177068 seconds.
You can set `force_col_wise=true` to remove the overhead.
[LightGBM] [Info] Total Bins 7226
[LightGBM] [Info] Number of data points in the train set: 91386, number of used features: 35
[LightGBM] [Info] Start training from score 5723.643844
[LightGBM] [Info] Auto-choosing col-wise multi-threading, the overhead of testing was 0.140312 seconds.
You can set `force_col_wise=true` to remove the overhead.
[LightGBM] [Info] Total Bins 7226
[LightGBM] [Info] Number of data points in the train set: 91386, number of used features: 35
[LightGBM] [Info] Start training from score 5723.627152
[LightGBM] [Info] Auto-choosing col-wise multi-threading, the overhead of testing was 0.136523 seconds.
You can set `force_col_wise=true` to remove the overhead.
[LightGBM] [Info] Total Bins 7226
[LightGBM] [Info] Number of data points in the train set: 91386, number of used features: 35
[LightGBM] [Info] Start training from score 5723.611270
[LightGBM] [Info] Auto-choosing col-wise multi-threading, the overhead of testing was 0.083819 seconds.
You can set `force_col_wise=true` to remove the overhead.
[LightGBM] [Info] Total Bins 7226
[LightGBM] [Info] Number of data points in the train set: 91386, number of used features: 35
[LightGBM] [Info] Start training from score 5723.597182
[LightGBM] [Info] Auto-choosing col-wise multi-threading, the overhead of testing was 0.086138 seconds.
You can set `force_col_wise=true` to remove the overhead.
[LightGBM] [Info] Total Bins 7226
[LightGBM] [Info] Number of data points in the train set: 91386, number of used features: 35
[LightGBM] [Info] Start training from score 5723.586106
   [fit] key=2025-W25 cutoff=2025-06-16 11:00:00  (block 17/92)
[LightGBM] [Info] Auto-choosing col-wise multi-threading, the overhead of testing was 0.158829 seconds.
You can set `force_col_wise=true` to remove the overhead.
[LightGBM] [Info] Total Bins 7226
[LightGBM] [Info] Number of data points in the train set: 91554, number of used features: 35
[LightGBM] [Info] Start training from score 5725.314234
[LightGBM] [Info] Auto-choosing row-wise multi-threading, the overhead of testing was 0.057092 seconds.
You can set `force_row_wise=true` to remove the overhead.
And if memory is not enough, you can set `force_col_wise=true`.
[LightGBM] [Info] Total Bins 7226
[LightGBM] [Info] Number of data points in the train set: 91554, number of used features: 35
[LightGBM] [Info] Start training from score 5725.324190
[LightGBM] [Info] Auto-choosing col-wise multi-threading, the overhead of testing was 0.166011 seconds.
You can set `force_col_wise=true` to remove the overhead.
[LightGBM] [Info] Total Bins 7226
[LightGBM] [Info] Number of data points in the train set: 91554, number of used features: 35
[LightGBM] [Info] Start training from score 5725.285812
[LightGBM] [Info] Auto-choosing col-wise multi-threading, the overhead of testing was 0.184043 seconds.
You can set `force_col_wise=true` to remove the overhead.
[LightGBM] [Info] Total Bins 7226
[LightGBM] [Info] Number of data points in the train set: 91554, number of used features: 35
[LightGBM] [Info] Start training from score 5725.334643
[LightGBM] [Info] Auto-choosing col-wise multi-threading, the overhead of testing was 0.198811 seconds.
You can set `force_col_wise=true` to remove the overhead.
[LightGBM] [Info] Total Bins 7226
[LightGBM] [Info] Number of data points in the train set: 91554, number of used features: 35
[LightGBM] [Info] Start training from score 5725.260478
[LightGBM] [Info] Auto-choosing col-wise multi-threading, the overhead of testing was 0.187212 seconds.
You can set `force_col_wise=true` to remove the overhead.
[LightGBM] [Info] Total Bins 7226
[LightGBM] [Info] Number of data points in the train set: 91554, number of used features: 35
[LightGBM] [Info] Start training from score 5725.345644
[LightGBM] [Info] Auto-choosing col-wise multi-threading, the overhead of testing was 0.195415 seconds.
You can set `force_col_wise=true` to remove the overhead.
[LightGBM] [Info] Total Bins 7226
[LightGBM] [Info] Number of data points in the train set: 91554, number of used features: 35
[LightGBM] [Info] Start training from score 5725.303093
[LightGBM] [Info] Auto-choosing col-wise multi-threading, the overhead of testing was 0.221429 seconds.
You can set `force_col_wise=true` to remove the overhead.
[LightGBM] [Info] Total Bins 7226
[LightGBM] [Info] Number of data points in the train set: 91554, number of used features: 35
[LightGBM] [Info] Start training from score 5725.097627
[LightGBM] [Info] Auto-choosing row-wise multi-threading, the overhead of testing was 0.068032 seconds.
You can set `force_row_wise=true` to remove the overhead.
And if memory is not enough, you can set `force_col_wise=true`.
[LightGBM] [Info] Auto-choosing row-wise multi-threading, the overhead of testing was 0.063016 seconds.
You can set `force_row_wise=true` to remove the overhead.
And if memory is not enough, you can set `force_col_wise=true`.
[LightGBM] [Info] Auto-choosing col-wise multi-threading, the overhead of testing was 0.205214 seconds.
You can set `force_col_wise=true` to remove the overhead.
[LightGBM] [Info] Total Bins 7226
[LightGBM] [Info] Total Bins 7226
[LightGBM] [Info] Total Bins 7226
[LightGBM] [Info] Number of data points in the train set: 91554, number of used features: 35
[LightGBM] [Info] Number of data points in the train set: 91554, number of used features: 35
[LightGBM] [Info] Start training from score 5725.130508
[LightGBM] [Info] Start training from score 5724.966592
[LightGBM] [Info] Number of data points in the train set: 91554, number of used features: 35
[LightGBM] [Info] Start training from score 5725.033989
[LightGBM] [Info] Auto-choosing col-wise multi-threading, the overhead of testing was 0.219812 seconds.
You can set `force_col_wise=true` to remove the overhead.
[LightGBM] [Info] Total Bins 7226
[LightGBM] [Info] Number of data points in the train set: 91554, number of used features: 35
[LightGBM] [Info] Start training from score 5725.198855
[LightGBM] [Info] Auto-choosing col-wise multi-threading, the overhead of testing was 0.197414 seconds.
You can set `force_col_wise=true` to remove the overhead.
[LightGBM] [Info] Total Bins 7226
[LightGBM] [Info] Number of data points in the train set: 91554, number of used features: 35
[LightGBM] [Info] Start training from score 5725.232005
[LightGBM] [Info] Auto-choosing col-wise multi-threading, the overhead of testing was 0.226254 seconds.
You can set `force_col_wise=true` to remove the overhead.
[LightGBM] [Info] Total Bins 7226
[LightGBM] [Info] Number of data points in the train set: 91554, number of used features: 35
[LightGBM] [Info] Start training from score 5725.164074
[LightGBM] [Info] Auto-choosing col-wise multi-threading, the overhead of testing was 0.197805 seconds.
You can set `force_col_wise=true` to remove the overhead.
[LightGBM] [Info] Total Bins 7226
[LightGBM] [Info] Number of data points in the train set: 91554, number of used features: 35
[LightGBM] [Info] Start training from score 5725.000073
[LightGBM] [Info] Auto-choosing row-wise multi-threading, the overhead of testing was 0.063300 seconds.
You can set `force_row_wise=true` to remove the overhead.
And if memory is not enough, you can set `force_col_wise=true`.
[LightGBM] [Info] Total Bins 7226
[LightGBM] [Info] Number of data points in the train set: 91554, number of used features: 35
[LightGBM] [Info] Start training from score 5725.065080
[LightGBM] [Info] Auto-choosing col-wise multi-threading, the overhead of testing was 0.171345 seconds.
You can set `force_col_wise=true` to remove the overhead.
[LightGBM] [Info] Total Bins 7226
[LightGBM] [Info] Number of data points in the train set: 91554, number of used features: 35
[LightGBM] [Info] Start training from score 5724.932614
[LightGBM] [Info] Auto-choosing col-wise multi-threading, the overhead of testing was 0.254968 seconds.
You can set `force_col_wise=true` to remove the overhead.
[LightGBM] [Info] Total Bins 7226
[LightGBM] [Info] Number of data points in the train set: 91554, number of used features: 35
[LightGBM] [Info] Auto-choosing col-wise multi-threading, the overhead of testing was 0.241148 seconds.
You can set `force_col_wise=true` to remove the overhead.
[LightGBM] [Info] Total Bins 7226
[LightGBM] [Info] Start training from score 5724.893631
[LightGBM] [Info] Number of data points in the train set: 91554, number of used features: 35
[LightGBM] [Info] Start training from score 5724.856043
[LightGBM] [Info] Auto-choosing col-wise multi-threading, the overhead of testing was 0.169664 seconds.
You can set `force_col_wise=true` to remove the overhead.
[LightGBM] [Info] Total Bins 7226
[LightGBM] [Info] Number of data points in the train set: 91554, number of used features: 35
[LightGBM] [Info] Start training from score 5724.820292
[LightGBM] [Info] Auto-choosing col-wise multi-threading, the overhead of testing was 0.172208 seconds.
You can set `force_col_wise=true` to remove the overhead.
[LightGBM] [Info] Total Bins 7226
[LightGBM] [Info] Number of data points in the train set: 91554, number of used features: 35
[LightGBM] [Info] Start training from score 5724.793975
[LightGBM] [Info] Auto-choosing col-wise multi-threading, the overhead of testing was 0.159191 seconds.
You can set `force_col_wise=true` to remove the overhead.
[LightGBM] [Info] Total Bins 7226
[LightGBM] [Info] Number of data points in the train set: 91554, number of used features: 35
[LightGBM] [Info] Start training from score 5724.774568
[LightGBM] [Info] Auto-choosing col-wise multi-threading, the overhead of testing was 0.165343 seconds.
You can set `force_col_wise=true` to remove the overhead.
[LightGBM] [Info] Total Bins 7226
[LightGBM] [Info] Number of data points in the train set: 91554, number of used features: 35
[LightGBM] [Info] Start training from score 5724.744319
[LightGBM] [Info] Auto-choosing col-wise multi-threading, the overhead of testing was 0.177794 seconds.
You can set `force_col_wise=true` to remove the overhead.
[LightGBM] [Info] Total Bins 7226
[LightGBM] [Info] Number of data points in the train set: 91554, number of used features: 35
[LightGBM] [Info] Start training from score 5724.734696
[LightGBM] [Info] Auto-choosing col-wise multi-threading, the overhead of testing was 0.174733 seconds.
You can set `force_col_wise=true` to remove the overhead.
[LightGBM] [Info] Total Bins 7226
[LightGBM] [Info] Number of data points in the train set: 91554, number of used features: 35
[LightGBM] [Info] Start training from score 5724.757213
[LightGBM] [Info] Auto-choosing col-wise multi-threading, the overhead of testing was 0.250961 seconds.
You can set `force_col_wise=true` to remove the overhead.
[LightGBM] [Info] Total Bins 7226
[LightGBM] [Info] Number of data points in the train set: 91554, number of used features: 35
[LightGBM] [Info] Start training from score 5724.723501
[LightGBM] [Info] Auto-choosing col-wise multi-threading, the overhead of testing was 0.163670 seconds.
You can set `force_col_wise=true` to remove the overhead.
[LightGBM] [Info] Total Bins 7226
[LightGBM] [Info] Number of data points in the train set: 91554, number of used features: 35
[LightGBM] [Info] Start training from score 5724.712878
[LightGBM] [Info] Auto-choosing col-wise multi-threading, the overhead of testing was 0.282755 seconds.
You can set `force_col_wise=true` to remove the overhead.
[LightGBM] [Info] Total Bins 7226
[LightGBM] [Info] Number of data points in the train set: 91554, number of used features: 35
[LightGBM] [Info] Start training from score 5724.702739
[LightGBM] [Info] Auto-choosing col-wise multi-threading, the overhead of testing was 0.166902 seconds.
You can set `force_col_wise=true` to remove the overhead.
[LightGBM] [Info] Total Bins 7226
[LightGBM] [Info] Number of data points in the train set: 91554, number of used features: 35
[LightGBM] [Info] Start training from score 5724.692592
[LightGBM] [Info] Auto-choosing row-wise multi-threading, the overhead of testing was 0.048779 seconds.
You can set `force_row_wise=true` to remove the overhead.
And if memory is not enough, you can set `force_col_wise=true`.
[LightGBM] [Info] Total Bins 7226
[LightGBM] [Info] Number of data points in the train set: 91554, number of used features: 35
[LightGBM] [Info] Start training from score 5724.679817
[LightGBM] [Info] Auto-choosing col-wise multi-threading, the overhead of testing was 0.164601 seconds.
You can set `force_col_wise=true` to remove the overhead.
[LightGBM] [Info] Total Bins 7226
[LightGBM] [Info] Number of data points in the train set: 91554, number of used features: 35
[LightGBM] [Info] Start training from score 5724.662686
[LightGBM] [Info] Auto-choosing col-wise multi-threading, the overhead of testing was 0.245005 seconds.
You can set `force_col_wise=true` to remove the overhead.
[LightGBM] [Info] Total Bins 7226
[LightGBM] [Info] Number of data points in the train set: 91554, number of used features: 35
[LightGBM] [Info] Start training from score 5724.646802
[LightGBM] [Info] Auto-choosing col-wise multi-threading, the overhead of testing was 0.138493 seconds.
You can set `force_col_wise=true` to remove the overhead.
[LightGBM] [Info] Total Bins 7226
[LightGBM] [Info] Number of data points in the train set: 91554, number of used features: 35
[LightGBM] [Info] Start training from score 5724.630053
[LightGBM] [Info] Auto-choosing col-wise multi-threading, the overhead of testing was 0.121210 seconds.
You can set `force_col_wise=true` to remove the overhead.
[LightGBM] [Info] Total Bins 7226
[LightGBM] [Info] Number of data points in the train set: 91554, number of used features: 35
[LightGBM] [Info] Start training from score 5724.614517
[LightGBM] [Info] Auto-choosing col-wise multi-threading, the overhead of testing was 0.099828 seconds.
You can set `force_col_wise=true` to remove the overhead.
[LightGBM] [Info] Total Bins 7226
[LightGBM] [Info] Number of data points in the train set: 91554, number of used features: 35
[LightGBM] [Info] Start training from score 5724.601558
[LightGBM] [Info] Auto-choosing col-wise multi-threading, the overhead of testing was 0.109555 seconds.
You can set `force_col_wise=true` to remove the overhead.
[LightGBM] [Info] Total Bins 7226
[LightGBM] [Info] Number of data points in the train set: 91554, number of used features: 35
[LightGBM] [Info] Start training from score 5724.589782
   [fit] key=2025-W26 cutoff=2025-06-23 11:00:00  (block 24/92)
[LightGBM] [Info] Auto-choosing col-wise multi-threading, the overhead of testing was 0.184140 seconds.
You can set `force_col_wise=true` to remove the overhead.
[LightGBM] [Info] Total Bins 7226
[LightGBM] [Info] Number of data points in the train set: 91722, number of used features: 35
[LightGBM] [Info] Start training from score 5727.407089
[LightGBM] [Info] Auto-choosing col-wise multi-threading, the overhead of testing was 0.201141 seconds.
You can set `force_col_wise=true` to remove the overhead.
[LightGBM] [Info] Total Bins 7226
[LightGBM] [Info] Number of data points in the train set: 91722, number of used features: 35
[LightGBM] [Info] Start training from score 5727.402436
[LightGBM] [Info] Auto-choosing col-wise multi-threading, the overhead of testing was 0.215932 seconds.
You can set `force_col_wise=true` to remove the overhead.
[LightGBM] [Info] Total Bins 7226
[LightGBM] [Info] Number of data points in the train set: 91722, number of used features: 35
[LightGBM] [Info] Start training from score 5727.410407
[LightGBM] [Info] Auto-choosing col-wise multi-threading, the overhead of testing was 0.180459 seconds.
You can set `force_col_wise=true` to remove the overhead.
[LightGBM] [Info] Total Bins 7226
[LightGBM] [Info] Number of data points in the train set: 91722, number of used features: 35
[LightGBM] [Info] Start training from score 5727.207799
[LightGBM] [Info] Auto-choosing row-wise multi-threading, the overhead of testing was 0.047486 seconds.
You can set `force_row_wise=true` to remove the overhead.
And if memory is not enough, you can set `force_col_wise=true`.
[LightGBM] [Info] Total Bins 7226
[LightGBM] [Info] Number of data points in the train set: 91722, number of used features: 35
[LightGBM] [Info] Start training from score 5727.409628
[LightGBM] [Info] Auto-choosing col-wise multi-threading, the overhead of testing was 0.186261 seconds.
You can set `force_col_wise=true` to remove the overhead.
[LightGBM] [Info] Total Bins 7226
[LightGBM] [Info] Number of data points in the train set: 91722, number of used features: 35
[LightGBM] [Info] Start training from score 5727.408625
[LightGBM] [Info] Auto-choosing row-wise multi-threading, the overhead of testing was 0.047983 seconds.
You can set `force_row_wise=true` to remove the overhead.
And if memory is not enough, you can set `force_col_wise=true`.
[LightGBM] [Info] Total Bins 7226
[LightGBM] [Info] Number of data points in the train set: 91722, number of used features: 35
[LightGBM] [Info] Start training from score 5727.249475
[LightGBM] [Info] Auto-choosing col-wise multi-threading, the overhead of testing was 0.176775 seconds.
You can set `force_col_wise=true` to remove the overhead.
[LightGBM] [Info] Total Bins 7226
[LightGBM] [Info] Auto-choosing col-wise multi-threading, the overhead of testing was 0.188343 seconds.
You can set `force_col_wise=true` to remove the overhead.
[LightGBM] [Info] Auto-choosing col-wise multi-threading, the overhead of testing was 0.174435 seconds.
You can set `force_col_wise=true` to remove the overhead.
[LightGBM] [Info] Total Bins 7226
[LightGBM] [Info] Total Bins 7226
[LightGBM] [Info] Number of data points in the train set: 91722, number of used features: 35
[LightGBM] [Info] Start training from score 5727.409895
[LightGBM] [Info] Number of data points in the train set: 91722, number of used features: 35
[LightGBM] [Info] Start training from score 5727.342873
[LightGBM] [Info] Auto-choosing col-wise multi-threading, the overhead of testing was 0.178643 seconds.
You can set `force_col_wise=true` to remove the overhead.
[LightGBM] [Info] Auto-choosing col-wise multi-threading, the overhead of testing was 0.191822 seconds.
You can set `force_col_wise=true` to remove the overhead.
[LightGBM] [Info] Total Bins 7226
[LightGBM] [Info] Auto-choosing col-wise multi-threading, the overhead of testing was 0.184668 seconds.
You can set `force_col_wise=true` to remove the overhead.
[LightGBM] [Info] Total Bins 7226
[LightGBM] [Info] Total Bins 7226
[LightGBM] [Info] Number of data points in the train set: 91722, number of used features: 35
[LightGBM] [Info] Start training from score 5727.367011
[LightGBM] [Info] Auto-choosing col-wise multi-threading, the overhead of testing was 0.172800 seconds.
You can set `force_col_wise=true` to remove the overhead.
[LightGBM] [Info] Number of data points in the train set: 91722, number of used features: 35
[LightGBM] [Info] Total Bins 7226
[LightGBM] [Info] Start training from score 5727.386230
[LightGBM] [Info] Number of data points in the train set: 91722, number of used features: 35
[LightGBM] [Info] Start training from score 5727.316877
[LightGBM] [Info] Number of data points in the train set: 91722, number of used features: 35
[LightGBM] [Info] Auto-choosing col-wise multi-threading, the overhead of testing was 0.191680 seconds.
You can set `force_col_wise=true` to remove the overhead.
[LightGBM] [Info] Total Bins 7226
[LightGBM] [Info] Start training from score 5727.292695
[LightGBM] [Info] Number of data points in the train set: 91722, number of used features: 35
[LightGBM] [Info] Start training from score 5727.270362
[LightGBM] [Info] Number of data points in the train set: 91722, number of used features: 35
[LightGBM] [Info] Start training from score 5727.230313
[LightGBM] [Info] Auto-choosing col-wise multi-threading, the overhead of testing was 0.180497 seconds.
You can set `force_col_wise=true` to remove the overhead.
[LightGBM] [Info] Total Bins 7226
[LightGBM] [Info] Number of data points in the train set: 91722, number of used features: 35
[LightGBM] [Info] Start training from score 5727.184159
[LightGBM] [Info] Auto-choosing col-wise multi-threading, the overhead of testing was 0.155027 seconds.
You can set `force_col_wise=true` to remove the overhead.
[LightGBM] [Info] Total Bins 7226
[LightGBM] [Info] Number of data points in the train set: 91722, number of used features: 35
[LightGBM] [Info] Start training from score 5727.159389
[LightGBM] [Info] Auto-choosing col-wise multi-threading, the overhead of testing was 0.185082 seconds.
You can set `force_col_wise=true` to remove the overhead.
[LightGBM] [Info] Total Bins 7226
[LightGBM] [Info] Auto-choosing col-wise multi-threading, the overhead of testing was 0.184583 seconds.
You can set `force_col_wise=true` to remove the overhead.
[LightGBM] [Info] Total Bins 7226
[LightGBM] [Info] Number of data points in the train set: 91722, number of used features: 35
[LightGBM] [Info] Number of data points in the train set: 91722, number of used features: 35
[LightGBM] [Info] Start training from score 5727.128884
[LightGBM] [Info] Start training from score 5727.070082
[LightGBM] [Info] Auto-choosing col-wise multi-threading, the overhead of testing was 0.165135 seconds.
You can set `force_col_wise=true` to remove the overhead.
[LightGBM] [Info] Total Bins 7226
[LightGBM] [Info] Number of data points in the train set: 91722, number of used features: 35
[LightGBM] [Info] Start training from score 5727.098800
[LightGBM] [Info] Auto-choosing col-wise multi-threading, the overhead of testing was 0.205479 seconds.
You can set `force_col_wise=true` to remove the overhead.
[LightGBM] [Info] Total Bins 7226
[LightGBM] [Info] Number of data points in the train set: 91722, number of used features: 35
[LightGBM] [Info] Start training from score 5727.050147
[LightGBM] [Info] Auto-choosing col-wise multi-threading, the overhead of testing was 0.179614 seconds.
You can set `force_col_wise=true` to remove the overhead.
[LightGBM] [Info] Total Bins 7226
[LightGBM] [Info] Number of data points in the train set: 91722, number of used features: 35
[LightGBM] [Info] Start training from score 5727.037404
[LightGBM] [Info] Auto-choosing col-wise multi-threading, the overhead of testing was 0.185995 seconds.
You can set `force_col_wise=true` to remove the overhead.
[LightGBM] [Info] Total Bins 7226
[LightGBM] [Info] Number of data points in the train set: 91722, number of used features: 35
[LightGBM] [Info] Start training from score 5727.028356
[LightGBM] [Info] Auto-choosing col-wise multi-threading, the overhead of testing was 0.192085 seconds.
You can set `force_col_wise=true` to remove the overhead.
[LightGBM] [Info] Total Bins 7226
[LightGBM] [Info] Number of data points in the train set: 91722, number of used features: 35
[LightGBM] [Info] Start training from score 5727.022278
[LightGBM] [Info] Auto-choosing col-wise multi-threading, the overhead of testing was 0.211150 seconds.
You can set `force_col_wise=true` to remove the overhead.
[LightGBM] [Info] Total Bins 7226
[LightGBM] [Info] Number of data points in the train set: 91722, number of used features: 35
[LightGBM] [Info] Start training from score 5727.019051
[LightGBM] [Info] Auto-choosing col-wise multi-threading, the overhead of testing was 0.194765 seconds.
You can set `force_col_wise=true` to remove the overhead.
[LightGBM] [Info] Total Bins 7226
[LightGBM] [Info] Number of data points in the train set: 91722, number of used features: 35
[LightGBM] [Info] Start training from score 5727.013938
[LightGBM] [Info] Auto-choosing col-wise multi-threading, the overhead of testing was 0.211907 seconds.
You can set `force_col_wise=true` to remove the overhead.
[LightGBM] [Info] Total Bins 7226
[LightGBM] [Info] Number of data points in the train set: 91722, number of used features: 35
[LightGBM] [Info] Start training from score 5727.009658
[LightGBM] [Info] Auto-choosing col-wise multi-threading, the overhead of testing was 0.183727 seconds.
You can set `force_col_wise=true` to remove the overhead.
[LightGBM] [Info] Total Bins 7226
[LightGBM] [Info] Number of data points in the train set: 91722, number of used features: 35
[LightGBM] [Info] Start training from score 5727.005578
[LightGBM] [Info] Auto-choosing col-wise multi-threading, the overhead of testing was 0.214039 seconds.
You can set `force_col_wise=true` to remove the overhead.
[LightGBM] [Info] Total Bins 7226
[LightGBM] [Info] Number of data points in the train set: 91722, number of used features: 35
[LightGBM] [Info] Start training from score 5727.001478
[LightGBM] [Info] Auto-choosing col-wise multi-threading, the overhead of testing was 0.197821 seconds.
You can set `force_col_wise=true` to remove the overhead.
[LightGBM] [Info] Total Bins 7226
[LightGBM] [Info] Number of data points in the train set: 91722, number of used features: 35
[LightGBM] [Info] Start training from score 5726.994712
[LightGBM] [Info] Auto-choosing col-wise multi-threading, the overhead of testing was 0.176695 seconds.
You can set `force_col_wise=true` to remove the overhead.
[LightGBM] [Info] Total Bins 7226
[LightGBM] [Info] Number of data points in the train set: 91722, number of used features: 35
[LightGBM] [Info] Start training from score 5726.983217
[LightGBM] [Info] Auto-choosing col-wise multi-threading, the overhead of testing was 0.211920 seconds.
You can set `force_col_wise=true` to remove the overhead.
[LightGBM] [Info] Total Bins 7226
[LightGBM] [Info] Number of data points in the train set: 91722, number of used features: 35
[LightGBM] [Info] Start training from score 5726.973456
[LightGBM] [Info] Auto-choosing col-wise multi-threading, the overhead of testing was 0.138811 seconds.
You can set `force_col_wise=true` to remove the overhead.
[LightGBM] [Info] Total Bins 7226
[LightGBM] [Info] Number of data points in the train set: 91722, number of used features: 35
[LightGBM] [Info] Start training from score 5726.963246
[LightGBM] [Info] Auto-choosing col-wise multi-threading, the overhead of testing was 0.153708 seconds.
You can set `force_col_wise=true` to remove the overhead.
[LightGBM] [Info] Total Bins 7226
[LightGBM] [Info] Number of data points in the train set: 91722, number of used features: 35
[LightGBM] [Info] Start training from score 5726.954793
[LightGBM] [Info] Auto-choosing col-wise multi-threading, the overhead of testing was 0.146411 seconds.
You can set `force_col_wise=true` to remove the overhead.
[LightGBM] [Info] Total Bins 7226
[LightGBM] [Info] Number of data points in the train set: 91722, number of used features: 35
[LightGBM] [Info] Start training from score 5726.949435
[LightGBM] [Info] Auto-choosing col-wise multi-threading, the overhead of testing was 0.085936 seconds.
You can set `force_col_wise=true` to remove the overhead.
[LightGBM] [Info] Total Bins 7226
[LightGBM] [Info] Number of data points in the train set: 91722, number of used features: 35
[LightGBM] [Info] Start training from score 5726.947307
   [fit] key=2025-W27 cutoff=2025-06-30 11:00:00  (block 31/92)
[LightGBM] [Info] Auto-choosing col-wise multi-threading, the overhead of testing was 0.155023 seconds.
You can set `force_col_wise=true` to remove the overhead.
[LightGBM] [Info] Total Bins 7226
[LightGBM] [Info] Number of data points in the train set: 91890, number of used features: 35
[LightGBM] [Info] Start training from score 5729.818401
[LightGBM] [Info] Auto-choosing col-wise multi-threading, the overhead of testing was 0.161818 seconds.
You can set `force_col_wise=true` to remove the overhead.
[LightGBM] [Info] Total Bins 7226
[LightGBM] [Info] Number of data points in the train set: 91890, number of used features: 35
[LightGBM] [Info] Start training from score 5729.820082
[LightGBM] [Info] Auto-choosing col-wise multi-threading, the overhead of testing was 0.196344 seconds.
You can set `force_col_wise=true` to remove the overhead.
[LightGBM] [Info] Total Bins 7226
[LightGBM] [Info] Number of data points in the train set: 91890, number of used features: 35
[LightGBM] [Info] Auto-choosing col-wise multi-threading, the overhead of testing was 0.199234 seconds.
You can set `force_col_wise=true` to remove the overhead.
[LightGBM] [Info] Total Bins 7226
[LightGBM] [Info] Start training from score 5729.816662
[LightGBM] [Info] Number of data points in the train set: 91890, number of used features: 35
[LightGBM] [Info] Start training from score 5729.732393
[LightGBM] [Info] Auto-choosing col-wise multi-threading, the overhead of testing was 0.204543 seconds.
You can set `force_col_wise=true` to remove the overhead.
[LightGBM] [Info] Total Bins 7226
[LightGBM] [Info] Number of data points in the train set: 91890, number of used features: 35
[LightGBM] [Info] Start training from score 5729.796472
[LightGBM] [Info] Auto-choosing col-wise multi-threading, the overhead of testing was 0.230320 seconds.
You can set `force_col_wise=true` to remove the overhead.
[LightGBM] [Info] Total Bins 7226
[LightGBM] [Info] Number of data points in the train set: 91890, number of used features: 35
[LightGBM] [Info] Start training from score 5729.819501
[LightGBM] [Info] Auto-choosing col-wise multi-threading, the overhead of testing was 0.201062 seconds.
You can set `force_col_wise=true` to remove the overhead.
[LightGBM] [Info] Total Bins 7226
[LightGBM] [Info] Number of data points in the train set: 91890, number of used features: 35
[LightGBM] [Info] Start training from score 5729.680415
[LightGBM] [Info] Auto-choosing col-wise multi-threading, the overhead of testing was 0.200015 seconds.
You can set `force_col_wise=true` to remove the overhead.
[LightGBM] [Info] Total Bins 7226
[LightGBM] [Info] Number of data points in the train set: 91890, number of used features: 35
[LightGBM] [Info] Start training from score 5729.694615
[LightGBM] [Info] Auto-choosing col-wise multi-threading, the overhead of testing was 0.178977 seconds.
You can set `force_col_wise=true` to remove the overhead.
[LightGBM] [Info] Total Bins 7226
[LightGBM] [Info] Auto-choosing row-wise multi-threading, the overhead of testing was 0.053625 seconds.
You can set `force_row_wise=true` to remove the overhead.
And if memory is not enough, you can set `force_col_wise=true`.
[LightGBM] [Info] Auto-choosing col-wise multi-threading, the overhead of testing was 0.177650 seconds.
You can set `force_col_wise=true` to remove the overhead.
[LightGBM] [Info] Total Bins 7226
[LightGBM] [Info] Total Bins 7226
[LightGBM] [Info] Auto-choosing col-wise multi-threading, the overhead of testing was 0.179664 seconds.
You can set `force_col_wise=true` to remove the overhead.
[LightGBM] [Info] Total Bins 7226
[LightGBM] [Info] Number of data points in the train set: 91890, number of used features: 35
[LightGBM] [Info] Start training from score 5729.645015
[LightGBM] [Info] Number of data points in the train set: 91890, number of used features: 35
[LightGBM] [Info] Number of data points in the train set: 91890, number of used features: 35
[LightGBM] [Info] Auto-choosing col-wise multi-threading, the overhead of testing was 0.188739 seconds.
You can set `force_col_wise=true` to remove the overhead.
[LightGBM] [Info] Start training from score 5729.778082
[LightGBM] [Info] Total Bins 7226
[LightGBM] [Info] Number of data points in the train set: 91890, number of used features: 35
[LightGBM] [Info] Start training from score 5729.812093
[LightGBM] [Info] Start training from score 5729.669701
[LightGBM] [Info] Number of data points in the train set: 91890, number of used features: 35
[LightGBM] [Info] Start training from score 5729.656837
[LightGBM] [Info] Auto-choosing col-wise multi-threading, the overhead of testing was 0.178903 seconds.
You can set `force_col_wise=true` to remove the overhead.
[LightGBM] [Info] Total Bins 7226
[LightGBM] [Info] Number of data points in the train set: 91890, number of used features: 35
[LightGBM] [Info] Start training from score 5729.755566
[LightGBM] [Info] Auto-choosing col-wise multi-threading, the overhead of testing was 0.175980 seconds.
You can set `force_col_wise=true` to remove the overhead.
[LightGBM] [Info] Total Bins 7226
[LightGBM] [Info] Number of data points in the train set: 91890, number of used features: 35
[LightGBM] [Info] Start training from score 5729.711922
[LightGBM] [Info] Auto-choosing col-wise multi-threading, the overhead of testing was 0.198029 seconds.
You can set `force_col_wise=true` to remove the overhead.
[LightGBM] [Info] Total Bins 7226
[LightGBM] [Info] Number of data points in the train set: 91890, number of used features: 35
[LightGBM] [Info] Start training from score 5729.819451
[LightGBM] [Info] Auto-choosing col-wise multi-threading, the overhead of testing was 0.181713 seconds.
You can set `force_col_wise=true` to remove the overhead.
[LightGBM] [Info] Total Bins 7226
[LightGBM] [Info] Number of data points in the train set: 91890, number of used features: 35
[LightGBM] [Info] Start training from score 5729.631902
[LightGBM] [Info] Auto-choosing col-wise multi-threading, the overhead of testing was 0.192325 seconds.
You can set `force_col_wise=true` to remove the overhead.
[LightGBM] [Info] Total Bins 7226
[LightGBM] [Info] Number of data points in the train set: 91890, number of used features: 35
[LightGBM] [Info] Start training from score 5729.611813
[LightGBM] [Info] Auto-choosing col-wise multi-threading, the overhead of testing was 0.194374 seconds.
You can set `force_col_wise=true` to remove the overhead.
[LightGBM] [Info] Total Bins 7226
[LightGBM] [Info] Number of data points in the train set: 91890, number of used features: 35
[LightGBM] [Info] Start training from score 5729.590828
[LightGBM] [Info] Auto-choosing row-wise multi-threading, the overhead of testing was 0.064286 seconds.
You can set `force_row_wise=true` to remove the overhead.
And if memory is not enough, you can set `force_col_wise=true`.
[LightGBM] [Info] Total Bins 7226
[LightGBM] [Info] Number of data points in the train set: 91890, number of used features: 35
[LightGBM] [Info] Start training from score 5729.570095
[LightGBM] [Info] Auto-choosing col-wise multi-threading, the overhead of testing was 0.196137 seconds.
You can set `force_col_wise=true` to remove the overhead.
[LightGBM] [Info] Total Bins 7226
[LightGBM] [Info] Number of data points in the train set: 91890, number of used features: 35
[LightGBM] [Info] Start training from score 5729.557923
[LightGBM] [Info] Auto-choosing col-wise multi-threading, the overhead of testing was 0.172155 seconds.
You can set `force_col_wise=true` to remove the overhead.
[LightGBM] [Info] Total Bins 7226
[LightGBM] [Info] Number of data points in the train set: 91890, number of used features: 35
[LightGBM] [Info] Start training from score 5729.553192
[LightGBM] [Info] Auto-choosing col-wise multi-threading, the overhead of testing was 0.181699 seconds.
You can set `force_col_wise=true` to remove the overhead.
[LightGBM] [Info] Total Bins 7226
[LightGBM] [Info] Number of data points in the train set: 91890, number of used features: 35
[LightGBM] [Info] Start training from score 5729.551006
[LightGBM] [Info] Auto-choosing col-wise multi-threading, the overhead of testing was 0.166038 seconds.
You can set `force_col_wise=true` to remove the overhead.
[LightGBM] [Info] Total Bins 7226
[LightGBM] [Info] Number of data points in the train set: 91890, number of used features: 35
[LightGBM] [Info] Start training from score 5729.552448
[LightGBM] [Info] Auto-choosing col-wise multi-threading, the overhead of testing was 0.160769 seconds.
You can set `force_col_wise=true` to remove the overhead.
[LightGBM] [Info] Total Bins 7226
[LightGBM] [Info] Number of data points in the train set: 91890, number of used features: 35
[LightGBM] [Info] Start training from score 5729.556300
[LightGBM] [Info] Auto-choosing col-wise multi-threading, the overhead of testing was 0.207813 seconds.
You can set `force_col_wise=true` to remove the overhead.
[LightGBM] [Info] Total Bins 7226
[LightGBM] [Info] Number of data points in the train set: 91890, number of used features: 35
[LightGBM] [Info] Start training from score 5729.557421
[LightGBM] [Info] Auto-choosing col-wise multi-threading, the overhead of testing was 0.215899 seconds.
You can set `force_col_wise=true` to remove the overhead.
[LightGBM] [Info] Total Bins 7226
[LightGBM] [Info] Number of data points in the train set: 91890, number of used features: 35
[LightGBM] [Info] Start training from score 5729.558231
[LightGBM] [Info] Auto-choosing col-wise multi-threading, the overhead of testing was 0.175182 seconds.
You can set `force_col_wise=true` to remove the overhead.
[LightGBM] [Info] Total Bins 7226
[LightGBM] [Info] Number of data points in the train set: 91890, number of used features: 35
[LightGBM] [Info] Start training from score 5729.558598
[LightGBM] [Info] Auto-choosing row-wise multi-threading, the overhead of testing was 0.056097 seconds.
You can set `force_row_wise=true` to remove the overhead.
And if memory is not enough, you can set `force_col_wise=true`.
[LightGBM] [Info] Total Bins 7226
[LightGBM] [Info] Number of data points in the train set: 91890, number of used features: 35
[LightGBM] [Info] Start training from score 5729.558413
[LightGBM] [Info] Auto-choosing col-wise multi-threading, the overhead of testing was 0.161557 seconds.
You can set `force_col_wise=true` to remove the overhead.
[LightGBM] [Info] Total Bins 7226
[LightGBM] [Info] Number of data points in the train set: 91890, number of used features: 35
[LightGBM] [Info] Start training from score 5729.554989
[LightGBM] [Info] Auto-choosing col-wise multi-threading, the overhead of testing was 0.216331 seconds.
You can set `force_col_wise=true` to remove the overhead.
[LightGBM] [Info] Total Bins 7226
[LightGBM] [Info] Number of data points in the train set: 91890, number of used features: 35
[LightGBM] [Info] Start training from score 5729.547084
[LightGBM] [Info] Auto-choosing col-wise multi-threading, the overhead of testing was 0.182939 seconds.
You can set `force_col_wise=true` to remove the overhead.
[LightGBM] [Info] Total Bins 7226
[LightGBM] [Info] Number of data points in the train set: 91890, number of used features: 35
[LightGBM] [Info] Start training from score 5729.541009
[LightGBM] [Info] Auto-choosing col-wise multi-threading, the overhead of testing was 0.161269 seconds.
You can set `force_col_wise=true` to remove the overhead.
[LightGBM] [Info] Total Bins 7226
[LightGBM] [Info] Number of data points in the train set: 91890, number of used features: 35
[LightGBM] [Info] Start training from score 5729.535966
[LightGBM] [Info] Auto-choosing col-wise multi-threading, the overhead of testing was 0.182306 seconds.
You can set `force_col_wise=true` to remove the overhead.
[LightGBM] [Info] Total Bins 7226
[LightGBM] [Info] Number of data points in the train set: 91890, number of used features: 35
[LightGBM] [Info] Start training from score 5729.534177
[LightGBM] [Info] Auto-choosing col-wise multi-threading, the overhead of testing was 0.138687 seconds.
You can set `force_col_wise=true` to remove the overhead.
[LightGBM] [Info] Total Bins 7226
[LightGBM] [Info] Number of data points in the train set: 91890, number of used features: 35
[LightGBM] [Info] Start training from score 5729.536544
[LightGBM] [Info] Auto-choosing col-wise multi-threading, the overhead of testing was 0.112162 seconds.
You can set `force_col_wise=true` to remove the overhead.
[LightGBM] [Info] Total Bins 7226
[LightGBM] [Info] Number of data points in the train set: 91890, number of used features: 35
[LightGBM] [Info] Start training from score 5729.542767
   [fit] key=2025-W28 cutoff=2025-07-07 11:00:00  (block 38/92)
[LightGBM] [Info] Auto-choosing col-wise multi-threading, the overhead of testing was 0.165912 seconds.
You can set `force_col_wise=true` to remove the overhead.
[LightGBM] [Info] Total Bins 7226
[LightGBM] [Info] Number of data points in the train set: 92058, number of used features: 35
[LightGBM] [Info] Start training from score 5732.472622
[LightGBM] [Info] Auto-choosing col-wise multi-threading, the overhead of testing was 0.174984 seconds.
You can set `force_col_wise=true` to remove the overhead.
[LightGBM] [Info] Total Bins 7226
[LightGBM] [Info] Number of data points in the train set: 92058, number of used features: 35
[LightGBM] [Info] Start training from score 5732.590518
[LightGBM] [Info] Auto-choosing col-wise multi-threading, the overhead of testing was 0.155664 seconds.
You can set `force_col_wise=true` to remove the overhead.
[LightGBM] [Info] Total Bins 7226
[LightGBM] [Info] Number of data points in the train set: 92058, number of used features: 35
[LightGBM] [Info] Start training from score 5732.525723
[LightGBM] [Info] Auto-choosing col-wise multi-threading, the overhead of testing was 0.167591 seconds.
You can set `force_col_wise=true` to remove the overhead.
[LightGBM] [Info] Total Bins 7226
[LightGBM] [Info] Number of data points in the train set: 92058, number of used features: 35
[LightGBM] [Info] Start training from score 5732.578954
[LightGBM] [Info] Auto-choosing col-wise multi-threading, the overhead of testing was 0.168754 seconds.
You can set `force_col_wise=true` to remove the overhead.
[LightGBM] [Info] Total Bins 7226
[LightGBM] [Info] Number of data points in the train set: 92058, number of used features: 35
[LightGBM] [Info] Start training from score 5732.548032
[LightGBM] [Info] Auto-choosing col-wise multi-threading, the overhead of testing was 0.172804 seconds.
You can set `force_col_wise=true` to remove the overhead.
[LightGBM] [Info] Total Bins 7226
[LightGBM] [Info] Number of data points in the train set: 92058, number of used features: 35
[LightGBM] [Info] Start training from score 5732.499739
[LightGBM] [Info] Auto-choosing col-wise multi-threading, the overhead of testing was 0.163662 seconds.
You can set `force_col_wise=true` to remove the overhead.
[LightGBM] [Info] Total Bins 7226
[LightGBM] [Info] Number of data points in the train set: 92058, number of used features: 35
[LightGBM] [Info] Start training from score 5732.583527
[LightGBM] [Info] Auto-choosing col-wise multi-threading, the overhead of testing was 0.167500 seconds.
You can set `force_col_wise=true` to remove the overhead.
[LightGBM] [Info] Total Bins 7226
[LightGBM] [Info] Number of data points in the train set: 92058, number of used features: 35
[LightGBM] [Info] Auto-choosing col-wise multi-threading, the overhead of testing was 0.175982 seconds.
You can set `force_col_wise=true` to remove the overhead.
[LightGBM] [Info] Total Bins 7226
[LightGBM] [Info] Start training from score 5732.447180
[LightGBM] [Info] Number of data points in the train set: 92058, number of used features: 35
[LightGBM] [Info] Start training from score 5732.593496
[LightGBM] [Info] Auto-choosing col-wise multi-threading, the overhead of testing was 0.159661 seconds.
You can set `force_col_wise=true` to remove the overhead.
[LightGBM] [Info] Total Bins 7226
[LightGBM] [Info] Number of data points in the train set: 92058, number of used features: 35
[LightGBM] [Info] Start training from score 5732.587096
[LightGBM] [Info] Auto-choosing col-wise multi-threading, the overhead of testing was 0.169649 seconds.
You can set `force_col_wise=true` to remove the overhead.
[LightGBM] [Info] Total Bins 7226
[LightGBM] [Info] Number of data points in the train set: 92058, number of used features: 35
[LightGBM] [Info] Start training from score 5732.424191
[LightGBM] [Info] Auto-choosing col-wise multi-threading, the overhead of testing was 0.176364 seconds.
You can set `force_col_wise=true` to remove the overhead.
[LightGBM] [Info] Total Bins 7226
[LightGBM] [Info] Number of data points in the train set: 92058, number of used features: 35
[LightGBM] [Info] Start training from score 5732.403119
[LightGBM] [Info] Auto-choosing col-wise multi-threading, the overhead of testing was 0.170023 seconds.
You can set `force_col_wise=true` to remove the overhead.
[LightGBM] [Info] Total Bins 7226
[LightGBM] [Info] Number of data points in the train set: 92058, number of used features: 35
[LightGBM] [Info] Start training from score 5732.365571
[LightGBM] [Info] Auto-choosing col-wise multi-threading, the overhead of testing was 0.190244 seconds.
You can set `force_col_wise=true` to remove the overhead.
[LightGBM] [Info] Total Bins 7226
[LightGBM] [Info] Number of data points in the train set: 92058, number of used features: 35
[LightGBM] [Info] Auto-choosing row-wise multi-threading, the overhead of testing was 0.074479 seconds.
You can set `force_row_wise=true` to remove the overhead.
And if memory is not enough, you can set `force_col_wise=true`.
[LightGBM] [Info] Total Bins 7226
[LightGBM] [Info] Start training from score 5732.346764
[LightGBM] [Info] Number of data points in the train set: 92058, number of used features: 35
[LightGBM] [Info] Start training from score 5732.385288
[LightGBM] [Info] Auto-choosing col-wise multi-threading, the overhead of testing was 0.227925 seconds.
You can set `force_col_wise=true` to remove the overhead.
[LightGBM] [Info] Total Bins 7226
[LightGBM] [Info] Number of data points in the train set: 92058, number of used features: 35
[LightGBM] [Info] Start training from score 5732.567709
[LightGBM] [Info] Auto-choosing col-wise multi-threading, the overhead of testing was 0.161852 seconds.
You can set `force_col_wise=true` to remove the overhead.
[LightGBM] [Info] Total Bins 7226
[LightGBM] [Info] Number of data points in the train set: 92058, number of used features: 35
[LightGBM] [Info] Start training from score 5732.326778
[LightGBM] [Info] Auto-choosing col-wise multi-threading, the overhead of testing was 0.173893 seconds.
You can set `force_col_wise=true` to remove the overhead.
[LightGBM] [Info] Total Bins 7226
[LightGBM] [Info] Number of data points in the train set: 92058, number of used features: 35
[LightGBM] [Info] Start training from score 5732.301065
[LightGBM] [Info] Auto-choosing col-wise multi-threading, the overhead of testing was 0.186659 seconds.
You can set `force_col_wise=true` to remove the overhead.
[LightGBM] [Info] Total Bins 7226
[LightGBM] [Info] Number of data points in the train set: 92058, number of used features: 35
[LightGBM] [Info] Start training from score 5732.276045
[LightGBM] [Info] Auto-choosing col-wise multi-threading, the overhead of testing was 0.159515 seconds.
You can set `force_col_wise=true` to remove the overhead.
[LightGBM] [Info] Total Bins 7226
[LightGBM] [Info] Number of data points in the train set: 92058, number of used features: 35
[LightGBM] [Info] Start training from score 5732.251646
[LightGBM] [Info] Auto-choosing col-wise multi-threading, the overhead of testing was 0.173290 seconds.
You can set `force_col_wise=true` to remove the overhead.
[LightGBM] [Info] Total Bins 7226
[LightGBM] [Info] Number of data points in the train set: 92058, number of used features: 35
[LightGBM] [Info] Start training from score 5732.229407
[LightGBM] [Info] Auto-choosing col-wise multi-threading, the overhead of testing was 0.153605 seconds.
You can set `force_col_wise=true` to remove the overhead.
[LightGBM] [Info] Total Bins 7226
[LightGBM] [Info] Number of data points in the train set: 92058, number of used features: 35
[LightGBM] [Info] Start training from score 5732.225553
[LightGBM] [Info] Auto-choosing row-wise multi-threading, the overhead of testing was 0.070034 seconds.
You can set `force_row_wise=true` to remove the overhead.
And if memory is not enough, you can set `force_col_wise=true`.
[LightGBM] [Info] Total Bins 7226
[LightGBM] [Info] Number of data points in the train set: 92058, number of used features: 35
[LightGBM] [Info] Start training from score 5732.236672
[LightGBM] [Info] Auto-choosing col-wise multi-threading, the overhead of testing was 0.163179 seconds.
You can set `force_col_wise=true` to remove the overhead.
[LightGBM] [Info] Total Bins 7226
[LightGBM] [Info] Number of data points in the train set: 92058, number of used features: 35
[LightGBM] [Info] Start training from score 5732.224743
[LightGBM] [Info] Auto-choosing col-wise multi-threading, the overhead of testing was 0.203840 seconds.
You can set `force_col_wise=true` to remove the overhead.
[LightGBM] [Info] Total Bins 7226
[LightGBM] [Info] Number of data points in the train set: 92058, number of used features: 35
[LightGBM] [Info] Start training from score 5732.226079
[LightGBM] [Info] Auto-choosing col-wise multi-threading, the overhead of testing was 0.175260 seconds.
You can set `force_col_wise=true` to remove the overhead.
[LightGBM] [Info] Total Bins 7226
[LightGBM] [Info] Number of data points in the train set: 92058, number of used features: 35
[LightGBM] [Info] Start training from score 5732.225069
[LightGBM] [Info] Auto-choosing col-wise multi-threading, the overhead of testing was 0.207529 seconds.
You can set `force_col_wise=true` to remove the overhead.
[LightGBM] [Info] Total Bins 7226
[LightGBM] [Info] Number of data points in the train set: 92058, number of used features: 35
[LightGBM] [Info] Start training from score 5732.224357
[LightGBM] [Info] Auto-choosing col-wise multi-threading, the overhead of testing was 0.166691 seconds.
You can set `force_col_wise=true` to remove the overhead.
[LightGBM] [Info] Total Bins 7226
[LightGBM] [Info] Number of data points in the train set: 92058, number of used features: 35
[LightGBM] [Info] Start training from score 5732.223496
[LightGBM] [Info] Auto-choosing row-wise multi-threading, the overhead of testing was 0.066820 seconds.
You can set `force_row_wise=true` to remove the overhead.
And if memory is not enough, you can set `force_col_wise=true`.
[LightGBM] [Info] Total Bins 7226
[LightGBM] [Info] Number of data points in the train set: 92058, number of used features: 35
[LightGBM] [Info] Start training from score 5732.222268
[LightGBM] [Info] Auto-choosing col-wise multi-threading, the overhead of testing was 0.158664 seconds.
You can set `force_col_wise=true` to remove the overhead.
[LightGBM] [Info] Total Bins 7226
[LightGBM] [Info] Number of data points in the train set: 92058, number of used features: 35
[LightGBM] [Info] Start training from score 5732.218155
[LightGBM] [Info] Auto-choosing col-wise multi-threading, the overhead of testing was 0.210098 seconds.
You can set `force_col_wise=true` to remove the overhead.
[LightGBM] [Info] Total Bins 7226
[LightGBM] [Info] Number of data points in the train set: 92058, number of used features: 35
[LightGBM] [Info] Start training from score 5732.209755
[LightGBM] [Info] Auto-choosing col-wise multi-threading, the overhead of testing was 0.171976 seconds.
You can set `force_col_wise=true` to remove the overhead.
[LightGBM] [Info] Total Bins 7226
[LightGBM] [Info] Number of data points in the train set: 92058, number of used features: 35
[LightGBM] [Info] Start training from score 5732.203940
[LightGBM] [Info] Auto-choosing col-wise multi-threading, the overhead of testing was 0.158214 seconds.
You can set `force_col_wise=true` to remove the overhead.
[LightGBM] [Info] Total Bins 7226
[LightGBM] [Info] Number of data points in the train set: 92058, number of used features: 35
[LightGBM] [Info] Start training from score 5732.198102
[LightGBM] [Info] Auto-choosing col-wise multi-threading, the overhead of testing was 0.168476 seconds.
You can set `force_col_wise=true` to remove the overhead.
[LightGBM] [Info] Total Bins 7226
[LightGBM] [Info] Number of data points in the train set: 92058, number of used features: 35
[LightGBM] [Info] Start training from score 5732.194329
[LightGBM] [Info] Auto-choosing col-wise multi-threading, the overhead of testing was 0.143420 seconds.
You can set `force_col_wise=true` to remove the overhead.
[LightGBM] [Info] Total Bins 7226
[LightGBM] [Info] Number of data points in the train set: 92058, number of used features: 35
[LightGBM] [Info] Start training from score 5732.193520
[LightGBM] [Info] Auto-choosing col-wise multi-threading, the overhead of testing was 0.116609 seconds.
You can set `force_col_wise=true` to remove the overhead.
[LightGBM] [Info] Total Bins 7226
[LightGBM] [Info] Number of data points in the train set: 92058, number of used features: 35
[LightGBM] [Info] Start training from score 5732.196636
   [fit] key=2025-W29 cutoff=2025-07-14 11:00:00  (block 45/92)
[LightGBM] [Info] Auto-choosing col-wise multi-threading, the overhead of testing was 0.219654 seconds.
You can set `force_col_wise=true` to remove the overhead.
[LightGBM] [Info] Total Bins 7226
[LightGBM] [Info] Number of data points in the train set: 92226, number of used features: 35
[LightGBM] [Info] Start training from score 5735.702275
[LightGBM] [Info] Auto-choosing col-wise multi-threading, the overhead of testing was 0.177945 seconds.
You can set `force_col_wise=true` to remove the overhead.
[LightGBM] [Info] Total Bins 7226
[LightGBM] [Info] Number of data points in the train set: 92226, number of used features: 35
[LightGBM] [Info] Start training from score 5735.593652
[LightGBM] [Info] Auto-choosing col-wise multi-threading, the overhead of testing was 0.181286 seconds.
You can set `force_col_wise=true` to remove the overhead.
[LightGBM] [Info] Total Bins 7226
[LightGBM] [Info] Number of data points in the train set: 92226, number of used features: 35
[LightGBM] [Info] Start training from score 5735.628008
[LightGBM] [Info] Auto-choosing col-wise multi-threading, the overhead of testing was 0.173839 seconds.
You can set `force_col_wise=true` to remove the overhead.
[LightGBM] [Info] Total Bins 7226
[LightGBM] [Info] Number of data points in the train set: 92226, number of used features: 35
[LightGBM] [Info] Start training from score 5735.703730
[LightGBM] [Info] Auto-choosing col-wise multi-threading, the overhead of testing was 0.178188 seconds.
You can set `force_col_wise=true` to remove the overhead.
[LightGBM] [Info] Total Bins 7226
[LightGBM] [Info] Number of data points in the train set: 92226, number of used features: 35
[LightGBM] [Info] Start training from score 5735.704984
[LightGBM] [Info] Auto-choosing col-wise multi-threading, the overhead of testing was 0.168730 seconds.
You can set `force_col_wise=true` to remove the overhead.
[LightGBM] [Info] Total Bins 7226
[LightGBM] [Info] Number of data points in the train set: 92226, number of used features: 35
[LightGBM] [Info] Auto-choosing col-wise multi-threading, the overhead of testing was 0.180036 seconds.
You can set `force_col_wise=true` to remove the overhead.
[LightGBM] [Info] Total Bins 7226
[LightGBM] [Info] Start training from score 5735.688350
[LightGBM] [Info] Number of data points in the train set: 92226, number of used features: 35
[LightGBM] [Info] Auto-choosing col-wise multi-threading, the overhead of testing was 0.176183 seconds.
You can set `force_col_wise=true` to remove the overhead.
[LightGBM] [Info] Start training from score 5735.707294
[LightGBM] [Info] Total Bins 7226
[LightGBM] [Info] Number of data points in the train set: 92226, number of used features: 35
[LightGBM] [Info] Start training from score 5735.670960
[LightGBM] [Info] Auto-choosing col-wise multi-threading, the overhead of testing was 0.195373 seconds.
You can set `force_col_wise=true` to remove the overhead.
[LightGBM] [Info] Total Bins 7226
[LightGBM] [Info] Auto-choosing col-wise multi-threading, the overhead of testing was 0.193604 seconds.
You can set `force_col_wise=true` to remove the overhead.
[LightGBM] [Info] Total Bins 7226
[LightGBM] [Info] Number of data points in the train set: 92226, number of used features: 35
[LightGBM] [Info] Auto-choosing col-wise multi-threading, the overhead of testing was 0.166896 seconds.
You can set `force_col_wise=true` to remove the overhead.
[LightGBM] [Info] Start training from score 5735.609248
[LightGBM] [Info] Total Bins 7226
[LightGBM] [Info] Number of data points in the train set: 92226, number of used features: 35
[LightGBM] [Info] Start training from score 5735.649480
[LightGBM] [Info] Number of data points in the train set: 92226, number of used features: 35
[LightGBM] [Info] Start training from score 5735.709370
[LightGBM] [Info] Auto-choosing col-wise multi-threading, the overhead of testing was 0.190099 seconds.
You can set `force_col_wise=true` to remove the overhead.
[LightGBM] [Info] Total Bins 7226
[LightGBM] [Info] Number of data points in the train set: 92226, number of used features: 35
[LightGBM] [Info] Start training from score 5735.554891
[LightGBM] [Info] Auto-choosing col-wise multi-threading, the overhead of testing was 0.183342 seconds.
You can set `force_col_wise=true` to remove the overhead.
[LightGBM] [Info] Total Bins 7226
[LightGBM] [Info] Number of data points in the train set: 92226, number of used features: 35
[LightGBM] [Info] Start training from score 5735.573133
[LightGBM] [Info] Auto-choosing col-wise multi-threading, the overhead of testing was 0.179474 seconds.
You can set `force_col_wise=true` to remove the overhead.
[LightGBM] [Info] Total Bins 7226
[LightGBM] [Info] Auto-choosing col-wise multi-threading, the overhead of testing was 0.189315 seconds.
You can set `force_col_wise=true` to remove the overhead.
[LightGBM] [Info] Total Bins 7226
[LightGBM] [Info] Number of data points in the train set: 92226, number of used features: 35
[LightGBM] [Info] Start training from score 5735.709804
[LightGBM] [Info] Number of data points in the train set: 92226, number of used features: 35
[LightGBM] [Info] Start training from score 5735.581369
[LightGBM] [Info] Auto-choosing col-wise multi-threading, the overhead of testing was 0.196303 seconds.
You can set `force_col_wise=true` to remove the overhead.
[LightGBM] [Info] Total Bins 7226
[LightGBM] [Info] Number of data points in the train set: 92226, number of used features: 35
[LightGBM] [Info] Start training from score 5735.563862
[LightGBM] [Info] Auto-choosing col-wise multi-threading, the overhead of testing was 0.162205 seconds.
You can set `force_col_wise=true` to remove the overhead.
[LightGBM] [Info] Total Bins 7226
[LightGBM] [Info] Number of data points in the train set: 92226, number of used features: 35
[LightGBM] [Info] Start training from score 5735.527676
[LightGBM] [Info] Auto-choosing col-wise multi-threading, the overhead of testing was 0.173787 seconds.
You can set `force_col_wise=true` to remove the overhead.
[LightGBM] [Info] Total Bins 7226
[LightGBM] [Info] Number of data points in the train set: 92226, number of used features: 35
[LightGBM] [Info] Start training from score 5735.544418
[LightGBM] [Info] Auto-choosing col-wise multi-threading, the overhead of testing was 0.178249 seconds.
You can set `force_col_wise=true` to remove the overhead.
[LightGBM] [Info] Total Bins 7226
[LightGBM] [Info] Number of data points in the train set: 92226, number of used features: 35
[LightGBM] [Info] Start training from score 5735.509836
[LightGBM] [Info] Auto-choosing col-wise multi-threading, the overhead of testing was 0.173187 seconds.
You can set `force_col_wise=true` to remove the overhead.
[LightGBM] [Info] Total Bins 7226
[LightGBM] [Info] Number of data points in the train set: 92226, number of used features: 35
[LightGBM] [Info] Start training from score 5735.492085
[LightGBM] [Info] Auto-choosing row-wise multi-threading, the overhead of testing was 0.049220 seconds.
You can set `force_row_wise=true` to remove the overhead.
And if memory is not enough, you can set `force_col_wise=true`.
[LightGBM] [Info] Total Bins 7226
[LightGBM] [Info] Number of data points in the train set: 92226, number of used features: 35
[LightGBM] [Info] Start training from score 5735.482831
[LightGBM] [Info] Auto-choosing col-wise multi-threading, the overhead of testing was 0.180165 seconds.
You can set `force_col_wise=true` to remove the overhead.
[LightGBM] [Info] Total Bins 7226
[LightGBM] [Info] Number of data points in the train set: 92226, number of used features: 35
[LightGBM] [Info] Start training from score 5735.482509
[LightGBM] [Info] Auto-choosing col-wise multi-threading, the overhead of testing was 0.174421 seconds.
You can set `force_col_wise=true` to remove the overhead.
[LightGBM] [Info] Total Bins 7226
[LightGBM] [Info] Number of data points in the train set: 92226, number of used features: 35
[LightGBM] [Info] Start training from score 5735.480871
[LightGBM] [Info] Auto-choosing col-wise multi-threading, the overhead of testing was 0.246976 seconds.
You can set `force_col_wise=true` to remove the overhead.
[LightGBM] [Info] Total Bins 7226
[LightGBM] [Info] Number of data points in the train set: 92226, number of used features: 35
[LightGBM] [Info] Start training from score 5735.487644
[LightGBM] [Info] Auto-choosing col-wise multi-threading, the overhead of testing was 0.267740 seconds.
You can set `force_col_wise=true` to remove the overhead.
[LightGBM] [Info] Total Bins 7226
[LightGBM] [Info] Number of data points in the train set: 92226, number of used features: 35
[LightGBM] [Info] Start training from score 5735.494941
[LightGBM] [Info] Auto-choosing row-wise multi-threading, the overhead of testing was 0.092833 seconds.
You can set `force_row_wise=true` to remove the overhead.
And if memory is not enough, you can set `force_col_wise=true`.
[LightGBM] [Info] Total Bins 7226
[LightGBM] [Info] Number of data points in the train set: 92226, number of used features: 35
[LightGBM] [Info] Start training from score 5735.503230
[LightGBM] [Info] Auto-choosing col-wise multi-threading, the overhead of testing was 0.184357 seconds.
You can set `force_col_wise=true` to remove the overhead.
[LightGBM] [Info] Total Bins 7226
[LightGBM] [Info] Number of data points in the train set: 92226, number of used features: 35
[LightGBM] [Info] Start training from score 5735.499083
[LightGBM] [Info] Auto-choosing col-wise multi-threading, the overhead of testing was 0.182921 seconds.
You can set `force_col_wise=true` to remove the overhead.
[LightGBM] [Info] Total Bins 7226
[LightGBM] [Info] Number of data points in the train set: 92226, number of used features: 35
[LightGBM] [Info] Start training from score 5735.507076
[LightGBM] [Info] Auto-choosing col-wise multi-threading, the overhead of testing was 0.191871 seconds.
You can set `force_col_wise=true` to remove the overhead.
[LightGBM] [Info] Total Bins 7226
[LightGBM] [Info] Number of data points in the train set: 92226, number of used features: 35
[LightGBM] [Info] Start training from score 5735.510079
[LightGBM] [Info] Auto-choosing col-wise multi-threading, the overhead of testing was 0.203727 seconds.
You can set `force_col_wise=true` to remove the overhead.
[LightGBM] [Info] Total Bins 7226
[LightGBM] [Info] Number of data points in the train set: 92226, number of used features: 35
[LightGBM] [Info] Start training from score 5735.504853
[LightGBM] [Info] Auto-choosing row-wise multi-threading, the overhead of testing was 0.096919 seconds.
You can set `force_row_wise=true` to remove the overhead.
And if memory is not enough, you can set `force_col_wise=true`.
[LightGBM] [Info] Total Bins 7226
[LightGBM] [Info] Number of data points in the train set: 92226, number of used features: 35
[LightGBM] [Info] Start training from score 5735.509812
[LightGBM] [Info] Auto-choosing col-wise multi-threading, the overhead of testing was 0.244510 seconds.
You can set `force_col_wise=true` to remove the overhead.
[LightGBM] [Info] Total Bins 7226
[LightGBM] [Info] Number of data points in the train set: 92226, number of used features: 35
[LightGBM] [Info] Start training from score 5735.503072
[LightGBM] [Info] Auto-choosing col-wise multi-threading, the overhead of testing was 0.152396 seconds.
You can set `force_col_wise=true` to remove the overhead.
[LightGBM] [Info] Total Bins 7226
[LightGBM] [Info] Number of data points in the train set: 92226, number of used features: 35
[LightGBM] [Info] Start training from score 5735.501907
[LightGBM] [Info] Auto-choosing col-wise multi-threading, the overhead of testing was 0.157933 seconds.
You can set `force_col_wise=true` to remove the overhead.
[LightGBM] [Info] Total Bins 7226
[LightGBM] [Info] Number of data points in the train set: 92226, number of used features: 35
[LightGBM] [Info] Start training from score 5735.504473
[LightGBM] [Info] Auto-choosing col-wise multi-threading, the overhead of testing was 0.130815 seconds.
You can set `force_col_wise=true` to remove the overhead.
[LightGBM] [Info] Total Bins 7226
[LightGBM] [Info] Number of data points in the train set: 92226, number of used features: 35
[LightGBM] [Info] Start training from score 5735.511527
[LightGBM] [Info] Auto-choosing col-wise multi-threading, the overhead of testing was 0.087403 seconds.
You can set `force_col_wise=true` to remove the overhead.
[LightGBM] [Info] Total Bins 7226
[LightGBM] [Info] Number of data points in the train set: 92226, number of used features: 35
[LightGBM] [Info] Start training from score 5735.523268
   [fit] key=2025-W30 cutoff=2025-07-21 11:00:00  (block 52/92)
[LightGBM] [Info] Auto-choosing col-wise multi-threading, the overhead of testing was 0.186376 seconds.
You can set `force_col_wise=true` to remove the overhead.
[LightGBM] [Info] Total Bins 7226
[LightGBM] [Info] Number of data points in the train set: 92394, number of used features: 35
[LightGBM] [Info] Start training from score 5740.286738
[LightGBM] [Info] Auto-choosing col-wise multi-threading, the overhead of testing was 0.167107 seconds.
You can set `force_col_wise=true` to remove the overhead.
[LightGBM] [Info] Total Bins 7226
[LightGBM] [Info] Number of data points in the train set: 92394, number of used features: 35
[LightGBM] [Info] Start training from score 5740.305002
[LightGBM] [Info] Auto-choosing col-wise multi-threading, the overhead of testing was 0.180568 seconds.
You can set `force_col_wise=true` to remove the overhead.
[LightGBM] [Info] Total Bins 7226
[LightGBM] [Info] Number of data points in the train set: 92394, number of used features: 35
[LightGBM] [Info] Start training from score 5740.305758
[LightGBM] [Info] Auto-choosing col-wise multi-threading, the overhead of testing was 0.168771 seconds.
You can set `force_col_wise=true` to remove the overhead.
[LightGBM] [Info] Total Bins 7226
[LightGBM] [Info] Number of data points in the train set: 92394, number of used features: 35
[LightGBM] [Info] Start training from score 5740.263860
[LightGBM] [Info] Auto-choosing col-wise multi-threading, the overhead of testing was 0.182620 seconds.
You can set `force_col_wise=true` to remove the overhead.
[LightGBM] [Info] Total Bins 7226
[LightGBM] [Info] Number of data points in the train set: 92394, number of used features: 35
[LightGBM] [Info] Start training from score 5740.296939
[LightGBM] [Info] Auto-choosing col-wise multi-threading, the overhead of testing was 0.176956 seconds.
You can set `force_col_wise=true` to remove the overhead.
[LightGBM] [Info] Total Bins 7226
[LightGBM] [Info] Number of data points in the train set: 92394, number of used features: 35
[LightGBM] [Info] Start training from score 5740.268426
[LightGBM] [Info] Auto-choosing col-wise multi-threading, the overhead of testing was 0.178783 seconds.
You can set `force_col_wise=true` to remove the overhead.
[LightGBM] [Info] Auto-choosing col-wise multi-threading, the overhead of testing was 0.173714 seconds.
You can set `force_col_wise=true` to remove the overhead.
[LightGBM] [Info] Total Bins 7226
[LightGBM] [Info] Total Bins 7226
[LightGBM] [Info] Auto-choosing col-wise multi-threading, the overhead of testing was 0.177716 seconds.
You can set `force_col_wise=true` to remove the overhead.
[LightGBM] [Info] Total Bins 7226
[LightGBM] [Info] Auto-choosing col-wise multi-threading, the overhead of testing was 0.176285 seconds.
You can set `force_col_wise=true` to remove the overhead.
[LightGBM] [Info] Total Bins 7226
[LightGBM] [Info] Number of data points in the train set: 92394, number of used features: 35
[LightGBM] [Info] [LightGBM] [Info] Number of data points in the train set: 92394, number of used features: 35
[LightGBM] [Info] Start training from score 5740.252090
[LightGBM] [Info] Start training from score 5740.284326
[LightGBM] [Info] Number of data points in the train set: 92394, number of used features: 35
Number of data points in the train set: 92394, number of used features: 35
[LightGBM] [Info] Start training from score 5740.296337
[LightGBM] [Info] Start training from score 5740.275904
[LightGBM] [Info] Auto-choosing col-wise multi-threading, the overhead of testing was 0.194087 seconds.
You can set `force_col_wise=true` to remove the overhead.
[LightGBM] [Info] Total Bins 7226
[LightGBM] [Info] Number of data points in the train set: 92394, number of used features: 35
[LightGBM] [Info] Start training from score 5740.228341
[LightGBM] [Info] Auto-choosing col-wise multi-threading, the overhead of testing was 0.173791 seconds.
You can set `force_col_wise=true` to remove the overhead.
[LightGBM] [Info] Auto-choosing col-wise multi-threading, the overhead of testing was 0.168216 seconds.
You can set `force_col_wise=true` to remove the overhead.
[LightGBM] [Info] Total Bins 7226
[LightGBM] [Info] Total Bins 7226
[LightGBM] [Info] Number of data points in the train set: 92394, number of used features: 35
[LightGBM] [Info] Number of data points in the train set: 92394, number of used features: 35
[LightGBM] [Info] Start training from score 5740.232138
[LightGBM] [Info] Start training from score 5740.228039
[LightGBM] [Info] Auto-choosing col-wise multi-threading, the overhead of testing was 0.163488 seconds.
You can set `force_col_wise=true` to remove the overhead.
[LightGBM] [Info] Total Bins 7226
[LightGBM] [Info] Number of data points in the train set: 92394, number of used features: 35
[LightGBM] [Info] Start training from score 5740.239924
[LightGBM] [Info] Auto-choosing col-wise multi-threading, the overhead of testing was 0.172291 seconds.
You can set `force_col_wise=true` to remove the overhead.
[LightGBM] [Info] Total Bins 7226
[LightGBM] [Info] Number of data points in the train set: 92394, number of used features: 35
[LightGBM] [Info] Start training from score 5740.229374
[LightGBM] [Info] Auto-choosing col-wise multi-threading, the overhead of testing was 0.259431 seconds.
You can set `force_col_wise=true` to remove the overhead.
[LightGBM] [Info] Total Bins 7226
[LightGBM] [Info] Number of data points in the train set: 92394, number of used features: 35
[LightGBM] [Info] Start training from score 5740.228648
[LightGBM] [Info] Auto-choosing col-wise multi-threading, the overhead of testing was 0.171323 seconds.
You can set `force_col_wise=true` to remove the overhead.
[LightGBM] [Info] Total Bins 7226
[LightGBM] [Info] Number of data points in the train set: 92394, number of used features: 35
[LightGBM] [Info] Start training from score 5740.225832
[LightGBM] [Info] Auto-choosing col-wise multi-threading, the overhead of testing was 0.169406 seconds.
You can set `force_col_wise=true` to remove the overhead.
[LightGBM] [Info] Total Bins 7226
[LightGBM] [Info] Number of data points in the train set: 92394, number of used features: 35
[LightGBM] [Info] Start training from score 5740.216080
[LightGBM] [Info] Auto-choosing col-wise multi-threading, the overhead of testing was 0.174403 seconds.
You can set `force_col_wise=true` to remove the overhead.
[LightGBM] [Info] Total Bins 7226
[LightGBM] [Info] Number of data points in the train set: 92394, number of used features: 35
[LightGBM] [Info] Start training from score 5740.203792
[LightGBM] [Info] Auto-choosing col-wise multi-threading, the overhead of testing was 0.171635 seconds.
You can set `force_col_wise=true` to remove the overhead.
[LightGBM] [Info] Total Bins 7226
[LightGBM] [Info] Number of data points in the train set: 92394, number of used features: 35
[LightGBM] [Info] Start training from score 5740.199871
[LightGBM] [Info] Auto-choosing col-wise multi-threading, the overhead of testing was 0.165917 seconds.
You can set `force_col_wise=true` to remove the overhead.
[LightGBM] [Info] Total Bins 7226
[LightGBM] [Info] Number of data points in the train set: 92394, number of used features: 35
[LightGBM] [Info] Start training from score 5740.191236
[LightGBM] [Info] Auto-choosing col-wise multi-threading, the overhead of testing was 0.166671 seconds.
You can set `force_col_wise=true` to remove the overhead.
[LightGBM] [Info] Total Bins 7226
[LightGBM] [Info] Auto-choosing col-wise multi-threading, the overhead of testing was 0.175680 seconds.
You can set `force_col_wise=true` to remove the overhead.
[LightGBM] [Info] Total Bins 7226
[LightGBM] [Info] Number of data points in the train set: 92394, number of used features: 35
[LightGBM] [Info] Start training from score 5740.192251
[LightGBM] [Info] Number of data points in the train set: 92394, number of used features: 35
[LightGBM] [Info] Start training from score 5740.187854
[LightGBM] [Info] Auto-choosing col-wise multi-threading, the overhead of testing was 0.259269 seconds.
You can set `force_col_wise=true` to remove the overhead.
[LightGBM] [Info] Total Bins 7226
[LightGBM] [Info] Number of data points in the train set: 92394, number of used features: 35
[LightGBM] [Info] Start training from score 5740.211945
[LightGBM] [Info] Auto-choosing col-wise multi-threading, the overhead of testing was 0.186915 seconds.
You can set `force_col_wise=true` to remove the overhead.
[LightGBM] [Info] Total Bins 7226
[LightGBM] [Info] Number of data points in the train set: 92394, number of used features: 35
[LightGBM] [Info] Start training from score 5740.226166
[LightGBM] [Info] Auto-choosing col-wise multi-threading, the overhead of testing was 0.192550 seconds.
You can set `force_col_wise=true` to remove the overhead.
[LightGBM] [Info] Total Bins 7226
[LightGBM] [Info] Number of data points in the train set: 92394, number of used features: 35
[LightGBM] [Info] Start training from score 5740.237628
[LightGBM] [Info] Auto-choosing col-wise multi-threading, the overhead of testing was 0.176083 seconds.
You can set `force_col_wise=true` to remove the overhead.
[LightGBM] [Info] Total Bins 7226
[LightGBM] [Info] Number of data points in the train set: 92394, number of used features: 35
[LightGBM] [Info] Start training from score 5740.248413
[LightGBM] [Info] Auto-choosing col-wise multi-threading, the overhead of testing was 0.170010 seconds.
You can set `force_col_wise=true` to remove the overhead.
[LightGBM] [Info] Total Bins 7226
[LightGBM] [Info] Number of data points in the train set: 92394, number of used features: 35
[LightGBM] [Info] Start training from score 5740.258043
[LightGBM] [Info] Auto-choosing col-wise multi-threading, the overhead of testing was 0.173247 seconds.
You can set `force_col_wise=true` to remove the overhead.
[LightGBM] [Info] Total Bins 7226
[LightGBM] [Info] Number of data points in the train set: 92394, number of used features: 35
[LightGBM] [Info] Start training from score 5740.266538
[LightGBM] [Info] Auto-choosing col-wise multi-threading, the overhead of testing was 0.171851 seconds.
You can set `force_col_wise=true` to remove the overhead.
[LightGBM] [Info] Total Bins 7226
[LightGBM] [Info] Number of data points in the train set: 92394, number of used features: 35
[LightGBM] [Info] Start training from score 5740.271413
[LightGBM] [Info] Auto-choosing col-wise multi-threading, the overhead of testing was 0.182068 seconds.
You can set `force_col_wise=true` to remove the overhead.
[LightGBM] [Info] Total Bins 7226
[LightGBM] [Info] Number of data points in the train set: 92394, number of used features: 35
[LightGBM] [Info] Start training from score 5740.269840
[LightGBM] [Info] Auto-choosing col-wise multi-threading, the overhead of testing was 0.170122 seconds.
You can set `force_col_wise=true` to remove the overhead.
[LightGBM] [Info] Total Bins 7226
[LightGBM] [Info] Number of data points in the train set: 92394, number of used features: 35
[LightGBM] [Info] Start training from score 5740.270151
[LightGBM] [Info] Auto-choosing col-wise multi-threading, the overhead of testing was 0.104115 seconds.
You can set `force_col_wise=true` to remove the overhead.
[LightGBM] [Info] Total Bins 7226
[LightGBM] [Info] Number of data points in the train set: 92394, number of used features: 35
[LightGBM] [Info] Start training from score 5740.271066
[LightGBM] [Info] Auto-choosing col-wise multi-threading, the overhead of testing was 0.117852 seconds.
You can set `force_col_wise=true` to remove the overhead.
[LightGBM] [Info] Total Bins 7226
[LightGBM] [Info] Number of data points in the train set: 92394, number of used features: 35
[LightGBM] [Info] Start training from score 5740.274482
[LightGBM] [Info] Auto-choosing col-wise multi-threading, the overhead of testing was 0.127299 seconds.
You can set `force_col_wise=true` to remove the overhead.
[LightGBM] [Info] Total Bins 7226
[LightGBM] [Info] Number of data points in the train set: 92394, number of used features: 35
[LightGBM] [Info] Start training from score 5740.281534
[LightGBM] [Info] Auto-choosing col-wise multi-threading, the overhead of testing was 0.054037 seconds.
You can set `force_col_wise=true` to remove the overhead.
[LightGBM] [Info] Total Bins 7226
[LightGBM] [Info] Number of data points in the train set: 92394, number of used features: 35
[LightGBM] [Info] Start training from score 5740.292734
   [fit] key=2025-W31 cutoff=2025-07-28 11:00:00  (block 59/92)
[LightGBM] [Info] Auto-choosing col-wise multi-threading, the overhead of testing was 0.182216 seconds.
You can set `force_col_wise=true` to remove the overhead.
[LightGBM] [Info] Total Bins 7226
[LightGBM] [Info] Number of data points in the train set: 92562, number of used features: 35
[LightGBM] [Info] Start training from score 5743.157828
[LightGBM] [Info] Auto-choosing col-wise multi-threading, the overhead of testing was 0.165460 seconds.
You can set `force_col_wise=true` to remove the overhead.
[LightGBM] [Info] Total Bins 7226
[LightGBM] [Info] Number of data points in the train set: 92562, number of used features: 35
[LightGBM] [Info] Start training from score 5743.165576
[LightGBM] [Info] Auto-choosing col-wise multi-threading, the overhead of testing was 0.163556 seconds.
You can set `force_col_wise=true` to remove the overhead.
[LightGBM] [Info] Total Bins 7226
[LightGBM] [Info] Number of data points in the train set: 92562, number of used features: 35
[LightGBM] [Info] Start training from score 5743.153512
[LightGBM] [Info] Auto-choosing col-wise multi-threading, the overhead of testing was 0.174824 seconds.
You can set `force_col_wise=true` to remove the overhead.
[LightGBM] [Info] Total Bins 7226
[LightGBM] [Info] Number of data points in the train set: 92562, number of used features: 35
[LightGBM] [Info] Start training from score 5743.161912
[LightGBM] [Info] Auto-choosing col-wise multi-threading, the overhead of testing was 0.158120 seconds.
You can set `force_col_wise=true` to remove the overhead.
[LightGBM] [Info] Total Bins 7226
[LightGBM] [Info] Number of data points in the train set: 92562, number of used features: 35
[LightGBM] [Info] Start training from score 5743.092489
[LightGBM] [Info] Auto-choosing col-wise multi-threading, the overhead of testing was 0.168409 seconds.
You can set `force_col_wise=true` to remove the overhead.
[LightGBM] [Info] Total Bins 7226
[LightGBM] [Info] Number of data points in the train set: 92562, number of used features: 35
[LightGBM] [Info] Start training from score 5742.903690
[LightGBM] [Info] Auto-choosing col-wise multi-threading, the overhead of testing was 0.178947 seconds.
You can set `force_col_wise=true` to remove the overhead.
[LightGBM] [Info] Total Bins 7226
[LightGBM] [Info] Number of data points in the train set: 92562, number of used features: 35
[LightGBM] [Info] Start training from score 5742.962548
[LightGBM] [Info] Auto-choosing col-wise multi-threading, the overhead of testing was 0.188515 seconds.
You can set `force_col_wise=true` to remove the overhead.
[LightGBM] [Info] Total Bins 7226
[LightGBM] [Info] Number of data points in the train set: 92562, number of used features: 35
[LightGBM] [Info] Start training from score 5743.136894
[LightGBM] [Info] Auto-choosing col-wise multi-threading, the overhead of testing was 0.189590 seconds.
You can set `force_col_wise=true` to remove the overhead.
[LightGBM] [Info] Total Bins 7226
[LightGBM] [Info] Number of data points in the train set: 92562, number of used features: 35
[LightGBM] [Info] Start training from score 5743.115887
[LightGBM] [Info] Auto-choosing col-wise multi-threading, the overhead of testing was 0.165201 seconds.
You can set `force_col_wise=true` to remove the overhead.
[LightGBM] [Info] Total Bins 7226
[LightGBM] [Info] Number of data points in the train set: 92562, number of used features: 35
[LightGBM] [Info] Start training from score 5743.009146
[LightGBM] [Info] Auto-choosing col-wise multi-threading, the overhead of testing was 0.182160 seconds.
You can set `force_col_wise=true` to remove the overhead.
[LightGBM] [Info] Total Bins 7226
[LightGBM] [Info] Number of data points in the train set: 92562, number of used features: 35
[LightGBM] [Info] Start training from score 5743.148380
[LightGBM] [Info] Auto-choosing col-wise multi-threading, the overhead of testing was 0.186919 seconds.
You can set `force_col_wise=true` to remove the overhead.
[LightGBM] [Info] Total Bins 7226
[LightGBM] [Info] Number of data points in the train set: 92562, number of used features: 35
[LightGBM] [Info] Start training from score 5742.923562
[LightGBM] [Info] Auto-choosing col-wise multi-threading, the overhead of testing was 0.216591 seconds.
You can set `force_col_wise=true` to remove the overhead.
[LightGBM] [Info] Total Bins 7226
[LightGBM] [Info] Number of data points in the train set: 92562, number of used features: 35
[LightGBM] [Info] Start training from score 5742.943722
[LightGBM] [Info] Auto-choosing row-wise multi-threading, the overhead of testing was 0.105348 seconds.
You can set `force_row_wise=true` to remove the overhead.
And if memory is not enough, you can set `force_col_wise=true`.
[LightGBM] [Info] Total Bins 7226
[LightGBM] [Info] Number of data points in the train set: 92562, number of used features: 35
[LightGBM] [Info] Start training from score 5742.984650
[LightGBM] [Info] Auto-choosing col-wise multi-threading, the overhead of testing was 0.262534 seconds.
You can set `force_col_wise=true` to remove the overhead.
[LightGBM] [Info] Total Bins 7226
[LightGBM] [Info] Number of data points in the train set: 92562, number of used features: 35
[LightGBM] [Info] Start training from score 5743.064843
[LightGBM] [Info] Auto-choosing row-wise multi-threading, the overhead of testing was 0.077893 seconds.
You can set `force_row_wise=true` to remove the overhead.
And if memory is not enough, you can set `force_col_wise=true`.
[LightGBM] [Info] Total Bins 7226
[LightGBM] [Info] Number of data points in the train set: 92562, number of used features: 35
[LightGBM] [Info] Start training from score 5743.036058
[LightGBM] [Info] Auto-choosing col-wise multi-threading, the overhead of testing was 0.158560 seconds.
You can set `force_col_wise=true` to remove the overhead.
[LightGBM] [Info] Total Bins 7226
[LightGBM] [Info] Number of data points in the train set: 92562, number of used features: 35
[LightGBM] [Info] Start training from score 5742.882268
[LightGBM] [Info] Auto-choosing col-wise multi-threading, the overhead of testing was 0.181397 seconds.
You can set `force_col_wise=true` to remove the overhead.
[LightGBM] [Info] Total Bins 7226
[LightGBM] [Info] Number of data points in the train set: 92562, number of used features: 35
[LightGBM] [Info] Start training from score 5742.855280
[LightGBM] [Info] Auto-choosing col-wise multi-threading, the overhead of testing was 0.159511 seconds.
You can set `force_col_wise=true` to remove the overhead.
[LightGBM] [Info] Total Bins 7226
[LightGBM] [Info] Number of data points in the train set: 92562, number of used features: 35
[LightGBM] [Info] Start training from score 5742.828257
[LightGBM] [Info] Auto-choosing col-wise multi-threading, the overhead of testing was 0.163799 seconds.
You can set `force_col_wise=true` to remove the overhead.
[LightGBM] [Info] Total Bins 7226
[LightGBM] [Info] Number of data points in the train set: 92562, number of used features: 35
[LightGBM] [Info] Start training from score 5742.802760
[LightGBM] [Info] Auto-choosing col-wise multi-threading, the overhead of testing was 0.219267 seconds.
You can set `force_col_wise=true` to remove the overhead.
[LightGBM] [Info] Total Bins 7226
[LightGBM] [Info] Number of data points in the train set: 92562, number of used features: 35
[LightGBM] [Info] Start training from score 5742.786009
[LightGBM] [Info] Auto-choosing col-wise multi-threading, the overhead of testing was 0.247414 seconds.
You can set `force_col_wise=true` to remove the overhead.
[LightGBM] [Info] Total Bins 7226
[LightGBM] [Info] Number of data points in the train set: 92562, number of used features: 35
[LightGBM] [Info] Start training from score 5742.775780
[LightGBM] [Info] Auto-choosing col-wise multi-threading, the overhead of testing was 0.210496 seconds.
You can set `force_col_wise=true` to remove the overhead.
[LightGBM] [Info] Total Bins 7226
[LightGBM] [Info] Number of data points in the train set: 92562, number of used features: 35
[LightGBM] [Info] Start training from score 5742.766323
[LightGBM] [Info] Auto-choosing col-wise multi-threading, the overhead of testing was 0.165469 seconds.
You can set `force_col_wise=true` to remove the overhead.
[LightGBM] [Info] Total Bins 7226
[LightGBM] [Info] Number of data points in the train set: 92562, number of used features: 35
[LightGBM] [Info] Start training from score 5742.769094
[LightGBM] [Info] Auto-choosing col-wise multi-threading, the overhead of testing was 0.157785 seconds.
You can set `force_col_wise=true` to remove the overhead.
[LightGBM] [Info] Total Bins 7226
[LightGBM] [Info] Number of data points in the train set: 92562, number of used features: 35
[LightGBM] [Info] Start training from score 5742.766409
[LightGBM] [Info] Auto-choosing col-wise multi-threading, the overhead of testing was 0.152343 seconds.
You can set `force_col_wise=true` to remove the overhead.
[LightGBM] [Info] Total Bins 7226
[LightGBM] [Info] Number of data points in the train set: 92562, number of used features: 35
[LightGBM] [Info] Start training from score 5742.764195
[LightGBM] [Info] Auto-choosing col-wise multi-threading, the overhead of testing was 0.175393 seconds.
You can set `force_col_wise=true` to remove the overhead.
[LightGBM] [Info] Total Bins 7226
[LightGBM] [Info] Number of data points in the train set: 92562, number of used features: 35
[LightGBM] [Info] Start training from score 5742.762417
[LightGBM] [Info] Auto-choosing col-wise multi-threading, the overhead of testing was 0.161610 seconds.
You can set `force_col_wise=true` to remove the overhead.
[LightGBM] [Info] Total Bins 7226
[LightGBM] [Info] Number of data points in the train set: 92562, number of used features: 35
[LightGBM] [Info] Start training from score 5742.760664
[LightGBM] [Info] Auto-choosing col-wise multi-threading, the overhead of testing was 0.179838 seconds.
You can set `force_col_wise=true` to remove the overhead.
[LightGBM] [Info] Total Bins 7226
[LightGBM] [Info] Number of data points in the train set: 92562, number of used features: 35
[LightGBM] [Info] Start training from score 5742.758600
[LightGBM] [Info] Auto-choosing col-wise multi-threading, the overhead of testing was 0.173334 seconds.
You can set `force_col_wise=true` to remove the overhead.
[LightGBM] [Info] Total Bins 7226
[LightGBM] [Info] Number of data points in the train set: 92562, number of used features: 35
[LightGBM] [Info] Start training from score 5742.753040
[LightGBM] [Info] Auto-choosing col-wise multi-threading, the overhead of testing was 0.166838 seconds.
You can set `force_col_wise=true` to remove the overhead.
[LightGBM] [Info] Total Bins 7226
[LightGBM] [Info] Number of data points in the train set: 92562, number of used features: 35
[LightGBM] [Info] Start training from score 5742.741607
[LightGBM] [Info] Auto-choosing col-wise multi-threading, the overhead of testing was 0.188710 seconds.
You can set `force_col_wise=true` to remove the overhead.
[LightGBM] [Info] Total Bins 7226
[LightGBM] [Info] Number of data points in the train set: 92562, number of used features: 35
[LightGBM] [Info] Start training from score 5742.731599
[LightGBM] [Info] Auto-choosing col-wise multi-threading, the overhead of testing was 0.125975 seconds.
You can set `force_col_wise=true` to remove the overhead.
[LightGBM] [Info] Total Bins 7226
[LightGBM] [Info] Number of data points in the train set: 92562, number of used features: 35
[LightGBM] [Info] Start training from score 5742.721072
[LightGBM] [Info] Auto-choosing col-wise multi-threading, the overhead of testing was 0.182463 seconds.
You can set `force_col_wise=true` to remove the overhead.
[LightGBM] [Info] Total Bins 7226
[LightGBM] [Info] Number of data points in the train set: 92562, number of used features: 35
[LightGBM] [Info] Start training from score 5742.712501
[LightGBM] [Info] Auto-choosing row-wise multi-threading, the overhead of testing was 0.042310 seconds.
You can set `force_row_wise=true` to remove the overhead.
And if memory is not enough, you can set `force_col_wise=true`.
[LightGBM] [Info] Total Bins 7226
[LightGBM] [Info] Number of data points in the train set: 92562, number of used features: 35
[LightGBM] [Info] Start training from score 5742.707019
[LightGBM] [Info] Auto-choosing col-wise multi-threading, the overhead of testing was 0.085019 seconds.
You can set `force_col_wise=true` to remove the overhead.
[LightGBM] [Info] Total Bins 7226
[LightGBM] [Info] Number of data points in the train set: 92562, number of used features: 35
[LightGBM] [Info] Start training from score 5742.704511
   [fit] key=2025-W32 cutoff=2025-08-04 11:00:00  (block 66/92)
[LightGBM] [Info] Auto-choosing col-wise multi-threading, the overhead of testing was 0.161566 seconds.
You can set `force_col_wise=true` to remove the overhead.
[LightGBM] [Info] Total Bins 7226
[LightGBM] [Info] Number of data points in the train set: 92730, number of used features: 35
[LightGBM] [Info] Start training from score 5744.813074
[LightGBM] [Info] Auto-choosing col-wise multi-threading, the overhead of testing was 0.194029 seconds.
You can set `force_col_wise=true` to remove the overhead.
[LightGBM] [Info] Total Bins 7226
[LightGBM] [Info] Number of data points in the train set: 92730, number of used features: 35
[LightGBM] [Info] Start training from score 5744.820922
[LightGBM] [Info] Auto-choosing col-wise multi-threading, the overhead of testing was 0.220307 seconds.
You can set `force_col_wise=true` to remove the overhead.
[LightGBM] [Info] Total Bins 7226
[LightGBM] [Info] Number of data points in the train set: 92730, number of used features: 35
[LightGBM] [Info] Start training from score 5744.809138
[LightGBM] [Info] Auto-choosing col-wise multi-threading, the overhead of testing was 0.199942 seconds.
You can set `force_col_wise=true` to remove the overhead.
[LightGBM] [Info] Total Bins 7226
[LightGBM] [Info] Number of data points in the train set: 92730, number of used features: 35
[LightGBM] [Info] Start training from score 5744.818666
[LightGBM] [Info] Auto-choosing col-wise multi-threading, the overhead of testing was 0.163817 seconds.
You can set `force_col_wise=true` to remove the overhead.
[LightGBM] [Info] Total Bins 7226
[LightGBM] [Info] Auto-choosing col-wise multi-threading, the overhead of testing was 0.168994 seconds.
You can set `force_col_wise=true` to remove the overhead.
[LightGBM] [Info] Total Bins 7226
[LightGBM] [Info] Number of data points in the train set: 92730, number of used features: 35
[LightGBM] [Info] Start training from score 5744.779023
[LightGBM] [Info] Number of data points in the train set: 92730, number of used features: 35
[LightGBM] [Info] Start training from score 5744.816153
[LightGBM] [Info] Auto-choosing col-wise multi-threading, the overhead of testing was 0.171897 seconds.
You can set `force_col_wise=true` to remove the overhead.
[LightGBM] [Info] Total Bins 7226
[LightGBM] [Info] Number of data points in the train set: 92730, number of used features: 35
[LightGBM] [Info] Auto-choosing col-wise multi-threading, the overhead of testing was 0.162976 seconds.
You can set `force_col_wise=true` to remove the overhead.
[LightGBM] [Info] Total Bins 7226
[LightGBM] [Info] Start training from score 5744.798978
[LightGBM] [Info] Auto-choosing col-wise multi-threading, the overhead of testing was 0.169754 seconds.
You can set `force_col_wise=true` to remove the overhead.
[LightGBM] [Info] Total Bins 7226
[LightGBM] [Info] Number of data points in the train set: 92730, number of used features: 35
[LightGBM] [Info] Start training from score 5744.702325
[LightGBM] [Info] Number of data points in the train set: 92730, number of used features: 35
[LightGBM] [Info] Start training from score 5744.730108
[LightGBM] [Info] Auto-choosing row-wise multi-threading, the overhead of testing was 0.039063 seconds.
You can set `force_row_wise=true` to remove the overhead.
And if memory is not enough, you can set `force_col_wise=true`.
[LightGBM] [Info] Total Bins 7226
[LightGBM] [Info] Number of data points in the train set: 92730, number of used features: 35
[LightGBM] [Info] Start training from score 5744.676615
[LightGBM] [Info] Auto-choosing col-wise multi-threading, the overhead of testing was 0.172321 seconds.
You can set `force_col_wise=true` to remove the overhead.
[LightGBM] [Info] Total Bins 7226
[LightGBM] [Info] Number of data points in the train set: 92730, number of used features: 35
[LightGBM] [Info] Start training from score 5744.633607
[LightGBM] [Info] Auto-choosing col-wise multi-threading, the overhead of testing was 0.174331 seconds.
You can set `force_col_wise=true` to remove the overhead.
[LightGBM] [Info] Total Bins 7226
[LightGBM] [Info] Auto-choosing col-wise multi-threading, the overhead of testing was 0.190892 seconds.
You can set `force_col_wise=true` to remove the overhead.
[LightGBM] [Info] Total Bins 7226
[LightGBM] [Info] Number of data points in the train set: 92730, number of used features: 35
[LightGBM] [Info] Auto-choosing col-wise multi-threading, the overhead of testing was 0.181979 seconds.
You can set `force_col_wise=true` to remove the overhead.
[LightGBM] [Info] Start training from score 5744.756573
[LightGBM] [Info] Total Bins 7226
[LightGBM] [Info] Number of data points in the train set: 92730, number of used features: 35
[LightGBM] [Info] Start training from score 5744.653631
[LightGBM] [Info] Auto-choosing col-wise multi-threading, the overhead of testing was 0.182893 seconds.
You can set `force_col_wise=true` to remove the overhead.
[LightGBM] [Info] Number of data points in the train set: 92730, number of used features: 35
[LightGBM] [Info] Total Bins 7226
[LightGBM] [Info] Start training from score 5744.617533
[LightGBM] [Info] Auto-choosing col-wise multi-threading, the overhead of testing was 0.175414 seconds.
You can set `force_col_wise=true` to remove the overhead.
[LightGBM] [Info] Total Bins 7226
[LightGBM] [Info] Number of data points in the train set: 92730, number of used features: 35
[LightGBM] [Info] Start training from score 5744.583149
[LightGBM] [Info] Number of data points in the train set: 92730, number of used features: 35
[LightGBM] [Info] Start training from score 5744.599911
[LightGBM] [Info] Auto-choosing col-wise multi-threading, the overhead of testing was 0.180192 seconds.
You can set `force_col_wise=true` to remove the overhead.
[LightGBM] [Info] Total Bins 7226
[LightGBM] [Info] Number of data points in the train set: 92730, number of used features: 35
[LightGBM] [Info] Start training from score 5744.565173
[LightGBM] [Info] Auto-choosing col-wise multi-threading, the overhead of testing was 0.164668 seconds.
You can set `force_col_wise=true` to remove the overhead.
[LightGBM] [Info] Total Bins 7226
[LightGBM] [Info] Number of data points in the train set: 92730, number of used features: 35
[LightGBM] [Info] Start training from score 5744.540671
[LightGBM] [Info] Auto-choosing col-wise multi-threading, the overhead of testing was 0.188296 seconds.
You can set `force_col_wise=true` to remove the overhead.
[LightGBM] [Info] Total Bins 7226
[LightGBM] [Info] Number of data points in the train set: 92730, number of used features: 35
[LightGBM] [Info] Start training from score 5744.516113
[LightGBM] [Info] Auto-choosing col-wise multi-threading, the overhead of testing was 0.187845 seconds.
You can set `force_col_wise=true` to remove the overhead.
[LightGBM] [Info] Total Bins 7226
[LightGBM] [Info] Number of data points in the train set: 92730, number of used features: 35
[LightGBM] [Info] Start training from score 5744.493196
[LightGBM] [Info] Auto-choosing col-wise multi-threading, the overhead of testing was 0.188270 seconds.
You can set `force_col_wise=true` to remove the overhead.
[LightGBM] [Info] Total Bins 7226
[LightGBM] [Info] Number of data points in the train set: 92730, number of used features: 35
[LightGBM] [Info] Start training from score 5744.478395
[LightGBM] [Info] Auto-choosing col-wise multi-threading, the overhead of testing was 0.177694 seconds.
You can set `force_col_wise=true` to remove the overhead.
[LightGBM] [Info] Total Bins 7226
[LightGBM] [Info] Number of data points in the train set: 92730, number of used features: 35
[LightGBM] [Info] Start training from score 5744.469652
[LightGBM] [Info] Auto-choosing col-wise multi-threading, the overhead of testing was 0.173355 seconds.
You can set `force_col_wise=true` to remove the overhead.
[LightGBM] [Info] Total Bins 7226
[LightGBM] [Info] Number of data points in the train set: 92730, number of used features: 35
[LightGBM] [Info] Start training from score 5744.464487
[LightGBM] [Info] Auto-choosing row-wise multi-threading, the overhead of testing was 0.099923 seconds.
You can set `force_row_wise=true` to remove the overhead.
And if memory is not enough, you can set `force_col_wise=true`.
[LightGBM] [Info] Total Bins 7226
[LightGBM] [Info] Number of data points in the train set: 92730, number of used features: 35
[LightGBM] [Info] Start training from score 5744.463490
[LightGBM] [Info] Auto-choosing col-wise multi-threading, the overhead of testing was 0.182583 seconds.
You can set `force_col_wise=true` to remove the overhead.
[LightGBM] [Info] Total Bins 7226
[LightGBM] [Info] Number of data points in the train set: 92730, number of used features: 35
[LightGBM] [Info] Start training from score 5744.465452
[LightGBM] [Info] Auto-choosing col-wise multi-threading, the overhead of testing was 0.170152 seconds.
You can set `force_col_wise=true` to remove the overhead.
[LightGBM] [Info] Total Bins 7226
[LightGBM] [Info] Number of data points in the train set: 92730, number of used features: 35
[LightGBM] [Info] Start training from score 5744.465205
[LightGBM] [Info] Auto-choosing col-wise multi-threading, the overhead of testing was 0.191930 seconds.
You can set `force_col_wise=true` to remove the overhead.
[LightGBM] [Info] Total Bins 7226
[LightGBM] [Info] Number of data points in the train set: 92730, number of used features: 35
[LightGBM] [Info] Start training from score 5744.464778
[LightGBM] [Info] Auto-choosing col-wise multi-threading, the overhead of testing was 0.178571 seconds.
You can set `force_col_wise=true` to remove the overhead.
[LightGBM] [Info] Total Bins 7226
[LightGBM] [Info] Number of data points in the train set: 92730, number of used features: 35
[LightGBM] [Info] Start training from score 5744.463740
[LightGBM] [Info] Auto-choosing col-wise multi-threading, the overhead of testing was 0.223354 seconds.
You can set `force_col_wise=true` to remove the overhead.
[LightGBM] [Info] Total Bins 7226
[LightGBM] [Info] Number of data points in the train set: 92730, number of used features: 35
[LightGBM] [Info] Start training from score 5744.461658
[LightGBM] [Info] Auto-choosing col-wise multi-threading, the overhead of testing was 0.251932 seconds.
You can set `force_col_wise=true` to remove the overhead.
[LightGBM] [Info] Total Bins 7226
[LightGBM] [Info] Number of data points in the train set: 92730, number of used features: 35
[LightGBM] [Info] Start training from score 5744.455839
[LightGBM] [Info] Auto-choosing col-wise multi-threading, the overhead of testing was 0.188573 seconds.
You can set `force_col_wise=true` to remove the overhead.
[LightGBM] [Info] Total Bins 7226
[LightGBM] [Info] Number of data points in the train set: 92730, number of used features: 35
[LightGBM] [Info] Start training from score 5744.442884
[LightGBM] [Info] Auto-choosing col-wise multi-threading, the overhead of testing was 0.178152 seconds.
You can set `force_col_wise=true` to remove the overhead.
[LightGBM] [Info] Total Bins 7226
[LightGBM] [Info] Number of data points in the train set: 92730, number of used features: 35
[LightGBM] [Info] Start training from score 5744.429778
[LightGBM] [Info] Auto-choosing col-wise multi-threading, the overhead of testing was 0.134640 seconds.
You can set `force_col_wise=true` to remove the overhead.
[LightGBM] [Info] Total Bins 7226
[LightGBM] [Info] Number of data points in the train set: 92730, number of used features: 35
[LightGBM] [Info] Start training from score 5744.416056
[LightGBM] [Info] Auto-choosing col-wise multi-threading, the overhead of testing was 0.140377 seconds.
You can set `force_col_wise=true` to remove the overhead.
[LightGBM] [Info] Total Bins 7226
[LightGBM] [Info] Number of data points in the train set: 92730, number of used features: 35
[LightGBM] [Info] Start training from score 5744.404222
[LightGBM] [Info] Auto-choosing col-wise multi-threading, the overhead of testing was 0.167804 seconds.
You can set `force_col_wise=true` to remove the overhead.
[LightGBM] [Info] Total Bins 7226
[LightGBM] [Info] Number of data points in the train set: 92730, number of used features: 35
[LightGBM] [Info] Start training from score 5744.395137
[LightGBM] [Info] Auto-choosing col-wise multi-threading, the overhead of testing was 0.079231 seconds.
You can set `force_col_wise=true` to remove the overhead.
[LightGBM] [Info] Total Bins 7226
[LightGBM] [Info] Number of data points in the train set: 92730, number of used features: 35
[LightGBM] [Info] Start training from score 5744.389830
   [fit] key=2025-W33 cutoff=2025-08-11 11:00:00  (block 73/92)
[LightGBM] [Info] Auto-choosing col-wise multi-threading, the overhead of testing was 0.167040 seconds.
You can set `force_col_wise=true` to remove the overhead.
[LightGBM] [Info] Total Bins 7226
[LightGBM] [Info] Number of data points in the train set: 92898, number of used features: 35
[LightGBM] [Info] Start training from score 5745.985910
[LightGBM] [Info] Auto-choosing col-wise multi-threading, the overhead of testing was 0.166225 seconds.
You can set `force_col_wise=true` to remove the overhead.
[LightGBM] [Info] Total Bins 7226
[LightGBM] [Info] Auto-choosing col-wise multi-threading, the overhead of testing was 0.157741 seconds.
You can set `force_col_wise=true` to remove the overhead.
[LightGBM] [Info] Total Bins 7226
[LightGBM] [Info] Number of data points in the train set: 92898, number of used features: 35
[LightGBM] [Info] Auto-choosing col-wise multi-threading, the overhead of testing was 0.160622 seconds.
You can set `force_col_wise=true` to remove the overhead.
[LightGBM] [Info] Total Bins 7226
[LightGBM] [Info] Start training from score 5745.977016
[LightGBM] [Info] Number of data points in the train set: 92898, number of used features: 35
[LightGBM] [Info] Start training from score 5745.959669
[LightGBM] [Info] Number of data points in the train set: 92898, number of used features: 35
[LightGBM] [Info] Start training from score 5745.752827
[LightGBM] [Info] Auto-choosing col-wise multi-threading, the overhead of testing was 0.163735 seconds.
You can set `force_col_wise=true` to remove the overhead.
[LightGBM] [Info] Total Bins 7226
[LightGBM] [Info] Number of data points in the train set: 92898, number of used features: 35
[LightGBM] [Info] Auto-choosing col-wise multi-threading, the overhead of testing was 0.149959 seconds.
You can set `force_col_wise=true` to remove the overhead.
[LightGBM] [Info] Start training from score 5745.935792
[LightGBM] [Info] Total Bins 7226
[LightGBM] [Info] Number of data points in the train set: 92898, number of used features: 35
[LightGBM] [Info] Start training from score 5745.694738
[LightGBM] [Info] Auto-choosing col-wise multi-threading, the overhead of testing was 0.203377 seconds.
You can set `force_col_wise=true` to remove the overhead.
[LightGBM] [Info] Total Bins 7226
[LightGBM] [Info] Number of data points in the train set: 92898, number of used features: 35
[LightGBM] [Info] Auto-choosing col-wise multi-threading, the overhead of testing was 0.203241 seconds.
You can set `force_col_wise=true` to remove the overhead.
[LightGBM] [Info] Total Bins 7226
[LightGBM] [Info] Start training from score 5745.950638
[LightGBM] [Info] Auto-choosing row-wise multi-threading, the overhead of testing was 0.066279 seconds.
You can set `force_row_wise=true` to remove the overhead.
And if memory is not enough, you can set `force_col_wise=true`.
[LightGBM] [Info] Total Bins 7226
[LightGBM] [Info] Number of data points in the train set: 92898, number of used features: 35
[LightGBM] [Info] Number of data points in the train set: 92898, number of used features: 35
[LightGBM] [Info] Auto-choosing col-wise multi-threading, the overhead of testing was 0.191759 seconds.
You can set `force_col_wise=true` to remove the overhead.
[LightGBM] [Info] Total Bins 7226
[LightGBM] [Info] Start training from score 5745.968093
[LightGBM] [Info] Auto-choosing col-wise multi-threading, the overhead of testing was 0.219993 seconds.
You can set `force_col_wise=true` to remove the overhead.
[LightGBM] [Info] Total Bins 7226
[LightGBM] [Info] Start training from score 5745.851579
[LightGBM] [Info] Number of data points in the train set: 92898, number of used features: 35
[LightGBM] [Info] Number of data points in the train set: 92898, number of used features: 35
[LightGBM] [Info] Start training from score 5745.784694
[LightGBM] [Info] Start training from score 5745.911492
[LightGBM] [Info] Auto-choosing row-wise multi-threading, the overhead of testing was 0.073358 seconds.
You can set `force_row_wise=true` to remove the overhead.
And if memory is not enough, you can set `force_col_wise=true`.
[LightGBM] [Info] Total Bins 7226
[LightGBM] [Info] Number of data points in the train set: 92898, number of used features: 35
[LightGBM] [Info] Start training from score 5745.665436
[LightGBM] [Info] Auto-choosing col-wise multi-threading, the overhead of testing was 0.231287 seconds.
You can set `force_col_wise=true` to remove the overhead.
[LightGBM] [Info] Total Bins 7226
[LightGBM] [Info] Number of data points in the train set: 92898, number of used features: 35
[LightGBM] [Info] Start training from score 5745.817656
[LightGBM] [Info] Auto-choosing col-wise multi-threading, the overhead of testing was 0.199339 seconds.
You can set `force_col_wise=true` to remove the overhead.
[LightGBM] [Info] Total Bins 7226
[LightGBM] [Info] Auto-choosing row-wise multi-threading, the overhead of testing was 0.059300 seconds.
You can set `force_row_wise=true` to remove the overhead.
And if memory is not enough, you can set `force_col_wise=true`.
[LightGBM] [Info] Total Bins 7226
[LightGBM] [Info] Number of data points in the train set: 92898, number of used features: 35
[LightGBM] [Info] Start training from score 5745.722290
[LightGBM] [Info] Number of data points in the train set: 92898, number of used features: 35
[LightGBM] [Info] Start training from score 5745.883700
[LightGBM] [Info] Auto-choosing col-wise multi-threading, the overhead of testing was 0.215988 seconds.
You can set `force_col_wise=true` to remove the overhead.
[LightGBM] [Info] Total Bins 7226
[LightGBM] [Info] Number of data points in the train set: 92898, number of used features: 35
[LightGBM] [Info] Start training from score 5745.636853
[LightGBM] [Info] Auto-choosing col-wise multi-threading, the overhead of testing was 0.182471 seconds.
You can set `force_col_wise=true` to remove the overhead.
[LightGBM] [Info] Total Bins 7226
[LightGBM] [Info] Number of data points in the train set: 92898, number of used features: 35
[LightGBM] [Info] Start training from score 5745.537268
[LightGBM] [Info] Auto-choosing col-wise multi-threading, the overhead of testing was 0.163365 seconds.
You can set `force_col_wise=true` to remove the overhead.
[LightGBM] [Info] Total Bins 7226
[LightGBM] [Info] Number of data points in the train set: 92898, number of used features: 35
[LightGBM] [Info] Start training from score 5745.607349
[LightGBM] [Info] Auto-choosing col-wise multi-threading, the overhead of testing was 0.180902 seconds.
You can set `force_col_wise=true` to remove the overhead.
[LightGBM] [Info] Total Bins 7226
[LightGBM] [Info] Number of data points in the train set: 92898, number of used features: 35
[LightGBM] [Info] Start training from score 5745.572106
[LightGBM] [Info] Auto-choosing col-wise multi-threading, the overhead of testing was 0.233438 seconds.
You can set `force_col_wise=true` to remove the overhead.
[LightGBM] [Info] Total Bins 7226
[LightGBM] [Info] Number of data points in the train set: 92898, number of used features: 35
[LightGBM] [Info] Start training from score 5745.505964
[LightGBM] [Info] Auto-choosing col-wise multi-threading, the overhead of testing was 0.174408 seconds.
You can set `force_col_wise=true` to remove the overhead.
[LightGBM] [Info] Total Bins 7226
[LightGBM] [Info] Number of data points in the train set: 92898, number of used features: 35
[LightGBM] [Info] Start training from score 5745.482740
[LightGBM] [Info] Auto-choosing col-wise multi-threading, the overhead of testing was 0.173126 seconds.
You can set `force_col_wise=true` to remove the overhead.
[LightGBM] [Info] Total Bins 7226
[LightGBM] [Info] Number of data points in the train set: 92898, number of used features: 35
[LightGBM] [Info] Start training from score 5745.465605
[LightGBM] [Info] Auto-choosing col-wise multi-threading, the overhead of testing was 0.162989 seconds.
You can set `force_col_wise=true` to remove the overhead.
[LightGBM] [Info] Total Bins 7226
[LightGBM] [Info] Number of data points in the train set: 92898, number of used features: 35
[LightGBM] [Info] Start training from score 5745.441607
[LightGBM] [Info] Auto-choosing col-wise multi-threading, the overhead of testing was 0.176730 seconds.
You can set `force_col_wise=true` to remove the overhead.
[LightGBM] [Info] Total Bins 7226
[LightGBM] [Info] Number of data points in the train set: 92898, number of used features: 35
[LightGBM] [Info] Start training from score 5745.451623
[LightGBM] [Info] Auto-choosing col-wise multi-threading, the overhead of testing was 0.184284 seconds.
You can set `force_col_wise=true` to remove the overhead.
[LightGBM] [Info] Total Bins 7226
[LightGBM] [Info] Number of data points in the train set: 92898, number of used features: 35
[LightGBM] [Info] Start training from score 5745.434890
[LightGBM] [Info] Auto-choosing col-wise multi-threading, the overhead of testing was 0.179065 seconds.
You can set `force_col_wise=true` to remove the overhead.
[LightGBM] [Info] Total Bins 7226
[LightGBM] [Info] Number of data points in the train set: 92898, number of used features: 35
[LightGBM] [Info] Start training from score 5745.426601
[LightGBM] [Info] Auto-choosing col-wise multi-threading, the overhead of testing was 0.220286 seconds.
You can set `force_col_wise=true` to remove the overhead.
[LightGBM] [Info] Total Bins 7226
[LightGBM] [Info] Number of data points in the train set: 92898, number of used features: 35
[LightGBM] [Info] Start training from score 5745.418888
[LightGBM] [Info] Auto-choosing col-wise multi-threading, the overhead of testing was 0.192476 seconds.
You can set `force_col_wise=true` to remove the overhead.
[LightGBM] [Info] Total Bins 7226
[LightGBM] [Info] Number of data points in the train set: 92898, number of used features: 35
[LightGBM] [Info] Start training from score 5745.411307
[LightGBM] [Info] Auto-choosing col-wise multi-threading, the overhead of testing was 0.162405 seconds.
You can set `force_col_wise=true` to remove the overhead.
[LightGBM] [Info] Total Bins 7226
[LightGBM] [Info] Number of data points in the train set: 92898, number of used features: 35
[LightGBM] [Info] Start training from score 5745.403330
[LightGBM] [Info] Auto-choosing row-wise multi-threading, the overhead of testing was 0.086616 seconds.
You can set `force_row_wise=true` to remove the overhead.
And if memory is not enough, you can set `force_col_wise=true`.
[LightGBM] [Info] Total Bins 7226
[LightGBM] [Info] Number of data points in the train set: 92898, number of used features: 35
[LightGBM] [Info] Start training from score 5745.391988
[LightGBM] [Info] Auto-choosing col-wise multi-threading, the overhead of testing was 0.181022 seconds.
You can set `force_col_wise=true` to remove the overhead.
[LightGBM] [Info] Total Bins 7226
[LightGBM] [Info] Number of data points in the train set: 92898, number of used features: 35
[LightGBM] [Info] Start training from score 5745.373384
[LightGBM] [Info] Auto-choosing col-wise multi-threading, the overhead of testing was 0.216194 seconds.
You can set `force_col_wise=true` to remove the overhead.
[LightGBM] [Info] Total Bins 7226
[LightGBM] [Info] Number of data points in the train set: 92898, number of used features: 35
[LightGBM] [Info] Start training from score 5745.354855
[LightGBM] [Info] Auto-choosing col-wise multi-threading, the overhead of testing was 0.154491 seconds.
You can set `force_col_wise=true` to remove the overhead.
[LightGBM] [Info] Total Bins 7226
[LightGBM] [Info] Number of data points in the train set: 92898, number of used features: 35
[LightGBM] [Info] Start training from score 5745.335582
[LightGBM] [Info] Auto-choosing col-wise multi-threading, the overhead of testing was 0.162866 seconds.
You can set `force_col_wise=true` to remove the overhead.
[LightGBM] [Info] Total Bins 7226
[LightGBM] [Info] Number of data points in the train set: 92898, number of used features: 35
[LightGBM] [Info] Start training from score 5745.317623
[LightGBM] [Info] Auto-choosing col-wise multi-threading, the overhead of testing was 0.118350 seconds.
You can set `force_col_wise=true` to remove the overhead.
[LightGBM] [Info] Total Bins 7226
[LightGBM] [Info] Number of data points in the train set: 92898, number of used features: 35
[LightGBM] [Info] Start training from score 5745.302419
[LightGBM] [Info] Auto-choosing col-wise multi-threading, the overhead of testing was 0.145089 seconds.
You can set `force_col_wise=true` to remove the overhead.
[LightGBM] [Info] Total Bins 7226
[LightGBM] [Info] Number of data points in the train set: 92898, number of used features: 35
[LightGBM] [Info] Start training from score 5745.290436
   [fit] key=2025-W34 cutoff=2025-08-18 11:00:00  (block 80/92)
[LightGBM] [Info] Auto-choosing col-wise multi-threading, the overhead of testing was 0.163183 seconds.
You can set `force_col_wise=true` to remove the overhead.
[LightGBM] [Info] Total Bins 7226
[LightGBM] [Info] Number of data points in the train set: 93066, number of used features: 35
[LightGBM] [Info] Start training from score 5746.733996
[LightGBM] [Info] Auto-choosing col-wise multi-threading, the overhead of testing was 0.191766 seconds.
You can set `force_col_wise=true` to remove the overhead.
[LightGBM] [Info] Total Bins 7226
[LightGBM] [Info] Number of data points in the train set: 93066, number of used features: 35
[LightGBM] [Info] Auto-choosing col-wise multi-threading, the overhead of testing was 0.170730 seconds.
You can set `force_col_wise=true` to remove the overhead.
[LightGBM] [Info] Start training from score 5746.607633
[LightGBM] [Info] Total Bins 7226
[LightGBM] [Info] Number of data points in the train set: 93066, number of used features: 35
[LightGBM] [Info] Start training from score 5746.666052
[LightGBM] [Info] Auto-choosing col-wise multi-threading, the overhead of testing was 0.172215 seconds.
You can set `force_col_wise=true` to remove the overhead.
[LightGBM] [Info] Total Bins 7226
[LightGBM] [Info] Number of data points in the train set: 93066, number of used features: 35
[LightGBM] [Info] Start training from score 5746.638901
[LightGBM] [Info] Auto-choosing col-wise multi-threading, the overhead of testing was 0.196129 seconds.
You can set `force_col_wise=true` to remove the overhead.
[LightGBM] [Info] Total Bins 7226
[LightGBM] [Info] Number of data points in the train set: 93066, number of used features: 35
[LightGBM] [Info] Auto-choosing col-wise multi-threading, the overhead of testing was 0.200849 seconds.
You can set `force_col_wise=true` to remove the overhead.
[LightGBM] [Info] Total Bins 7226
[LightGBM] [Info] Number of data points in the train set: 93066, number of used features: 35
[LightGBM] [Info] Start training from score 5746.712111
[LightGBM] [Info] Start training from score 5746.726838
[LightGBM] [Info] Auto-choosing col-wise multi-threading, the overhead of testing was 0.192847 seconds.
You can set `force_col_wise=true` to remove the overhead.
[LightGBM] [Info] Total Bins 7226
[LightGBM] [Info] Number of data points in the train set: 93066, number of used features: 35
[LightGBM] [Info] Start training from score 5746.543749
[LightGBM] [Info] Auto-choosing col-wise multi-threading, the overhead of testing was 0.186251 seconds.
You can set `force_col_wise=true` to remove the overhead.
[LightGBM] [Info] Total Bins 7226
[LightGBM] [Info] Number of data points in the train set: 93066, number of used features: 35
[LightGBM] [Info] Start training from score 5746.459478
[LightGBM] [Info] Auto-choosing col-wise multi-threading, the overhead of testing was 0.202895 seconds.
You can set `force_col_wise=true` to remove the overhead.
[LightGBM] [Info] Total Bins 7226
[LightGBM] [Info] Number of data points in the train set: 93066, number of used features: 35
[LightGBM] [Info] Start training from score 5746.689835
[LightGBM] [Info] Auto-choosing col-wise multi-threading, the overhead of testing was 0.189173 seconds.
You can set `force_col_wise=true` to remove the overhead.
[LightGBM] [Info] Auto-choosing col-wise multi-threading, the overhead of testing was 0.193325 seconds.
You can set `force_col_wise=true` to remove the overhead.
[LightGBM] [Info] Total Bins 7226
[LightGBM] [Info] Total Bins 7226
[LightGBM] [Info] Number of data points in the train set: 93066, number of used features: 35
[LightGBM] [Info] Auto-choosing col-wise multi-threading, the overhead of testing was 0.199942 seconds.
You can set `force_col_wise=true` to remove the overhead.
[LightGBM] [Info] Total Bins 7226
[LightGBM] [Info] Number of data points in the train set: 93066, number of used features: 35
[LightGBM] [Info] Start training from score 5746.574911
[LightGBM] [Info] Number of data points in the train set: 93066, number of used features: 35
[LightGBM] [Info] Start training from score 5746.719392
[LightGBM] [Info] Start training from score 5746.485304
[LightGBM] [Info] Auto-choosing col-wise multi-threading, the overhead of testing was 0.202876 seconds.
You can set `force_col_wise=true` to remove the overhead.
[LightGBM] [Info] Total Bins 7226
[LightGBM] [Info] Number of data points in the train set: 93066, number of used features: 35
[LightGBM] [Info] Start training from score 5746.703881
[LightGBM] [Info] Auto-choosing col-wise multi-threading, the overhead of testing was 0.193398 seconds.
You can set `force_col_wise=true` to remove the overhead.
[LightGBM] [Info] Total Bins 7226
[LightGBM] [Info] Number of data points in the train set: 93066, number of used features: 35
[LightGBM] [Info] Auto-choosing col-wise multi-threading, the overhead of testing was 0.194931 seconds.
You can set `force_col_wise=true` to remove the overhead.
[LightGBM] [Info] Total Bins 7226
[LightGBM] [Info] Start training from score 5746.431841
[LightGBM] [Info] Number of data points in the train set: 93066, number of used features: 35
[LightGBM] [Info] Start training from score 5746.404610
[LightGBM] [Info] Auto-choosing col-wise multi-threading, the overhead of testing was 0.176341 seconds.
You can set `force_col_wise=true` to remove the overhead.
[LightGBM] [Info] Total Bins 7226
[LightGBM] [Info] Number of data points in the train set: 93066, number of used features: 35
[LightGBM] [Info] Start training from score 5746.513755
[LightGBM] [Info] Auto-choosing col-wise multi-threading, the overhead of testing was 0.168491 seconds.
You can set `force_col_wise=true` to remove the overhead.
[LightGBM] [Info] Total Bins 7226
[LightGBM] [Info] Number of data points in the train set: 93066, number of used features: 35
[LightGBM] [Info] Start training from score 5746.376835
[LightGBM] [Info] Auto-choosing col-wise multi-threading, the overhead of testing was 0.174797 seconds.
You can set `force_col_wise=true` to remove the overhead.
[LightGBM] [Info] Total Bins 7226
[LightGBM] [Info] Number of data points in the train set: 93066, number of used features: 35
[LightGBM] [Info] Start training from score 5746.343073
[LightGBM] [Info] Auto-choosing row-wise multi-threading, the overhead of testing was 0.054225 seconds.
You can set `force_row_wise=true` to remove the overhead.
And if memory is not enough, you can set `force_col_wise=true`.
[LightGBM] [Info] Total Bins 7226
[LightGBM] [Info] Number of data points in the train set: 93066, number of used features: 35
[LightGBM] [Info] Start training from score 5746.308869
[LightGBM] [Info] Auto-choosing col-wise multi-threading, the overhead of testing was 0.218330 seconds.
You can set `force_col_wise=true` to remove the overhead.
[LightGBM] [Info] Total Bins 7226
[LightGBM] [Info] Number of data points in the train set: 93066, number of used features: 35
[LightGBM] [Info] Start training from score 5746.278405
[LightGBM] [Info] Auto-choosing row-wise multi-threading, the overhead of testing was 0.056021 seconds.
You can set `force_row_wise=true` to remove the overhead.
And if memory is not enough, you can set `force_col_wise=true`.
[LightGBM] [Info] Total Bins 7226
[LightGBM] [Info] Number of data points in the train set: 93066, number of used features: 35
[LightGBM] [Info] Start training from score 5746.238130
[LightGBM] [Info] Auto-choosing col-wise multi-threading, the overhead of testing was 0.181625 seconds.
You can set `force_col_wise=true` to remove the overhead.
[LightGBM] [Info] Total Bins 7226
[LightGBM] [Info] Number of data points in the train set: 93066, number of used features: 35
[LightGBM] [Info] Start training from score 5746.255255
[LightGBM] [Info] Auto-choosing col-wise multi-threading, the overhead of testing was 0.181479 seconds.
You can set `force_col_wise=true` to remove the overhead.
[LightGBM] [Info] Total Bins 7226
[LightGBM] [Info] Number of data points in the train set: 93066, number of used features: 35
[LightGBM] [Info] Start training from score 5746.224163
[LightGBM] [Info] Auto-choosing col-wise multi-threading, the overhead of testing was 0.228392 seconds.
You can set `force_col_wise=true` to remove the overhead.
[LightGBM] [Info] Total Bins 7226
[LightGBM] [Info] Number of data points in the train set: 93066, number of used features: 35
[LightGBM] [Info] Start training from score 5746.213992
[LightGBM] [Info] Auto-choosing col-wise multi-threading, the overhead of testing was 0.183624 seconds.
You can set `force_col_wise=true` to remove the overhead.
[LightGBM] [Info] Total Bins 7226
[LightGBM] [Info] Number of data points in the train set: 93066, number of used features: 35
[LightGBM] [Info] Start training from score 5746.206707
[LightGBM] [Info] Auto-choosing col-wise multi-threading, the overhead of testing was 0.182842 seconds.
You can set `force_col_wise=true` to remove the overhead.
[LightGBM] [Info] Total Bins 7226
[LightGBM] [Info] Number of data points in the train set: 93066, number of used features: 35
[LightGBM] [Info] Start training from score 5746.197531
[LightGBM] [Info] Auto-choosing col-wise multi-threading, the overhead of testing was 0.201302 seconds.
You can set `force_col_wise=true` to remove the overhead.
[LightGBM] [Info] Total Bins 7226
[LightGBM] [Info] Number of data points in the train set: 93066, number of used features: 35
[LightGBM] [Info] Start training from score 5746.188972
[LightGBM] [Info] Auto-choosing col-wise multi-threading, the overhead of testing was 0.202968 seconds.
You can set `force_col_wise=true` to remove the overhead.
[LightGBM] [Info] Total Bins 7226
[LightGBM] [Info] Number of data points in the train set: 93066, number of used features: 35
[LightGBM] [Info] Start training from score 5746.180502
[LightGBM] [Info] Auto-choosing col-wise multi-threading, the overhead of testing was 0.164590 seconds.
You can set `force_col_wise=true` to remove the overhead.
[LightGBM] [Info] Total Bins 7226
[LightGBM] [Info] Number of data points in the train set: 93066, number of used features: 35
[LightGBM] [Info] Start training from score 5746.171905
[LightGBM] [Info] Auto-choosing col-wise multi-threading, the overhead of testing was 0.201689 seconds.
You can set `force_col_wise=true` to remove the overhead.
[LightGBM] [Info] Total Bins 7226
[LightGBM] [Info] Auto-choosing col-wise multi-threading, the overhead of testing was 0.201484 seconds.
You can set `force_col_wise=true` to remove the overhead.
[LightGBM] [Info] Number of data points in the train set: 93066, number of used features: 35
[LightGBM] [Info] Total Bins 7226
[LightGBM] [Info] Start training from score 5746.143184
[LightGBM] [Info] Number of data points in the train set: 93066, number of used features: 35
[LightGBM] [Info] Start training from score 5746.160702
[LightGBM] [Info] Auto-choosing col-wise multi-threading, the overhead of testing was 0.213654 seconds.
You can set `force_col_wise=true` to remove the overhead.
[LightGBM] [Info] Total Bins 7226
[LightGBM] [Info] Number of data points in the train set: 93066, number of used features: 35
[LightGBM] [Info] Start training from score 5746.126677
[LightGBM] [Info] Auto-choosing col-wise multi-threading, the overhead of testing was 0.141945 seconds.
You can set `force_col_wise=true` to remove the overhead.
[LightGBM] [Info] Total Bins 7226
[LightGBM] [Info] Number of data points in the train set: 93066, number of used features: 35
[LightGBM] [Info] Start training from score 5746.109104
[LightGBM] [Info] Auto-choosing col-wise multi-threading, the overhead of testing was 0.151640 seconds.
You can set `force_col_wise=true` to remove the overhead.
[LightGBM] [Info] Total Bins 7226
[LightGBM] [Info] Number of data points in the train set: 93066, number of used features: 35
[LightGBM] [Info] Start training from score 5746.093058
[LightGBM] [Info] Auto-choosing col-wise multi-threading, the overhead of testing was 0.098455 seconds.
You can set `force_col_wise=true` to remove the overhead.
[LightGBM] [Info] Total Bins 7226
[LightGBM] [Info] Number of data points in the train set: 93066, number of used features: 35
[LightGBM] [Info] Start training from score 5746.079299
[LightGBM] [Info] Auto-choosing col-wise multi-threading, the overhead of testing was 0.099843 seconds.
You can set `force_col_wise=true` to remove the overhead.
[LightGBM] [Info] Total Bins 7226
[LightGBM] [Info] Number of data points in the train set: 93066, number of used features: 35
[LightGBM] [Info] Start training from score 5746.068080
   [fit] key=2025-W35 cutoff=2025-08-25 11:00:00  (block 87/92)
   [done] 92 blocks σε 2022.6s

📊 RESULT | MAE=332.7172 MW | RMSE=452.9195 | sMAPE=4.8145% | n=2208
💾 saved: runs/load_direct/summer_lgbm_dirw_g12_genlags.json
--- [2026-07-17 01:49:45] OK  runs/load_direct/summer_lgbm_dirw_g12_genlags.json  (2029s)

=== [2026-07-17 01:49:45] RUN -> runs/load_direct/summer_lgbm_dirw_g12_noroll.json
[LightGBM] [Info] Auto-choosing row-wise multi-threading, the overhead of testing was 0.022142 seconds.
You can set `force_row_wise=true` to remove the overhead.
And if memory is not enough, you can set `force_col_wise=true`.
[LightGBM] [Info] Total Bins 2126
[LightGBM] [Info] Number of data points in the train set: 91002, number of used features: 15
[LightGBM] [Info] Start training from score 5724.491559
[LightGBM] [Info] Auto-choosing row-wise multi-threading, the overhead of testing was 0.016959 seconds.
You can set `force_row_wise=true` to remove the overhead.
And if memory is not enough, you can set `force_col_wise=true`.
[LightGBM] [Info] Total Bins 2126
[LightGBM] [Info] Number of data points in the train set: 91002, number of used features: 15
[LightGBM] [Info] Start training from score 5724.470022
[LightGBM] [Info] Auto-choosing col-wise multi-threading, the overhead of testing was 0.060885 seconds.
You can set `force_col_wise=true` to remove the overhead.
[LightGBM] [Info] Total Bins 2126
[LightGBM] [Info] Number of data points in the train set: 91002, number of used features: 15
[LightGBM] [Info] Start training from score 5724.513550
[LightGBM] [Info] Auto-choosing row-wise multi-threading, the overhead of testing was 0.031563 seconds.
You can set `force_row_wise=true` to remove the overhead.
And if memory is not enough, you can set `force_col_wise=true`.
[LightGBM] [Info] Auto-choosing col-wise multi-threading, the overhead of testing was 0.124306 seconds.
You can set `force_col_wise=true` to remove the overhead.
[LightGBM] [Info] Total Bins 2126
[LightGBM] [Info] Total Bins 2126
[LightGBM] [Info] Number of data points in the train set: 91002, number of used features: 15
[LightGBM] [Info] Number of data points in the train set: 91002, number of used features: 15
[LightGBM] [Info] Start training from score 5724.430214
[LightGBM] [Info] Start training from score 5724.407773
[LightGBM] [Info] Auto-choosing row-wise multi-threading, the overhead of testing was 0.023586 seconds.
You can set `force_row_wise=true` to remove the overhead.
And if memory is not enough, you can set `force_col_wise=true`.
[LightGBM] [Info] Total Bins 2126
[LightGBM] [Info] Number of data points in the train set: 91002, number of used features: 15
[LightGBM] [Info] Start training from score 5724.380627
[LightGBM] [Info] Auto-choosing row-wise multi-threading, the overhead of testing was 0.025431 seconds.
You can set `force_row_wise=true` to remove the overhead.
And if memory is not enough, you can set `force_col_wise=true`.
[LightGBM] [Info] Total Bins 2126
[LightGBM] [Info] Number of data points in the train set: 91002, number of used features: 15
[LightGBM] [Info] Start training from score 5724.449785
[LightGBM] [Info] Auto-choosing col-wise multi-threading, the overhead of testing was 0.057330 seconds.
You can set `force_col_wise=true` to remove the overhead.
[LightGBM] [Info] Total Bins 2126
[LightGBM] [Info] Number of data points in the train set: 91002, number of used features: 15
[LightGBM] [Info] Start training from score 5724.226008
[LightGBM] [Info] Auto-choosing col-wise multi-threading, the overhead of testing was 0.065523 seconds.
You can set `force_col_wise=true` to remove the overhead.
[LightGBM] [Info] Total Bins 2126
[LightGBM] [Info] Number of data points in the train set: 91002, number of used features: 15
[LightGBM] [Info] Start training from score 5724.322564
[LightGBM] [Info] Auto-choosing col-wise multi-threading, the overhead of testing was 0.072499 seconds.
You can set `force_col_wise=true` to remove the overhead.
[LightGBM] [Info] Total Bins 2126
[LightGBM] [Info] Number of data points in the train set: 91002, number of used features: 15
[LightGBM] [Info] Start training from score 5724.258143
[LightGBM] [Info] Auto-choosing col-wise multi-threading, the overhead of testing was 0.069359 seconds.
You can set `force_col_wise=true` to remove the overhead.
[LightGBM] [Info] Total Bins 2126
[LightGBM] [Info] Number of data points in the train set: 91002, number of used features: 15
[LightGBM] [Info] Start training from score 5724.353146
[LightGBM] [Info] Auto-choosing col-wise multi-threading, the overhead of testing was 0.070324 seconds.
You can set `force_col_wise=true` to remove the overhead.
[LightGBM] [Info] Total Bins 2126
[LightGBM] [Info] Number of data points in the train set: 91002, number of used features: 15
[LightGBM] [Info] Start training from score 5724.194186
[LightGBM] [Info] Auto-choosing row-wise multi-threading, the overhead of testing was 0.025395 seconds.
You can set `force_row_wise=true` to remove the overhead.
And if memory is not enough, you can set `force_col_wise=true`.
[LightGBM] [Info] Total Bins 2126
[LightGBM] [Info] Auto-choosing col-wise multi-threading, the overhead of testing was 0.064604 seconds.
You can set `force_col_wise=true` to remove the overhead.
[LightGBM] [Info] Total Bins 2126
[LightGBM] [Info] Number of data points in the train set: 91002, number of used features: 15
[LightGBM] [Info] Number of data points in the train set: 91002, number of used features: 15
[LightGBM] [Info] Start training from score 5724.164203
[LightGBM] [Info] Start training from score 5724.290176
[LightGBM] [Info] Auto-choosing col-wise multi-threading, the overhead of testing was 0.067263 seconds.
You can set `force_col_wise=true` to remove the overhead.
[LightGBM] [Info] Total Bins 2126
[LightGBM] [Info] Number of data points in the train set: 91002, number of used features: 15
[LightGBM] [Info] Start training from score 5724.093739
[LightGBM] [Info] Auto-choosing col-wise multi-threading, the overhead of testing was 0.073489 seconds.
You can set `force_col_wise=true` to remove the overhead.
[LightGBM] [Info] Total Bins 2126
[LightGBM] [Info] Number of data points in the train set: 91002, number of used features: 15
[LightGBM] [Info] Start training from score 5724.129532
[LightGBM] [Info] Auto-choosing col-wise multi-threading, the overhead of testing was 0.072467 seconds.
You can set `force_col_wise=true` to remove the overhead.
[LightGBM] [Info] Total Bins 2126
[LightGBM] [Info] Number of data points in the train set: 91002, number of used features: 15
[LightGBM] [Info] Start training from score 5724.055818
[LightGBM] [Info] Auto-choosing col-wise multi-threading, the overhead of testing was 0.060761 seconds.
You can set `force_col_wise=true` to remove the overhead.
[LightGBM] [Info] Total Bins 2126
[LightGBM] [Info] Number of data points in the train set: 91002, number of used features: 15
[LightGBM] [Info] Start training from score 5724.010565
[LightGBM] [Info] Auto-choosing col-wise multi-threading, the overhead of testing was 0.069408 seconds.
You can set `force_col_wise=true` to remove the overhead.
[LightGBM] [Info] Total Bins 2126
[LightGBM] [Info] Number of data points in the train set: 91002, number of used features: 15
[LightGBM] [Info] Start training from score 5723.921739
[LightGBM] [Info] Auto-choosing row-wise multi-threading, the overhead of testing was 0.024638 seconds.
You can set `force_row_wise=true` to remove the overhead.
And if memory is not enough, you can set `force_col_wise=true`.
[LightGBM] [Info] Total Bins 2126
[LightGBM] [Info] Number of data points in the train set: 91002, number of used features: 15
[LightGBM] [Info] Start training from score 5723.964794
[LightGBM] [Info] Auto-choosing col-wise multi-threading, the overhead of testing was 0.068685 seconds.
You can set `force_col_wise=true` to remove the overhead.
[LightGBM] [Info] Total Bins 2126
[LightGBM] [Info] Number of data points in the train set: 91002, number of used features: 15
[LightGBM] [Info] Start training from score 5723.886349
[LightGBM] [Info] Auto-choosing col-wise multi-threading, the overhead of testing was 0.059092 seconds.
You can set `force_col_wise=true` to remove the overhead.
[LightGBM] [Info] Total Bins 2126
[LightGBM] [Info] Number of data points in the train set: 91002, number of used features: 15
[LightGBM] [Info] Start training from score 5723.855397
[LightGBM] [Info] Auto-choosing col-wise multi-threading, the overhead of testing was 0.074718 seconds.
You can set `force_col_wise=true` to remove the overhead.
[LightGBM] [Info] Total Bins 2126
[LightGBM] [Info] Number of data points in the train set: 91002, number of used features: 15
[LightGBM] [Info] Start training from score 5723.827322
[LightGBM] [Info] Auto-choosing col-wise multi-threading, the overhead of testing was 0.128150 seconds.
You can set `force_col_wise=true` to remove the overhead.
[LightGBM] [Info] Total Bins 2126
[LightGBM] [Info] Number of data points in the train set: 91002, number of used features: 15
[LightGBM] [Info] Start training from score 5723.806218
[LightGBM] [Info] Auto-choosing col-wise multi-threading, the overhead of testing was 0.068050 seconds.
You can set `force_col_wise=true` to remove the overhead.
[LightGBM] [Info] Total Bins 2126
[LightGBM] [Info] Number of data points in the train set: 91002, number of used features: 15
[LightGBM] [Info] Start training from score 5723.789064
[LightGBM] [Info] Auto-choosing row-wise multi-threading, the overhead of testing was 0.024628 seconds.
You can set `force_row_wise=true` to remove the overhead.
And if memory is not enough, you can set `force_col_wise=true`.
[LightGBM] [Info] Total Bins 2126
[LightGBM] [Info] Number of data points in the train set: 91002, number of used features: 15
[LightGBM] [Info] Start training from score 5723.770812
[LightGBM] [Info] Auto-choosing col-wise multi-threading, the overhead of testing was 0.061686 seconds.
You can set `force_col_wise=true` to remove the overhead.
[LightGBM] [Info] Total Bins 2126
[LightGBM] [Info] Number of data points in the train set: 91002, number of used features: 15
[LightGBM] [Info] Start training from score 5723.754037
[LightGBM] [Info] Auto-choosing col-wise multi-threading, the overhead of testing was 0.072255 seconds.
You can set `force_col_wise=true` to remove the overhead.
[LightGBM] [Info] Total Bins 2126
[LightGBM] [Info] Number of data points in the train set: 91002, number of used features: 15
[LightGBM] [Info] Start training from score 5723.738474
[LightGBM] [Info] Auto-choosing row-wise multi-threading, the overhead of testing was 0.023636 seconds.
You can set `force_row_wise=true` to remove the overhead.
And if memory is not enough, you can set `force_col_wise=true`.
[LightGBM] [Info] Total Bins 2126
[LightGBM] [Info] Number of data points in the train set: 91002, number of used features: 15
[LightGBM] [Info] Start training from score 5723.722485
[LightGBM] [Info] Auto-choosing row-wise multi-threading, the overhead of testing was 0.017957 seconds.
You can set `force_row_wise=true` to remove the overhead.
And if memory is not enough, you can set `force_col_wise=true`.
[LightGBM] [Info] Total Bins 2126
[LightGBM] [Info] Number of data points in the train set: 91002, number of used features: 15
[LightGBM] [Info] Start training from score 5723.702017
[LightGBM] [Info] Auto-choosing row-wise multi-threading, the overhead of testing was 0.024454 seconds.
You can set `force_row_wise=true` to remove the overhead.
And if memory is not enough, you can set `force_col_wise=true`.
[LightGBM] [Info] Total Bins 2126
[LightGBM] [Info] Number of data points in the train set: 91002, number of used features: 15
[LightGBM] [Info] Start training from score 5723.674640
[LightGBM] [Info] Auto-choosing col-wise multi-threading, the overhead of testing was 0.089533 seconds.
You can set `force_col_wise=true` to remove the overhead.
[LightGBM] [Info] Total Bins 2126
[LightGBM] [Info] Number of data points in the train set: 91002, number of used features: 15
[LightGBM] [Info] Start training from score 5723.646264
[LightGBM] [Info] Auto-choosing col-wise multi-threading, the overhead of testing was 0.059605 seconds.
You can set `force_col_wise=true` to remove the overhead.
[LightGBM] [Info] Total Bins 2126
[LightGBM] [Info] Number of data points in the train set: 91002, number of used features: 15
[LightGBM] [Info] Start training from score 5723.615458
[LightGBM] [Info] Auto-choosing row-wise multi-threading, the overhead of testing was 0.026458 seconds.
You can set `force_row_wise=true` to remove the overhead.
And if memory is not enough, you can set `force_col_wise=true`.
[LightGBM] [Info] Total Bins 2126
[LightGBM] [Info] Number of data points in the train set: 91002, number of used features: 15
[LightGBM] [Info] Start training from score 5723.584938
[LightGBM] [Info] Auto-choosing row-wise multi-threading, the overhead of testing was 0.016033 seconds.
You can set `force_row_wise=true` to remove the overhead.
And if memory is not enough, you can set `force_col_wise=true`.
[LightGBM] [Info] Total Bins 2126
[LightGBM] [Info] Number of data points in the train set: 91002, number of used features: 15
[LightGBM] [Info] Start training from score 5723.556241
[LightGBM] [Info] Auto-choosing col-wise multi-threading, the overhead of testing was 0.058252 seconds.
You can set `force_col_wise=true` to remove the overhead.
[LightGBM] [Info] Total Bins 2126
[LightGBM] [Info] Number of data points in the train set: 91002, number of used features: 15
[LightGBM] [Info] Start training from score 5723.529042
==============================================================================
MASTER FORECAST | algo=lgbm task=load strategy=direct
  market=dam task=load gate=strict delay_override=None → gap=12h (crosslag_gap=12h) | horizon=24 stride=24 retrain=weekly
  groups=['calendar', 'lags']  (#features=15)
  test=[2025-06-01 00:00:00 .. 2025-08-31 23:00:00]  train_end=None
==============================================================================
  AEL crosslag_mode=freeze (crosslag_gap=12h)
   [fit] key=2025-W22 cutoff=2025-05-31 11:00:00  (block 1/92)
[LightGBM] [Info] Auto-choosing row-wise multi-threading, the overhead of testing was 0.024425 seconds.
You can set `force_row_wise=true` to remove the overhead.
And if memory is not enough, you can set `force_col_wise=true`.
[LightGBM] [Info] Total Bins 2126
[LightGBM] [Info] Number of data points in the train set: 91050, number of used features: 15
[LightGBM] [Info] Start training from score 5724.035100
[LightGBM] [Info] Auto-choosing row-wise multi-threading, the overhead of testing was 0.023942 seconds.
You can set `force_row_wise=true` to remove the overhead.
And if memory is not enough, you can set `force_col_wise=true`.
[LightGBM] [Info] Total Bins 2126
[LightGBM] [Info] Number of data points in the train set: 91050, number of used features: 15
[LightGBM] [Info] Start training from score 5724.056903
[LightGBM] [Info] Auto-choosing col-wise multi-threading, the overhead of testing was 0.088017 seconds.
You can set `force_col_wise=true` to remove the overhead.
[LightGBM] [Info] Total Bins 2126
[LightGBM] [Info] Number of data points in the train set: 91050, number of used features: 15
[LightGBM] [Info] Start training from score 5723.993315
[LightGBM] [Info] Auto-choosing row-wise multi-threading, the overhead of testing was 0.054459 seconds.
You can set `force_row_wise=true` to remove the overhead.
And if memory is not enough, you can set `force_col_wise=true`.
[LightGBM] [Info] Total Bins 2126
[LightGBM] [Info] Number of data points in the train set: 91050, number of used features: 15
[LightGBM] [Info] Auto-choosing row-wise multi-threading, the overhead of testing was 0.026291 seconds.
You can set `force_row_wise=true` to remove the overhead.
And if memory is not enough, you can set `force_col_wise=true`.
[LightGBM] [Info] Total Bins 2126
[LightGBM] [Info] Number of data points in the train set: 91050, number of used features: 15
[LightGBM] [Info] Auto-choosing row-wise multi-threading, the overhead of testing was 0.038868 seconds.
You can set `force_row_wise=true` to remove the overhead.
And if memory is not enough, you can set `force_col_wise=true`.
[LightGBM] [Info] Total Bins 2126
[LightGBM] [Info] Start training from score 5724.013695
[LightGBM] [Info] Number of data points in the train set: 91050, number of used features: 15
[LightGBM] [Info] Auto-choosing col-wise multi-threading, the overhead of testing was 0.074792 seconds.
You can set `force_col_wise=true` to remove the overhead.
[LightGBM] [Info] Start training from score 5723.972722
[LightGBM] [Info] Total Bins 2126
[LightGBM] [Info] Start training from score 5723.875541
[LightGBM] [Info] Number of data points in the train set: 91050, number of used features: 15
[LightGBM] [Info] Start training from score 5723.790990
[LightGBM] [Info] Auto-choosing col-wise multi-threading, the overhead of testing was 0.091555 seconds.
You can set `force_col_wise=true` to remove the overhead.
[LightGBM] [Info] Total Bins 2126
[LightGBM] [Info] Number of data points in the train set: 91050, number of used features: 15
[LightGBM] [Info] Start training from score 5723.713170
[LightGBM] [Info] Auto-choosing row-wise multi-threading, the overhead of testing was 0.023498 seconds.
You can set `force_row_wise=true` to remove the overhead.
And if memory is not enough, you can set `force_col_wise=true`.
[LightGBM] [Info] Total Bins 2126
[LightGBM] [Info] Auto-choosing col-wise multi-threading, the overhead of testing was 0.081886 seconds.
You can set `force_col_wise=true` to remove the overhead.
[LightGBM] [Info] Number of data points in the train set: 91050, number of used features: 15
[LightGBM] [Info] Total Bins 2126
[LightGBM] [Info] Start training from score 5723.636604
[LightGBM] [Info] Number of data points in the train set: 91050, number of used features: 15
[LightGBM] [Info] Start training from score 5723.946416
[LightGBM] [Info] Auto-choosing row-wise multi-threading, the overhead of testing was 0.020648 seconds.
You can set `force_row_wise=true` to remove the overhead.
And if memory is not enough, you can set `force_col_wise=true`.
[LightGBM] [Info] Total Bins 2126
[LightGBM] [Info] Number of data points in the train set: 91050, number of used features: 15
[LightGBM] [Info] Start training from score 5723.550504
[LightGBM] [Info] Auto-choosing row-wise multi-threading, the overhead of testing was 0.027047 seconds.
You can set `force_row_wise=true` to remove the overhead.
And if memory is not enough, you can set `force_col_wise=true`.
[LightGBM] [Info] Total Bins 2126
[LightGBM] [Info] Number of data points in the train set: 91050, number of used features: 15
[LightGBM] [Info] Start training from score 5723.912804
[LightGBM] [Info] Auto-choosing col-wise multi-threading, the overhead of testing was 0.077781 seconds.
You can set `force_col_wise=true` to remove the overhead.
[LightGBM] [Info] Total Bins 2126
[LightGBM] [Info] Auto-choosing row-wise multi-threading, the overhead of testing was 0.026602 seconds.
You can set `force_row_wise=true` to remove the overhead.
And if memory is not enough, you can set `force_col_wise=true`.
[LightGBM] [Info] Total Bins 2126
[LightGBM] [Info] Number of data points in the train set: 91050, number of used features: 15
[LightGBM] [Info] Start training from score 5723.833717
[LightGBM] [Info] Number of data points in the train set: 91050, number of used features: 15
[LightGBM] [Info] Start training from score 5723.751439
[LightGBM] [Info] Auto-choosing col-wise multi-threading, the overhead of testing was 0.074371 seconds.
You can set `force_col_wise=true` to remove the overhead.
[LightGBM] [Info] Total Bins 2126
[LightGBM] [Info] Number of data points in the train set: 91050, number of used features: 15
[LightGBM] [Info] Start training from score 5723.594483
[LightGBM] [Info] Auto-choosing row-wise multi-threading, the overhead of testing was 0.029702 seconds.
You can set `force_row_wise=true` to remove the overhead.
And if memory is not enough, you can set `force_col_wise=true`.
[LightGBM] [Info] Total Bins 2126
[LightGBM] [Info] Number of data points in the train set: 91050, number of used features: 15
[LightGBM] [Info] Start training from score 5723.674611
[LightGBM] [Info] Auto-choosing col-wise multi-threading, the overhead of testing was 0.066503 seconds.
You can set `force_col_wise=true` to remove the overhead.
[LightGBM] [Info] Total Bins 2126
[LightGBM] [Info] Number of data points in the train set: 91050, number of used features: 15
[LightGBM] [Info] Start training from score 5723.505980
[LightGBM] [Info] Auto-choosing row-wise multi-threading, the overhead of testing was 0.029858 seconds.
You can set `force_row_wise=true` to remove the overhead.
And if memory is not enough, you can set `force_col_wise=true`.
[LightGBM] [Info] Total Bins 2126
[LightGBM] [Info] Number of data points in the train set: 91050, number of used features: 15
[LightGBM] [Info] Start training from score 5723.455601
[LightGBM] [Info] Auto-choosing col-wise multi-threading, the overhead of testing was 0.059354 seconds.
You can set `force_col_wise=true` to remove the overhead.
[LightGBM] [Info] Total Bins 2126
[LightGBM] [Info] Number of data points in the train set: 91050, number of used features: 15
[LightGBM] [Info] Start training from score 5723.325113
[LightGBM] [Info] Auto-choosing col-wise multi-threading, the overhead of testing was 0.066623 seconds.
You can set `force_col_wise=true` to remove the overhead.
[LightGBM] [Info] Total Bins 2126
[LightGBM] [Info] Number of data points in the train set: 91050, number of used features: 15
[LightGBM] [Info] Start training from score 5723.406822
[LightGBM] [Info] Auto-choosing row-wise multi-threading, the overhead of testing was 0.026180 seconds.
You can set `force_row_wise=true` to remove the overhead.
And if memory is not enough, you can set `force_col_wise=true`.
[LightGBM] [Info] Total Bins 2126
[LightGBM] [Info] Number of data points in the train set: 91050, number of used features: 15
[LightGBM] [Info] Start training from score 5723.361055
[LightGBM] [Info] Auto-choosing col-wise multi-threading, the overhead of testing was 0.068499 seconds.
You can set `force_col_wise=true` to remove the overhead.
[LightGBM] [Info] Total Bins 2126
[LightGBM] [Info] Number of data points in the train set: 91050, number of used features: 15
[LightGBM] [Info] Start training from score 5723.295286
[LightGBM] [Info] Auto-choosing col-wise multi-threading, the overhead of testing was 0.069946 seconds.
You can set `force_col_wise=true` to remove the overhead.
[LightGBM] [Info] Total Bins 2126
[LightGBM] [Info] Number of data points in the train set: 91050, number of used features: 15
[LightGBM] [Info] Start training from score 5723.267588
[LightGBM] [Info] Auto-choosing col-wise multi-threading, the overhead of testing was 0.063931 seconds.
You can set `force_col_wise=true` to remove the overhead.
[LightGBM] [Info] Total Bins 2126
[LightGBM] [Info] Number of data points in the train set: 91050, number of used features: 15
[LightGBM] [Info] Start training from score 5723.243354
[LightGBM] [Info] Auto-choosing col-wise multi-threading, the overhead of testing was 0.099013 seconds.
You can set `force_col_wise=true` to remove the overhead.
[LightGBM] [Info] Total Bins 2126
[LightGBM] [Info] Number of data points in the train set: 91050, number of used features: 15
[LightGBM] [Info] Start training from score 5723.222563
[LightGBM] [Info] Auto-choosing row-wise multi-threading, the overhead of testing was 0.025154 seconds.
You can set `force_row_wise=true` to remove the overhead.
And if memory is not enough, you can set `force_col_wise=true`.
[LightGBM] [Info] Total Bins 2126
[LightGBM] [Info] Number of data points in the train set: 91050, number of used features: 15
[LightGBM] [Info] Start training from score 5723.201191
[LightGBM] [Info] Auto-choosing row-wise multi-threading, the overhead of testing was 0.023886 seconds.
You can set `force_row_wise=true` to remove the overhead.
And if memory is not enough, you can set `force_col_wise=true`.
[LightGBM] [Info] Total Bins 2126
[LightGBM] [Info] Number of data points in the train set: 91050, number of used features: 15
[LightGBM] [Info] Start training from score 5723.181240
[LightGBM] [Info] Auto-choosing row-wise multi-threading, the overhead of testing was 0.026260 seconds.
You can set `force_row_wise=true` to remove the overhead.
And if memory is not enough, you can set `force_col_wise=true`.
[LightGBM] [Info] Total Bins 2126
[LightGBM] [Info] Number of data points in the train set: 91050, number of used features: 15
[LightGBM] [Info] Start training from score 5723.162247
[LightGBM] [Info] Auto-choosing col-wise multi-threading, the overhead of testing was 0.067209 seconds.
You can set `force_col_wise=true` to remove the overhead.
[LightGBM] [Info] Total Bins 2126
[LightGBM] [Info] Number of data points in the train set: 91050, number of used features: 15
[LightGBM] [Info] Start training from score 5723.143960
[LightGBM] [Info] Auto-choosing col-wise multi-threading, the overhead of testing was 0.070947 seconds.
You can set `force_col_wise=true` to remove the overhead.
[LightGBM] [Info] Total Bins 2126
[LightGBM] [Info] Number of data points in the train set: 91050, number of used features: 15
[LightGBM] [Info] Start training from score 5723.123547
[LightGBM] [Info] Auto-choosing col-wise multi-threading, the overhead of testing was 0.068308 seconds.
You can set `force_col_wise=true` to remove the overhead.
[LightGBM] [Info] Total Bins 2126
[LightGBM] [Info] Number of data points in the train set: 91050, number of used features: 15
[LightGBM] [Info] Start training from score 5723.098732
[LightGBM] [Info] Auto-choosing col-wise multi-threading, the overhead of testing was 0.090344 seconds.
You can set `force_col_wise=true` to remove the overhead.
[LightGBM] [Info] Total Bins 2126
[LightGBM] [Info] Number of data points in the train set: 91050, number of used features: 15
[LightGBM] [Info] Start training from score 5723.073655
[LightGBM] [Info] Auto-choosing col-wise multi-threading, the overhead of testing was 0.061165 seconds.
You can set `force_col_wise=true` to remove the overhead.
[LightGBM] [Info] Total Bins 2126
[LightGBM] [Info] Number of data points in the train set: 91050, number of used features: 15
[LightGBM] [Info] Start training from score 5723.045842
[LightGBM] [Info] Auto-choosing col-wise multi-threading, the overhead of testing was 0.054023 seconds.
You can set `force_col_wise=true` to remove the overhead.
[LightGBM] [Info] Total Bins 2126
[LightGBM] [Info] Number of data points in the train set: 91050, number of used features: 15
[LightGBM] [Info] Start training from score 5723.018490
[LightGBM] [Info] Auto-choosing row-wise multi-threading, the overhead of testing was 0.015029 seconds.
You can set `force_row_wise=true` to remove the overhead.
And if memory is not enough, you can set `force_col_wise=true`.
[LightGBM] [Info] Total Bins 2126
[LightGBM] [Info] Number of data points in the train set: 91050, number of used features: 15
[LightGBM] [Info] Start training from score 5722.993191
[LightGBM] [Info] Auto-choosing col-wise multi-threading, the overhead of testing was 0.054653 seconds.
You can set `force_col_wise=true` to remove the overhead.
[LightGBM] [Info] Total Bins 2126
[LightGBM] [Info] Number of data points in the train set: 91050, number of used features: 15
[LightGBM] [Info] Start training from score 5722.969609
   [fit] key=2025-W23 cutoff=2025-06-02 11:00:00  (block 3/92)
[LightGBM] [Info] Auto-choosing col-wise multi-threading, the overhead of testing was 0.069786 seconds.
You can set `force_col_wise=true` to remove the overhead.
[LightGBM] [Info] Total Bins 2126
[LightGBM] [Info] Number of data points in the train set: 91218, number of used features: 15
[LightGBM] [Info] Start training from score 5723.468888
[LightGBM] [Info] Auto-choosing row-wise multi-threading, the overhead of testing was 0.025992 seconds.
You can set `force_row_wise=true` to remove the overhead.
And if memory is not enough, you can set `force_col_wise=true`.
[LightGBM] [Info] Total Bins 2126
[LightGBM] [Info] Number of data points in the train set: 91218, number of used features: 15
[LightGBM] [Info] Start training from score 5723.416238
[LightGBM] [Info] Auto-choosing row-wise multi-threading, the overhead of testing was 0.021255 seconds.
You can set `force_row_wise=true` to remove the overhead.
And if memory is not enough, you can set `force_col_wise=true`.
[LightGBM] [Info] Total Bins 2126
[LightGBM] [Info] Auto-choosing row-wise multi-threading, the overhead of testing was 0.023529 seconds.
You can set `force_row_wise=true` to remove the overhead.
And if memory is not enough, you can set `force_col_wise=true`.
[LightGBM] [Info] Number of data points in the train set: 91218, number of used features: 15
[LightGBM] [Info] Total Bins 2126
[LightGBM] [Info] Number of data points in the train set: 91218, number of used features: 15
[LightGBM] [Info] Auto-choosing col-wise multi-threading, the overhead of testing was 0.069367 seconds.
You can set `force_col_wise=true` to remove the overhead.
[LightGBM] [Info] Total Bins 2126
[LightGBM] [Info] Start training from score 5723.429371
[LightGBM] [Info] Start training from score 5723.455029
[LightGBM] [Info] Number of data points in the train set: 91218, number of used features: 15
[LightGBM] [Info] Start training from score 5723.441864
[LightGBM] [Info] Auto-choosing col-wise multi-threading, the overhead of testing was 0.067106 seconds.
You can set `force_col_wise=true` to remove the overhead.
[LightGBM] [Info] Total Bins 2126
[LightGBM] [Info] Number of data points in the train set: 91218, number of used features: 15
[LightGBM] [Info] Auto-choosing row-wise multi-threading, the overhead of testing was 0.026833 seconds.
You can set `force_row_wise=true` to remove the overhead.
And if memory is not enough, you can set `force_col_wise=true`.
[LightGBM] [Info] Total Bins 2126
[LightGBM] [Info] Start training from score 5723.397358
[LightGBM] [Info] Number of data points in the train set: 91218, number of used features: 15
[LightGBM] [Info] Start training from score 5723.371087
[LightGBM] [Info] Auto-choosing row-wise multi-threading, the overhead of testing was 0.017187 seconds.
You can set `force_row_wise=true` to remove the overhead.
And if memory is not enough, you can set `force_col_wise=true`.
[LightGBM] [Info] Auto-choosing col-wise multi-threading, the overhead of testing was 0.080720 seconds.
You can set `force_col_wise=true` to remove the overhead.
[LightGBM] [Info] Total Bins 2126
[LightGBM] [Info] Total Bins 2126
[LightGBM] [Info] Number of data points in the train set: 91218, number of used features: 15
[LightGBM] [Info] Start training from score 5723.178444
[LightGBM] [Info] Number of data points in the train set: 91218, number of used features: 15
[LightGBM] [Info] Start training from score 5723.272793
[LightGBM] [Info] Auto-choosing col-wise multi-threading, the overhead of testing was 0.069767 seconds.
You can set `force_col_wise=true` to remove the overhead.
[LightGBM] [Info] Total Bins 2126
[LightGBM] [Info] Number of data points in the train set: 91218, number of used features: 15
[LightGBM] [Info] Start training from score 5723.089274
[LightGBM] [Info] Auto-choosing row-wise multi-threading, the overhead of testing was 0.027390 seconds.
You can set `force_row_wise=true` to remove the overhead.
And if memory is not enough, you can set `force_col_wise=true`.
[LightGBM] [Info] Total Bins 2126
[LightGBM] [Info] Number of data points in the train set: 91218, number of used features: 15
[LightGBM] [Info] Start training from score 5723.119611
[LightGBM] [Info] Auto-choosing col-wise multi-threading, the overhead of testing was 0.066082 seconds.
You can set `force_col_wise=true` to remove the overhead.
[LightGBM] [Info] Total Bins 2126
[LightGBM] [Info] Number of data points in the train set: 91218, number of used features: 15
[LightGBM] [Info] Start training from score 5723.150407
[LightGBM] [Info] Auto-choosing col-wise multi-threading, the overhead of testing was 0.064670 seconds.
You can set `force_col_wise=true` to remove the overhead.
[LightGBM] [Info] Auto-choosing col-wise multi-threading, the overhead of testing was 0.068205 seconds.
You can set `force_col_wise=true` to remove the overhead.
[LightGBM] [Info] Total Bins 2126
[LightGBM] [Info] Total Bins 2126
[LightGBM] [Info] Number of data points in the train set: 91218, number of used features: 15
[LightGBM] [Info] Number of data points in the train set: 91218, number of used features: 15
[LightGBM] [Info] Start training from score 5723.239695
[LightGBM] [Info] Start training from score 5723.341533
[LightGBM] [Info] Auto-choosing row-wise multi-threading, the overhead of testing was 0.019816 seconds.
You can set `force_row_wise=true` to remove the overhead.
And if memory is not enough, you can set `force_col_wise=true`.
[LightGBM] [Info] Total Bins 2126
[LightGBM] [Info] Auto-choosing row-wise multi-threading, the overhead of testing was 0.028545 seconds.
You can set `force_row_wise=true` to remove the overhead.
And if memory is not enough, you can set `force_col_wise=true`.
[LightGBM] [Info] Total Bins 2126
[LightGBM] [Info] Number of data points in the train set: 91218, number of used features: 15
[LightGBM] [Info] Start training from score 5723.307833
[LightGBM] [Info] Number of data points in the train set: 91218, number of used features: 15
[LightGBM] [Info] Start training from score 5723.208535
[LightGBM] [Info] Auto-choosing row-wise multi-threading, the overhead of testing was 0.025552 seconds.
You can set `force_row_wise=true` to remove the overhead.
And if memory is not enough, you can set `force_col_wise=true`.
[LightGBM] [Info] Total Bins 2126
[LightGBM] [Info] Number of data points in the train set: 91218, number of used features: 15
[LightGBM] [Info] Start training from score 5723.020198
[LightGBM] [Info] Auto-choosing col-wise multi-threading, the overhead of testing was 0.069534 seconds.
You can set `force_col_wise=true` to remove the overhead.
[LightGBM] [Info] Total Bins 2126
[LightGBM] [Info] Number of data points in the train set: 91218, number of used features: 15
[LightGBM] [Info] Start training from score 5723.057757
[LightGBM] [Info] Auto-choosing col-wise multi-threading, the overhead of testing was 0.066420 seconds.
You can set `force_col_wise=true` to remove the overhead.
[LightGBM] [Info] Total Bins 2126
[LightGBM] [Info] Number of data points in the train set: 91218, number of used features: 15
[LightGBM] [Info] Start training from score 5722.982659
[LightGBM] [Info] Auto-choosing col-wise multi-threading, the overhead of testing was 0.074165 seconds.
You can set `force_col_wise=true` to remove the overhead.
[LightGBM] [Info] Total Bins 2126
[LightGBM] [Info] Number of data points in the train set: 91218, number of used features: 15
[LightGBM] [Info] Start training from score 5722.920362
[LightGBM] [Info] Auto-choosing col-wise multi-threading, the overhead of testing was 0.070388 seconds.
You can set `force_col_wise=true` to remove the overhead.
[LightGBM] [Info] Total Bins 2126
[LightGBM] [Info] Number of data points in the train set: 91218, number of used features: 15
[LightGBM] [Info] Start training from score 5722.946776
[LightGBM] [Info] Auto-choosing col-wise multi-threading, the overhead of testing was 0.055780 seconds.
You can set `force_col_wise=true` to remove the overhead.
[LightGBM] [Info] Total Bins 2126
[LightGBM] [Info] Number of data points in the train set: 91218, number of used features: 15
[LightGBM] [Info] Start training from score 5722.883750
[LightGBM] [Info] Auto-choosing col-wise multi-threading, the overhead of testing was 0.067189 seconds.
You can set `force_col_wise=true` to remove the overhead.
[LightGBM] [Info] Total Bins 2126
[LightGBM] [Info] Number of data points in the train set: 91218, number of used features: 15
[LightGBM] [Info] Start training from score 5722.900642
[LightGBM] [Info] Auto-choosing col-wise multi-threading, the overhead of testing was 0.119638 seconds.
You can set `force_col_wise=true` to remove the overhead.
[LightGBM] [Info] Total Bins 2126
[LightGBM] [Info] Number of data points in the train set: 91218, number of used features: 15
[LightGBM] [Info] Start training from score 5722.870217
[LightGBM] [Info] Auto-choosing col-wise multi-threading, the overhead of testing was 0.070199 seconds.
You can set `force_col_wise=true` to remove the overhead.
[LightGBM] [Info] Total Bins 2126
[LightGBM] [Info] Number of data points in the train set: 91218, number of used features: 15
[LightGBM] [Info] Start training from score 5722.847984
[LightGBM] [Info] Auto-choosing row-wise multi-threading, the overhead of testing was 0.026005 seconds.
You can set `force_row_wise=true` to remove the overhead.
And if memory is not enough, you can set `force_col_wise=true`.
[LightGBM] [Info] Total Bins 2126
[LightGBM] [Info] Number of data points in the train set: 91218, number of used features: 15
[LightGBM] [Info] Start training from score 5722.836708
[LightGBM] [Info] Auto-choosing col-wise multi-threading, the overhead of testing was 0.071395 seconds.
You can set `force_col_wise=true` to remove the overhead.
[LightGBM] [Info] Total Bins 2126
[LightGBM] [Info] Number of data points in the train set: 91218, number of used features: 15
[LightGBM] [Info] Start training from score 5722.860010
[LightGBM] [Info] Auto-choosing col-wise multi-threading, the overhead of testing was 0.066285 seconds.
You can set `force_col_wise=true` to remove the overhead.
[LightGBM] [Info] Total Bins 2126
[LightGBM] [Info] Number of data points in the train set: 91218, number of used features: 15
[LightGBM] [Info] Start training from score 5722.825491
[LightGBM] [Info] Auto-choosing col-wise multi-threading, the overhead of testing was 0.063337 seconds.
You can set `force_col_wise=true` to remove the overhead.
[LightGBM] [Info] Total Bins 2126
[LightGBM] [Info] Number of data points in the train set: 91218, number of used features: 15
[LightGBM] [Info] Start training from score 5722.812828
[LightGBM] [Info] Auto-choosing col-wise multi-threading, the overhead of testing was 0.074670 seconds.
You can set `force_col_wise=true` to remove the overhead.
[LightGBM] [Info] Total Bins 2126
[LightGBM] [Info] Number of data points in the train set: 91218, number of used features: 15
[LightGBM] [Info] Start training from score 5722.796180
[LightGBM] [Info] Auto-choosing col-wise multi-threading, the overhead of testing was 0.097503 seconds.
You can set `force_col_wise=true` to remove the overhead.
[LightGBM] [Info] Total Bins 2126
[LightGBM] [Info] Number of data points in the train set: 91218, number of used features: 15
[LightGBM] [Info] Start training from score 5722.773089
[LightGBM] [Info] Auto-choosing col-wise multi-threading, the overhead of testing was 0.067233 seconds.
You can set `force_col_wise=true` to remove the overhead.
[LightGBM] [Info] Total Bins 2126
[LightGBM] [Info] Number of data points in the train set: 91218, number of used features: 15
[LightGBM] [Info] Start training from score 5722.749165
[LightGBM] [Info] Auto-choosing row-wise multi-threading, the overhead of testing was 0.016915 seconds.
You can set `force_row_wise=true` to remove the overhead.
And if memory is not enough, you can set `force_col_wise=true`.
[LightGBM] [Info] Total Bins 2126
[LightGBM] [Info] Number of data points in the train set: 91218, number of used features: 15
[LightGBM] [Info] Start training from score 5722.699582
[LightGBM] [Info] Auto-choosing col-wise multi-threading, the overhead of testing was 0.061136 seconds.
You can set `force_col_wise=true` to remove the overhead.
[LightGBM] [Info] Total Bins 2126
[LightGBM] [Info] Number of data points in the train set: 91218, number of used features: 15
[LightGBM] [Info] Start training from score 5722.723672
[LightGBM] [Info] Auto-choosing col-wise multi-threading, the overhead of testing was 0.076047 seconds.
You can set `force_col_wise=true` to remove the overhead.
[LightGBM] [Info] Total Bins 2126
[LightGBM] [Info] Number of data points in the train set: 91218, number of used features: 15
[LightGBM] [Info] Start training from score 5722.678737
[LightGBM] [Info] Auto-choosing row-wise multi-threading, the overhead of testing was 0.013780 seconds.
You can set `force_row_wise=true` to remove the overhead.
And if memory is not enough, you can set `force_col_wise=true`.
[LightGBM] [Info] Total Bins 2126
[LightGBM] [Info] Number of data points in the train set: 91218, number of used features: 15
[LightGBM] [Info] Start training from score 5722.661458
   [fit] key=2025-W24 cutoff=2025-06-09 11:00:00  (block 10/92)
[LightGBM] [Info] Auto-choosing row-wise multi-threading, the overhead of testing was 0.025061 seconds.
You can set `force_row_wise=true` to remove the overhead.
And if memory is not enough, you can set `force_col_wise=true`.
[LightGBM] [Info] Total Bins 2126
[LightGBM] [Info] Number of data points in the train set: 91386, number of used features: 15
[LightGBM] [Info] Start training from score 5724.300034
[LightGBM] [Info] Auto-choosing col-wise multi-threading, the overhead of testing was 0.064186 seconds.
You can set `force_col_wise=true` to remove the overhead.
[LightGBM] [Info] Total Bins 2126
[LightGBM] [Info] Number of data points in the train set: 91386, number of used features: 15
[LightGBM] [Info] Start training from score 5724.309599
[LightGBM] [Info] Auto-choosing row-wise multi-threading, the overhead of testing was 0.019058 seconds.
You can set `force_row_wise=true` to remove the overhead.
And if memory is not enough, you can set `force_col_wise=true`.
[LightGBM] [Info] Total Bins 2126
[LightGBM] [Info] Number of data points in the train set: 91386, number of used features: 15
[LightGBM] [Info] Start training from score 5724.270166
[LightGBM] [Info] Auto-choosing row-wise multi-threading, the overhead of testing was 0.026833 seconds.
You can set `force_row_wise=true` to remove the overhead.
And if memory is not enough, you can set `force_col_wise=true`.
[LightGBM] [Info] Total Bins 2126
[LightGBM] [Info] Number of data points in the train set: 91386, number of used features: 15
[LightGBM] [Info] Start training from score 5724.290131
[LightGBM] [Info] Auto-choosing row-wise multi-threading, the overhead of testing was 0.020075 seconds.
You can set `force_row_wise=true` to remove the overhead.
And if memory is not enough, you can set `force_col_wise=true`.
[LightGBM] [Info] Total Bins 2126
[LightGBM] [Info] Number of data points in the train set: 91386, number of used features: 15
[LightGBM] [Info] Start training from score 5724.253684
[LightGBM] [Info] Auto-choosing row-wise multi-threading, the overhead of testing was 0.019274 seconds.
You can set `force_row_wise=true` to remove the overhead.
And if memory is not enough, you can set `force_col_wise=true`.
[LightGBM] [Info] Total Bins 2126
[LightGBM] [Info] Number of data points in the train set: 91386, number of used features: 15
[LightGBM] [Info] Auto-choosing col-wise multi-threading, the overhead of testing was 0.064368 seconds.
You can set `force_col_wise=true` to remove the overhead.
[LightGBM] [Info] Total Bins 2126
[LightGBM] [Info] Number of data points in the train set: 91386, number of used features: 15
[LightGBM] [Info] Start training from score 5723.954199
[LightGBM] [Info] Start training from score 5724.135148
[LightGBM] [Info] Auto-choosing col-wise multi-threading, the overhead of testing was 0.065983 seconds.
You can set `force_col_wise=true` to remove the overhead.
[LightGBM] [Info] Total Bins 2126
[LightGBM] [Info] Number of data points in the train set: 91386, number of used features: 15
[LightGBM] [Info] Start training from score 5724.168734
[LightGBM] [Info] Auto-choosing row-wise multi-threading, the overhead of testing was 0.027914 seconds.
You can set `force_row_wise=true` to remove the overhead.
And if memory is not enough, you can set `force_col_wise=true`.
[LightGBM] [Info] Auto-choosing col-wise multi-threading, the overhead of testing was 0.065175 seconds.
You can set `force_col_wise=true` to remove the overhead.[LightGBM] [Info] 
Auto-choosing row-wise multi-threading, the overhead of testing was 0.017750 seconds.
You can set `force_row_wise=true` to remove the overhead.
And if memory is not enough, you can set `force_col_wise=true`.
[LightGBM] [Info] Total Bins 2126
[LightGBM] [Info] Total Bins 2126
[LightGBM] [Info] Total Bins 2126
[LightGBM] [Info] Number of data points in the train set: 91386, number of used features: 15
[LightGBM] [Info] Number of data points in the train set: 91386, number of used features: 15
[LightGBM] [Info] Start training from score 5724.072836
[LightGBM] [Info] Start training from score 5724.103326
[LightGBM] [Info] Number of data points in the train set: 91386, number of used features: 15
[LightGBM] [Info] Start training from score 5724.200993
[LightGBM] [Info] Auto-choosing col-wise multi-threading, the overhead of testing was 0.074900 seconds.
You can set `force_col_wise=true` to remove the overhead.
[LightGBM] [Info] Total Bins 2126
[LightGBM] [Info] Number of data points in the train set: 91386, number of used features: 15
[LightGBM] [Info] Auto-choosing col-wise multi-threading, the overhead of testing was 0.074046 seconds.
You can set `force_col_wise=true` to remove the overhead.
[LightGBM] [Info] Start training from score 5723.984612
[LightGBM] [Info] Total Bins 2126
[LightGBM] [Info] Number of data points in the train set: 91386, number of used features: 15
[LightGBM] [Info] Start training from score 5724.043282
[LightGBM] [Info] Auto-choosing col-wise multi-threading, the overhead of testing was 0.077621 seconds.
You can set `force_col_wise=true` to remove the overhead.
[LightGBM] [Info] Total Bins 2126
[LightGBM] [Info] Auto-choosing row-wise multi-threading, the overhead of testing was 0.029958 seconds.
You can set `force_row_wise=true` to remove the overhead.
And if memory is not enough, you can set `force_col_wise=true`.
[LightGBM] [Info] Total Bins 2126
[LightGBM] [Info] Number of data points in the train set: 91386, number of used features: 15
[LightGBM] [Info] Number of data points in the train set: 91386, number of used features: 15
[LightGBM] [Info] Start training from score 5724.228884
[LightGBM] [Info] Start training from score 5724.280320
[LightGBM] [Info] Auto-choosing row-wise multi-threading, the overhead of testing was 0.026341 seconds.
You can set `force_row_wise=true` to remove the overhead.
And if memory is not enough, you can set `force_col_wise=true`.
[LightGBM] [Info] Total Bins 2126
[LightGBM] [Info] Number of data points in the train set: 91386, number of used features: 15
[LightGBM] [Info] Start training from score 5724.015317
[LightGBM] [Info] Auto-choosing col-wise multi-threading, the overhead of testing was 0.064800 seconds.
You can set `force_col_wise=true` to remove the overhead.
[LightGBM] [Info] Total Bins 2126
[LightGBM] [Info] Number of data points in the train set: 91386, number of used features: 15
[LightGBM] [Info] Start training from score 5723.885721
[LightGBM] [Info] Auto-choosing col-wise multi-threading, the overhead of testing was 0.058985 seconds.
You can set `force_col_wise=true` to remove the overhead.
[LightGBM] [Info] Total Bins 2126
[LightGBM] [Info] Number of data points in the train set: 91386, number of used features: 15
[LightGBM] [Info] Start training from score 5723.922740
[LightGBM] [Info] Auto-choosing row-wise multi-threading, the overhead of testing was 0.020259 seconds.
You can set `force_row_wise=true` to remove the overhead.
And if memory is not enough, you can set `force_col_wise=true`.
[LightGBM] [Info] Total Bins 2126
[LightGBM] [Info] Number of data points in the train set: 91386, number of used features: 15
[LightGBM] [Info] Start training from score 5723.849257
[LightGBM] [Info] Auto-choosing col-wise multi-threading, the overhead of testing was 0.091851 seconds.
You can set `force_col_wise=true` to remove the overhead.
[LightGBM] [Info] Total Bins 2126
[LightGBM] [Info] Number of data points in the train set: 91386, number of used features: 15
[LightGBM] [Info] Start training from score 5723.813889
[LightGBM] [Info] Auto-choosing row-wise multi-threading, the overhead of testing was 0.019925 seconds.
You can set `force_row_wise=true` to remove the overhead.
And if memory is not enough, you can set `force_col_wise=true`.
[LightGBM] [Info] Total Bins 2126
[LightGBM] [Info] Number of data points in the train set: 91386, number of used features: 15
[LightGBM] [Info] Start training from score 5723.788037
[LightGBM] [Info] Auto-choosing col-wise multi-threading, the overhead of testing was 0.058660 seconds.
You can set `force_col_wise=true` to remove the overhead.
[LightGBM] [Info] Total Bins 2126
[LightGBM] [Info] Number of data points in the train set: 91386, number of used features: 15
[LightGBM] [Info] Start training from score 5723.769054
[LightGBM] [Info] Auto-choosing row-wise multi-threading, the overhead of testing was 0.024985 seconds.
You can set `force_row_wise=true` to remove the overhead.
And if memory is not enough, you can set `force_col_wise=true`.
[LightGBM] [Info] Total Bins 2126
[LightGBM] [Info] Number of data points in the train set: 91386, number of used features: 15
[LightGBM] [Info] Start training from score 5723.752335
[LightGBM] [Info] Auto-choosing row-wise multi-threading, the overhead of testing was 0.025494 seconds.
You can set `force_row_wise=true` to remove the overhead.
And if memory is not enough, you can set `force_col_wise=true`.
[LightGBM] [Info] Total Bins 2126
[LightGBM] [Info] Number of data points in the train set: 91386, number of used features: 15
[LightGBM] [Info] Start training from score 5723.739735
[LightGBM] [Info] Auto-choosing col-wise multi-threading, the overhead of testing was 0.067441 seconds.
You can set `force_col_wise=true` to remove the overhead.
[LightGBM] [Info] Total Bins 2126
[LightGBM] [Info] Number of data points in the train set: 91386, number of used features: 15
[LightGBM] [Info] Start training from score 5723.729996
[LightGBM] [Info] Auto-choosing row-wise multi-threading, the overhead of testing was 0.016856 seconds.
You can set `force_row_wise=true` to remove the overhead.
And if memory is not enough, you can set `force_col_wise=true`.
[LightGBM] [Info] Total Bins 2126
[LightGBM] [Info] Number of data points in the train set: 91386, number of used features: 15
[LightGBM] [Info] Start training from score 5723.718780
[LightGBM] [Info] Auto-choosing row-wise multi-threading, the overhead of testing was 0.032166 seconds.
You can set `force_row_wise=true` to remove the overhead.
And if memory is not enough, you can set `force_col_wise=true`.
[LightGBM] [Info] Total Bins 2126
[LightGBM] [Info] Number of data points in the train set: 91386, number of used features: 15
[LightGBM] [Info] Start training from score 5723.708149
[LightGBM] [Info] Auto-choosing col-wise multi-threading, the overhead of testing was 0.097537 seconds.
You can set `force_col_wise=true` to remove the overhead.
[LightGBM] [Info] Total Bins 2126
[LightGBM] [Info] Number of data points in the train set: 91386, number of used features: 15
[LightGBM] [Info] Start training from score 5723.698079
[LightGBM] [Info] Auto-choosing row-wise multi-threading, the overhead of testing was 0.018117 seconds.
You can set `force_row_wise=true` to remove the overhead.
And if memory is not enough, you can set `force_col_wise=true`.
[LightGBM] [Info] Total Bins 2126
[LightGBM] [Info] Number of data points in the train set: 91386, number of used features: 15
[LightGBM] [Info] Start training from score 5723.688284
[LightGBM] [Info] Auto-choosing col-wise multi-threading, the overhead of testing was 0.073950 seconds.
You can set `force_col_wise=true` to remove the overhead.
[LightGBM] [Info] Total Bins 2126
[LightGBM] [Info] Number of data points in the train set: 91386, number of used features: 15
[LightGBM] [Info] Start training from score 5723.676252
[LightGBM] [Info] Auto-choosing col-wise multi-threading, the overhead of testing was 0.069230 seconds.
You can set `force_col_wise=true` to remove the overhead.
[LightGBM] [Info] Total Bins 2126
[LightGBM] [Info] Number of data points in the train set: 91386, number of used features: 15
[LightGBM] [Info] Start training from score 5723.659648
[LightGBM] [Info] Auto-choosing col-wise multi-threading, the overhead of testing was 0.067614 seconds.
You can set `force_col_wise=true` to remove the overhead.
[LightGBM] [Info] Total Bins 2126
[LightGBM] [Info] Number of data points in the train set: 91386, number of used features: 15
[LightGBM] [Info] Start training from score 5723.643844
[LightGBM] [Info] Auto-choosing col-wise multi-threading, the overhead of testing was 0.060446 seconds.
You can set `force_col_wise=true` to remove the overhead.
[LightGBM] [Info] Total Bins 2126
[LightGBM] [Info] Number of data points in the train set: 91386, number of used features: 15
[LightGBM] [Info] Start training from score 5723.627152
[LightGBM] [Info] Auto-choosing col-wise multi-threading, the overhead of testing was 0.075982 seconds.
You can set `force_col_wise=true` to remove the overhead.
[LightGBM] [Info] Total Bins 2126
[LightGBM] [Info] Number of data points in the train set: 91386, number of used features: 15
[LightGBM] [Info] Start training from score 5723.597182
[LightGBM] [Info] Auto-choosing col-wise multi-threading, the overhead of testing was 0.076894 seconds.
You can set `force_col_wise=true` to remove the overhead.
[LightGBM] [Info] Total Bins 2126
[LightGBM] [Info] Number of data points in the train set: 91386, number of used features: 15
[LightGBM] [Info] Start training from score 5723.611270
[LightGBM] [Info] Auto-choosing row-wise multi-threading, the overhead of testing was 0.014522 seconds.
You can set `force_row_wise=true` to remove the overhead.
And if memory is not enough, you can set `force_col_wise=true`.
[LightGBM] [Info] Total Bins 2126
[LightGBM] [Info] Number of data points in the train set: 91386, number of used features: 15
[LightGBM] [Info] Start training from score 5723.586106
   [fit] key=2025-W25 cutoff=2025-06-16 11:00:00  (block 17/92)
[LightGBM] [Info] Auto-choosing col-wise multi-threading, the overhead of testing was 0.074716 seconds.
You can set `force_col_wise=true` to remove the overhead.
[LightGBM] [Info] Total Bins 2126
[LightGBM] [Info] Number of data points in the train set: 91554, number of used features: 15
[LightGBM] [Info] Start training from score 5725.314234
[LightGBM] [Info] Auto-choosing col-wise multi-threading, the overhead of testing was 0.072479 seconds.
You can set `force_col_wise=true` to remove the overhead.
[LightGBM] [Info] Total Bins 2126
[LightGBM] [Info] Number of data points in the train set: 91554, number of used features: 15
[LightGBM] [Info] Start training from score 5725.285812
[LightGBM] [Info] Auto-choosing col-wise multi-threading, the overhead of testing was 0.067078 seconds.
You can set `force_col_wise=true` to remove the overhead.
[LightGBM] [Info] Total Bins 2126
[LightGBM] [Info] Number of data points in the train set: 91554, number of used features: 15
[LightGBM] [Info] Start training from score 5725.334643
[LightGBM] [Info] Auto-choosing col-wise multi-threading, the overhead of testing was 0.070429 seconds.
You can set `force_col_wise=true` to remove the overhead.
[LightGBM] [Info] Total Bins 2126
[LightGBM] [Info] Number of data points in the train set: 91554, number of used features: 15
[LightGBM] [Info] Start training from score 5725.260478
[LightGBM] [Info] Auto-choosing row-wise multi-threading, the overhead of testing was 0.019841 seconds.
You can set `force_row_wise=true` to remove the overhead.
And if memory is not enough, you can set `force_col_wise=true`.
[LightGBM] [Info] Total Bins 2126
[LightGBM] [Info] Number of data points in the train set: 91554, number of used features: 15
[LightGBM] [Info] Auto-choosing row-wise multi-threading, the overhead of testing was 0.017844 seconds.
You can set `force_row_wise=true` to remove the overhead.
And if memory is not enough, you can set `force_col_wise=true`.
[LightGBM] [Info] Total Bins 2126
[LightGBM] [Info] Number of data points in the train set: 91554, number of used features: 15
[LightGBM] [Info] Start training from score 5725.232005
[LightGBM] [Info] Start training from score 5725.198855
[LightGBM] [Info] Auto-choosing col-wise multi-threading, the overhead of testing was 0.060910 seconds.
You can set `force_col_wise=true` to remove the overhead.
[LightGBM] [Info] Total Bins 2126
[LightGBM] [Info] Number of data points in the train set: 91554, number of used features: 15
[LightGBM] [Info] Start training from score 5725.303093
[LightGBM] [Info] Auto-choosing row-wise multi-threading, the overhead of testing was 0.025564 seconds.
You can set `force_row_wise=true` to remove the overhead.
And if memory is not enough, you can set `force_col_wise=true`.
[LightGBM] [Info] Total Bins 2126
[LightGBM] [Info] Number of data points in the train set: 91554, number of used features: 15
[LightGBM] [Info] Auto-choosing col-wise multi-threading, the overhead of testing was 0.062223 seconds.
You can set `force_col_wise=true` to remove the overhead.
[LightGBM] [Info] Total Bins 2126
[LightGBM] [Info] Number of data points in the train set: 91554, number of used features: 15
[LightGBM] [Info] Start training from score 5725.065080
[LightGBM] [Info] Start training from score 5724.966592
[LightGBM] [Info] Auto-choosing col-wise multi-threading, the overhead of testing was 0.063257 seconds.
You can set `force_col_wise=true` to remove the overhead.
[LightGBM] [Info] Total Bins 2126
[LightGBM] [Info] Number of data points in the train set: 91554, number of used features: 15
[LightGBM] [Info] Start training from score 5725.345644
[LightGBM] [Info] Auto-choosing col-wise multi-threading, the overhead of testing was 0.069502 seconds.
You can set `force_col_wise=true` to remove the overhead.
[LightGBM] [Info] Total Bins 2126
[LightGBM] [Info] Number of data points in the train set: 91554, number of used features: 15
[LightGBM] [Info] Start training from score 5725.324190
[LightGBM] [Info] Auto-choosing col-wise multi-threading, the overhead of testing was 0.064351 seconds.
You can set `force_col_wise=true` to remove the overhead.
[LightGBM] [Info] Total Bins 2126
[LightGBM] [Info] Auto-choosing col-wise multi-threading, the overhead of testing was 0.073638 seconds.
You can set `force_col_wise=true` to remove the overhead.
[LightGBM] [Info] Total Bins 2126
[LightGBM] [Info] Auto-choosing row-wise multi-threading, the overhead of testing was 0.020906 seconds.
You can set `force_row_wise=true` to remove the overhead.
And if memory is not enough, you can set `force_col_wise=true`.
[LightGBM] [Info] Total Bins 2126
[LightGBM] [Info] Number of data points in the train set: 91554, number of used features: 15
[LightGBM] [Info] Start training from score 5725.097627
[LightGBM] [Info] Number of data points in the train set: 91554, number of used features: 15
[LightGBM] [Info] Start training from score 5725.000073
[LightGBM] [Info] Number of data points in the train set: 91554, number of used features: 15
[LightGBM] [Info] Start training from score 5725.033989
[LightGBM] [Info] Auto-choosing col-wise multi-threading, the overhead of testing was 0.071329 seconds.
You can set `force_col_wise=true` to remove the overhead.
[LightGBM] [Info] Total Bins 2126
[LightGBM] [Info] Number of data points in the train set: 91554, number of used features: 15
[LightGBM] [Info] Start training from score 5725.130508
[LightGBM] [Info] Auto-choosing col-wise multi-threading, the overhead of testing was 0.084970 seconds.
You can set `force_col_wise=true` to remove the overhead.
[LightGBM] [Info] Total Bins 2126
[LightGBM] [Info] Number of data points in the train set: 91554, number of used features: 15
[LightGBM] [Info] Start training from score 5725.164074
[LightGBM] [Info] Auto-choosing col-wise multi-threading, the overhead of testing was 0.091280 seconds.
You can set `force_col_wise=true` to remove the overhead.
[LightGBM] [Info] Total Bins 2126
[LightGBM] [Info] Number of data points in the train set: 91554, number of used features: 15
[LightGBM] [Info] Start training from score 5724.932614
[LightGBM] [Info] Auto-choosing row-wise multi-threading, the overhead of testing was 0.020355 seconds.
You can set `force_row_wise=true` to remove the overhead.
And if memory is not enough, you can set `force_col_wise=true`.
[LightGBM] [Info] Total Bins 2126
[LightGBM] [Info] Number of data points in the train set: 91554, number of used features: 15
[LightGBM] [Info] Start training from score 5724.893631
[LightGBM] [Info] Auto-choosing row-wise multi-threading, the overhead of testing was 0.023921 seconds.
You can set `force_row_wise=true` to remove the overhead.
And if memory is not enough, you can set `force_col_wise=true`.
[LightGBM] [Info] Total Bins 2126
[LightGBM] [Info] Number of data points in the train set: 91554, number of used features: 15
[LightGBM] [Info] Start training from score 5724.856043
[LightGBM] [Info] Auto-choosing row-wise multi-threading, the overhead of testing was 0.018914 seconds.
You can set `force_row_wise=true` to remove the overhead.
And if memory is not enough, you can set `force_col_wise=true`.
[LightGBM] [Info] Total Bins 2126
[LightGBM] [Info] Number of data points in the train set: 91554, number of used features: 15
[LightGBM] [Info] Start training from score 5724.820292
[LightGBM] [Info] Auto-choosing col-wise multi-threading, the overhead of testing was 0.076912 seconds.
You can set `force_col_wise=true` to remove the overhead.
[LightGBM] [Info] Total Bins 2126
[LightGBM] [Info] Number of data points in the train set: 91554, number of used features: 15
[LightGBM] [Info] Start training from score 5724.793975
[LightGBM] [Info] Auto-choosing col-wise multi-threading, the overhead of testing was 0.058876 seconds.
You can set `force_col_wise=true` to remove the overhead.
[LightGBM] [Info] Total Bins 2126
[LightGBM] [Info] Number of data points in the train set: 91554, number of used features: 15
[LightGBM] [Info] Start training from score 5724.757213
[LightGBM] [Info] Auto-choosing col-wise multi-threading, the overhead of testing was 0.079594 seconds.
You can set `force_col_wise=true` to remove the overhead.
[LightGBM] [Info] Total Bins 2126
[LightGBM] [Info] Number of data points in the train set: 91554, number of used features: 15
[LightGBM] [Info] Start training from score 5724.774568
[LightGBM] [Info] Auto-choosing row-wise multi-threading, the overhead of testing was 0.024347 seconds.
You can set `force_row_wise=true` to remove the overhead.
And if memory is not enough, you can set `force_col_wise=true`.
[LightGBM] [Info] Total Bins 2126
[LightGBM] [Info] Number of data points in the train set: 91554, number of used features: 15
[LightGBM] [Info] Start training from score 5724.744319
[LightGBM] [Info] Auto-choosing col-wise multi-threading, the overhead of testing was 0.088679 seconds.
You can set `force_col_wise=true` to remove the overhead.
[LightGBM] [Info] Total Bins 2126
[LightGBM] [Info] Number of data points in the train set: 91554, number of used features: 15
[LightGBM] [Info] Start training from score 5724.734696
[LightGBM] [Info] Auto-choosing col-wise multi-threading, the overhead of testing was 0.079263 seconds.
You can set `force_col_wise=true` to remove the overhead.
[LightGBM] [Info] Total Bins 2126
[LightGBM] [Info] Number of data points in the train set: 91554, number of used features: 15
[LightGBM] [Info] Start training from score 5724.723501
[LightGBM] [Info] Auto-choosing col-wise multi-threading, the overhead of testing was 0.076360 seconds.
You can set `force_col_wise=true` to remove the overhead.
[LightGBM] [Info] Total Bins 2126
[LightGBM] [Info] Number of data points in the train set: 91554, number of used features: 15
[LightGBM] [Info] Start training from score 5724.712878
[LightGBM] [Info] Auto-choosing row-wise multi-threading, the overhead of testing was 0.017932 seconds.
You can set `force_row_wise=true` to remove the overhead.
And if memory is not enough, you can set `force_col_wise=true`.
[LightGBM] [Info] Total Bins 2126
[LightGBM] [Info] Number of data points in the train set: 91554, number of used features: 15
[LightGBM] [Info] Start training from score 5724.702739
[LightGBM] [Info] Auto-choosing col-wise multi-threading, the overhead of testing was 0.074639 seconds.
You can set `force_col_wise=true` to remove the overhead.
[LightGBM] [Info] Total Bins 2126
[LightGBM] [Info] Number of data points in the train set: 91554, number of used features: 15
[LightGBM] [Info] Start training from score 5724.692592
[LightGBM] [Info] Auto-choosing row-wise multi-threading, the overhead of testing was 0.020035 seconds.
You can set `force_row_wise=true` to remove the overhead.
And if memory is not enough, you can set `force_col_wise=true`.
[LightGBM] [Info] Total Bins 2126
[LightGBM] [Info] Number of data points in the train set: 91554, number of used features: 15
[LightGBM] [Info] Start training from score 5724.679817
[LightGBM] [Info] Auto-choosing row-wise multi-threading, the overhead of testing was 0.025145 seconds.
You can set `force_row_wise=true` to remove the overhead.
And if memory is not enough, you can set `force_col_wise=true`.
[LightGBM] [Info] Total Bins 2126
[LightGBM] [Info] Number of data points in the train set: 91554, number of used features: 15
[LightGBM] [Info] Start training from score 5724.662686
[LightGBM] [Info] Auto-choosing row-wise multi-threading, the overhead of testing was 0.024645 seconds.
You can set `force_row_wise=true` to remove the overhead.
And if memory is not enough, you can set `force_col_wise=true`.
[LightGBM] [Info] Total Bins 2126
[LightGBM] [Info] Number of data points in the train set: 91554, number of used features: 15
[LightGBM] [Info] Start training from score 5724.646802
[LightGBM] [Info] Auto-choosing col-wise multi-threading, the overhead of testing was 0.062615 seconds.
You can set `force_col_wise=true` to remove the overhead.
[LightGBM] [Info] Total Bins 2126
[LightGBM] [Info] Number of data points in the train set: 91554, number of used features: 15
[LightGBM] [Info] Start training from score 5724.630053
[LightGBM] [Info] Auto-choosing row-wise multi-threading, the overhead of testing was 0.020152 seconds.
You can set `force_row_wise=true` to remove the overhead.
And if memory is not enough, you can set `force_col_wise=true`.
[LightGBM] [Info] Total Bins 2126
[LightGBM] [Info] Number of data points in the train set: 91554, number of used features: 15
[LightGBM] [Info] Start training from score 5724.614517
[LightGBM] [Info] Auto-choosing col-wise multi-threading, the overhead of testing was 0.068084 seconds.
You can set `force_col_wise=true` to remove the overhead.
[LightGBM] [Info] Total Bins 2126
[LightGBM] [Info] Number of data points in the train set: 91554, number of used features: 15
[LightGBM] [Info] Start training from score 5724.601558
[LightGBM] [Info] Auto-choosing col-wise multi-threading, the overhead of testing was 0.067510 seconds.
You can set `force_col_wise=true` to remove the overhead.
[LightGBM] [Info] Total Bins 2126
[LightGBM] [Info] Number of data points in the train set: 91554, number of used features: 15
[LightGBM] [Info] Start training from score 5724.589782
   [fit] key=2025-W26 cutoff=2025-06-23 11:00:00  (block 24/92)
[LightGBM] [Info] Auto-choosing col-wise multi-threading, the overhead of testing was 0.066063 seconds.
You can set `force_col_wise=true` to remove the overhead.
[LightGBM] [Info] Total Bins 2126
[LightGBM] [Info] Number of data points in the train set: 91722, number of used features: 15
[LightGBM] [Info] Start training from score 5727.408625
[LightGBM] [Info] Auto-choosing col-wise multi-threading, the overhead of testing was 0.074392 seconds.
You can set `force_col_wise=true` to remove the overhead.
[LightGBM] [Info] Total Bins 2126
[LightGBM] [Info] Number of data points in the train set: 91722, number of used features: 15
[LightGBM] [Info] Start training from score 5727.407089
[LightGBM] [Info] Auto-choosing col-wise multi-threading, the overhead of testing was 0.068899 seconds.
You can set `force_col_wise=true` to remove the overhead.
[LightGBM] [Info] Auto-choosing col-wise multi-threading, the overhead of testing was 0.067757 seconds.
You can set `force_col_wise=true` to remove the overhead.
[LightGBM] [Info] Total Bins 2126
[LightGBM] [Info] Total Bins 2126
[LightGBM] [Info] Number of data points in the train set: 91722, number of used features: 15
[LightGBM] [Info] Number of data points in the train set: 91722, number of used features: 15
[LightGBM] [Info] Start training from score 5727.409628
[LightGBM] [Info] Start training from score 5727.410407
[LightGBM] [Info] Auto-choosing row-wise multi-threading, the overhead of testing was 0.023531 seconds.
You can set `force_row_wise=true` to remove the overhead.
And if memory is not enough, you can set `force_col_wise=true`.
[LightGBM] [Info] Total Bins 2126
[LightGBM] [Info] Number of data points in the train set: 91722, number of used features: 15
[LightGBM] [Info] Start training from score 5727.367011
[LightGBM] [Info] Auto-choosing row-wise multi-threading, the overhead of testing was 0.038987 seconds.
You can set `force_row_wise=true` to remove the overhead.
And if memory is not enough, you can set `force_col_wise=true`.
[LightGBM] [Info] Total Bins 2126
[LightGBM] [Info] Number of data points in the train set: 91722, number of used features: 15
[LightGBM] [Info] Start training from score 5727.270362
[LightGBM] [Info] Auto-choosing col-wise multi-threading, the overhead of testing was 0.084394 seconds.
You can set `force_col_wise=true` to remove the overhead.
[LightGBM] [Info] Total Bins 2126
[LightGBM] [Info] Number of data points in the train set: 91722, number of used features: 15
[LightGBM] [Info] Start training from score 5727.386230
[LightGBM] [Info] Auto-choosing row-wise multi-threading, the overhead of testing was 0.023417 seconds.
You can set `force_row_wise=true` to remove the overhead.
And if memory is not enough, you can set `force_col_wise=true`.
[LightGBM] [Info] Total Bins 2126
[LightGBM] [Info] Number of data points in the train set: 91722, number of used features: 15
[LightGBM] [Info] Start training from score 5727.292695
[LightGBM] [Info] Auto-choosing row-wise multi-threading, the overhead of testing was 0.022718 seconds.
You can set `force_row_wise=true` to remove the overhead.
And if memory is not enough, you can set `force_col_wise=true`.
[LightGBM] [Info] Total Bins 2126
[LightGBM] [Info] Auto-choosing col-wise multi-threading, the overhead of testing was 0.086146 seconds.
You can set `force_col_wise=true` to remove the overhead.
[LightGBM] [Info] Total Bins 2126
[LightGBM] [Info] Number of data points in the train set: 91722, number of used features: 15
[LightGBM] [Info] Start training from score 5727.409895
[LightGBM] [Info] Number of data points in the train set: 91722, number of used features: 15
[LightGBM] [Info] Start training from score 5727.402436
[LightGBM] [Info] Auto-choosing col-wise multi-threading, the overhead of testing was 0.105138 seconds.
You can set `force_col_wise=true` to remove the overhead.
[LightGBM] [Info] Total Bins 2126
[LightGBM] [Info] Number of data points in the train set: 91722, number of used features: 15
[LightGBM] [Info] Start training from score 5727.207799
[LightGBM] [Info] Auto-choosing col-wise multi-threading, the overhead of testing was 0.097539 seconds.
You can set `force_col_wise=true` to remove the overhead.
[LightGBM] [Info] Total Bins 2126
[LightGBM] [Info] Number of data points in the train set: 91722, number of used features: 15
[LightGBM] [Info] Start training from score 5727.184159
[LightGBM] [Info] Auto-choosing row-wise multi-threading, the overhead of testing was 0.040022 seconds.
You can set `force_row_wise=true` to remove the overhead.
And if memory is not enough, you can set `force_col_wise=true`.
[LightGBM] [Info] Total Bins 2126
[LightGBM] [Info] Number of data points in the train set: 91722, number of used features: 15
[LightGBM] [Info] Start training from score 5727.249475
[LightGBM] [Info] Auto-choosing col-wise multi-threading, the overhead of testing was 0.107230 seconds.
You can set `force_col_wise=true` to remove the overhead.
[LightGBM] [Info] Auto-choosing col-wise multi-threading, the overhead of testing was 0.090878 seconds.
You can set `force_col_wise=true` to remove the overhead.
[LightGBM] [Info] Total Bins 2126
[LightGBM] [Info] Total Bins 2126
[LightGBM] [Info] Number of data points in the train set: 91722, number of used features: 15
[LightGBM] [Info] Start training from score 5727.230313
[LightGBM] [Info] Number of data points in the train set: 91722, number of used features: 15
[LightGBM] [Info] Auto-choosing col-wise multi-threading, the overhead of testing was 0.089021 seconds.
You can set `force_col_wise=true` to remove the overhead.
[LightGBM] [Info] Total Bins 2126
[LightGBM] [Info] Start training from score 5727.316877
[LightGBM] [Info] Number of data points in the train set: 91722, number of used features: 15
[LightGBM] [Info] Start training from score 5727.342873
[LightGBM] [Info] Auto-choosing col-wise multi-threading, the overhead of testing was 0.067286 seconds.
You can set `force_col_wise=true` to remove the overhead.
[LightGBM] [Info] Total Bins 2126
[LightGBM] [Info] Number of data points in the train set: 91722, number of used features: 15
[LightGBM] [Info] Start training from score 5727.159389
[LightGBM] [Info] Auto-choosing col-wise multi-threading, the overhead of testing was 0.064050 seconds.
You can set `force_col_wise=true` to remove the overhead.
[LightGBM] [Info] Total Bins 2126
[LightGBM] [Info] Number of data points in the train set: 91722, number of used features: 15
[LightGBM] [Info] Start training from score 5727.128884
[LightGBM] [Info] Auto-choosing col-wise multi-threading, the overhead of testing was 0.067472 seconds.
You can set `force_col_wise=true` to remove the overhead.
[LightGBM] [Info] Total Bins 2126
[LightGBM] [Info] Number of data points in the train set: 91722, number of used features: 15
[LightGBM] [Info] Auto-choosing row-wise multi-threading, the overhead of testing was 0.025456 seconds.
You can set `force_row_wise=true` to remove the overhead.
And if memory is not enough, you can set `force_col_wise=true`.
[LightGBM] [Info] Total Bins 2126
[LightGBM] [Info] Number of data points in the train set: 91722, number of used features: 15
[LightGBM] [Info] Start training from score 5727.098800
[LightGBM] [Info] Start training from score 5727.070082
[LightGBM] [Info] Auto-choosing col-wise multi-threading, the overhead of testing was 0.066449 seconds.
You can set `force_col_wise=true` to remove the overhead.
[LightGBM] [Info] Total Bins 2126
[LightGBM] [Info] Number of data points in the train set: 91722, number of used features: 15
[LightGBM] [Info] Start training from score 5727.050147
[LightGBM] [Info] Auto-choosing col-wise multi-threading, the overhead of testing was 0.057776 seconds.
You can set `force_col_wise=true` to remove the overhead.
[LightGBM] [Info] Total Bins 2126
[LightGBM] [Info] Number of data points in the train set: 91722, number of used features: 15
[LightGBM] [Info] Start training from score 5727.037404
[LightGBM] [Info] Auto-choosing col-wise multi-threading, the overhead of testing was 0.088995 seconds.
You can set `force_col_wise=true` to remove the overhead.
[LightGBM] [Info] Total Bins 2126
[LightGBM] [Info] Number of data points in the train set: 91722, number of used features: 15
[LightGBM] [Info] Start training from score 5727.028356
[LightGBM] [Info] Auto-choosing col-wise multi-threading, the overhead of testing was 0.059764 seconds.
You can set `force_col_wise=true` to remove the overhead.
[LightGBM] [Info] Total Bins 2126
[LightGBM] [Info] Number of data points in the train set: 91722, number of used features: 15
[LightGBM] [Info] Start training from score 5727.022278
[LightGBM] [Info] Auto-choosing col-wise multi-threading, the overhead of testing was 0.092626 seconds.
You can set `force_col_wise=true` to remove the overhead.
[LightGBM] [Info] Total Bins 2126
[LightGBM] [Info] Number of data points in the train set: 91722, number of used features: 15
[LightGBM] [Info] Start training from score 5727.019051
[LightGBM] [Info] Auto-choosing col-wise multi-threading, the overhead of testing was 0.065444 seconds.
You can set `force_col_wise=true` to remove the overhead.
[LightGBM] [Info] Total Bins 2126
[LightGBM] [Info] Number of data points in the train set: 91722, number of used features: 15
[LightGBM] [Info] Start training from score 5727.013938
[LightGBM] [Info] Auto-choosing col-wise multi-threading, the overhead of testing was 0.067956 seconds.
You can set `force_col_wise=true` to remove the overhead.
[LightGBM] [Info] Total Bins 2126
[LightGBM] [Info] Number of data points in the train set: 91722, number of used features: 15
[LightGBM] [Info] Start training from score 5727.009658
[LightGBM] [Info] Auto-choosing col-wise multi-threading, the overhead of testing was 0.086975 seconds.
You can set `force_col_wise=true` to remove the overhead.
[LightGBM] [Info] Total Bins 2126
[LightGBM] [Info] Number of data points in the train set: 91722, number of used features: 15
[LightGBM] [Info] Start training from score 5727.005578
[LightGBM] [Info] Auto-choosing row-wise multi-threading, the overhead of testing was 0.026554 seconds.
You can set `force_row_wise=true` to remove the overhead.
And if memory is not enough, you can set `force_col_wise=true`.
[LightGBM] [Info] Total Bins 2126
[LightGBM] [Info] Number of data points in the train set: 91722, number of used features: 15
[LightGBM] [Info] Start training from score 5727.001478
[LightGBM] [Info] Auto-choosing col-wise multi-threading, the overhead of testing was 0.065288 seconds.
You can set `force_col_wise=true` to remove the overhead.
[LightGBM] [Info] Total Bins 2126
[LightGBM] [Info] Number of data points in the train set: 91722, number of used features: 15
[LightGBM] [Info] Start training from score 5726.994712
[LightGBM] [Info] Auto-choosing col-wise multi-threading, the overhead of testing was 0.065190 seconds.
You can set `force_col_wise=true` to remove the overhead.
[LightGBM] [Info] Total Bins 2126
[LightGBM] [Info] Number of data points in the train set: 91722, number of used features: 15
[LightGBM] [Info] Start training from score 5726.983217
[LightGBM] [Info] Auto-choosing col-wise multi-threading, the overhead of testing was 0.069569 seconds.
You can set `force_col_wise=true` to remove the overhead.
[LightGBM] [Info] Total Bins 2126
[LightGBM] [Info] Number of data points in the train set: 91722, number of used features: 15
[LightGBM] [Info] Start training from score 5726.973456
[LightGBM] [Info] Auto-choosing col-wise multi-threading, the overhead of testing was 0.055190 seconds.
You can set `force_col_wise=true` to remove the overhead.
[LightGBM] [Info] Total Bins 2126
[LightGBM] [Info] Number of data points in the train set: 91722, number of used features: 15
[LightGBM] [Info] Start training from score 5726.963246
[LightGBM] [Info] Auto-choosing col-wise multi-threading, the overhead of testing was 0.060416 seconds.
You can set `force_col_wise=true` to remove the overhead.
[LightGBM] [Info] Total Bins 2126
[LightGBM] [Info] Number of data points in the train set: 91722, number of used features: 15
[LightGBM] [Info] Start training from score 5726.954793
[LightGBM] [Info] Auto-choosing row-wise multi-threading, the overhead of testing was 0.022766 seconds.
You can set `force_row_wise=true` to remove the overhead.
And if memory is not enough, you can set `force_col_wise=true`.
[LightGBM] [Info] Total Bins 2126
[LightGBM] [Info] Number of data points in the train set: 91722, number of used features: 15
[LightGBM] [Info] Start training from score 5726.949435
[LightGBM] [Info] Auto-choosing row-wise multi-threading, the overhead of testing was 0.022105 seconds.
You can set `force_row_wise=true` to remove the overhead.
And if memory is not enough, you can set `force_col_wise=true`.
[LightGBM] [Info] Total Bins 2126
[LightGBM] [Info] Number of data points in the train set: 91722, number of used features: 15
[LightGBM] [Info] Start training from score 5726.947307
   [fit] key=2025-W27 cutoff=2025-06-30 11:00:00  (block 31/92)
[LightGBM] [Info] Auto-choosing col-wise multi-threading, the overhead of testing was 0.068183 seconds.
You can set `force_col_wise=true` to remove the overhead.
[LightGBM] [Info] Total Bins 2126
[LightGBM] [Info] Number of data points in the train set: 91890, number of used features: 15
[LightGBM] [Info] Start training from score 5729.816662
[LightGBM] [Info] Auto-choosing col-wise multi-threading, the overhead of testing was 0.070535 seconds.
You can set `force_col_wise=true` to remove the overhead.
[LightGBM] [Info] Total Bins 2126
[LightGBM] [Info] Number of data points in the train set: 91890, number of used features: 15
[LightGBM] [Info] Start training from score 5729.818401
[LightGBM] [Info] Auto-choosing col-wise multi-threading, the overhead of testing was 0.070468 seconds.
You can set `force_col_wise=true` to remove the overhead.
[LightGBM] [Info] Total Bins 2126
[LightGBM] [Info] Number of data points in the train set: 91890, number of used features: 15
[LightGBM] [Info] Start training from score 5729.812093
[LightGBM] [Info] Auto-choosing col-wise multi-threading, the overhead of testing was 0.069366 seconds.
You can set `force_col_wise=true` to remove the overhead.
[LightGBM] [Info] Total Bins 2126
[LightGBM] [Info] Number of data points in the train set: 91890, number of used features: 15
[LightGBM] [Info] Start training from score 5729.819501
[LightGBM] [Info] Auto-choosing col-wise multi-threading, the overhead of testing was 0.066209 seconds.
You can set `force_col_wise=true` to remove the overhead.
[LightGBM] [Info] Total Bins 2126
[LightGBM] [Info] Number of data points in the train set: 91890, number of used features: 15
[LightGBM] [Info] Start training from score 5729.820082
[LightGBM] [Info] Auto-choosing row-wise multi-threading, the overhead of testing was 0.027931 seconds.
You can set `force_row_wise=true` to remove the overhead.
And if memory is not enough, you can set `force_col_wise=true`.
[LightGBM] [Info] Total Bins 2126
[LightGBM] [Info] Auto-choosing col-wise multi-threading, the overhead of testing was 0.063992 seconds.
You can set `force_col_wise=true` to remove the overhead.
[LightGBM] [Info] Total Bins 2126
[LightGBM] [Info] Number of data points in the train set: 91890, number of used features: 15
[LightGBM] [Info] Number of data points in the train set: 91890, number of used features: 15
[LightGBM] [Info] Start training from score 5729.796472
[LightGBM] [Info] Start training from score 5729.819451
[LightGBM] [Info] Auto-choosing row-wise multi-threading, the overhead of testing was 0.019484 seconds.
You can set `force_row_wise=true` to remove the overhead.
And if memory is not enough, you can set `force_col_wise=true`.
[LightGBM] [Info] Total Bins 2126
[LightGBM] [Info] Number of data points in the train set: 91890, number of used features: 15
[LightGBM] [Info] Auto-choosing row-wise multi-threading, the overhead of testing was 0.024085 seconds.
You can set `force_row_wise=true` to remove the overhead.
And if memory is not enough, you can set `force_col_wise=true`.
[LightGBM] [Info] Total Bins 2126
[LightGBM] [Info] Number of data points in the train set: 91890, number of used features: 15
[LightGBM] [Info] Start training from score 5729.656837
[LightGBM] [Info] Start training from score 5729.732393
[LightGBM] [Info] Auto-choosing col-wise multi-threading, the overhead of testing was 0.075042 seconds.
You can set `force_col_wise=true` to remove the overhead.
[LightGBM] [Info] Total Bins 2126
[LightGBM] [Info] Number of data points in the train set: 91890, number of used features: 15
[LightGBM] [Info] Auto-choosing col-wise multi-threading, the overhead of testing was 0.062489 seconds.
You can set `force_col_wise=true` to remove the overhead.
[LightGBM] [Info] Total Bins 2126
[LightGBM] [Info] Auto-choosing col-wise multi-threading, the overhead of testing was 0.061819 seconds.
You can set `force_col_wise=true` to remove the overhead.
[LightGBM] [Info] Total Bins 2126
[LightGBM] [Info] Number of data points in the train set: 91890, number of used features: 15
[LightGBM] [Info] Number of data points in the train set: 91890, number of used features: 15
[LightGBM] [Info] Start training from score 5729.669701
[LightGBM] [Info] Start training from score 5729.755566
[LightGBM] [Info] Start training from score 5729.694615
[LightGBM] [Info] Auto-choosing col-wise multi-threading, the overhead of testing was 0.069938 seconds.
You can set `force_col_wise=true` to remove the overhead.
[LightGBM] [Info] Total Bins 2126
[LightGBM] [Info] Number of data points in the train set: 91890, number of used features: 15
[LightGBM] [Info] Auto-choosing col-wise multi-threading, the overhead of testing was 0.063572 seconds.
You can set `force_col_wise=true` to remove the overhead.
[LightGBM] [Info] Total Bins 2126
[LightGBM] [Info] Number of data points in the train set: 91890, number of used features: 15
[LightGBM] [Info] Start training from score 5729.778082
[LightGBM] [Info] Start training from score 5729.711922
[LightGBM] [Info] Auto-choosing col-wise multi-threading, the overhead of testing was 0.068434 seconds.
You can set `force_col_wise=true` to remove the overhead.
[LightGBM] [Info] Total Bins 2126
[LightGBM] [Info] Number of data points in the train set: 91890, number of used features: 15
[LightGBM] [Info] Start training from score 5729.680415
[LightGBM] [Info] Auto-choosing col-wise multi-threading, the overhead of testing was 0.071022 seconds.
You can set `force_col_wise=true` to remove the overhead.
[LightGBM] [Info] Total Bins 2126
[LightGBM] [Info] Number of data points in the train set: 91890, number of used features: 15
[LightGBM] [Info] Start training from score 5729.645015
[LightGBM] [Info] Auto-choosing col-wise multi-threading, the overhead of testing was 0.083614 seconds.
You can set `force_col_wise=true` to remove the overhead.
[LightGBM] [Info] Total Bins 2126
[LightGBM] [Info] Number of data points in the train set: 91890, number of used features: 15
[LightGBM] [Info] Start training from score 5729.631902
[LightGBM] [Info] Auto-choosing row-wise multi-threading, the overhead of testing was 0.021533 seconds.
You can set `force_row_wise=true` to remove the overhead.
And if memory is not enough, you can set `force_col_wise=true`.
[LightGBM] [Info] Total Bins 2126
[LightGBM] [Info] Number of data points in the train set: 91890, number of used features: 15
[LightGBM] [Info] Start training from score 5729.611813
[LightGBM] [Info] Auto-choosing row-wise multi-threading, the overhead of testing was 0.027647 seconds.
You can set `force_row_wise=true` to remove the overhead.
And if memory is not enough, you can set `force_col_wise=true`.
[LightGBM] [Info] Total Bins 2126
[LightGBM] [Info] Number of data points in the train set: 91890, number of used features: 15
[LightGBM] [Info] Start training from score 5729.590828
[LightGBM] [Info] Auto-choosing col-wise multi-threading, the overhead of testing was 0.066714 seconds.
You can set `force_col_wise=true` to remove the overhead.
[LightGBM] [Info] Total Bins 2126
[LightGBM] [Info] Number of data points in the train set: 91890, number of used features: 15
[LightGBM] [Info] Auto-choosing row-wise multi-threading, the overhead of testing was 0.023464 seconds.
You can set `force_row_wise=true` to remove the overhead.
And if memory is not enough, you can set `force_col_wise=true`.
[LightGBM] [Info] Total Bins 2126
[LightGBM] [Info] Number of data points in the train set: 91890, number of used features: 15
[LightGBM] [Info] Start training from score 5729.557923
[LightGBM] [Info] Start training from score 5729.570095
[LightGBM] [Info] Auto-choosing row-wise multi-threading, the overhead of testing was 0.023898 seconds.
You can set `force_row_wise=true` to remove the overhead.
And if memory is not enough, you can set `force_col_wise=true`.
[LightGBM] [Info] Auto-choosing col-wise multi-threading, the overhead of testing was 0.100960 seconds.
You can set `force_col_wise=true` to remove the overhead.
[LightGBM] [Info] Total Bins 2126
[LightGBM] [Info] Number of data points in the train set: 91890, number of used features: 15
[LightGBM] [Info] Total Bins 2126
[LightGBM] [Info] Start training from score 5729.553192
[LightGBM] [Info] Number of data points in the train set: 91890, number of used features: 15
[LightGBM] [Info] Start training from score 5729.551006
[LightGBM] [Info] Auto-choosing row-wise multi-threading, the overhead of testing was 0.024532 seconds.
You can set `force_row_wise=true` to remove the overhead.
And if memory is not enough, you can set `force_col_wise=true`.
[LightGBM] [Info] Total Bins 2126
[LightGBM] [Info] Number of data points in the train set: 91890, number of used features: 15
[LightGBM] [Info] Start training from score 5729.552448
[LightGBM] [Info] Auto-choosing col-wise multi-threading, the overhead of testing was 0.073999 seconds.
You can set `force_col_wise=true` to remove the overhead.
[LightGBM] [Info] Total Bins 2126
[LightGBM] [Info] Number of data points in the train set: 91890, number of used features: 15
[LightGBM] [Info] Start training from score 5729.557421
[LightGBM] [Info] Auto-choosing row-wise multi-threading, the overhead of testing was 0.026177 seconds.
You can set `force_row_wise=true` to remove the overhead.
And if memory is not enough, you can set `force_col_wise=true`.
[LightGBM] [Info] Total Bins 2126
[LightGBM] [Info] Number of data points in the train set: 91890, number of used features: 15
[LightGBM] [Info] Start training from score 5729.556300
[LightGBM] [Info] Auto-choosing col-wise multi-threading, the overhead of testing was 0.070627 seconds.
You can set `force_col_wise=true` to remove the overhead.
[LightGBM] [Info] Total Bins 2126
[LightGBM] [Info] Number of data points in the train set: 91890, number of used features: 15
[LightGBM] [Info] Start training from score 5729.558231
[LightGBM] [Info] Auto-choosing col-wise multi-threading, the overhead of testing was 0.090797 seconds.
You can set `force_col_wise=true` to remove the overhead.
[LightGBM] [Info] Total Bins 2126
[LightGBM] [Info] Number of data points in the train set: 91890, number of used features: 15
[LightGBM] [Info] Start training from score 5729.558598
[LightGBM] [Info] Auto-choosing col-wise multi-threading, the overhead of testing was 0.072318 seconds.
You can set `force_col_wise=true` to remove the overhead.
[LightGBM] [Info] Total Bins 2126
[LightGBM] [Info] Number of data points in the train set: 91890, number of used features: 15
[LightGBM] [Info] Start training from score 5729.558413
[LightGBM] [Info] Auto-choosing col-wise multi-threading, the overhead of testing was 0.061685 seconds.
You can set `force_col_wise=true` to remove the overhead.
[LightGBM] [Info] Total Bins 2126
[LightGBM] [Info] Number of data points in the train set: 91890, number of used features: 15
[LightGBM] [Info] Start training from score 5729.554989
[LightGBM] [Info] Auto-choosing col-wise multi-threading, the overhead of testing was 0.095926 seconds.
You can set `force_col_wise=true` to remove the overhead.
[LightGBM] [Info] Total Bins 2126
[LightGBM] [Info] Number of data points in the train set: 91890, number of used features: 15
[LightGBM] [Info] Start training from score 5729.547084
[LightGBM] [Info] Auto-choosing col-wise multi-threading, the overhead of testing was 0.076074 seconds.
You can set `force_col_wise=true` to remove the overhead.
[LightGBM] [Info] Total Bins 2126
[LightGBM] [Info] Number of data points in the train set: 91890, number of used features: 15
[LightGBM] [Info] Start training from score 5729.541009
[LightGBM] [Info] Auto-choosing row-wise multi-threading, the overhead of testing was 0.031671 seconds.
You can set `force_row_wise=true` to remove the overhead.
And if memory is not enough, you can set `force_col_wise=true`.
[LightGBM] [Info] Total Bins 2126
[LightGBM] [Info] Number of data points in the train set: 91890, number of used features: 15
[LightGBM] [Info] Start training from score 5729.535966
[LightGBM] [Info] Auto-choosing row-wise multi-threading, the overhead of testing was 0.013984 seconds.
You can set `force_row_wise=true` to remove the overhead.
And if memory is not enough, you can set `force_col_wise=true`.
[LightGBM] [Info] Total Bins 2126
[LightGBM] [Info] Number of data points in the train set: 91890, number of used features: 15
[LightGBM] [Info] Start training from score 5729.534177
[LightGBM] [Info] Auto-choosing col-wise multi-threading, the overhead of testing was 0.038887 seconds.
You can set `force_col_wise=true` to remove the overhead.
[LightGBM] [Info] Total Bins 2126
[LightGBM] [Info] Number of data points in the train set: 91890, number of used features: 15
[LightGBM] [Info] Start training from score 5729.536544
[LightGBM] [Info] Auto-choosing row-wise multi-threading, the overhead of testing was 0.012458 seconds.
You can set `force_row_wise=true` to remove the overhead.
And if memory is not enough, you can set `force_col_wise=true`.
[LightGBM] [Info] Total Bins 2126
[LightGBM] [Info] Number of data points in the train set: 91890, number of used features: 15
[LightGBM] [Info] Start training from score 5729.542767
   [fit] key=2025-W28 cutoff=2025-07-07 11:00:00  (block 38/92)
[LightGBM] [Info] Auto-choosing col-wise multi-threading, the overhead of testing was 0.064384 seconds.
You can set `force_col_wise=true` to remove the overhead.
[LightGBM] [Info] Total Bins 2126
[LightGBM] [Info] Number of data points in the train set: 92058, number of used features: 15
[LightGBM] [Info] Start training from score 5732.587096
[LightGBM] [Info] Auto-choosing col-wise multi-threading, the overhead of testing was 0.062138 seconds.
You can set `force_col_wise=true` to remove the overhead.
[LightGBM] [Info] Total Bins 2126
[LightGBM] [Info] Auto-choosing col-wise multi-threading, the overhead of testing was 0.064528 seconds.
You can set `force_col_wise=true` to remove the overhead.
[LightGBM] [Info] Number of data points in the train set: 92058, number of used features: 15
[LightGBM] [Info] Total Bins 2126
[LightGBM] [Info] Number of data points in the train set: 92058, number of used features: 15
[LightGBM] [Info] Start training from score 5732.447180
[LightGBM] [Info] Start training from score 5732.583527
[LightGBM] [Info] Auto-choosing col-wise multi-threading, the overhead of testing was 0.068068 seconds.
You can set `force_col_wise=true` to remove the overhead.
[LightGBM] [Info] Total Bins 2126
[LightGBM] [Info] Number of data points in the train set: 92058, number of used features: 15
[LightGBM] [Info] Start training from score 5732.472622
[LightGBM] [Info] Auto-choosing col-wise multi-threading, the overhead of testing was 0.062631 seconds.
You can set `force_col_wise=true` to remove the overhead.
[LightGBM] [Info] Total Bins 2126
[LightGBM] [Info] Number of data points in the train set: 92058, number of used features: 15
[LightGBM] [Info] Auto-choosing row-wise multi-threading, the overhead of testing was 0.027419 seconds.
You can set `force_row_wise=true` to remove the overhead.
And if memory is not enough, you can set `force_col_wise=true`.
[LightGBM] [Info] Total Bins 2126
[LightGBM] [Info] Number of data points in the train set: 92058, number of used features: 15
[LightGBM] [Info] Start training from score 5732.593496
[LightGBM] [Info] Auto-choosing row-wise multi-threading, the overhead of testing was 0.025133 seconds.
You can set `force_row_wise=true` to remove the overhead.
And if memory is not enough, you can set `force_col_wise=true`.
[LightGBM] [Info] Total Bins 2126
[LightGBM] [Info] Number of data points in the train set: 92058, number of used features: 15
[LightGBM] [Info] Start training from score 5732.590518
[LightGBM] [Info] Start training from score 5732.499739
[LightGBM] [Info] Auto-choosing col-wise multi-threading, the overhead of testing was 0.061461 seconds.
You can set `force_col_wise=true` to remove the overhead.
[LightGBM] [Info] Total Bins 2126
[LightGBM] [Info] Number of data points in the train set: 92058, number of used features: 15
[LightGBM] [Info] Start training from score 5732.403119
[LightGBM] [Info] Auto-choosing col-wise multi-threading, the overhead of testing was 0.071450 seconds.
You can set `force_col_wise=true` to remove the overhead.
[LightGBM] [Info] Total Bins 2126
[LightGBM] [Info] Number of data points in the train set: 92058, number of used features: 15
[LightGBM] [Info] Start training from score 5732.567709
[LightGBM] [Info] Auto-choosing col-wise multi-threading, the overhead of testing was 0.068456 seconds.
You can set `force_col_wise=true` to remove the overhead.
[LightGBM] [Info] Total Bins 2126
[LightGBM] [Info] Number of data points in the train set: 92058, number of used features: 15
[LightGBM] [Info] Start training from score 5732.525723
[LightGBM] [Info] Auto-choosing col-wise multi-threading, the overhead of testing was 0.078161 seconds.
You can set `force_col_wise=true` to remove the overhead.
[LightGBM] [Info] Total Bins 2126
[LightGBM] [Info] Number of data points in the train set: 92058, number of used features: 15
[LightGBM] [Info] Start training from score 5732.578954
[LightGBM] [Info] Auto-choosing row-wise multi-threading, the overhead of testing was 0.033874 seconds.
You can set `force_row_wise=true` to remove the overhead.
And if memory is not enough, you can set `force_col_wise=true`.
[LightGBM] [Info] Total Bins 2126
[LightGBM] [Info] Number of data points in the train set: 92058, number of used features: 15
[LightGBM] [Info] Start training from score 5732.548032
[LightGBM] [Info] Auto-choosing col-wise multi-threading, the overhead of testing was 0.058522 seconds.
You can set `force_col_wise=true` to remove the overhead.
[LightGBM] [Info] Total Bins 2126
[LightGBM] [Info] Number of data points in the train set: 92058, number of used features: 15
[LightGBM] [Info] Start training from score 5732.385288
[LightGBM] [Info] Auto-choosing row-wise multi-threading, the overhead of testing was 0.026808 seconds.
You can set `force_row_wise=true` to remove the overhead.
And if memory is not enough, you can set `force_col_wise=true`.
[LightGBM] [Info] Total Bins 2126
[LightGBM] [Info] Number of data points in the train set: 92058, number of used features: 15
[LightGBM] [Info] Start training from score 5732.346764
[LightGBM] [Info] Auto-choosing col-wise multi-threading, the overhead of testing was 0.080480 seconds.
You can set `force_col_wise=true` to remove the overhead.
[LightGBM] [Info] Total Bins 2126
[LightGBM] [Info] Number of data points in the train set: 92058, number of used features: 15
[LightGBM] [Info] Start training from score 5732.365571
[LightGBM] [Info] Auto-choosing col-wise multi-threading, the overhead of testing was 0.072535 seconds.
You can set `force_col_wise=true` to remove the overhead.
[LightGBM] [Info] Total Bins 2126
[LightGBM] [Info] Number of data points in the train set: 92058, number of used features: 15
[LightGBM] [Info] Start training from score 5732.424191
[LightGBM] [Info] Auto-choosing col-wise multi-threading, the overhead of testing was 0.085248 seconds.
You can set `force_col_wise=true` to remove the overhead.
[LightGBM] [Info] Total Bins 2126
[LightGBM] [Info] Number of data points in the train set: 92058, number of used features: 15
[LightGBM] [Info] Start training from score 5732.251646
[LightGBM] [Info] Auto-choosing col-wise multi-threading, the overhead of testing was 0.079772 seconds.
You can set `force_col_wise=true` to remove the overhead.
[LightGBM] [Info] Total Bins 2126
[LightGBM] [Info] Number of data points in the train set: 92058, number of used features: 15
[LightGBM] [Info] Start training from score 5732.301065
[LightGBM] [Info] Auto-choosing col-wise multi-threading, the overhead of testing was 0.055328 seconds.
You can set `force_col_wise=true` to remove the overhead.
[LightGBM] [Info] Total Bins 2126
[LightGBM] [Info] Number of data points in the train set: 92058, number of used features: 15
[LightGBM] [Info] Auto-choosing col-wise multi-threading, the overhead of testing was 0.078805 seconds.
You can set `force_col_wise=true` to remove the overhead.
[LightGBM] [Info] Total Bins 2126
[LightGBM] [Info] Start training from score 5732.326778
[LightGBM] [Info] Number of data points in the train set: 92058, number of used features: 15
[LightGBM] [Info] Start training from score 5732.276045
[LightGBM] [Info] Auto-choosing col-wise multi-threading, the overhead of testing was 0.064607 seconds.
You can set `force_col_wise=true` to remove the overhead.
[LightGBM] [Info] Total Bins 2126
[LightGBM] [Info] Number of data points in the train set: 92058, number of used features: 15
[LightGBM] [Info] Start training from score 5732.229407
[LightGBM] [Info] Auto-choosing col-wise multi-threading, the overhead of testing was 0.071029 seconds.
You can set `force_col_wise=true` to remove the overhead.
[LightGBM] [Info] Total Bins 2126
[LightGBM] [Info] Number of data points in the train set: 92058, number of used features: 15
[LightGBM] [Info] Start training from score 5732.236672
[LightGBM] [Info] Auto-choosing col-wise multi-threading, the overhead of testing was 0.068051 seconds.
You can set `force_col_wise=true` to remove the overhead.
[LightGBM] [Info] Total Bins 2126
[LightGBM] [Info] Number of data points in the train set: 92058, number of used features: 15
[LightGBM] [Info] Start training from score 5732.225553
[LightGBM] [Info] Auto-choosing col-wise multi-threading, the overhead of testing was 0.073843 seconds.
You can set `force_col_wise=true` to remove the overhead.
[LightGBM] [Info] Total Bins 2126
[LightGBM] [Info] Number of data points in the train set: 92058, number of used features: 15
[LightGBM] [Info] Start training from score 5732.224743
[LightGBM] [Info] Auto-choosing col-wise multi-threading, the overhead of testing was 0.070774 seconds.
You can set `force_col_wise=true` to remove the overhead.
[LightGBM] [Info] Total Bins 2126
[LightGBM] [Info] Number of data points in the train set: 92058, number of used features: 15
[LightGBM] [Info] Start training from score 5732.226079
[LightGBM] [Info] Auto-choosing col-wise multi-threading, the overhead of testing was 0.094365 seconds.
You can set `force_col_wise=true` to remove the overhead.
[LightGBM] [Info] Total Bins 2126
[LightGBM] [Info] Number of data points in the train set: 92058, number of used features: 15
[LightGBM] [Info] Start training from score 5732.225069
[LightGBM] [Info] Auto-choosing row-wise multi-threading, the overhead of testing was 0.033331 seconds.
You can set `force_row_wise=true` to remove the overhead.
And if memory is not enough, you can set `force_col_wise=true`.
[LightGBM] [Info] Total Bins 2126
[LightGBM] [Info] Number of data points in the train set: 92058, number of used features: 15
[LightGBM] [Info] Start training from score 5732.224357
[LightGBM] [Info] Auto-choosing col-wise multi-threading, the overhead of testing was 0.096291 seconds.
You can set `force_col_wise=true` to remove the overhead.
[LightGBM] [Info] Total Bins 2126
[LightGBM] [Info] Number of data points in the train set: 92058, number of used features: 15
[LightGBM] [Info] Start training from score 5732.223496
[LightGBM] [Info] Auto-choosing col-wise multi-threading, the overhead of testing was 0.090706 seconds.
You can set `force_col_wise=true` to remove the overhead.
[LightGBM] [Info] Total Bins 2126
[LightGBM] [Info] Number of data points in the train set: 92058, number of used features: 15
[LightGBM] [Info] Start training from score 5732.222268
[LightGBM] [Info] Auto-choosing row-wise multi-threading, the overhead of testing was 0.019861 seconds.
You can set `force_row_wise=true` to remove the overhead.
And if memory is not enough, you can set `force_col_wise=true`.
[LightGBM] [Info] Total Bins 2126
[LightGBM] [Info] Number of data points in the train set: 92058, number of used features: 15
[LightGBM] [Info] Start training from score 5732.218155
[LightGBM] [Info] Auto-choosing col-wise multi-threading, the overhead of testing was 0.062072 seconds.
You can set `force_col_wise=true` to remove the overhead.
[LightGBM] [Info] Total Bins 2126
[LightGBM] [Info] Number of data points in the train set: 92058, number of used features: 15
[LightGBM] [Info] Start training from score 5732.209755
[LightGBM] [Info] Auto-choosing col-wise multi-threading, the overhead of testing was 0.085626 seconds.
You can set `force_col_wise=true` to remove the overhead.
[LightGBM] [Info] Total Bins 2126
[LightGBM] [Info] Number of data points in the train set: 92058, number of used features: 15
[LightGBM] [Info] Start training from score 5732.203940
[LightGBM] [Info] Auto-choosing col-wise multi-threading, the overhead of testing was 0.051403 seconds.
You can set `force_col_wise=true` to remove the overhead.
[LightGBM] [Info] Total Bins 2126
[LightGBM] [Info] Number of data points in the train set: 92058, number of used features: 15
[LightGBM] [Info] Start training from score 5732.198102
[LightGBM] [Info] Auto-choosing row-wise multi-threading, the overhead of testing was 0.015345 seconds.
You can set `force_row_wise=true` to remove the overhead.
And if memory is not enough, you can set `force_col_wise=true`.
[LightGBM] [Info] Total Bins 2126
[LightGBM] [Info] Number of data points in the train set: 92058, number of used features: 15
[LightGBM] [Info] Start training from score 5732.194329
[LightGBM] [Info] Auto-choosing row-wise multi-threading, the overhead of testing was 0.013030 seconds.
You can set `force_row_wise=true` to remove the overhead.
And if memory is not enough, you can set `force_col_wise=true`.
[LightGBM] [Info] Total Bins 2126
[LightGBM] [Info] Number of data points in the train set: 92058, number of used features: 15
[LightGBM] [Info] Start training from score 5732.193520
[LightGBM] [Info] Auto-choosing col-wise multi-threading, the overhead of testing was 0.054651 seconds.
You can set `force_col_wise=true` to remove the overhead.
[LightGBM] [Info] Total Bins 2126
[LightGBM] [Info] Number of data points in the train set: 92058, number of used features: 15
[LightGBM] [Info] Start training from score 5732.196636
   [fit] key=2025-W29 cutoff=2025-07-14 11:00:00  (block 45/92)
[LightGBM] [Info] Auto-choosing row-wise multi-threading, the overhead of testing was 0.011349 seconds.
You can set `force_row_wise=true` to remove the overhead.
And if memory is not enough, you can set `force_col_wise=true`.
[LightGBM] [Info] Total Bins 2126
[LightGBM] [Info] Number of data points in the train set: 92226, number of used features: 15
[LightGBM] [Info] Start training from score 5735.704984
[LightGBM] [Info] Auto-choosing col-wise multi-threading, the overhead of testing was 0.065409 seconds.
You can set `force_col_wise=true` to remove the overhead.
[LightGBM] [Info] Total Bins 2126
[LightGBM] [Info] Number of data points in the train set: 92226, number of used features: 15
[LightGBM] [Info] Start training from score 5735.703730
[LightGBM] [Info] Auto-choosing col-wise multi-threading, the overhead of testing was 0.068843 seconds.
You can set `force_col_wise=true` to remove the overhead.
[LightGBM] [Info] Total Bins 2126
[LightGBM] [Info] Number of data points in the train set: 92226, number of used features: 15
[LightGBM] [Info] Start training from score 5735.709370
[LightGBM] [Info] Auto-choosing col-wise multi-threading, the overhead of testing was 0.076434 seconds.
You can set `force_col_wise=true` to remove the overhead.
[LightGBM] [Info] Total Bins 2126
[LightGBM] [Info] Number of data points in the train set: 92226, number of used features: 15
[LightGBM] [Info] Start training from score 5735.670960
[LightGBM] [Info] Auto-choosing col-wise multi-threading, the overhead of testing was 0.065521 seconds.
You can set `force_col_wise=true` to remove the overhead.
[LightGBM] [Info] Auto-choosing col-wise multi-threading, the overhead of testing was 0.071718 seconds.
You can set `force_col_wise=true` to remove the overhead.
[LightGBM] [Info] Total Bins 2126
[LightGBM] [Info] Total Bins 2126
[LightGBM] [Info] Number of data points in the train set: 92226, number of used features: 15
[LightGBM] [Info] Number of data points in the train set: 92226, number of used features: 15
[LightGBM] [Info] Start training from score 5735.649480
[LightGBM] [Info] Start training from score 5735.688350
[LightGBM] [Info] Auto-choosing col-wise multi-threading, the overhead of testing was 0.068206 seconds.
You can set `force_col_wise=true` to remove the overhead.
[LightGBM] [Info] Total Bins 2126
[LightGBM] [Info] Number of data points in the train set: 92226, number of used features: 15
[LightGBM] [Info] Start training from score 5735.702275
[LightGBM] [Info] Auto-choosing col-wise multi-threading, the overhead of testing was 0.060964 seconds.
You can set `force_col_wise=true` to remove the overhead.
[LightGBM] [Info] Total Bins 2126
[LightGBM] [Info] Number of data points in the train set: 92226, number of used features: 15
[LightGBM] [Info] Start training from score 5735.707294
[LightGBM] [Info] Auto-choosing row-wise multi-threading, the overhead of testing was 0.024154 seconds.
You can set `force_row_wise=true` to remove the overhead.
And if memory is not enough, you can set `force_col_wise=true`.
[LightGBM] [Info] Total Bins 2126
[LightGBM] [Info] Number of data points in the train set: 92226, number of used features: 15
[LightGBM] [Info] Start training from score 5735.628008
[LightGBM] [Info] Auto-choosing row-wise multi-threading, the overhead of testing was 0.016056 seconds.
You can set `force_row_wise=true` to remove the overhead.
And if memory is not enough, you can set `force_col_wise=true`.
[LightGBM] [Info] Total Bins 2126
[LightGBM] [Info] Number of data points in the train set: 92226, number of used features: 15
[LightGBM] [Info] Auto-choosing col-wise multi-threading, the overhead of testing was 0.061044 seconds.
You can set `force_col_wise=true` to remove the overhead.
[LightGBM] [Info] Start training from score 5735.709804
[LightGBM] [Info] Total Bins 2126
[LightGBM] [Info] Auto-choosing col-wise multi-threading, the overhead of testing was 0.065895 seconds.
You can set `force_col_wise=true` to remove the overhead.
[LightGBM] [Info] Total Bins 2126
[LightGBM] [Info] Number of data points in the train set: 92226, number of used features: 15
[LightGBM] [Info] Number of data points in the train set: 92226, number of used features: 15
[LightGBM] [Info] Start training from score 5735.581369
[LightGBM] [Info] Start training from score 5735.563862
[LightGBM] [Info] Auto-choosing row-wise multi-threading, the overhead of testing was 0.019384 seconds.
You can set `force_row_wise=true` to remove the overhead.
And if memory is not enough, you can set `force_col_wise=true`.
[LightGBM] [Info] Total Bins 2126
[LightGBM] [Info] Number of data points in the train set: 92226, number of used features: 15
[LightGBM] [Info] Start training from score 5735.609248
[LightGBM] [Info] Auto-choosing col-wise multi-threading, the overhead of testing was 0.070147 seconds.
You can set `force_col_wise=true` to remove the overhead.
[LightGBM] [Info] Total Bins 2126
[LightGBM] [Info] Number of data points in the train set: 92226, number of used features: 15
[LightGBM] [Info] Auto-choosing row-wise multi-threading, the overhead of testing was 0.021319 seconds.
You can set `force_row_wise=true` to remove the overhead.
And if memory is not enough, you can set `force_col_wise=true`.
[LightGBM] [Info] Total Bins 2126
[LightGBM] [Info] Number of data points in the train set: 92226, number of used features: 15
[LightGBM] [Info] Start training from score 5735.554891
[LightGBM] [Info] Start training from score 5735.593652
[LightGBM] [Info] Auto-choosing row-wise multi-threading, the overhead of testing was 0.019341 seconds.
You can set `force_row_wise=true` to remove the overhead.
And if memory is not enough, you can set `force_col_wise=true`.
[LightGBM] [Info] Total Bins 2126
[LightGBM] [Info] Number of data points in the train set: 92226, number of used features: 15
[LightGBM] [Info] Start training from score 5735.573133
[LightGBM] [Info] Auto-choosing col-wise multi-threading, the overhead of testing was 0.060621 seconds.
You can set `force_col_wise=true` to remove the overhead.
[LightGBM] [Info] Total Bins 2126
[LightGBM] [Info] Number of data points in the train set: 92226, number of used features: 15
[LightGBM] [Info] Start training from score 5735.544418
[LightGBM] [Info] Auto-choosing row-wise multi-threading, the overhead of testing was 0.022029 seconds.
You can set `force_row_wise=true` to remove the overhead.
And if memory is not enough, you can set `force_col_wise=true`.
[LightGBM] [Info] Total Bins 2126
[LightGBM] [Info] Number of data points in the train set: 92226, number of used features: 15
[LightGBM] [Info] Start training from score 5735.527676
[LightGBM] [Info] Auto-choosing col-wise multi-threading, the overhead of testing was 0.068449 seconds.
You can set `force_col_wise=true` to remove the overhead.
[LightGBM] [Info] Total Bins 2126
[LightGBM] [Info] Number of data points in the train set: 92226, number of used features: 15
[LightGBM] [Info] Start training from score 5735.509836
[LightGBM] [Info] Auto-choosing col-wise multi-threading, the overhead of testing was 0.080167 seconds.
You can set `force_col_wise=true` to remove the overhead.
[LightGBM] [Info] Total Bins 2126
[LightGBM] [Info] Number of data points in the train set: 92226, number of used features: 15
[LightGBM] [Info] Start training from score 5735.492085
[LightGBM] [Info] Auto-choosing row-wise multi-threading, the overhead of testing was 0.025683 seconds.
You can set `force_row_wise=true` to remove the overhead.
And if memory is not enough, you can set `force_col_wise=true`.
[LightGBM] [Info] Total Bins 2126
[LightGBM] [Info] Number of data points in the train set: 92226, number of used features: 15
[LightGBM] [Info] Start training from score 5735.482831
[LightGBM] [Info] Auto-choosing col-wise multi-threading, the overhead of testing was 0.067577 seconds.
You can set `force_col_wise=true` to remove the overhead.
[LightGBM] [Info] Total Bins 2126
[LightGBM] [Info] Number of data points in the train set: 92226, number of used features: 15
[LightGBM] [Info] Start training from score 5735.480871
[LightGBM] [Info] Auto-choosing row-wise multi-threading, the overhead of testing was 0.033667 seconds.
You can set `force_row_wise=true` to remove the overhead.
And if memory is not enough, you can set `force_col_wise=true`.
[LightGBM] [Info] Total Bins 2126
[LightGBM] [Info] Number of data points in the train set: 92226, number of used features: 15
[LightGBM] [Info] Start training from score 5735.482509
[LightGBM] [Info] Auto-choosing row-wise multi-threading, the overhead of testing was 0.025429 seconds.
You can set `force_row_wise=true` to remove the overhead.
And if memory is not enough, you can set `force_col_wise=true`.
[LightGBM] [Info] Total Bins 2126
[LightGBM] [Info] Number of data points in the train set: 92226, number of used features: 15
[LightGBM] [Info] Start training from score 5735.494941
[LightGBM] [Info] Auto-choosing col-wise multi-threading, the overhead of testing was 0.058420 seconds.
You can set `force_col_wise=true` to remove the overhead.
[LightGBM] [Info] Total Bins 2126
[LightGBM] [Info] Number of data points in the train set: 92226, number of used features: 15
[LightGBM] [Info] Start training from score 5735.487644
[LightGBM] [Info] Auto-choosing col-wise multi-threading, the overhead of testing was 0.061466 seconds.
You can set `force_col_wise=true` to remove the overhead.
[LightGBM] [Info] Total Bins 2126
[LightGBM] [Info] Number of data points in the train set: 92226, number of used features: 15
[LightGBM] [Info] Start training from score 5735.499083
[LightGBM] [Info] Auto-choosing col-wise multi-threading, the overhead of testing was 0.073775 seconds.
You can set `force_col_wise=true` to remove the overhead.
[LightGBM] [Info] Total Bins 2126
[LightGBM] [Info] Number of data points in the train set: 92226, number of used features: 15
[LightGBM] [Info] Start training from score 5735.503230
[LightGBM] [Info] Auto-choosing row-wise multi-threading, the overhead of testing was 0.023834 seconds.
You can set `force_row_wise=true` to remove the overhead.
And if memory is not enough, you can set `force_col_wise=true`.
[LightGBM] [Info] Total Bins 2126
[LightGBM] [Info] Number of data points in the train set: 92226, number of used features: 15
[LightGBM] [Info] Start training from score 5735.507076
[LightGBM] [Info] Auto-choosing row-wise multi-threading, the overhead of testing was 0.018766 seconds.
You can set `force_row_wise=true` to remove the overhead.
And if memory is not enough, you can set `force_col_wise=true`.
[LightGBM] [Info] Total Bins 2126
[LightGBM] [Info] Number of data points in the train set: 92226, number of used features: 15
[LightGBM] [Info] Start training from score 5735.510079
[LightGBM] [Info] Auto-choosing col-wise multi-threading, the overhead of testing was 0.095259 seconds.
You can set `force_col_wise=true` to remove the overhead.
[LightGBM] [Info] Total Bins 2126
[LightGBM] [Info] Number of data points in the train set: 92226, number of used features: 15
[LightGBM] [Info] Start training from score 5735.509812
[LightGBM] [Info] Auto-choosing row-wise multi-threading, the overhead of testing was 0.022446 seconds.
You can set `force_row_wise=true` to remove the overhead.
And if memory is not enough, you can set `force_col_wise=true`.
[LightGBM] [Info] Total Bins 2126
[LightGBM] [Info] Number of data points in the train set: 92226, number of used features: 15
[LightGBM] [Info] Start training from score 5735.504853
[LightGBM] [Info] Auto-choosing col-wise multi-threading, the overhead of testing was 0.067703 seconds.
You can set `force_col_wise=true` to remove the overhead.
[LightGBM] [Info] Total Bins 2126
[LightGBM] [Info] Number of data points in the train set: 92226, number of used features: 15
[LightGBM] [Info] Start training from score 5735.503072
[LightGBM] [Info] Auto-choosing col-wise multi-threading, the overhead of testing was 0.061512 seconds.
You can set `force_col_wise=true` to remove the overhead.
[LightGBM] [Info] Total Bins 2126
[LightGBM] [Info] Number of data points in the train set: 92226, number of used features: 15
[LightGBM] [Info] Start training from score 5735.501907
[LightGBM] [Info] Auto-choosing row-wise multi-threading, the overhead of testing was 0.026522 seconds.
You can set `force_row_wise=true` to remove the overhead.
And if memory is not enough, you can set `force_col_wise=true`.
[LightGBM] [Info] Total Bins 2126
[LightGBM] [Info] Number of data points in the train set: 92226, number of used features: 15
[LightGBM] [Info] Start training from score 5735.504473
[LightGBM] [Info] Auto-choosing row-wise multi-threading, the overhead of testing was 0.013554 seconds.
You can set `force_row_wise=true` to remove the overhead.
And if memory is not enough, you can set `force_col_wise=true`.
[LightGBM] [Info] Total Bins 2126
[LightGBM] [Info] Number of data points in the train set: 92226, number of used features: 15
[LightGBM] [Info] Start training from score 5735.523268
[LightGBM] [Info] Auto-choosing row-wise multi-threading, the overhead of testing was 0.015595 seconds.
You can set `force_row_wise=true` to remove the overhead.
And if memory is not enough, you can set `force_col_wise=true`.
[LightGBM] [Info] Total Bins 2126
[LightGBM] [Info] Number of data points in the train set: 92226, number of used features: 15
[LightGBM] [Info] Start training from score 5735.511527
   [fit] key=2025-W30 cutoff=2025-07-21 11:00:00  (block 52/92)
[LightGBM] [Info] Auto-choosing col-wise multi-threading, the overhead of testing was 0.097710 seconds.
You can set `force_col_wise=true` to remove the overhead.
[LightGBM] [Info] Total Bins 2126
[LightGBM] [Info] Number of data points in the train set: 92394, number of used features: 15
[LightGBM] [Info] Start training from score 5740.263860
[LightGBM] [Info] Auto-choosing row-wise multi-threading, the overhead of testing was 0.027500 seconds.
You can set `force_row_wise=true` to remove the overhead.
And if memory is not enough, you can set `force_col_wise=true`.
[LightGBM] [Info] Total Bins 2126
[LightGBM] [Info] Number of data points in the train set: 92394, number of used features: 15
[LightGBM] [Info] Start training from score 5740.296939
[LightGBM] [Info] Auto-choosing col-wise multi-threading, the overhead of testing was 0.097199 seconds.
You can set `force_col_wise=true` to remove the overhead.
[LightGBM] [Info] Total Bins 2126
[LightGBM] [Info] Number of data points in the train set: 92394, number of used features: 15
[LightGBM] [Info] Start training from score 5740.305002
[LightGBM] [Info] Auto-choosing col-wise multi-threading, the overhead of testing was 0.079535 seconds.
You can set `force_col_wise=true` to remove the overhead.
[LightGBM] [Info] Total Bins 2126
[LightGBM] [Info] Number of data points in the train set: 92394, number of used features: 15
[LightGBM] [Info] Start training from score 5740.305758
[LightGBM] [Info] Auto-choosing col-wise multi-threading, the overhead of testing was 0.098652 seconds.
You can set `force_col_wise=true` to remove the overhead.
[LightGBM] [Info] Total Bins 2126
[LightGBM] [Info] Number of data points in the train set: 92394, number of used features: 15
[LightGBM] [Info] Start training from score 5740.275904
[LightGBM] [Info] Auto-choosing col-wise multi-threading, the overhead of testing was 0.069942 seconds.
You can set `force_col_wise=true` to remove the overhead.
[LightGBM] [Info] Total Bins 2126
[LightGBM] [Info] Auto-choosing col-wise multi-threading, the overhead of testing was 0.104203 seconds.
You can set `force_col_wise=true` to remove the overhead.
[LightGBM] [Info] Total Bins 2126
[LightGBM] [Info] Number of data points in the train set: 92394, number of used features: 15
[LightGBM] [Info] Number of data points in the train set: 92394, number of used features: 15
[LightGBM] [Info] Auto-choosing col-wise multi-threading, the overhead of testing was 0.094949 seconds.
You can set `force_col_wise=true` to remove the overhead.
[LightGBM] [Info] Start training from score 5740.286738
[LightGBM] [Info] Start training from score 5740.284326
[LightGBM] [Info] Total Bins 2126
[LightGBM] [Info] Number of data points in the train set: 92394, number of used features: 15
[LightGBM] [Info] Start training from score 5740.296337
[LightGBM] [Info] Auto-choosing col-wise multi-threading, the overhead of testing was 0.079371 seconds.
You can set `force_col_wise=true` to remove the overhead.
[LightGBM] [Info] Total Bins 2126
[LightGBM] [Info] Number of data points in the train set: 92394, number of used features: 15
[LightGBM] [Info] Start training from score 5740.232138
[LightGBM] [Info] Auto-choosing row-wise multi-threading, the overhead of testing was 0.027528 seconds.
You can set `force_row_wise=true` to remove the overhead.
And if memory is not enough, you can set `force_col_wise=true`.
[LightGBM] [Info] Total Bins 2126
[LightGBM] [Info] Number of data points in the train set: 92394, number of used features: 15
[LightGBM] [Info] Start training from score 5740.268426
[LightGBM] [Info] Auto-choosing col-wise multi-threading, the overhead of testing was 0.072076 seconds.
You can set `force_col_wise=true` to remove the overhead.
[LightGBM] [Info] Total Bins 2126
[LightGBM] [Info] Number of data points in the train set: 92394, number of used features: 15
[LightGBM] [Info] Auto-choosing col-wise multi-threading, the overhead of testing was 0.073661 seconds.
You can set `force_col_wise=true` to remove the overhead.
[LightGBM] [Info] Total Bins 2126
[LightGBM] [Info] Start training from score 5740.229374
[LightGBM] [Info] Number of data points in the train set: 92394, number of used features: 15
[LightGBM] [Info] Start training from score 5740.252090
[LightGBM] [Info] Auto-choosing col-wise multi-threading, the overhead of testing was 0.081381 seconds.
You can set `force_col_wise=true` to remove the overhead.
[LightGBM] [Info] Total Bins 2126
[LightGBM] [Info] Auto-choosing col-wise multi-threading, the overhead of testing was 0.071517 seconds.
You can set `force_col_wise=true` to remove the overhead.
[LightGBM] [Info] Number of data points in the train set: 92394, number of used features: 15
[LightGBM] [Info] Total Bins 2126
[LightGBM] [Info] Start training from score 5740.228341
[LightGBM] [Info] Number of data points in the train set: 92394, number of used features: 15
[LightGBM] [Info] Start training from score 5740.228039
[LightGBM] [Info] Auto-choosing col-wise multi-threading, the overhead of testing was 0.076351 seconds.
You can set `force_col_wise=true` to remove the overhead.
[LightGBM] [Info] Total Bins 2126
[LightGBM] [Info] Number of data points in the train set: 92394, number of used features: 15
[LightGBM] [Info] Start training from score 5740.239924
[LightGBM] [Info] Auto-choosing col-wise multi-threading, the overhead of testing was 0.069238 seconds.
You can set `force_col_wise=true` to remove the overhead.
[LightGBM] [Info] Total Bins 2126
[LightGBM] [Info] Number of data points in the train set: 92394, number of used features: 15
[LightGBM] [Info] Start training from score 5740.228648
[LightGBM] [Info] Auto-choosing row-wise multi-threading, the overhead of testing was 0.007761 seconds.
You can set `force_row_wise=true` to remove the overhead.
And if memory is not enough, you can set `force_col_wise=true`.
[LightGBM] [Info] Total Bins 2126
[LightGBM] [Info] Number of data points in the train set: 92394, number of used features: 15
[LightGBM] [Info] Start training from score 5740.225832
[LightGBM] [Info] Auto-choosing col-wise multi-threading, the overhead of testing was 0.073859 seconds.
You can set `force_col_wise=true` to remove the overhead.
[LightGBM] [Info] Total Bins 2126
[LightGBM] [Info] Number of data points in the train set: 92394, number of used features: 15
[LightGBM] [Info] Start training from score 5740.216080
[LightGBM] [Info] Auto-choosing col-wise multi-threading, the overhead of testing was 0.086481 seconds.
You can set `force_col_wise=true` to remove the overhead.
[LightGBM] [Info] Total Bins 2126
[LightGBM] [Info] Number of data points in the train set: 92394, number of used features: 15
[LightGBM] [Info] Start training from score 5740.191236
[LightGBM] [Info] Auto-choosing col-wise multi-threading, the overhead of testing was 0.061031 seconds.
You can set `force_col_wise=true` to remove the overhead.
[LightGBM] [Info] Total Bins 2126
[LightGBM] [Info] Number of data points in the train set: 92394, number of used features: 15
[LightGBM] [Info] Start training from score 5740.187854
[LightGBM] [Info] Auto-choosing col-wise multi-threading, the overhead of testing was 0.055485 seconds.
You can set `force_col_wise=true` to remove the overhead.
[LightGBM] [Info] Total Bins 2126
[LightGBM] [Info] Number of data points in the train set: 92394, number of used features: 15
[LightGBM] [Info] Start training from score 5740.203792
[LightGBM] [Info] Auto-choosing row-wise multi-threading, the overhead of testing was 0.026800 seconds.
You can set `force_row_wise=true` to remove the overhead.
And if memory is not enough, you can set `force_col_wise=true`.
[LightGBM] [Info] Total Bins 2126
[LightGBM] [Info] Number of data points in the train set: 92394, number of used features: 15
[LightGBM] [Info] Start training from score 5740.192251
[LightGBM] [Info] Auto-choosing row-wise multi-threading, the overhead of testing was 0.024314 seconds.
You can set `force_row_wise=true` to remove the overhead.
And if memory is not enough, you can set `force_col_wise=true`.
[LightGBM] [Info] Total Bins 2126
[LightGBM] [Info] Number of data points in the train set: 92394, number of used features: 15
[LightGBM] [Info] Start training from score 5740.199871
[LightGBM] [Info] Auto-choosing row-wise multi-threading, the overhead of testing was 0.023912 seconds.
You can set `force_row_wise=true` to remove the overhead.
And if memory is not enough, you can set `force_col_wise=true`.
[LightGBM] [Info] Total Bins 2126
[LightGBM] [Info] Number of data points in the train set: 92394, number of used features: 15
[LightGBM] [Info] Start training from score 5740.211945
[LightGBM] [Info] Auto-choosing row-wise multi-threading, the overhead of testing was 0.024259 seconds.
You can set `force_row_wise=true` to remove the overhead.
And if memory is not enough, you can set `force_col_wise=true`.
[LightGBM] [Info] Total Bins 2126
[LightGBM] [Info] Number of data points in the train set: 92394, number of used features: 15
[LightGBM] [Info] Start training from score 5740.226166
[LightGBM] [Info] Auto-choosing row-wise multi-threading, the overhead of testing was 0.025613 seconds.
You can set `force_row_wise=true` to remove the overhead.
And if memory is not enough, you can set `force_col_wise=true`.
[LightGBM] [Info] Total Bins 2126
[LightGBM] [Info] Number of data points in the train set: 92394, number of used features: 15
[LightGBM] [Info] Start training from score 5740.237628
[LightGBM] [Info] Auto-choosing col-wise multi-threading, the overhead of testing was 0.075396 seconds.
You can set `force_col_wise=true` to remove the overhead.
[LightGBM] [Info] Total Bins 2126
[LightGBM] [Info] Number of data points in the train set: 92394, number of used features: 15
[LightGBM] [Info] Start training from score 5740.248413
[LightGBM] [Info] Auto-choosing col-wise multi-threading, the overhead of testing was 0.068903 seconds.
You can set `force_col_wise=true` to remove the overhead.
[LightGBM] [Info] Total Bins 2126
[LightGBM] [Info] Number of data points in the train set: 92394, number of used features: 15
[LightGBM] [Info] Start training from score 5740.258043
[LightGBM] [Info] Auto-choosing col-wise multi-threading, the overhead of testing was 0.055417 seconds.
You can set `force_col_wise=true` to remove the overhead.
[LightGBM] [Info] Total Bins 2126
[LightGBM] [Info] Number of data points in the train set: 92394, number of used features: 15
[LightGBM] [Info] Start training from score 5740.266538
[LightGBM] [Info] Auto-choosing col-wise multi-threading, the overhead of testing was 0.074788 seconds.
You can set `force_col_wise=true` to remove the overhead.
[LightGBM] [Info] Total Bins 2126
[LightGBM] [Info] Number of data points in the train set: 92394, number of used features: 15
[LightGBM] [Info] Auto-choosing col-wise multi-threading, the overhead of testing was 0.068418 seconds.
You can set `force_col_wise=true` to remove the overhead.
[LightGBM] [Info] Total Bins 2126
[LightGBM] [Info] Start training from score 5740.269840
[LightGBM] [Info] Number of data points in the train set: 92394, number of used features: 15
[LightGBM] [Info] Start training from score 5740.271413
[LightGBM] [Info] Auto-choosing row-wise multi-threading, the overhead of testing was 0.024826 seconds.
You can set `force_row_wise=true` to remove the overhead.
And if memory is not enough, you can set `force_col_wise=true`.
[LightGBM] [Info] Total Bins 2126
[LightGBM] [Info] Number of data points in the train set: 92394, number of used features: 15
[LightGBM] [Info] Start training from score 5740.270151
[LightGBM] [Info] Auto-choosing col-wise multi-threading, the overhead of testing was 0.068776 seconds.
You can set `force_col_wise=true` to remove the overhead.
[LightGBM] [Info] Total Bins 2126
[LightGBM] [Info] Number of data points in the train set: 92394, number of used features: 15
[LightGBM] [Info] Start training from score 5740.271066
[LightGBM] [Info] Auto-choosing row-wise multi-threading, the overhead of testing was 0.022732 seconds.
You can set `force_row_wise=true` to remove the overhead.
And if memory is not enough, you can set `force_col_wise=true`.
[LightGBM] [Info] Total Bins 2126
[LightGBM] [Info] Number of data points in the train set: 92394, number of used features: 15
[LightGBM] [Info] Start training from score 5740.274482
[LightGBM] [Info] Auto-choosing row-wise multi-threading, the overhead of testing was 0.014137 seconds.
You can set `force_row_wise=true` to remove the overhead.
And if memory is not enough, you can set `force_col_wise=true`.
[LightGBM] [Info] Total Bins 2126
[LightGBM] [Info] Number of data points in the train set: 92394, number of used features: 15
[LightGBM] [Info] Start training from score 5740.292734
[LightGBM] [Info] Auto-choosing col-wise multi-threading, the overhead of testing was 0.039734 seconds.
You can set `force_col_wise=true` to remove the overhead.
[LightGBM] [Info] Total Bins 2126
[LightGBM] [Info] Number of data points in the train set: 92394, number of used features: 15
[LightGBM] [Info] Start training from score 5740.281534
   [fit] key=2025-W31 cutoff=2025-07-28 11:00:00  (block 59/92)
[LightGBM] [Info] Auto-choosing row-wise multi-threading, the overhead of testing was 0.023475 seconds.
You can set `force_row_wise=true` to remove the overhead.
And if memory is not enough, you can set `force_col_wise=true`.
[LightGBM] [Info] Total Bins 2126
[LightGBM] [Info] Number of data points in the train set: 92562, number of used features: 15
[LightGBM] [Info] Start training from score 5743.161912
[LightGBM] [Info] Auto-choosing col-wise multi-threading, the overhead of testing was 0.072133 seconds.
You can set `force_col_wise=true` to remove the overhead.
[LightGBM] [Info] Total Bins 2126
[LightGBM] [Info] Number of data points in the train set: 92562, number of used features: 15
[LightGBM] [Info] Start training from score 5743.157828
[LightGBM] [Info] Auto-choosing row-wise multi-threading, the overhead of testing was 0.011810 seconds.
You can set `force_row_wise=true` to remove the overhead.
And if memory is not enough, you can set `force_col_wise=true`.
[LightGBM] [Info] Total Bins 2126
[LightGBM] [Info] Number of data points in the train set: 92562, number of used features: 15
[LightGBM] [Info] Start training from score 5743.165576
[LightGBM] [Info] Auto-choosing row-wise multi-threading, the overhead of testing was 0.026639 seconds.
You can set `force_row_wise=true` to remove the overhead.
And if memory is not enough, you can set `force_col_wise=true`.
[LightGBM] [Info] Total Bins 2126
[LightGBM] [Info] Number of data points in the train set: 92562, number of used features: 15
[LightGBM] [Info] Start training from score 5743.153512
[LightGBM] [Info] Auto-choosing row-wise multi-threading, the overhead of testing was 0.012809 seconds.
You can set `force_row_wise=true` to remove the overhead.
And if memory is not enough, you can set `force_col_wise=true`.
[LightGBM] [Info] Total Bins 2126
[LightGBM] [Info] Number of data points in the train set: 92562, number of used features: 15
[LightGBM] [Info] Start training from score 5743.148380
[LightGBM] [Info] Auto-choosing row-wise multi-threading, the overhead of testing was 0.028486 seconds.
You can set `force_row_wise=true` to remove the overhead.
And if memory is not enough, you can set `force_col_wise=true`.
[LightGBM] [Info] Total Bins 2126
[LightGBM] [Info] Number of data points in the train set: 92562, number of used features: 15
[LightGBM] [Info] Start training from score 5743.009146
[LightGBM] [Info] Auto-choosing row-wise multi-threading, the overhead of testing was 0.018376 seconds.
You can set `force_row_wise=true` to remove the overhead.
And if memory is not enough, you can set `force_col_wise=true`.
[LightGBM] [Info] Total Bins 2126
[LightGBM] [Info] Number of data points in the train set: 92562, number of used features: 15
[LightGBM] [Info] Auto-choosing col-wise multi-threading, the overhead of testing was 0.069612 seconds.
You can set `force_col_wise=true` to remove the overhead.
[LightGBM] [Info] Total Bins 2126
[LightGBM] [Info] Number of data points in the train set: 92562, number of used features: 15
[LightGBM] [Info] Auto-choosing col-wise multi-threading, the overhead of testing was 0.066790 seconds.
You can set `force_col_wise=true` to remove the overhead.
[LightGBM] [Info] Total Bins 2126
[LightGBM] [Info] Auto-choosing row-wise multi-threading, the overhead of testing was 0.024652 seconds.
You can set `force_row_wise=true` to remove the overhead.
And if memory is not enough, you can set `force_col_wise=true`.
[LightGBM] [Info] Total Bins 2126
[LightGBM] [Info] Number of data points in the train set: 92562, number of used features: 15
[LightGBM] [Info] Start training from score 5742.903690
[LightGBM] [Info] Start training from score 5743.092489
[LightGBM] [Info] Number of data points in the train set: 92562, number of used features: 15
[LightGBM] [Info] Start training from score 5743.136894
[LightGBM] [Info] Start training from score 5743.064843
[LightGBM] [Info] Auto-choosing col-wise multi-threading, the overhead of testing was 0.072865 seconds.
You can set `force_col_wise=true` to remove the overhead.
[LightGBM] [Info] Total Bins 2126
[LightGBM] [Info] Number of data points in the train set: 92562, number of used features: 15
[LightGBM] [Info] Start training from score 5743.115887
[LightGBM] [Info] Auto-choosing row-wise multi-threading, the overhead of testing was 0.019819 seconds.
You can set `force_row_wise=true` to remove the overhead.
And if memory is not enough, you can set `force_col_wise=true`.
[LightGBM] [Info] Total Bins 2126
[LightGBM] [Info] Number of data points in the train set: 92562, number of used features: 15
[LightGBM] [Info] Auto-choosing col-wise multi-threading, the overhead of testing was 0.066890 seconds.
You can set `force_col_wise=true` to remove the overhead.
[LightGBM] [Info] Total Bins 2126
[LightGBM] [Info] Start training from score 5742.943722
[LightGBM] [Info] Number of data points in the train set: 92562, number of used features: 15
[LightGBM] [Info] Start training from score 5742.962548
[LightGBM] [Info] Auto-choosing col-wise multi-threading, the overhead of testing was 0.067631 seconds.
You can set `force_col_wise=true` to remove the overhead.
[LightGBM] [Info] Total Bins 2126
[LightGBM] [Info] Number of data points in the train set: 92562, number of used features: 15
[LightGBM] [Info] Start training from score 5742.923562
[LightGBM] [Info] Auto-choosing row-wise multi-threading, the overhead of testing was 0.018618 seconds.
You can set `force_row_wise=true` to remove the overhead.
And if memory is not enough, you can set `force_col_wise=true`.
[LightGBM] [Info] Total Bins 2126
[LightGBM] [Info] Number of data points in the train set: 92562, number of used features: 15
[LightGBM] [Info] Start training from score 5742.984650
[LightGBM] [Info] Auto-choosing row-wise multi-threading, the overhead of testing was 0.024884 seconds.
You can set `force_row_wise=true` to remove the overhead.
And if memory is not enough, you can set `force_col_wise=true`.
[LightGBM] [Info] Total Bins 2126
[LightGBM] [Info] Number of data points in the train set: 92562, number of used features: 15
[LightGBM] [Info] Start training from score 5743.036058
[LightGBM] [Info] Auto-choosing col-wise multi-threading, the overhead of testing was 0.073207 seconds.
You can set `force_col_wise=true` to remove the overhead.
[LightGBM] [Info] Total Bins 2126
[LightGBM] [Info] Number of data points in the train set: 92562, number of used features: 15
[LightGBM] [Info] Start training from score 5742.882268
[LightGBM] [Info] Auto-choosing col-wise multi-threading, the overhead of testing was 0.070726 seconds.
You can set `force_col_wise=true` to remove the overhead.
[LightGBM] [Info] Total Bins 2126
[LightGBM] [Info] Number of data points in the train set: 92562, number of used features: 15
[LightGBM] [Info] Start training from score 5742.828257
[LightGBM] [Info] Auto-choosing col-wise multi-threading, the overhead of testing was 0.073263 seconds.
You can set `force_col_wise=true` to remove the overhead.
[LightGBM] [Info] Total Bins 2126
[LightGBM] [Info] Number of data points in the train set: 92562, number of used features: 15
[LightGBM] [Info] Start training from score 5742.855280
[LightGBM] [Info] Auto-choosing row-wise multi-threading, the overhead of testing was 0.018187 seconds.
You can set `force_row_wise=true` to remove the overhead.
And if memory is not enough, you can set `force_col_wise=true`.
[LightGBM] [Info] Total Bins 2126
[LightGBM] [Info] Number of data points in the train set: 92562, number of used features: 15
[LightGBM] [Info] Start training from score 5742.802760
[LightGBM] [Info] Auto-choosing col-wise multi-threading, the overhead of testing was 0.072395 seconds.
You can set `force_col_wise=true` to remove the overhead.
[LightGBM] [Info] Total Bins 2126
[LightGBM] [Info] Number of data points in the train set: 92562, number of used features: 15
[LightGBM] [Info] Start training from score 5742.786009
[LightGBM] [Info] Auto-choosing col-wise multi-threading, the overhead of testing was 0.078330 seconds.
You can set `force_col_wise=true` to remove the overhead.
[LightGBM] [Info] Total Bins 2126
[LightGBM] [Info] Number of data points in the train set: 92562, number of used features: 15
[LightGBM] [Info] Start training from score 5742.775780
[LightGBM] [Info] Auto-choosing col-wise multi-threading, the overhead of testing was 0.067752 seconds.
You can set `force_col_wise=true` to remove the overhead.
[LightGBM] [Info] Total Bins 2126
[LightGBM] [Info] Number of data points in the train set: 92562, number of used features: 15
[LightGBM] [Info] Start training from score 5742.769094
[LightGBM] [Info] Auto-choosing row-wise multi-threading, the overhead of testing was 0.024050 seconds.
You can set `force_row_wise=true` to remove the overhead.
And if memory is not enough, you can set `force_col_wise=true`.
[LightGBM] [Info] Total Bins 2126
[LightGBM] [Info] Number of data points in the train set: 92562, number of used features: 15
[LightGBM] [Info] Start training from score 5742.766323
[LightGBM] [Info] Auto-choosing col-wise multi-threading, the overhead of testing was 0.068643 seconds.
You can set `force_col_wise=true` to remove the overhead.
[LightGBM] [Info] Total Bins 2126
[LightGBM] [Info] Number of data points in the train set: 92562, number of used features: 15
[LightGBM] [Info] Start training from score 5742.766409
[LightGBM] [Info] Auto-choosing row-wise multi-threading, the overhead of testing was 0.023718 seconds.
You can set `force_row_wise=true` to remove the overhead.
And if memory is not enough, you can set `force_col_wise=true`.
[LightGBM] [Info] Total Bins 2126
[LightGBM] [Info] Number of data points in the train set: 92562, number of used features: 15
[LightGBM] [Info] Start training from score 5742.764195
[LightGBM] [Info] Auto-choosing col-wise multi-threading, the overhead of testing was 0.068324 seconds.
You can set `force_col_wise=true` to remove the overhead.
[LightGBM] [Info] Total Bins 2126
[LightGBM] [Info] Number of data points in the train set: 92562, number of used features: 15
[LightGBM] [Info] Start training from score 5742.762417
[LightGBM] [Info] Auto-choosing col-wise multi-threading, the overhead of testing was 0.091391 seconds.
You can set `force_col_wise=true` to remove the overhead.
[LightGBM] [Info] Total Bins 2126
[LightGBM] [Info] Number of data points in the train set: 92562, number of used features: 15
[LightGBM] [Info] Start training from score 5742.760664
[LightGBM] [Info] Auto-choosing col-wise multi-threading, the overhead of testing was 0.065606 seconds.
You can set `force_col_wise=true` to remove the overhead.
[LightGBM] [Info] Total Bins 2126
[LightGBM] [Info] Number of data points in the train set: 92562, number of used features: 15
[LightGBM] [Info] Start training from score 5742.758600
[LightGBM] [Info] Auto-choosing row-wise multi-threading, the overhead of testing was 0.018158 seconds.
You can set `force_row_wise=true` to remove the overhead.
And if memory is not enough, you can set `force_col_wise=true`.
[LightGBM] [Info] Total Bins 2126
[LightGBM] [Info] Number of data points in the train set: 92562, number of used features: 15
[LightGBM] [Info] Start training from score 5742.753040
[LightGBM] [Info] Auto-choosing row-wise multi-threading, the overhead of testing was 0.018320 seconds.
You can set `force_row_wise=true` to remove the overhead.
And if memory is not enough, you can set `force_col_wise=true`.
[LightGBM] [Info] Total Bins 2126
[LightGBM] [Info] Number of data points in the train set: 92562, number of used features: 15
[LightGBM] [Info] Start training from score 5742.741607
[LightGBM] [Info] Auto-choosing row-wise multi-threading, the overhead of testing was 0.028811 seconds.
You can set `force_row_wise=true` to remove the overhead.
And if memory is not enough, you can set `force_col_wise=true`.
[LightGBM] [Info] Total Bins 2126
[LightGBM] [Info] Number of data points in the train set: 92562, number of used features: 15
[LightGBM] [Info] Start training from score 5742.731599
[LightGBM] [Info] Auto-choosing col-wise multi-threading, the overhead of testing was 0.056536 seconds.
You can set `force_col_wise=true` to remove the overhead.
[LightGBM] [Info] Total Bins 2126
[LightGBM] [Info] Number of data points in the train set: 92562, number of used features: 15
[LightGBM] [Info] Start training from score 5742.721072
[LightGBM] [Info] Auto-choosing col-wise multi-threading, the overhead of testing was 0.058982 seconds.
You can set `force_col_wise=true` to remove the overhead.
[LightGBM] [Info] Total Bins 2126
[LightGBM] [Info] Number of data points in the train set: 92562, number of used features: 15
[LightGBM] [Info] Start training from score 5742.712501
[LightGBM] [Info] Auto-choosing row-wise multi-threading, the overhead of testing was 0.021418 seconds.
You can set `force_row_wise=true` to remove the overhead.
And if memory is not enough, you can set `force_col_wise=true`.
[LightGBM] [Info] Total Bins 2126
[LightGBM] [Info] Number of data points in the train set: 92562, number of used features: 15
[LightGBM] [Info] Start training from score 5742.707019
[LightGBM] [Info] Auto-choosing row-wise multi-threading, the overhead of testing was 0.021374 seconds.
You can set `force_row_wise=true` to remove the overhead.
And if memory is not enough, you can set `force_col_wise=true`.
[LightGBM] [Info] Total Bins 2126
[LightGBM] [Info] Number of data points in the train set: 92562, number of used features: 15
[LightGBM] [Info] Start training from score 5742.704511
   [fit] key=2025-W32 cutoff=2025-08-04 11:00:00  (block 66/92)
[LightGBM] [Info] Auto-choosing row-wise multi-threading, the overhead of testing was 0.017580 seconds.
You can set `force_row_wise=true` to remove the overhead.
And if memory is not enough, you can set `force_col_wise=true`.
[LightGBM] [Info] Total Bins 2126
[LightGBM] [Info] Number of data points in the train set: 92730, number of used features: 15
[LightGBM] [Info] Start training from score 5744.820922
[LightGBM] [Info] Auto-choosing row-wise multi-threading, the overhead of testing was 0.019504 seconds.
You can set `force_row_wise=true` to remove the overhead.
And if memory is not enough, you can set `force_col_wise=true`.
[LightGBM] [Info] Total Bins 2126
[LightGBM] [Info] Number of data points in the train set: 92730, number of used features: 15
[LightGBM] [Info] Start training from score 5744.818666
[LightGBM] [Info] Auto-choosing row-wise multi-threading, the overhead of testing was 0.022455 seconds.
You can set `force_row_wise=true` to remove the overhead.
And if memory is not enough, you can set `force_col_wise=true`.
[LightGBM] [Info] Total Bins 2126
[LightGBM] [Info] Number of data points in the train set: 92730, number of used features: 15
[LightGBM] [Info] Start training from score 5744.816153
[LightGBM] [Info] Auto-choosing col-wise multi-threading, the overhead of testing was 0.072967 seconds.
You can set `force_col_wise=true` to remove the overhead.
[LightGBM] [Info] Total Bins 2126
[LightGBM] [Info] Number of data points in the train set: 92730, number of used features: 15
[LightGBM] [Info] Start training from score 5744.813074
[LightGBM] [Info] Auto-choosing col-wise multi-threading, the overhead of testing was 0.068203 seconds.
You can set `force_col_wise=true` to remove the overhead.
[LightGBM] [Info] Total Bins 2126
[LightGBM] [Info] Number of data points in the train set: 92730, number of used features: 15
[LightGBM] [Info] Start training from score 5744.798978
[LightGBM] [Info] Auto-choosing row-wise multi-threading, the overhead of testing was 0.027678 seconds.
You can set `force_row_wise=true` to remove the overhead.
And if memory is not enough, you can set `force_col_wise=true`.
[LightGBM] [Info] Total Bins 2126
[LightGBM] [Info] Number of data points in the train set: 92730, number of used features: 15
[LightGBM] [Info] Auto-choosing col-wise multi-threading, the overhead of testing was 0.071718 seconds.
You can set `force_col_wise=true` to remove the overhead.
[LightGBM] [Info] Total Bins 2126
[LightGBM] [Info] Start training from score 5744.779023
[LightGBM] [Info] Number of data points in the train set: 92730, number of used features: 15
[LightGBM] [Info] Start training from score 5744.809138
[LightGBM] [Info] Auto-choosing row-wise multi-threading, the overhead of testing was 0.025556 seconds.
You can set `force_row_wise=true` to remove the overhead.
And if memory is not enough, you can set `force_col_wise=true`.
[LightGBM] [Info] Total Bins 2126
[LightGBM] [Info] Number of data points in the train set: 92730, number of used features: 15
[LightGBM] [Info] Start training from score 5744.599911
[LightGBM] [Info] Auto-choosing row-wise multi-threading, the overhead of testing was 0.021190 seconds.
You can set `force_row_wise=true` to remove the overhead.
And if memory is not enough, you can set `force_col_wise=true`.
[LightGBM] [Info] Total Bins 2126
[LightGBM] [Info] Number of data points in the train set: 92730, number of used features: 15
[LightGBM] [Info] Start training from score 5744.756573
[LightGBM] [Info] Auto-choosing col-wise multi-threading, the overhead of testing was 0.067684 seconds.
You can set `force_col_wise=true` to remove the overhead.
[LightGBM] [Info] Total Bins 2126
[LightGBM] [Info] Number of data points in the train set: 92730, number of used features: 15
[LightGBM] [Info] Start training from score 5744.676615
[LightGBM] [Info] Auto-choosing col-wise multi-threading, the overhead of testing was 0.072631 seconds.
You can set `force_col_wise=true` to remove the overhead.
[LightGBM] [Info] Total Bins 2126
[LightGBM] [Info] Number of data points in the train set: 92730, number of used features: 15
[LightGBM] [Info] Start training from score 5744.617533
[LightGBM] [Info] Auto-choosing row-wise multi-threading, the overhead of testing was 0.019563 seconds.
You can set `force_row_wise=true` to remove the overhead.
And if memory is not enough, you can set `force_col_wise=true`.
[LightGBM] [Info] Total Bins 2126
[LightGBM] [Info] Number of data points in the train set: 92730, number of used features: 15
[LightGBM] [Info] Start training from score 5744.653631
[LightGBM] [Info] Auto-choosing col-wise multi-threading, the overhead of testing was 0.063837 seconds.
You can set `force_col_wise=true` to remove the overhead.
[LightGBM] [Info] Total Bins 2126
[LightGBM] [Info] Number of data points in the train set: 92730, number of used features: 15
[LightGBM] [Info] Start training from score 5744.633607
[LightGBM] [Info] Auto-choosing row-wise multi-threading, the overhead of testing was 0.023034 seconds.
You can set `force_row_wise=true` to remove the overhead.
And if memory is not enough, you can set `force_col_wise=true`.
[LightGBM] [Info] Auto-choosing col-wise multi-threading, the overhead of testing was 0.079952 seconds.
You can set `force_col_wise=true` to remove the overhead.
[LightGBM] [Info] Total Bins 2126
[LightGBM] [Info] Auto-choosing row-wise multi-threading, the overhead of testing was 0.024747 seconds.
You can set `force_row_wise=true` to remove the overhead.
And if memory is not enough, you can set `force_col_wise=true`.
[LightGBM] [Info] Total Bins 2126
[LightGBM] [Info] Number of data points in the train set: 92730, number of used features: 15
[LightGBM] [Info] Number of data points in the train set: 92730, number of used features: 15
[LightGBM] [Info] Total Bins 2126
[LightGBM] [Info] Start training from score 5744.730108
[LightGBM] [Info] Start training from score 5744.583149
[LightGBM] [Info] Number of data points in the train set: 92730, number of used features: 15
[LightGBM] [Info] Start training from score 5744.702325
[LightGBM] [Info] Auto-choosing col-wise multi-threading, the overhead of testing was 0.070575 seconds.
You can set `force_col_wise=true` to remove the overhead.
[LightGBM] [Info] Total Bins 2126
[LightGBM] [Info] Number of data points in the train set: 92730, number of used features: 15
[LightGBM] [Info] Start training from score 5744.565173
[LightGBM] [Info] Auto-choosing col-wise multi-threading, the overhead of testing was 0.060979 seconds.
You can set `force_col_wise=true` to remove the overhead.
[LightGBM] [Info] Total Bins 2126
[LightGBM] [Info] Number of data points in the train set: 92730, number of used features: 15
[LightGBM] [Info] Start training from score 5744.540671
[LightGBM] [Info] Auto-choosing row-wise multi-threading, the overhead of testing was 0.014437 seconds.
You can set `force_row_wise=true` to remove the overhead.
And if memory is not enough, you can set `force_col_wise=true`.
[LightGBM] [Info] Total Bins 2126
[LightGBM] [Info] Number of data points in the train set: 92730, number of used features: 15
[LightGBM] [Info] Start training from score 5744.516113
[LightGBM] [Info] Auto-choosing col-wise multi-threading, the overhead of testing was 0.094486 seconds.
You can set `force_col_wise=true` to remove the overhead.
[LightGBM] [Info] Total Bins 2126
[LightGBM] [Info] Number of data points in the train set: 92730, number of used features: 15
[LightGBM] [Info] Start training from score 5744.493196
[LightGBM] [Info] Auto-choosing row-wise multi-threading, the overhead of testing was 0.015957 seconds.
You can set `force_row_wise=true` to remove the overhead.
And if memory is not enough, you can set `force_col_wise=true`.
[LightGBM] [Info] Total Bins 2126
[LightGBM] [Info] Number of data points in the train set: 92730, number of used features: 15
[LightGBM] [Info] Start training from score 5744.478395
[LightGBM] [Info] Auto-choosing col-wise multi-threading, the overhead of testing was 0.061159 seconds.
You can set `force_col_wise=true` to remove the overhead.
[LightGBM] [Info] Total Bins 2126
[LightGBM] [Info] Number of data points in the train set: 92730, number of used features: 15
[LightGBM] [Info] Start training from score 5744.469652
[LightGBM] [Info] Auto-choosing col-wise multi-threading, the overhead of testing was 0.068506 seconds.
You can set `force_col_wise=true` to remove the overhead.
[LightGBM] [Info] Total Bins 2126
[LightGBM] [Info] Number of data points in the train set: 92730, number of used features: 15
[LightGBM] [Info] Start training from score 5744.464487
[LightGBM] [Info] Auto-choosing col-wise multi-threading, the overhead of testing was 0.062133 seconds.
You can set `force_col_wise=true` to remove the overhead.
[LightGBM] [Info] Total Bins 2126
[LightGBM] [Info] Number of data points in the train set: 92730, number of used features: 15
[LightGBM] [Info] Start training from score 5744.463490
[LightGBM] [Info] Auto-choosing col-wise multi-threading, the overhead of testing was 0.066448 seconds.
You can set `force_col_wise=true` to remove the overhead.
[LightGBM] [Info] Total Bins 2126
[LightGBM] [Info] Number of data points in the train set: 92730, number of used features: 15
[LightGBM] [Info] Start training from score 5744.465452
[LightGBM] [Info] Auto-choosing row-wise multi-threading, the overhead of testing was 0.074268 seconds.
You can set `force_row_wise=true` to remove the overhead.
And if memory is not enough, you can set `force_col_wise=true`.
[LightGBM] [Info] Total Bins 2126
[LightGBM] [Info] Number of data points in the train set: 92730, number of used features: 15
[LightGBM] [Info] Start training from score 5744.465205
[LightGBM] [Info] Auto-choosing col-wise multi-threading, the overhead of testing was 0.114938 seconds.
You can set `force_col_wise=true` to remove the overhead.
[LightGBM] [Info] Total Bins 2126
[LightGBM] [Info] Number of data points in the train set: 92730, number of used features: 15
[LightGBM] [Info] Start training from score 5744.464778
[LightGBM] [Info] Auto-choosing row-wise multi-threading, the overhead of testing was 0.023651 seconds.
You can set `force_row_wise=true` to remove the overhead.
And if memory is not enough, you can set `force_col_wise=true`.
[LightGBM] [Info] Total Bins 2126
[LightGBM] [Info] Number of data points in the train set: 92730, number of used features: 15
[LightGBM] [Info] Start training from score 5744.463740
[LightGBM] [Info] Auto-choosing col-wise multi-threading, the overhead of testing was 0.075807 seconds.
You can set `force_col_wise=true` to remove the overhead.
[LightGBM] [Info] Total Bins 2126
[LightGBM] [Info] Number of data points in the train set: 92730, number of used features: 15
[LightGBM] [Info] Start training from score 5744.461658
[LightGBM] [Info] Auto-choosing col-wise multi-threading, the overhead of testing was 0.067095 seconds.
You can set `force_col_wise=true` to remove the overhead.
[LightGBM] [Info] Total Bins 2126
[LightGBM] [Info] Number of data points in the train set: 92730, number of used features: 15
[LightGBM] [Info] Start training from score 5744.455839
[LightGBM] [Info] Auto-choosing row-wise multi-threading, the overhead of testing was 0.026070 seconds.
You can set `force_row_wise=true` to remove the overhead.
And if memory is not enough, you can set `force_col_wise=true`.
[LightGBM] [Info] Total Bins 2126
[LightGBM] [Info] Number of data points in the train set: 92730, number of used features: 15
[LightGBM] [Info] Start training from score 5744.442884
[LightGBM] [Info] Auto-choosing col-wise multi-threading, the overhead of testing was 0.065566 seconds.
You can set `force_col_wise=true` to remove the overhead.
[LightGBM] [Info] Total Bins 2126
[LightGBM] [Info] Number of data points in the train set: 92730, number of used features: 15
[LightGBM] [Info] Start training from score 5744.429778
[LightGBM] [Info] Auto-choosing col-wise multi-threading, the overhead of testing was 0.057347 seconds.
You can set `force_col_wise=true` to remove the overhead.
[LightGBM] [Info] Total Bins 2126
[LightGBM] [Info] Number of data points in the train set: 92730, number of used features: 15
[LightGBM] [Info] Start training from score 5744.416056
[LightGBM] [Info] Auto-choosing row-wise multi-threading, the overhead of testing was 0.020368 seconds.
You can set `force_row_wise=true` to remove the overhead.
And if memory is not enough, you can set `force_col_wise=true`.
[LightGBM] [Info] Total Bins 2126
[LightGBM] [Info] Number of data points in the train set: 92730, number of used features: 15
[LightGBM] [Info] Start training from score 5744.404222
[LightGBM] [Info] Auto-choosing row-wise multi-threading, the overhead of testing was 0.016497 seconds.
You can set `force_row_wise=true` to remove the overhead.
And if memory is not enough, you can set `force_col_wise=true`.
[LightGBM] [Info] Total Bins 2126
[LightGBM] [Info] Number of data points in the train set: 92730, number of used features: 15
[LightGBM] [Info] Start training from score 5744.395137
[LightGBM] [Info] Auto-choosing row-wise multi-threading, the overhead of testing was 0.023867 seconds.
You can set `force_row_wise=true` to remove the overhead.
And if memory is not enough, you can set `force_col_wise=true`.
[LightGBM] [Info] Total Bins 2126
[LightGBM] [Info] Number of data points in the train set: 92730, number of used features: 15
[LightGBM] [Info] Start training from score 5744.389830
   [fit] key=2025-W33 cutoff=2025-08-11 11:00:00  (block 73/92)
[LightGBM] [Info] Auto-choosing col-wise multi-threading, the overhead of testing was 0.071920 seconds.
You can set `force_col_wise=true` to remove the overhead.
[LightGBM] [Info] Total Bins 2126
[LightGBM] [Info] Number of data points in the train set: 92898, number of used features: 15
[LightGBM] [Info] Start training from score 5745.985910
[LightGBM] [Info] Auto-choosing col-wise multi-threading, the overhead of testing was 0.132053 seconds.
You can set `force_col_wise=true` to remove the overhead.
[LightGBM] [Info] Total Bins 2126
[LightGBM] [Info] Number of data points in the train set: 92898, number of used features: 15
[LightGBM] [Info] Start training from score 5745.977016
[LightGBM] [Info] Auto-choosing row-wise multi-threading, the overhead of testing was 0.051231 seconds.
You can set `force_row_wise=true` to remove the overhead.
And if memory is not enough, you can set `force_col_wise=true`.
[LightGBM] [Info] Total Bins 2126
[LightGBM] [Info] Number of data points in the train set: 92898, number of used features: 15
[LightGBM] [Info] Start training from score 5745.968093
[LightGBM] [Info] Auto-choosing row-wise multi-threading, the overhead of testing was 0.030202 seconds.
You can set `force_row_wise=true` to remove the overhead.
And if memory is not enough, you can set `force_col_wise=true`.
[LightGBM] [Info] Total Bins 2126
[LightGBM] [Info] Auto-choosing col-wise multi-threading, the overhead of testing was 0.116144 seconds.
You can set `force_col_wise=true` to remove the overhead.
[LightGBM] [Info] Number of data points in the train set: 92898, number of used features: 15
[LightGBM] [Info] Auto-choosing row-wise multi-threading, the overhead of testing was 0.041059 seconds.
You can set `force_row_wise=true` to remove the overhead.
And if memory is not enough, you can set `force_col_wise=true`.
[LightGBM] [Info] Total Bins 2126
[LightGBM] [Info] Start training from score 5745.817656
[LightGBM] [Info] Number of data points in the train set: 92898, number of used features: 15
[LightGBM] [Info] Start training from score 5745.911492
[LightGBM] [Info] Auto-choosing row-wise multi-threading, the overhead of testing was 0.018829 seconds.
You can set `force_row_wise=true` to remove the overhead.
And if memory is not enough, you can set `force_col_wise=true`.
[LightGBM] [Info] Total Bins 2126
[LightGBM] [Info] Number of data points in the train set: 92898, number of used features: 15
[LightGBM] [Info] Start training from score 5745.959669
[LightGBM] [Info] Total Bins 2126
[LightGBM] [Info] Number of data points in the train set: 92898, number of used features: 15
[LightGBM] [Info] Start training from score 5745.935792
[LightGBM] [Info] Auto-choosing row-wise multi-threading, the overhead of testing was 0.029434 seconds.
You can set `force_row_wise=true` to remove the overhead.
And if memory is not enough, you can set `force_col_wise=true`.
[LightGBM] [Info] Total Bins 2126
[LightGBM] [Info] Number of data points in the train set: 92898, number of used features: 15
[LightGBM] [Info] Start training from score 5745.752827
[LightGBM] [Info] Auto-choosing col-wise multi-threading, the overhead of testing was 0.075888 seconds.
You can set `force_col_wise=true` to remove the overhead.
[LightGBM] [Info] Total Bins 2126
[LightGBM] [Info] Number of data points in the train set: 92898, number of used features: 15
[LightGBM] [Info] Start training from score 5745.694738
[LightGBM] [Info] Auto-choosing col-wise multi-threading, the overhead of testing was 0.089456 seconds.
You can set `force_col_wise=true` to remove the overhead.
[LightGBM] [Info] Total Bins 2126
[LightGBM] [Info] Number of data points in the train set: 92898, number of used features: 15
[LightGBM] [Info] Start training from score 5745.722290
[LightGBM] [Info] Auto-choosing row-wise multi-threading, the overhead of testing was 0.023557 seconds.
You can set `force_row_wise=true` to remove the overhead.
And if memory is not enough, you can set `force_col_wise=true`.
[LightGBM] [Info] Total Bins 2126
[LightGBM] [Info] Number of data points in the train set: 92898, number of used features: 15
[LightGBM] [Info] Start training from score 5745.950638
[LightGBM] [Info] Auto-choosing col-wise multi-threading, the overhead of testing was 0.098599 seconds.
You can set `force_col_wise=true` to remove the overhead.
[LightGBM] [Info] Total Bins 2126
[LightGBM] [Info] Number of data points in the train set: 92898, number of used features: 15
[LightGBM] [Info] Start training from score 5745.883700
[LightGBM] [Info] Auto-choosing col-wise multi-threading, the overhead of testing was 0.083632 seconds.
You can set `force_col_wise=true` to remove the overhead.
[LightGBM] [Info] Total Bins 2126
[LightGBM] [Info] Number of data points in the train set: 92898, number of used features: 15
[LightGBM] [Info] Start training from score 5745.665436
[LightGBM] [Info] Auto-choosing col-wise multi-threading, the overhead of testing was 0.089227 seconds.
You can set `force_col_wise=true` to remove the overhead.
[LightGBM] [Info] Total Bins 2126
[LightGBM] [Info] Number of data points in the train set: 92898, number of used features: 15
[LightGBM] [Info] Start training from score 5745.784694
[LightGBM] [Info] Auto-choosing col-wise multi-threading, the overhead of testing was 0.086453 seconds.
You can set `force_col_wise=true` to remove the overhead.
[LightGBM] [Info] Total Bins 2126
[LightGBM] [Info] Number of data points in the train set: 92898, number of used features: 15
[LightGBM] [Info] Start training from score 5745.636853
[LightGBM] [Info] Auto-choosing row-wise multi-threading, the overhead of testing was 0.028567 seconds.
You can set `force_row_wise=true` to remove the overhead.
And if memory is not enough, you can set `force_col_wise=true`.
[LightGBM] [Info] Total Bins 2126
[LightGBM] [Info] Number of data points in the train set: 92898, number of used features: 15
[LightGBM] [Info] Start training from score 5745.851579
[LightGBM] [Info] Auto-choosing row-wise multi-threading, the overhead of testing was 0.020172 seconds.
You can set `force_row_wise=true` to remove the overhead.
And if memory is not enough, you can set `force_col_wise=true`.
[LightGBM] [Info] Total Bins 2126
[LightGBM] [Info] Number of data points in the train set: 92898, number of used features: 15
[LightGBM] [Info] Start training from score 5745.607349
[LightGBM] [Info] Auto-choosing row-wise multi-threading, the overhead of testing was 0.018005 seconds.
You can set `force_row_wise=true` to remove the overhead.
And if memory is not enough, you can set `force_col_wise=true`.
[LightGBM] [Info] Total Bins 2126
[LightGBM] [Info] Number of data points in the train set: 92898, number of used features: 15
[LightGBM] [Info] Start training from score 5745.572106
[LightGBM] [Info] Auto-choosing col-wise multi-threading, the overhead of testing was 0.074714 seconds.
You can set `force_col_wise=true` to remove the overhead.
[LightGBM] [Info] Total Bins 2126
[LightGBM] [Info] Number of data points in the train set: 92898, number of used features: 15
[LightGBM] [Info] Start training from score 5745.537268
[LightGBM] [Info] Auto-choosing col-wise multi-threading, the overhead of testing was 0.063121 seconds.
You can set `force_col_wise=true` to remove the overhead.
[LightGBM] [Info] Total Bins 2126
[LightGBM] [Info] Number of data points in the train set: 92898, number of used features: 15
[LightGBM] [Info] Start training from score 5745.505964
[LightGBM] [Info] Auto-choosing col-wise multi-threading, the overhead of testing was 0.062179 seconds.
You can set `force_col_wise=true` to remove the overhead.
[LightGBM] [Info] Total Bins 2126
[LightGBM] [Info] Number of data points in the train set: 92898, number of used features: 15
[LightGBM] [Info] Start training from score 5745.482740
[LightGBM] [Info] Auto-choosing row-wise multi-threading, the overhead of testing was 0.024365 seconds.
You can set `force_row_wise=true` to remove the overhead.
And if memory is not enough, you can set `force_col_wise=true`.
[LightGBM] [Info] Total Bins 2126
[LightGBM] [Info] Number of data points in the train set: 92898, number of used features: 15
[LightGBM] [Info] Start training from score 5745.465605
[LightGBM] [Info] Auto-choosing row-wise multi-threading, the overhead of testing was 0.025135 seconds.
You can set `force_row_wise=true` to remove the overhead.
And if memory is not enough, you can set `force_col_wise=true`.
[LightGBM] [Info] Total Bins 2126
[LightGBM] [Info] Number of data points in the train set: 92898, number of used features: 15
[LightGBM] [Info] Start training from score 5745.451623
[LightGBM] [Info] Auto-choosing col-wise multi-threading, the overhead of testing was 0.061755 seconds.
You can set `force_col_wise=true` to remove the overhead.
[LightGBM] [Info] Total Bins 2126
[LightGBM] [Info] Number of data points in the train set: 92898, number of used features: 15
[LightGBM] [Info] Start training from score 5745.441607
[LightGBM] [Info] Auto-choosing row-wise multi-threading, the overhead of testing was 0.029933 seconds.
You can set `force_row_wise=true` to remove the overhead.
And if memory is not enough, you can set `force_col_wise=true`.
[LightGBM] [Info] Total Bins 2126
[LightGBM] [Info] Number of data points in the train set: 92898, number of used features: 15
[LightGBM] [Info] Start training from score 5745.426601
[LightGBM] [Info] Auto-choosing col-wise multi-threading, the overhead of testing was 0.062682 seconds.
You can set `force_col_wise=true` to remove the overhead.
[LightGBM] [Info] Total Bins 2126
[LightGBM] [Info] Number of data points in the train set: 92898, number of used features: 15
[LightGBM] [Info] Start training from score 5745.434890
[LightGBM] [Info] Auto-choosing col-wise multi-threading, the overhead of testing was 0.067413 seconds.
You can set `force_col_wise=true` to remove the overhead.
[LightGBM] [Info] Total Bins 2126
[LightGBM] [Info] Number of data points in the train set: 92898, number of used features: 15
[LightGBM] [Info] Start training from score 5745.418888
[LightGBM] [Info] Auto-choosing col-wise multi-threading, the overhead of testing was 0.069183 seconds.
You can set `force_col_wise=true` to remove the overhead.
[LightGBM] [Info] Total Bins 2126
[LightGBM] [Info] Number of data points in the train set: 92898, number of used features: 15
[LightGBM] [Info] Start training from score 5745.403330
[LightGBM] [Info] Auto-choosing row-wise multi-threading, the overhead of testing was 0.022182 seconds.
You can set `force_row_wise=true` to remove the overhead.
And if memory is not enough, you can set `force_col_wise=true`.
[LightGBM] [Info] Total Bins 2126
[LightGBM] [Info] Number of data points in the train set: 92898, number of used features: 15
[LightGBM] [Info] Start training from score 5745.411307
[LightGBM] [Info] Auto-choosing col-wise multi-threading, the overhead of testing was 0.079602 seconds.
You can set `force_col_wise=true` to remove the overhead.
[LightGBM] [Info] Total Bins 2126
[LightGBM] [Info] Number of data points in the train set: 92898, number of used features: 15
[LightGBM] [Info] Start training from score 5745.391988
[LightGBM] [Info] Auto-choosing col-wise multi-threading, the overhead of testing was 0.073759 seconds.
You can set `force_col_wise=true` to remove the overhead.
[LightGBM] [Info] Total Bins 2126
[LightGBM] [Info] Number of data points in the train set: 92898, number of used features: 15
[LightGBM] [Info] Start training from score 5745.373384
[LightGBM] [Info] Auto-choosing col-wise multi-threading, the overhead of testing was 0.068161 seconds.
You can set `force_col_wise=true` to remove the overhead.
[LightGBM] [Info] Total Bins 2126
[LightGBM] [Info] Number of data points in the train set: 92898, number of used features: 15
[LightGBM] [Info] Start training from score 5745.354855
[LightGBM] [Info] Auto-choosing row-wise multi-threading, the overhead of testing was 0.024752 seconds.
You can set `force_row_wise=true` to remove the overhead.
And if memory is not enough, you can set `force_col_wise=true`.
[LightGBM] [Info] Total Bins 2126
[LightGBM] [Info] Number of data points in the train set: 92898, number of used features: 15
[LightGBM] [Info] Start training from score 5745.335582
[LightGBM] [Info] Auto-choosing col-wise multi-threading, the overhead of testing was 0.061563 seconds.
You can set `force_col_wise=true` to remove the overhead.
[LightGBM] [Info] Total Bins 2126
[LightGBM] [Info] Number of data points in the train set: 92898, number of used features: 15
[LightGBM] [Info] Start training from score 5745.317623
[LightGBM] [Info] Auto-choosing col-wise multi-threading, the overhead of testing was 0.049374 seconds.
You can set `force_col_wise=true` to remove the overhead.
[LightGBM] [Info] Total Bins 2126
[LightGBM] [Info] Number of data points in the train set: 92898, number of used features: 15
[LightGBM] [Info] Start training from score 5745.302419
[LightGBM] [Info] Auto-choosing col-wise multi-threading, the overhead of testing was 0.028967 seconds.
You can set `force_col_wise=true` to remove the overhead.
[LightGBM] [Info] Total Bins 2126
[LightGBM] [Info] Number of data points in the train set: 92898, number of used features: 15
[LightGBM] [Info] Start training from score 5745.290436
   [fit] key=2025-W34 cutoff=2025-08-18 11:00:00  (block 80/92)
[LightGBM] [Info] Auto-choosing row-wise multi-threading, the overhead of testing was 0.024701 seconds.
You can set `force_row_wise=true` to remove the overhead.
And if memory is not enough, you can set `force_col_wise=true`.
[LightGBM] [Info] Total Bins 2126
[LightGBM] [Info] Number of data points in the train set: 93066, number of used features: 15
[LightGBM] [Info] Start training from score 5746.733996
[LightGBM] [Info] Auto-choosing col-wise multi-threading, the overhead of testing was 0.067313 seconds.
You can set `force_col_wise=true` to remove the overhead.
[LightGBM] [Info] Total Bins 2126
[LightGBM] [Info] Number of data points in the train set: 93066, number of used features: 15
[LightGBM] [Info] Start training from score 5746.726838
[LightGBM] [Info] Auto-choosing col-wise multi-threading, the overhead of testing was 0.077490 seconds.
You can set `force_col_wise=true` to remove the overhead.
[LightGBM] [Info] Total Bins 2126
[LightGBM] [Info] Number of data points in the train set: 93066, number of used features: 15
[LightGBM] [Info] Start training from score 5746.703881
[LightGBM] [Info] Auto-choosing row-wise multi-threading, the overhead of testing was 0.025694 seconds.
You can set `force_row_wise=true` to remove the overhead.
And if memory is not enough, you can set `force_col_wise=true`.
[LightGBM] [Info] Total Bins 2126
[LightGBM] [Info] Number of data points in the train set: 93066, number of used features: 15
[LightGBM] [Info] Start training from score 5746.607633
[LightGBM] [Info] Auto-choosing row-wise multi-threading, the overhead of testing was 0.026420 seconds.
You can set `force_row_wise=true` to remove the overhead.
And if memory is not enough, you can set `force_col_wise=true`.
[LightGBM] [Info] Total Bins 2126
[LightGBM] [Info] Number of data points in the train set: 93066, number of used features: 15
[LightGBM] [Info] Start training from score 5746.712111
[LightGBM] [Info] Auto-choosing col-wise multi-threading, the overhead of testing was 0.069424 seconds.
You can set `force_col_wise=true` to remove the overhead.
[LightGBM] [Info] Total Bins 2126
[LightGBM] [Info] Number of data points in the train set: 93066, number of used features: 15
[LightGBM] [Info] Start training from score 5746.719392
[LightGBM] [Info] Auto-choosing col-wise multi-threading, the overhead of testing was 0.065968 seconds.
You can set `force_col_wise=true` to remove the overhead.
[LightGBM] [Info] Total Bins 2126
[LightGBM] [Info] Auto-choosing row-wise multi-threading, the overhead of testing was 0.025603 seconds.
You can set `force_row_wise=true` to remove the overhead.
And if memory is not enough, you can set `force_col_wise=true`.
[LightGBM] [Info] Total Bins 2126
[LightGBM] [Info] Number of data points in the train set: 93066, number of used features: 15
[LightGBM] [Info] Number of data points in the train set: 93066, number of used features: 15
[LightGBM] [Info] Start training from score 5746.666052
[LightGBM] [Info] Start training from score 5746.638901
[LightGBM] [Info] Auto-choosing col-wise multi-threading, the overhead of testing was 0.072074 seconds.
You can set `force_col_wise=true` to remove the overhead.
[LightGBM] [Info] Total Bins 2126
[LightGBM] [Info] Number of data points in the train set: 93066, number of used features: 15
[LightGBM] [Info] Start training from score 5746.485304
[LightGBM] [Info] Auto-choosing col-wise multi-threading, the overhead of testing was 0.062603 seconds.
You can set `force_col_wise=true` to remove the overhead.
[LightGBM] [Info] Total Bins 2126
[LightGBM] [Info] Number of data points in the train set: 93066, number of used features: 15
[LightGBM] [Info] Start training from score 5746.574911
[LightGBM] [Info] Auto-choosing row-wise multi-threading, the overhead of testing was 0.024774 seconds.
You can set `force_row_wise=true` to remove the overhead.
And if memory is not enough, you can set `force_col_wise=true`.
[LightGBM] [Info] Total Bins 2126
[LightGBM] [Info] Number of data points in the train set: 93066, number of used features: 15
[LightGBM] [Info] Start training from score 5746.543749
[LightGBM] [Info] Auto-choosing row-wise multi-threading, the overhead of testing was 0.018790 seconds.
You can set `force_row_wise=true` to remove the overhead.
And if memory is not enough, you can set `force_col_wise=true`.
[LightGBM] [Info] Auto-choosing col-wise multi-threading, the overhead of testing was 0.082657 seconds.
You can set `force_col_wise=true` to remove the overhead.
[LightGBM] [Info] Total Bins 2126
[LightGBM] [Info] Number of data points in the train set: 93066, number of used features: 15
[LightGBM] [Info] Total Bins 2126
[LightGBM] [Info] Number of data points in the train set: 93066, number of used features: 15
[LightGBM] [Info] Start training from score 5746.459478
[LightGBM] [Info] Start training from score 5746.404610
[LightGBM] [Info] Auto-choosing col-wise multi-threading, the overhead of testing was 0.087556 seconds.
You can set `force_col_wise=true` to remove the overhead.
[LightGBM] [Info] Total Bins 2126
[LightGBM] [Info] Number of data points in the train set: 93066, number of used features: 15
[LightGBM] [Info] Start training from score 5746.513755
[LightGBM] [Info] Auto-choosing col-wise multi-threading, the overhead of testing was 0.072841 seconds.
You can set `force_col_wise=true` to remove the overhead.
[LightGBM] [Info] Total Bins 2126
[LightGBM] [Info] Number of data points in the train set: 93066, number of used features: 15
[LightGBM] [Info] Start training from score 5746.431841
[LightGBM] [Info] Auto-choosing col-wise multi-threading, the overhead of testing was 0.074982 seconds.
You can set `force_col_wise=true` to remove the overhead.
[LightGBM] [Info] Total Bins 2126
[LightGBM] [Info] Number of data points in the train set: 93066, number of used features: 15
[LightGBM] [Info] Start training from score 5746.689835
[LightGBM] [Info] Auto-choosing row-wise multi-threading, the overhead of testing was 0.019696 seconds.
You can set `force_row_wise=true` to remove the overhead.
And if memory is not enough, you can set `force_col_wise=true`.
[LightGBM] [Info] Total Bins 2126
[LightGBM] [Info] Number of data points in the train set: 93066, number of used features: 15
[LightGBM] [Info] Start training from score 5746.376835
[LightGBM] [Info] Auto-choosing col-wise multi-threading, the overhead of testing was 0.063161 seconds.
You can set `force_col_wise=true` to remove the overhead.
[LightGBM] [Info] Total Bins 2126
[LightGBM] [Info] Number of data points in the train set: 93066, number of used features: 15
[LightGBM] [Info] Start training from score 5746.343073
[LightGBM] [Info] Auto-choosing row-wise multi-threading, the overhead of testing was 0.025594 seconds.
You can set `force_row_wise=true` to remove the overhead.
And if memory is not enough, you can set `force_col_wise=true`.
[LightGBM] [Info] Auto-choosing row-wise multi-threading, the overhead of testing was 0.018229 seconds.
You can set `force_row_wise=true` to remove the overhead.
And if memory is not enough, you can set `force_col_wise=true`.
[LightGBM] [Info] Total Bins 2126
[LightGBM] [Info] Total Bins 2126
[LightGBM] [Info] Number of data points in the train set: 93066, number of used features: 15
[LightGBM] [Info] Start training from score 5746.255255
[LightGBM] [Info] Number of data points in the train set: 93066, number of used features: 15
[LightGBM] [Info] Start training from score 5746.308869
[LightGBM] [Info] Auto-choosing row-wise multi-threading, the overhead of testing was 0.029237 seconds.
You can set `force_row_wise=true` to remove the overhead.
And if memory is not enough, you can set `force_col_wise=true`.
[LightGBM] [Info] Total Bins 2126
[LightGBM] [Info] Number of data points in the train set: 93066, number of used features: 15
[LightGBM] [Info] Start training from score 5746.278405
[LightGBM] [Info] Auto-choosing row-wise multi-threading, the overhead of testing was 0.030540 seconds.
You can set `force_row_wise=true` to remove the overhead.
And if memory is not enough, you can set `force_col_wise=true`.
[LightGBM] [Info] Total Bins 2126
[LightGBM] [Info] Number of data points in the train set: 93066, number of used features: 15
[LightGBM] [Info] Start training from score 5746.238130
[LightGBM] [Info] Auto-choosing col-wise multi-threading, the overhead of testing was 0.064013 seconds.
You can set `force_col_wise=true` to remove the overhead.
[LightGBM] [Info] Total Bins 2126
[LightGBM] [Info] Number of data points in the train set: 93066, number of used features: 15
[LightGBM] [Info] Start training from score 5746.213992
[LightGBM] [Info] Auto-choosing row-wise multi-threading, the overhead of testing was 0.018995 seconds.
You can set `force_row_wise=true` to remove the overhead.
And if memory is not enough, you can set `force_col_wise=true`.
[LightGBM] [Info] Total Bins 2126
[LightGBM] [Info] Number of data points in the train set: 93066, number of used features: 15
[LightGBM] [Info] Start training from score 5746.224163
[LightGBM] [Info] Auto-choosing row-wise multi-threading, the overhead of testing was 0.018155 seconds.
You can set `force_row_wise=true` to remove the overhead.
And if memory is not enough, you can set `force_col_wise=true`.
[LightGBM] [Info] Total Bins 2126
[LightGBM] [Info] Number of data points in the train set: 93066, number of used features: 15
[LightGBM] [Info] Start training from score 5746.197531
[LightGBM] [Info] Auto-choosing row-wise multi-threading, the overhead of testing was 0.026613 seconds.
You can set `force_row_wise=true` to remove the overhead.
And if memory is not enough, you can set `force_col_wise=true`.
[LightGBM] [Info] Total Bins 2126
[LightGBM] [Info] Number of data points in the train set: 93066, number of used features: 15
[LightGBM] [Info] Start training from score 5746.206707
[LightGBM] [Info] Auto-choosing row-wise multi-threading, the overhead of testing was 0.023880 seconds.
You can set `force_row_wise=true` to remove the overhead.
And if memory is not enough, you can set `force_col_wise=true`.
[LightGBM] [Info] Total Bins 2126
[LightGBM] [Info] Number of data points in the train set: 93066, number of used features: 15
[LightGBM] [Info] Start training from score 5746.188972
[LightGBM] [Info] Auto-choosing col-wise multi-threading, the overhead of testing was 0.070929 seconds.
You can set `force_col_wise=true` to remove the overhead.
[LightGBM] [Info] Total Bins 2126
[LightGBM] [Info] Number of data points in the train set: 93066, number of used features: 15
[LightGBM] [Info] Start training from score 5746.180502
[LightGBM] [Info] Auto-choosing row-wise multi-threading, the overhead of testing was 0.035798 seconds.
You can set `force_row_wise=true` to remove the overhead.
And if memory is not enough, you can set `force_col_wise=true`.
[LightGBM] [Info] Total Bins 2126
[LightGBM] [Info] Number of data points in the train set: 93066, number of used features: 15
[LightGBM] [Info] Start training from score 5746.171905
[LightGBM] [Info] Auto-choosing col-wise multi-threading, the overhead of testing was 0.070330 seconds.
You can set `force_col_wise=true` to remove the overhead.
[LightGBM] [Info] Total Bins 2126
[LightGBM] [Info] Number of data points in the train set: 93066, number of used features: 15
[LightGBM] [Info] Start training from score 5746.160702
[LightGBM] [Info] Auto-choosing row-wise multi-threading, the overhead of testing was 0.024030 seconds.
You can set `force_row_wise=true` to remove the overhead.
And if memory is not enough, you can set `force_col_wise=true`.
[LightGBM] [Info] Total Bins 2126
[LightGBM] [Info] Number of data points in the train set: 93066, number of used features: 15
[LightGBM] [Info] Start training from score 5746.143184
[LightGBM] [Info] Auto-choosing col-wise multi-threading, the overhead of testing was 0.066105 seconds.
You can set `force_col_wise=true` to remove the overhead.
[LightGBM] [Info] Total Bins 2126
[LightGBM] [Info] Number of data points in the train set: 93066, number of used features: 15
[LightGBM] [Info] Start training from score 5746.126677
[LightGBM] [Info] Auto-choosing row-wise multi-threading, the overhead of testing was 0.018900 seconds.
You can set `force_row_wise=true` to remove the overhead.
And if memory is not enough, you can set `force_col_wise=true`.
[LightGBM] [Info] Total Bins 2126
[LightGBM] [Info] Number of data points in the train set: 93066, number of used features: 15
[LightGBM] [Info] Start training from score 5746.109104
[LightGBM] [Info] Auto-choosing row-wise multi-threading, the overhead of testing was 0.012904 seconds.
You can set `force_row_wise=true` to remove the overhead.
And if memory is not enough, you can set `force_col_wise=true`.
[LightGBM] [Info] Total Bins 2126
[LightGBM] [Info] Number of data points in the train set: 93066, number of used features: 15
[LightGBM] [Info] Start training from score 5746.093058
[LightGBM] [Info] Auto-choosing col-wise multi-threading, the overhead of testing was 0.046444 seconds.
You can set `force_col_wise=true` to remove the overhead.
[LightGBM] [Info] Total Bins 2126
[LightGBM] [Info] Number of data points in the train set: 93066, number of used features: 15
[LightGBM] [Info] Start training from score 5746.079299
[LightGBM] [Info] Auto-choosing col-wise multi-threading, the overhead of testing was 0.044700 seconds.
You can set `force_col_wise=true` to remove the overhead.
[LightGBM] [Info] Total Bins 2126
[LightGBM] [Info] Number of data points in the train set: 93066, number of used features: 15
[LightGBM] [Info] Start training from score 5746.068080
   [fit] key=2025-W35 cutoff=2025-08-25 11:00:00  (block 87/92)
   [done] 92 blocks σε 1286.7s

📊 RESULT | MAE=301.4318 MW | RMSE=400.6501 | sMAPE=4.4329% | n=2208
💾 saved: runs/load_direct/summer_lgbm_dirw_g12_noroll.json
--- [2026-07-17 02:11:18] OK  runs/load_direct/summer_lgbm_dirw_g12_noroll.json  (1293s)

=== [2026-07-17 02:11:18] RUN -> runs/load_direct/summer_lgbm_dirw_g12_loadfc.json
[LightGBM] [Info] Auto-choosing col-wise multi-threading, the overhead of testing was 0.092470 seconds.
You can set `force_col_wise=true` to remove the overhead.
[LightGBM] [Info] Total Bins 2891
[LightGBM] [Info] Number of data points in the train set: 91002, number of used features: 18
[LightGBM] [Info] Start training from score 5724.491559
[LightGBM] [Info] Auto-choosing col-wise multi-threading, the overhead of testing was 0.079228 seconds.
You can set `force_col_wise=true` to remove the overhead.
[LightGBM] [Info] Total Bins 2891
[LightGBM] [Info] Number of data points in the train set: 91002, number of used features: 18
[LightGBM] [Info] Start training from score 5724.353146
[LightGBM] [Info] Auto-choosing col-wise multi-threading, the overhead of testing was 0.085409 seconds.
You can set `force_col_wise=true` to remove the overhead.
[LightGBM] [Info] Total Bins 2891
[LightGBM] [Info] Number of data points in the train set: 91002, number of used features: 18
[LightGBM] [Info] Start training from score 5724.513550
[LightGBM] [Info] Auto-choosing row-wise multi-threading, the overhead of testing was 0.029980 seconds.
You can set `force_row_wise=true` to remove the overhead.
And if memory is not enough, you can set `force_col_wise=true`.
[LightGBM] [Info] Total Bins 2891
[LightGBM] [Info] Number of data points in the train set: 91002, number of used features: 18
[LightGBM] [Info] Start training from score 5724.470022
[LightGBM] [Info] Auto-choosing row-wise multi-threading, the overhead of testing was 0.022727 seconds.
You can set `force_row_wise=true` to remove the overhead.
And if memory is not enough, you can set `force_col_wise=true`.
[LightGBM] [Info] Total Bins 2891
[LightGBM] [Info] Number of data points in the train set: 91002, number of used features: 18
[LightGBM] [Info] Start training from score 5724.449785
[LightGBM] [Info] Auto-choosing row-wise multi-threading, the overhead of testing was 0.026169 seconds.
You can set `force_row_wise=true` to remove the overhead.
And if memory is not enough, you can set `force_col_wise=true`.
[LightGBM] [Info] Total Bins 2891
[LightGBM] [Info] Number of data points in the train set: 91002, number of used features: 18
[LightGBM] [Info] Start training from score 5724.322564
[LightGBM] [Info] Auto-choosing col-wise multi-threading, the overhead of testing was 0.080241 seconds.
You can set `force_col_wise=true` to remove the overhead.
[LightGBM] [Info] Auto-choosing row-wise multi-threading, the overhead of testing was 0.028181 seconds.
You can set `force_row_wise=true` to remove the overhead.
And if memory is not enough, you can set `force_col_wise=true`.
[LightGBM] [Info] Total Bins 2891
[LightGBM] [Info] Total Bins 2891
[LightGBM] [Info] Auto-choosing row-wise multi-threading, the overhead of testing was 0.025936 seconds.
You can set `force_row_wise=true` to remove the overhead.
And if memory is not enough, you can set `force_col_wise=true`.
[LightGBM] [Info] Total Bins 2891
[LightGBM] [Info] Auto-choosing col-wise multi-threading, the overhead of testing was 0.069688 seconds.
You can set `force_col_wise=true` to remove the overhead.
[LightGBM] [Info] Number of data points in the train set: 91002, number of used features: 18
[LightGBM] [Info] Total Bins 2891
[LightGBM] [Info] Number of data points in the train set: 91002, number of used features: 18
[LightGBM] [Info] Number of data points in the train set: 91002, number of used features: 18
[LightGBM] [Info] Number of data points in the train set: 91002, number of used features: 18
[LightGBM] [Info] Start training from score 5724.430214
[LightGBM] [Info] Start training from score 5724.194186
[LightGBM] [Info] Start training from score 5724.093739
[LightGBM] [Info] Start training from score 5724.290176
[LightGBM] [Info] Auto-choosing row-wise multi-threading, the overhead of testing was 0.031904 seconds.
You can set `force_row_wise=true` to remove the overhead.
And if memory is not enough, you can set `force_col_wise=true`.
[LightGBM] [Info] Total Bins 2891
[LightGBM] [Info] Number of data points in the train set: 91002, number of used features: 18
[LightGBM] [Info] Auto-choosing col-wise multi-threading, the overhead of testing was 0.086907 seconds.
You can set `force_col_wise=true` to remove the overhead.
[LightGBM] [Info] Total Bins 2891
[LightGBM] [Info] Start training from score 5724.380627
[LightGBM] [Info] Auto-choosing col-wise multi-threading, the overhead of testing was 0.087650 seconds.
You can set `force_col_wise=true` to remove the overhead.
[LightGBM] [Info] Total Bins 2891
[LightGBM] [Info] Number of data points in the train set: 91002, number of used features: 18
[LightGBM] [Info] Start training from score 5724.258143
[LightGBM] [Info] Number of data points in the train set: 91002, number of used features: 18
[LightGBM] [Info] Start training from score 5724.164203
[LightGBM] [Info] Auto-choosing row-wise multi-threading, the overhead of testing was 0.021661 seconds.
You can set `force_row_wise=true` to remove the overhead.
And if memory is not enough, you can set `force_col_wise=true`.
[LightGBM] [Info] Total Bins 2891
[LightGBM] [Info] Number of data points in the train set: 91002, number of used features: 18
[LightGBM] [Info] Start training from score 5724.407773
[LightGBM] [Info] Auto-choosing row-wise multi-threading, the overhead of testing was 0.026832 seconds.
You can set `force_row_wise=true` to remove the overhead.
And if memory is not enough, you can set `force_col_wise=true`.
[LightGBM] [Info] Auto-choosing row-wise multi-threading, the overhead of testing was 0.032927 seconds.
You can set `force_row_wise=true` to remove the overhead.
And if memory is not enough, you can set `force_col_wise=true`.
[LightGBM] [Info] Total Bins 2891
[LightGBM] [Info] Total Bins 2891
[LightGBM] [Info] Number of data points in the train set: 91002, number of used features: 18
[LightGBM] [Info] Number of data points in the train set: 91002, number of used features: 18
[LightGBM] [Info] Start training from score 5724.226008
[LightGBM] [Info] Start training from score 5724.129532
[LightGBM] [Info] Auto-choosing col-wise multi-threading, the overhead of testing was 0.075195 seconds.
You can set `force_col_wise=true` to remove the overhead.
[LightGBM] [Info] Total Bins 2891
[LightGBM] [Info] Number of data points in the train set: 91002, number of used features: 18
[LightGBM] [Info] Start training from score 5724.055818
[LightGBM] [Info] Auto-choosing col-wise multi-threading, the overhead of testing was 0.076663 seconds.
You can set `force_col_wise=true` to remove the overhead.
[LightGBM] [Info] Total Bins 2891
[LightGBM] [Info] Number of data points in the train set: 91002, number of used features: 18
[LightGBM] [Info] Start training from score 5724.010565
[LightGBM] [Info] Auto-choosing row-wise multi-threading, the overhead of testing was 0.026289 seconds.
You can set `force_row_wise=true` to remove the overhead.
And if memory is not enough, you can set `force_col_wise=true`.
[LightGBM] [Info] Total Bins 2891
[LightGBM] [Info] Number of data points in the train set: 91002, number of used features: 18
[LightGBM] [Info] Start training from score 5723.964794
[LightGBM] [Info] Auto-choosing col-wise multi-threading, the overhead of testing was 0.094507 seconds.
You can set `force_col_wise=true` to remove the overhead.
[LightGBM] [Info] Total Bins 2891
[LightGBM] [Info] Number of data points in the train set: 91002, number of used features: 18
[LightGBM] [Info] Start training from score 5723.921739
[LightGBM] [Info] Auto-choosing row-wise multi-threading, the overhead of testing was 0.025512 seconds.
You can set `force_row_wise=true` to remove the overhead.
And if memory is not enough, you can set `force_col_wise=true`.
[LightGBM] [Info] Total Bins 2891
[LightGBM] [Info] Auto-choosing col-wise multi-threading, the overhead of testing was 0.074677 seconds.
You can set `force_col_wise=true` to remove the overhead.
[LightGBM] [Info] Total Bins 2891
[LightGBM] [Info] Number of data points in the train set: 91002, number of used features: 18
[LightGBM] [Info] Number of data points in the train set: 91002, number of used features: 18
[LightGBM] [Info] Start training from score 5723.855397
[LightGBM] [Info] Start training from score 5723.886349
[LightGBM] [Info] Auto-choosing col-wise multi-threading, the overhead of testing was 0.072056 seconds.
You can set `force_col_wise=true` to remove the overhead.
[LightGBM] [Info] Total Bins 2891
[LightGBM] [Info] Number of data points in the train set: 91002, number of used features: 18
[LightGBM] [Info] Start training from score 5723.827322
[LightGBM] [Info] Auto-choosing row-wise multi-threading, the overhead of testing was 0.039441 seconds.
You can set `force_row_wise=true` to remove the overhead.
And if memory is not enough, you can set `force_col_wise=true`.
[LightGBM] [Info] Total Bins 2891
[LightGBM] [Info] Number of data points in the train set: 91002, number of used features: 18
[LightGBM] [Info] Start training from score 5723.806218
[LightGBM] [Info] Auto-choosing col-wise multi-threading, the overhead of testing was 0.092485 seconds.
You can set `force_col_wise=true` to remove the overhead.
[LightGBM] [Info] Total Bins 2891
[LightGBM] [Info] Number of data points in the train set: 91002, number of used features: 18
[LightGBM] [Info] Start training from score 5723.789064
[LightGBM] [Info] Auto-choosing col-wise multi-threading, the overhead of testing was 0.071768 seconds.
You can set `force_col_wise=true` to remove the overhead.
[LightGBM] [Info] Total Bins 2891
[LightGBM] [Info] Number of data points in the train set: 91002, number of used features: 18
[LightGBM] [Info] Start training from score 5723.770812
[LightGBM] [Info] Auto-choosing col-wise multi-threading, the overhead of testing was 0.076000 seconds.
You can set `force_col_wise=true` to remove the overhead.
[LightGBM] [Info] Total Bins 2891
[LightGBM] [Info] Number of data points in the train set: 91002, number of used features: 18
[LightGBM] [Info] Start training from score 5723.754037
[LightGBM] [Info] Auto-choosing col-wise multi-threading, the overhead of testing was 0.079747 seconds.
You can set `force_col_wise=true` to remove the overhead.
[LightGBM] [Info] Total Bins 2891
[LightGBM] [Info] Number of data points in the train set: 91002, number of used features: 18
[LightGBM] [Info] Start training from score 5723.738474
[LightGBM] [Info] Auto-choosing col-wise multi-threading, the overhead of testing was 0.063617 seconds.
You can set `force_col_wise=true` to remove the overhead.
[LightGBM] [Info] Total Bins 2891
[LightGBM] [Info] Number of data points in the train set: 91002, number of used features: 18
[LightGBM] [Info] Start training from score 5723.722485
[LightGBM] [Info] Auto-choosing row-wise multi-threading, the overhead of testing was 0.027897 seconds.
You can set `force_row_wise=true` to remove the overhead.
And if memory is not enough, you can set `force_col_wise=true`.
[LightGBM] [Info] Total Bins 2891
[LightGBM] [Info] Number of data points in the train set: 91002, number of used features: 18
[LightGBM] [Info] Start training from score 5723.702017
[LightGBM] [Info] Auto-choosing row-wise multi-threading, the overhead of testing was 0.035447 seconds.
You can set `force_row_wise=true` to remove the overhead.
And if memory is not enough, you can set `force_col_wise=true`.
[LightGBM] [Info] Total Bins 2891
[LightGBM] [Info] Number of data points in the train set: 91002, number of used features: 18
[LightGBM] [Info] Start training from score 5723.674640
[LightGBM] [Info] Auto-choosing col-wise multi-threading, the overhead of testing was 0.114025 seconds.
You can set `force_col_wise=true` to remove the overhead.
[LightGBM] [Info] Total Bins 2891
[LightGBM] [Info] Number of data points in the train set: 91002, number of used features: 18
[LightGBM] [Info] Start training from score 5723.646264
[LightGBM] [Info] Auto-choosing row-wise multi-threading, the overhead of testing was 0.018400 seconds.
You can set `force_row_wise=true` to remove the overhead.
And if memory is not enough, you can set `force_col_wise=true`.
[LightGBM] [Info] Total Bins 2891
[LightGBM] [Info] Number of data points in the train set: 91002, number of used features: 18
[LightGBM] [Info] Start training from score 5723.615458
[LightGBM] [Info] Auto-choosing col-wise multi-threading, the overhead of testing was 0.074476 seconds.
You can set `force_col_wise=true` to remove the overhead.
[LightGBM] [Info] Total Bins 2891
[LightGBM] [Info] Number of data points in the train set: 91002, number of used features: 18
[LightGBM] [Info] Start training from score 5723.584938
[LightGBM] [Info] Auto-choosing row-wise multi-threading, the overhead of testing was 0.018184 seconds.
You can set `force_row_wise=true` to remove the overhead.
And if memory is not enough, you can set `force_col_wise=true`.
[LightGBM] [Info] Total Bins 2891
[LightGBM] [Info] Number of data points in the train set: 91002, number of used features: 18
[LightGBM] [Info] Start training from score 5723.556241
[LightGBM] [Info] Auto-choosing col-wise multi-threading, the overhead of testing was 0.064002 seconds.
You can set `force_col_wise=true` to remove the overhead.
[LightGBM] [Info] Total Bins 2891
[LightGBM] [Info] Number of data points in the train set: 91002, number of used features: 18
[LightGBM] [Info] Start training from score 5723.529042
==============================================================================
MASTER FORECAST | algo=lgbm task=load strategy=direct
  market=dam task=load gate=strict delay_override=None → gap=12h (crosslag_gap=12h) | horizon=24 stride=24 retrain=weekly
  groups=['calendar', 'lags', 'roll', 'loadfc']  (#features=18)
  test=[2025-06-01 00:00:00 .. 2025-08-31 23:00:00]  train_end=None
==============================================================================
  AEL crosslag_mode=freeze (crosslag_gap=12h)
   [fit] key=2025-W22 cutoff=2025-05-31 11:00:00  (block 1/92)
[LightGBM] [Info] Auto-choosing row-wise multi-threading, the overhead of testing was 0.025186 seconds.
You can set `force_row_wise=true` to remove the overhead.
And if memory is not enough, you can set `force_col_wise=true`.
[LightGBM] [Info] Total Bins 2891
[LightGBM] [Info] Number of data points in the train set: 91050, number of used features: 18
[LightGBM] [Info] Start training from score 5724.056903
[LightGBM] [Info] Auto-choosing row-wise multi-threading, the overhead of testing was 0.028284 seconds.
You can set `force_row_wise=true` to remove the overhead.
And if memory is not enough, you can set `force_col_wise=true`.
[LightGBM] [Info] Total Bins 2891
[LightGBM] [Info] Number of data points in the train set: 91050, number of used features: 18
[LightGBM] [Info] Start training from score 5723.993315
[LightGBM] [Info] Auto-choosing col-wise multi-threading, the overhead of testing was 0.084995 seconds.
You can set `force_col_wise=true` to remove the overhead.
[LightGBM] [Info] Total Bins 2891
[LightGBM] [Info] Number of data points in the train set: 91050, number of used features: 18
[LightGBM] [Info] Auto-choosing col-wise multi-threading, the overhead of testing was 0.081881 seconds.
You can set `force_col_wise=true` to remove the overhead.
[LightGBM] [Info] Auto-choosing col-wise multi-threading, the overhead of testing was 0.077450 seconds.
You can set `force_col_wise=true` to remove the overhead.
[LightGBM] [Info] Total Bins 2891
[LightGBM] [Info] Total Bins 2891
[LightGBM] [Info] Start training from score 5724.035100
[LightGBM] [Info] Number of data points in the train set: 91050, number of used features: 18
[LightGBM] [Info] Start training from score 5723.946416
[LightGBM] [Info] Number of data points in the train set: 91050, number of used features: 18
[LightGBM] [Info] Start training from score 5723.912804
[LightGBM] [Info] Auto-choosing row-wise multi-threading, the overhead of testing was 0.024541 seconds.
You can set `force_row_wise=true` to remove the overhead.
And if memory is not enough, you can set `force_col_wise=true`.
[LightGBM] [Info] Total Bins 2891
[LightGBM] [Info] Auto-choosing row-wise multi-threading, the overhead of testing was 0.025862 seconds.
You can set `force_row_wise=true` to remove the overhead.
And if memory is not enough, you can set `force_col_wise=true`.
[LightGBM] [Info] Total Bins 2891
[LightGBM] [Info] Number of data points in the train set: 91050, number of used features: 18
[LightGBM] [Info] Start training from score 5723.875541
[LightGBM] [Info] Auto-choosing col-wise multi-threading, the overhead of testing was 0.084099 seconds.
You can set `force_col_wise=true` to remove the overhead.
[LightGBM] [Info] Total Bins 2891
[LightGBM] [Info] Number of data points in the train set: 91050, number of used features: 18
[LightGBM] [Info] Start training from score 5723.594483
[LightGBM] [Info] Auto-choosing row-wise multi-threading, the overhead of testing was 0.026278 seconds.
You can set `force_row_wise=true` to remove the overhead.
And if memory is not enough, you can set `force_col_wise=true`.
[LightGBM] [Info] Total Bins 2891
[LightGBM] [Info] Number of data points in the train set: 91050, number of used features: 18
[LightGBM] [Info] Auto-choosing row-wise multi-threading, the overhead of testing was 0.029024 seconds.
You can set `force_row_wise=true` to remove the overhead.
And if memory is not enough, you can set `force_col_wise=true`.
[LightGBM] [Info] Total Bins 2891
[LightGBM] [Info] Auto-choosing row-wise multi-threading, the overhead of testing was 0.027919 seconds.
You can set `force_row_wise=true` to remove the overhead.
And if memory is not enough, you can set `force_col_wise=true`.
[LightGBM] [Info] Total Bins 2891
[LightGBM] [Info] Number of data points in the train set: 91050, number of used features: 18
[LightGBM] [Info] Number of data points in the train set: 91050, number of used features: 18
[LightGBM] [Info] Number of data points in the train set: 91050, number of used features: 18
[LightGBM] [Info] Start training from score 5723.833717
[LightGBM] [Info] Start training from score 5723.550504
[LightGBM] [Info] Auto-choosing row-wise multi-threading, the overhead of testing was 0.030578 seconds.
You can set `force_row_wise=true` to remove the overhead.
And if memory is not enough, you can set `force_col_wise=true`.
[LightGBM] [Info] Start training from score 5723.674611
[LightGBM] [Info] Start training from score 5724.013695
[LightGBM] [Info] Total Bins 2891
[LightGBM] [Info] Number of data points in the train set: 91050, number of used features: 18
[LightGBM] [Info] Auto-choosing row-wise multi-threading, the overhead of testing was 0.033775 seconds.
You can set `force_row_wise=true` to remove the overhead.
And if memory is not enough, you can set `force_col_wise=true`.
[LightGBM] [Info] Total Bins 2891
[LightGBM] [Info] Auto-choosing col-wise multi-threading, the overhead of testing was 0.089552 seconds.
You can set `force_col_wise=true` to remove the overhead.
[LightGBM] [Info] Total Bins 2891
[LightGBM] [Info] Start training from score 5723.972722
[LightGBM] [Info] Number of data points in the train set: 91050, number of used features: 18
[LightGBM] [Info] Number of data points in the train set: 91050, number of used features: 18
[LightGBM] [Info] [LightGBM] [Info] Start training from score 5723.790990
[LightGBM] [Info] Start training from score 5723.713170
[LightGBM] [Info] Auto-choosing col-wise multi-threading, the overhead of testing was 0.083821 seconds.
You can set `force_col_wise=true` to remove the overhead.
[LightGBM] [Info] Total Bins 2891
[LightGBM] [Info] Number of data points in the train set: 91050, number of used features: 18
Auto-choosing col-wise multi-threading, the overhead of testing was 0.070280 seconds.
You can set `force_col_wise=true` to remove the overhead.
[LightGBM] [Info] Total Bins 2891
[LightGBM] [Info] Start training from score 5723.636604
[LightGBM] [Info] Number of data points in the train set: 91050, number of used features: 18
[LightGBM] [Info] Start training from score 5723.751439
[LightGBM] [Info] Auto-choosing row-wise multi-threading, the overhead of testing was 0.026388 seconds.
You can set `force_row_wise=true` to remove the overhead.
And if memory is not enough, you can set `force_col_wise=true`.
[LightGBM] [Info] Total Bins 2891
[LightGBM] [Info] Number of data points in the train set: 91050, number of used features: 18
[LightGBM] [Info] Start training from score 5723.505980
[LightGBM] [Info] Auto-choosing col-wise multi-threading, the overhead of testing was 0.096559 seconds.
You can set `force_col_wise=true` to remove the overhead.
[LightGBM] [Info] Total Bins 2891
[LightGBM] [Info] Number of data points in the train set: 91050, number of used features: 18
[LightGBM] [Info] Start training from score 5723.455601
[LightGBM] [Info] Auto-choosing row-wise multi-threading, the overhead of testing was 0.025976 seconds.
You can set `force_row_wise=true` to remove the overhead.
And if memory is not enough, you can set `force_col_wise=true`.
[LightGBM] [Info] Total Bins 2891
[LightGBM] [Info] Number of data points in the train set: 91050, number of used features: 18
[LightGBM] [Info] Start training from score 5723.406822
[LightGBM] [Info] Auto-choosing col-wise multi-threading, the overhead of testing was 0.079726 seconds.
You can set `force_col_wise=true` to remove the overhead.
[LightGBM] [Info] Total Bins 2891
[LightGBM] [Info] Number of data points in the train set: 91050, number of used features: 18
[LightGBM] [Info] Start training from score 5723.361055
[LightGBM] [Info] Auto-choosing col-wise multi-threading, the overhead of testing was 0.076267 seconds.
You can set `force_col_wise=true` to remove the overhead.
[LightGBM] [Info] Total Bins 2891
[LightGBM] [Info] Number of data points in the train set: 91050, number of used features: 18
[LightGBM] [Info] Start training from score 5723.325113
[LightGBM] [Info] Auto-choosing col-wise multi-threading, the overhead of testing was 0.073271 seconds.
You can set `force_col_wise=true` to remove the overhead.
[LightGBM] [Info] Total Bins 2891
[LightGBM] [Info] Number of data points in the train set: 91050, number of used features: 18
[LightGBM] [Info] Start training from score 5723.295286
[LightGBM] [Info] Auto-choosing col-wise multi-threading, the overhead of testing was 0.081746 seconds.
You can set `force_col_wise=true` to remove the overhead.
[LightGBM] [Info] Total Bins 2891
[LightGBM] [Info] Number of data points in the train set: 91050, number of used features: 18
[LightGBM] [Info] Start training from score 5723.267588
[LightGBM] [Info] Auto-choosing col-wise multi-threading, the overhead of testing was 0.088343 seconds.
You can set `force_col_wise=true` to remove the overhead.
[LightGBM] [Info] Total Bins 2891
[LightGBM] [Info] Number of data points in the train set: 91050, number of used features: 18
[LightGBM] [Info] Start training from score 5723.243354
[LightGBM] [Info] Auto-choosing row-wise multi-threading, the overhead of testing was 0.023120 seconds.
You can set `force_row_wise=true` to remove the overhead.
And if memory is not enough, you can set `force_col_wise=true`.
[LightGBM] [Info] Total Bins 2891
[LightGBM] [Info] Number of data points in the train set: 91050, number of used features: 18
[LightGBM] [Info] Start training from score 5723.222563
[LightGBM] [Info] Auto-choosing row-wise multi-threading, the overhead of testing was 0.031744 seconds.
You can set `force_row_wise=true` to remove the overhead.
And if memory is not enough, you can set `force_col_wise=true`.
[LightGBM] [Info] Total Bins 2891
[LightGBM] [Info] Number of data points in the train set: 91050, number of used features: 18
[LightGBM] [Info] Start training from score 5723.201191
[LightGBM] [Info] Auto-choosing col-wise multi-threading, the overhead of testing was 0.072127 seconds.
You can set `force_col_wise=true` to remove the overhead.
[LightGBM] [Info] Total Bins 2891
[LightGBM] [Info] Number of data points in the train set: 91050, number of used features: 18
[LightGBM] [Info] Start training from score 5723.181240
[LightGBM] [Info] Auto-choosing row-wise multi-threading, the overhead of testing was 0.026320 seconds.
You can set `force_row_wise=true` to remove the overhead.
And if memory is not enough, you can set `force_col_wise=true`.
[LightGBM] [Info] Total Bins 2891
[LightGBM] [Info] Number of data points in the train set: 91050, number of used features: 18
[LightGBM] [Info] Start training from score 5723.162247
[LightGBM] [Info] Auto-choosing col-wise multi-threading, the overhead of testing was 0.095745 seconds.
You can set `force_col_wise=true` to remove the overhead.
[LightGBM] [Info] Total Bins 2891
[LightGBM] [Info] Number of data points in the train set: 91050, number of used features: 18
[LightGBM] [Info] Start training from score 5723.143960
[LightGBM] [Info] Auto-choosing col-wise multi-threading, the overhead of testing was 0.088497 seconds.
You can set `force_col_wise=true` to remove the overhead.
[LightGBM] [Info] Total Bins 2891
[LightGBM] [Info] Number of data points in the train set: 91050, number of used features: 18
[LightGBM] [Info] Start training from score 5723.098732
[LightGBM] [Info] Auto-choosing row-wise multi-threading, the overhead of testing was 0.025239 seconds.
You can set `force_row_wise=true` to remove the overhead.
And if memory is not enough, you can set `force_col_wise=true`.
[LightGBM] [Info] Total Bins 2891
[LightGBM] [Info] Number of data points in the train set: 91050, number of used features: 18
[LightGBM] [Info] Start training from score 5723.073655
[LightGBM] [Info] Auto-choosing col-wise multi-threading, the overhead of testing was 0.079280 seconds.
You can set `force_col_wise=true` to remove the overhead.
[LightGBM] [Info] Total Bins 2891
[LightGBM] [Info] Number of data points in the train set: 91050, number of used features: 18
[LightGBM] [Info] Start training from score 5723.123547
[LightGBM] [Info] Auto-choosing col-wise multi-threading, the overhead of testing was 0.066569 seconds.
You can set `force_col_wise=true` to remove the overhead.
[LightGBM] [Info] Total Bins 2891
[LightGBM] [Info] Number of data points in the train set: 91050, number of used features: 18
[LightGBM] [Info] Start training from score 5723.045842
[LightGBM] [Info] Auto-choosing col-wise multi-threading, the overhead of testing was 0.075202 seconds.
You can set `force_col_wise=true` to remove the overhead.
[LightGBM] [Info] Total Bins 2891
[LightGBM] [Info] Number of data points in the train set: 91050, number of used features: 18
[LightGBM] [Info] Start training from score 5723.018490
[LightGBM] [Info] Auto-choosing row-wise multi-threading, the overhead of testing was 0.022855 seconds.
You can set `force_row_wise=true` to remove the overhead.
And if memory is not enough, you can set `force_col_wise=true`.
[LightGBM] [Info] Total Bins 2891
[LightGBM] [Info] Number of data points in the train set: 91050, number of used features: 18
[LightGBM] [Info] Start training from score 5722.993191
[LightGBM] [Info] Auto-choosing col-wise multi-threading, the overhead of testing was 0.075981 seconds.
You can set `force_col_wise=true` to remove the overhead.
[LightGBM] [Info] Total Bins 2891
[LightGBM] [Info] Number of data points in the train set: 91050, number of used features: 18
[LightGBM] [Info] Start training from score 5722.969609
   [fit] key=2025-W23 cutoff=2025-06-02 11:00:00  (block 3/92)
[LightGBM] [Info] Auto-choosing col-wise multi-threading, the overhead of testing was 0.085865 seconds.
You can set `force_col_wise=true` to remove the overhead.
[LightGBM] [Info] Total Bins 2891
[LightGBM] [Info] Number of data points in the train set: 91218, number of used features: 18
[LightGBM] [Info] Start training from score 5723.441864
[LightGBM] [Info] Auto-choosing row-wise multi-threading, the overhead of testing was 0.023402 seconds.
You can set `force_row_wise=true` to remove the overhead.
And if memory is not enough, you can set `force_col_wise=true`.
[LightGBM] [Info] Total Bins 2891
[LightGBM] [Info] Number of data points in the train set: 91218, number of used features: 18
[LightGBM] [Info] Start training from score 5723.455029
[LightGBM] [Info] Auto-choosing row-wise multi-threading, the overhead of testing was 0.026127 seconds.
You can set `force_row_wise=true` to remove the overhead.
And if memory is not enough, you can set `force_col_wise=true`.
[LightGBM] [Info] Total Bins 2891
[LightGBM] [Info] Number of data points in the train set: 91218, number of used features: 18
[LightGBM] [Info] Start training from score 5723.416238
[LightGBM] [Info] Auto-choosing row-wise multi-threading, the overhead of testing was 0.028222 seconds.
You can set `force_row_wise=true` to remove the overhead.
And if memory is not enough, you can set `force_col_wise=true`.
[LightGBM] [Info] Total Bins 2891
[LightGBM] [Info] Number of data points in the train set: 91218, number of used features: 18
[LightGBM] [Info] Start training from score 5723.371087
[LightGBM] [Info] Auto-choosing col-wise multi-threading, the overhead of testing was 0.080191 seconds.
You can set `force_col_wise=true` to remove the overhead.
[LightGBM] [Info] Total Bins 2891
[LightGBM] [Info] Number of data points in the train set: 91218, number of used features: 18
[LightGBM] [Info] Auto-choosing col-wise multi-threading, the overhead of testing was 0.078628 seconds.
You can set `force_col_wise=true` to remove the overhead.
[LightGBM] [Info] Start training from score 5723.341533
[LightGBM] [Info] Total Bins 2891
[LightGBM] [Info] Number of data points in the train set: 91218, number of used features: 18
[LightGBM] [Info] Start training from score 5723.119611
[LightGBM] [Info] Auto-choosing col-wise multi-threading, the overhead of testing was 0.082340 seconds.
You can set `force_col_wise=true` to remove the overhead.
[LightGBM] [Info] Total Bins 2891
[LightGBM] [Info] Number of data points in the train set: 91218, number of used features: 18
[LightGBM] [Info] Auto-choosing col-wise multi-threading, the overhead of testing was 0.081609 seconds.
You can set `force_col_wise=true` to remove the overhead.
[LightGBM] [Info] Total Bins 2891
[LightGBM] [Info] Auto-choosing row-wise multi-threading, the overhead of testing was 0.025729 seconds.
You can set `force_row_wise=true` to remove the overhead.
And if memory is not enough, you can set `force_col_wise=true`.
[LightGBM] [Info] Total Bins 2891
[LightGBM] [Info] Number of data points in the train set: 91218, number of used features: 18
[LightGBM] [Info] Start training from score 5723.178444
[LightGBM] [Info] Start training from score 5723.397358
[LightGBM] [Info] Number of data points in the train set: 91218, number of used features: 18
[LightGBM] [Info] Start training from score 5723.150407
[LightGBM] [Info] Auto-choosing row-wise multi-threading, the overhead of testing was 0.037561 seconds.
You can set `force_row_wise=true` to remove the overhead.
And if memory is not enough, you can set `force_col_wise=true`.
[LightGBM] [Info] Total Bins 2891
[LightGBM] [Info] Number of data points in the train set: 91218, number of used features: 18
[LightGBM] [Info] Auto-choosing col-wise multi-threading, the overhead of testing was 0.078845 seconds.
You can set `force_col_wise=true` to remove the overhead.
[LightGBM] [Info] Auto-choosing row-wise multi-threading, the overhead of testing was 0.027307 seconds.
You can set `force_row_wise=true` to remove the overhead.
And if memory is not enough, you can set `force_col_wise=true`.
[LightGBM] [Info] Total Bins 2891
[LightGBM] [Info] Total Bins 2891
[LightGBM] [Info] Start training from score 5723.429371
[LightGBM] [Info] Number of data points in the train set: 91218, number of used features: 18
[LightGBM] [Info] Start training from score 5723.208535
[LightGBM] [Info] Auto-choosing row-wise multi-threading, the overhead of testing was 0.031297 seconds.
You can set `force_row_wise=true` to remove the overhead.
And if memory is not enough, you can set `force_col_wise=true`.
[LightGBM] [Info] Number of data points in the train set: 91218, number of used features: 18
[LightGBM] [Info] Total Bins 2891
[LightGBM] [Info] Start training from score 5723.272793
[LightGBM] [Info] Number of data points in the train set: 91218, number of used features: 18
[LightGBM] [Info] Auto-choosing row-wise multi-threading, the overhead of testing was 0.029456 seconds.
You can set `force_row_wise=true` to remove the overhead.
And if memory is not enough, you can set `force_col_wise=true`.
[LightGBM] [Info] Total Bins 2891
[LightGBM] [Info] Start training from score 5723.239695
[LightGBM] [Info] Number of data points in the train set: 91218, number of used features: 18
[LightGBM] [Info] Start training from score 5723.307833
[LightGBM] [Info] Auto-choosing col-wise multi-threading, the overhead of testing was 0.088739 seconds.
You can set `force_col_wise=true` to remove the overhead.
[LightGBM] [Info] Total Bins 2891
[LightGBM] [Info] Number of data points in the train set: 91218, number of used features: 18
[LightGBM] [Info] Start training from score 5723.468888
[LightGBM] [Info] Auto-choosing row-wise multi-threading, the overhead of testing was 0.028221 seconds.
You can set `force_row_wise=true` to remove the overhead.
And if memory is not enough, you can set `force_col_wise=true`.
[LightGBM] [Info] Total Bins 2891
[LightGBM] [Info] Number of data points in the train set: 91218, number of used features: 18
[LightGBM] [Info] Start training from score 5723.089274
[LightGBM] [Info] Auto-choosing col-wise multi-threading, the overhead of testing was 0.080717 seconds.
You can set `force_col_wise=true` to remove the overhead.
[LightGBM] [Info] Total Bins 2891
[LightGBM] [Info] Number of data points in the train set: 91218, number of used features: 18
[LightGBM] [Info] Start training from score 5723.057757
[LightGBM] [Info] Auto-choosing col-wise multi-threading, the overhead of testing was 0.088208 seconds.
You can set `force_col_wise=true` to remove the overhead.
[LightGBM] [Info] Total Bins 2891
[LightGBM] [Info] Number of data points in the train set: 91218, number of used features: 18
[LightGBM] [Info] Start training from score 5723.020198
[LightGBM] [Info] Auto-choosing row-wise multi-threading, the overhead of testing was 0.035055 seconds.
You can set `force_row_wise=true` to remove the overhead.
And if memory is not enough, you can set `force_col_wise=true`.
[LightGBM] [Info] Total Bins 2891
[LightGBM] [Info] Number of data points in the train set: 91218, number of used features: 18
[LightGBM] [Info] Start training from score 5722.982659
[LightGBM] [Info] Auto-choosing row-wise multi-threading, the overhead of testing was 0.042316 seconds.
You can set `force_row_wise=true` to remove the overhead.
And if memory is not enough, you can set `force_col_wise=true`.
[LightGBM] [Info] Total Bins 2891
[LightGBM] [Info] Number of data points in the train set: 91218, number of used features: 18
[LightGBM] [Info] Start training from score 5722.946776
[LightGBM] [Info] Auto-choosing col-wise multi-threading, the overhead of testing was 0.078678 seconds.
You can set `force_col_wise=true` to remove the overhead.
[LightGBM] [Info] Total Bins 2891
[LightGBM] [Info] Number of data points in the train set: 91218, number of used features: 18
[LightGBM] [Info] Start training from score 5722.920362
[LightGBM] [Info] Auto-choosing row-wise multi-threading, the overhead of testing was 0.027653 seconds.
You can set `force_row_wise=true` to remove the overhead.
And if memory is not enough, you can set `force_col_wise=true`.
[LightGBM] [Info] Total Bins 2891
[LightGBM] [Info] Number of data points in the train set: 91218, number of used features: 18
[LightGBM] [Info] Start training from score 5722.900642
[LightGBM] [Info] Auto-choosing col-wise multi-threading, the overhead of testing was 0.068168 seconds.
You can set `force_col_wise=true` to remove the overhead.
[LightGBM] [Info] Total Bins 2891
[LightGBM] [Info] Number of data points in the train set: 91218, number of used features: 18
[LightGBM] [Info] Start training from score 5722.883750
[LightGBM] [Info] Auto-choosing row-wise multi-threading, the overhead of testing was 0.035547 seconds.
You can set `force_row_wise=true` to remove the overhead.
And if memory is not enough, you can set `force_col_wise=true`.
[LightGBM] [Info] Auto-choosing col-wise multi-threading, the overhead of testing was 0.117671 seconds.
You can set `force_col_wise=true` to remove the overhead.
[LightGBM] [Info] Total Bins 2891
[LightGBM] [Info] Total Bins 2891
[LightGBM] [Info] Number of data points in the train set: 91218, number of used features: 18
[LightGBM] [Info] Number of data points in the train set: 91218, number of used features: 18
[LightGBM] [Info] Start training from score 5722.870217
[LightGBM] [Info] Start training from score 5722.860010
[LightGBM] [Info] Auto-choosing row-wise multi-threading, the overhead of testing was 0.031373 seconds.
You can set `force_row_wise=true` to remove the overhead.
And if memory is not enough, you can set `force_col_wise=true`.
[LightGBM] [Info] Total Bins 2891
[LightGBM] [Info] Number of data points in the train set: 91218, number of used features: 18
[LightGBM] [Info] Start training from score 5722.847984
[LightGBM] [Info] Auto-choosing col-wise multi-threading, the overhead of testing was 0.084152 seconds.
You can set `force_col_wise=true` to remove the overhead.
[LightGBM] [Info] Total Bins 2891
[LightGBM] [Info] Number of data points in the train set: 91218, number of used features: 18
[LightGBM] [Info] Start training from score 5722.836708
[LightGBM] [Info] Auto-choosing col-wise multi-threading, the overhead of testing was 0.083384 seconds.
You can set `force_col_wise=true` to remove the overhead.
[LightGBM] [Info] Total Bins 2891
[LightGBM] [Info] Number of data points in the train set: 91218, number of used features: 18
[LightGBM] [Info] Start training from score 5722.825491
[LightGBM] [Info] Auto-choosing row-wise multi-threading, the overhead of testing was 0.022306 seconds.
You can set `force_row_wise=true` to remove the overhead.
And if memory is not enough, you can set `force_col_wise=true`.
[LightGBM] [Info] Total Bins 2891
[LightGBM] [Info] Number of data points in the train set: 91218, number of used features: 18
[LightGBM] [Info] Start training from score 5722.812828
[LightGBM] [Info] Auto-choosing col-wise multi-threading, the overhead of testing was 0.109738 seconds.
You can set `force_col_wise=true` to remove the overhead.
[LightGBM] [Info] Total Bins 2891
[LightGBM] [Info] Number of data points in the train set: 91218, number of used features: 18
[LightGBM] [Info] Auto-choosing row-wise multi-threading, the overhead of testing was 0.035234 seconds.
You can set `force_row_wise=true` to remove the overhead.
And if memory is not enough, you can set `force_col_wise=true`.
[LightGBM] [Info] Total Bins 2891
[LightGBM] [Info] Start training from score 5722.796180
[LightGBM] [Info] Auto-choosing col-wise multi-threading, the overhead of testing was 0.096499 seconds.
You can set `force_col_wise=true` to remove the overhead.
[LightGBM] [Info] Total Bins 2891
[LightGBM] [Info] Number of data points in the train set: 91218, number of used features: 18
[LightGBM] [Info] Number of data points in the train set: 91218, number of used features: 18
[LightGBM] [Info] Start training from score 5722.773089
[LightGBM] [Info] Start training from score 5722.749165
[LightGBM] [Info] Auto-choosing row-wise multi-threading, the overhead of testing was 0.025983 seconds.
You can set `force_row_wise=true` to remove the overhead.
And if memory is not enough, you can set `force_col_wise=true`.
[LightGBM] [Info] Total Bins 2891
[LightGBM] [Info] Number of data points in the train set: 91218, number of used features: 18
[LightGBM] [Info] Start training from score 5722.699582
[LightGBM] [Info] Auto-choosing col-wise multi-threading, the overhead of testing was 0.075479 seconds.
You can set `force_col_wise=true` to remove the overhead.
[LightGBM] [Info] Total Bins 2891
[LightGBM] [Info] Number of data points in the train set: 91218, number of used features: 18
[LightGBM] [Info] Start training from score 5722.723672
[LightGBM] [Info] Auto-choosing col-wise multi-threading, the overhead of testing was 0.079540 seconds.
You can set `force_col_wise=true` to remove the overhead.
[LightGBM] [Info] Total Bins 2891
[LightGBM] [Info] Number of data points in the train set: 91218, number of used features: 18
[LightGBM] [Info] Start training from score 5722.678737
[LightGBM] [Info] Auto-choosing col-wise multi-threading, the overhead of testing was 0.075583 seconds.
You can set `force_col_wise=true` to remove the overhead.
[LightGBM] [Info] Total Bins 2891
[LightGBM] [Info] Number of data points in the train set: 91218, number of used features: 18
[LightGBM] [Info] Start training from score 5722.661458
   [fit] key=2025-W24 cutoff=2025-06-09 11:00:00  (block 10/92)
[LightGBM] [Info] Auto-choosing col-wise multi-threading, the overhead of testing was 0.082171 seconds.
You can set `force_col_wise=true` to remove the overhead.
[LightGBM] [Info] Total Bins 2891
[LightGBM] [Info] Number of data points in the train set: 91386, number of used features: 18
[LightGBM] [Info] Auto-choosing row-wise multi-threading, the overhead of testing was 0.021311 seconds.
You can set `force_row_wise=true` to remove the overhead.
And if memory is not enough, you can set `force_col_wise=true`.
[LightGBM] [Info] Total Bins 2891
[LightGBM] [Info] Number of data points in the train set: 91386, number of used features: 18
[LightGBM] [Info] Start training from score 5724.309599
[LightGBM] [Info] Start training from score 5724.135148
[LightGBM] [Info] Auto-choosing row-wise multi-threading, the overhead of testing was 0.025340 seconds.
You can set `force_row_wise=true` to remove the overhead.
And if memory is not enough, you can set `force_col_wise=true`.
[LightGBM] [Info] Auto-choosing col-wise multi-threading, the overhead of testing was 0.080735 seconds.
You can set `force_col_wise=true` to remove the overhead.
[LightGBM] [Info] Total Bins 2891
[LightGBM] [Info] Number of data points in the train set: 91386, number of used features: 18
[LightGBM] [Info] Total Bins 2891
[LightGBM] [Info] Start training from score 5724.168734
[LightGBM] [Info] Number of data points in the train set: 91386, number of used features: 18
[LightGBM] [Info] Start training from score 5723.954199
[LightGBM] [Info] Auto-choosing col-wise multi-threading, the overhead of testing was 0.080266 seconds.
You can set `force_col_wise=true` to remove the overhead.
[LightGBM] [Info] Total Bins 2891
[LightGBM] [Info] Auto-choosing col-wise multi-threading, the overhead of testing was 0.092252 seconds.
You can set `force_col_wise=true` to remove the overhead.
[LightGBM] [Info] Total Bins 2891
[LightGBM] [Info] Number of data points in the train set: 91386, number of used features: 18
[LightGBM] [Info] Number of data points in the train set: 91386, number of used features: 18
[LightGBM] [Info] Start training from score 5724.043282
[LightGBM] [Info] Start training from score 5724.200993
[LightGBM] [Info] Auto-choosing col-wise multi-threading, the overhead of testing was 0.084216 seconds.
You can set `force_col_wise=true` to remove the overhead.
[LightGBM] [Info] Total Bins 2891
[LightGBM] [Info] Number of data points in the train set: 91386, number of used features: 18
[LightGBM] [Info] Start training from score 5724.103326
[LightGBM] [Info] Auto-choosing col-wise multi-threading, the overhead of testing was 0.102292 seconds.
You can set `force_col_wise=true` to remove the overhead.
[LightGBM] [Info] Total Bins 2891
[LightGBM] [Info] Auto-choosing row-wise multi-threading, the overhead of testing was 0.024780 seconds.
You can set `force_row_wise=true` to remove the overhead.
And if memory is not enough, you can set `force_col_wise=true`.
[LightGBM] [Info] Number of data points in the train set: 91386, number of used features: 18
[LightGBM] [Info] Total Bins 2891
[LightGBM] [Info] Start training from score 5724.253684
[LightGBM] [Info] Number of data points in the train set: 91386, number of used features: 18
[LightGBM] [Info] Start training from score 5724.280320
[LightGBM] [Info] Auto-choosing col-wise multi-threading, the overhead of testing was 0.083026 seconds.
You can set `force_col_wise=true` to remove the overhead.
[LightGBM] [Info] Total Bins 2891
[LightGBM] [Info] Number of data points in the train set: 91386, number of used features: 18
[LightGBM] [Info] Auto-choosing row-wise multi-threading, the overhead of testing was 0.023391 seconds.
You can set `force_row_wise=true` to remove the overhead.
And if memory is not enough, you can set `force_col_wise=true`.
[LightGBM] [Info] Total Bins 2891
[LightGBM] [Info] Start training from score 5724.015317
[LightGBM] [Info] Number of data points in the train set: 91386, number of used features: 18
[LightGBM] [Info] Start training from score 5724.270166
[LightGBM] [Info] Auto-choosing col-wise multi-threading, the overhead of testing was 0.088822 seconds.
You can set `force_col_wise=true` to remove the overhead.
[LightGBM] [Info] Auto-choosing col-wise multi-threading, the overhead of testing was 0.092176 seconds.
You can set `force_col_wise=true` to remove the overhead.
[LightGBM] [Info] Total Bins 2891
[LightGBM] [Info] Total Bins 2891
[LightGBM] [Info] Number of data points in the train set: 91386, number of used features: 18
[LightGBM] [Info] Start training from score 5724.228884
[LightGBM] [Info] Number of data points in the train set: 91386, number of used features: 18
[LightGBM] [Info] Start training from score 5724.290131
[LightGBM] [Info] Auto-choosing row-wise multi-threading, the overhead of testing was 0.030533 seconds.
You can set `force_row_wise=true` to remove the overhead.
And if memory is not enough, you can set `force_col_wise=true`.
[LightGBM] [Info] Total Bins 2891
[LightGBM] [Info] Number of data points in the train set: 91386, number of used features: 18
[LightGBM] [Info] Start training from score 5724.072836
[LightGBM] [Info] Auto-choosing row-wise multi-threading, the overhead of testing was 0.027591 seconds.
You can set `force_row_wise=true` to remove the overhead.
And if memory is not enough, you can set `force_col_wise=true`.
[LightGBM] [Info] Total Bins 2891
[LightGBM] [Info] Number of data points in the train set: 91386, number of used features: 18
[LightGBM] [Info] Start training from score 5724.300034
[LightGBM] [Info] Auto-choosing row-wise multi-threading, the overhead of testing was 0.026180 seconds.
You can set `force_row_wise=true` to remove the overhead.
And if memory is not enough, you can set `force_col_wise=true`.
[LightGBM] [Info] Total Bins 2891
[LightGBM] [Info] Number of data points in the train set: 91386, number of used features: 18
[LightGBM] [Info] Start training from score 5723.984612
[LightGBM] [Info] Auto-choosing col-wise multi-threading, the overhead of testing was 0.123073 seconds.
You can set `force_col_wise=true` to remove the overhead.
[LightGBM] [Info] Total Bins 2891
[LightGBM] [Info] Number of data points in the train set: 91386, number of used features: 18
[LightGBM] [Info] Start training from score 5723.922740
[LightGBM] [Info] Auto-choosing col-wise multi-threading, the overhead of testing was 0.101807 seconds.
You can set `force_col_wise=true` to remove the overhead.
[LightGBM] [Info] Total Bins 2891
[LightGBM] [Info] Number of data points in the train set: 91386, number of used features: 18
[LightGBM] [Info] Start training from score 5723.885721
[LightGBM] [Info] Auto-choosing row-wise multi-threading, the overhead of testing was 0.027567 seconds.
You can set `force_row_wise=true` to remove the overhead.
And if memory is not enough, you can set `force_col_wise=true`.
[LightGBM] [Info] Total Bins 2891
[LightGBM] [Info] Number of data points in the train set: 91386, number of used features: 18
[LightGBM] [Info] Start training from score 5723.849257
[LightGBM] [Info] Auto-choosing col-wise multi-threading, the overhead of testing was 0.078250 seconds.
You can set `force_col_wise=true` to remove the overhead.
[LightGBM] [Info] Total Bins 2891
[LightGBM] [Info] Number of data points in the train set: 91386, number of used features: 18
[LightGBM] [Info] Start training from score 5723.813889
[LightGBM] [Info] Auto-choosing col-wise multi-threading, the overhead of testing was 0.090157 seconds.
You can set `force_col_wise=true` to remove the overhead.
[LightGBM] [Info] Total Bins 2891
[LightGBM] [Info] Number of data points in the train set: 91386, number of used features: 18
[LightGBM] [Info] Start training from score 5723.788037
[LightGBM] [Info] Auto-choosing col-wise multi-threading, the overhead of testing was 0.079488 seconds.
You can set `force_col_wise=true` to remove the overhead.
[LightGBM] [Info] Total Bins 2891
[LightGBM] [Info] Number of data points in the train set: 91386, number of used features: 18
[LightGBM] [Info] Start training from score 5723.769054
[LightGBM] [Info] Auto-choosing col-wise multi-threading, the overhead of testing was 0.084822 seconds.
You can set `force_col_wise=true` to remove the overhead.
[LightGBM] [Info] Total Bins 2891
[LightGBM] [Info] Number of data points in the train set: 91386, number of used features: 18
[LightGBM] [Info] Start training from score 5723.752335
[LightGBM] [Info] Auto-choosing row-wise multi-threading, the overhead of testing was 0.028438 seconds.
You can set `force_row_wise=true` to remove the overhead.
And if memory is not enough, you can set `force_col_wise=true`.
[LightGBM] [Info] Total Bins 2891
[LightGBM] [Info] Number of data points in the train set: 91386, number of used features: 18
[LightGBM] [Info] Start training from score 5723.739735
[LightGBM] [Info] Auto-choosing col-wise multi-threading, the overhead of testing was 0.073437 seconds.
You can set `force_col_wise=true` to remove the overhead.
[LightGBM] [Info] Total Bins 2891
[LightGBM] [Info] Number of data points in the train set: 91386, number of used features: 18
[LightGBM] [Info] Start training from score 5723.729996
[LightGBM] [Info] Auto-choosing row-wise multi-threading, the overhead of testing was 0.031734 seconds.
You can set `force_row_wise=true` to remove the overhead.
And if memory is not enough, you can set `force_col_wise=true`.
[LightGBM] [Info] Total Bins 2891
[LightGBM] [Info] Number of data points in the train set: 91386, number of used features: 18
[LightGBM] [Info] Start training from score 5723.718780
[LightGBM] [Info] Auto-choosing col-wise multi-threading, the overhead of testing was 0.091628 seconds.
You can set `force_col_wise=true` to remove the overhead.
[LightGBM] [Info] Total Bins 2891
[LightGBM] [Info] Number of data points in the train set: 91386, number of used features: 18
[LightGBM] [Info] Start training from score 5723.708149
[LightGBM] [Info] Auto-choosing col-wise multi-threading, the overhead of testing was 0.092133 seconds.
You can set `force_col_wise=true` to remove the overhead.
[LightGBM] [Info] Total Bins 2891
[LightGBM] [Info] Number of data points in the train set: 91386, number of used features: 18
[LightGBM] [Info] Start training from score 5723.698079
[LightGBM] [Info] Auto-choosing row-wise multi-threading, the overhead of testing was 0.037570 seconds.
You can set `force_row_wise=true` to remove the overhead.
And if memory is not enough, you can set `force_col_wise=true`.
[LightGBM] [Info] Total Bins 2891
[LightGBM] [Info] Number of data points in the train set: 91386, number of used features: 18
[LightGBM] [Info] Start training from score 5723.688284
[LightGBM] [Info] Auto-choosing col-wise multi-threading, the overhead of testing was 0.092044 seconds.
You can set `force_col_wise=true` to remove the overhead.
[LightGBM] [Info] Total Bins 2891
[LightGBM] [Info] Number of data points in the train set: 91386, number of used features: 18
[LightGBM] [Info] Start training from score 5723.676252
[LightGBM] [Info] Auto-choosing row-wise multi-threading, the overhead of testing was 0.026718 seconds.
You can set `force_row_wise=true` to remove the overhead.
And if memory is not enough, you can set `force_col_wise=true`.
[LightGBM] [Info] Total Bins 2891
[LightGBM] [Info] Number of data points in the train set: 91386, number of used features: 18
[LightGBM] [Info] Start training from score 5723.659648
[LightGBM] [Info] Auto-choosing row-wise multi-threading, the overhead of testing was 0.030810 seconds.
You can set `force_row_wise=true` to remove the overhead.
And if memory is not enough, you can set `force_col_wise=true`.
[LightGBM] [Info] Total Bins 2891
[LightGBM] [Info] Number of data points in the train set: 91386, number of used features: 18
[LightGBM] [Info] Start training from score 5723.643844
[LightGBM] [Info] Auto-choosing col-wise multi-threading, the overhead of testing was 0.084328 seconds.
You can set `force_col_wise=true` to remove the overhead.
[LightGBM] [Info] Total Bins 2891
[LightGBM] [Info] Number of data points in the train set: 91386, number of used features: 18
[LightGBM] [Info] Start training from score 5723.611270
[LightGBM] [Info] Auto-choosing col-wise multi-threading, the overhead of testing was 0.077951 seconds.
You can set `force_col_wise=true` to remove the overhead.
[LightGBM] [Info] Total Bins 2891
[LightGBM] [Info] Number of data points in the train set: 91386, number of used features: 18
[LightGBM] [Info] Start training from score 5723.627152
[LightGBM] [Info] Auto-choosing row-wise multi-threading, the overhead of testing was 0.029064 seconds.
You can set `force_row_wise=true` to remove the overhead.
And if memory is not enough, you can set `force_col_wise=true`.
[LightGBM] [Info] Total Bins 2891
[LightGBM] [Info] Number of data points in the train set: 91386, number of used features: 18
[LightGBM] [Info] Start training from score 5723.597182
[LightGBM] [Info] Auto-choosing row-wise multi-threading, the overhead of testing was 0.023542 seconds.
You can set `force_row_wise=true` to remove the overhead.
And if memory is not enough, you can set `force_col_wise=true`.
[LightGBM] [Info] Total Bins 2891
[LightGBM] [Info] Number of data points in the train set: 91386, number of used features: 18
[LightGBM] [Info] Start training from score 5723.586106
   [fit] key=2025-W25 cutoff=2025-06-16 11:00:00  (block 17/92)
[LightGBM] [Info] Auto-choosing col-wise multi-threading, the overhead of testing was 0.084624 seconds.
You can set `force_col_wise=true` to remove the overhead.
[LightGBM] [Info] Total Bins 2891
[LightGBM] [Info] Number of data points in the train set: 91554, number of used features: 18
[LightGBM] [Info] Start training from score 5725.260478
[LightGBM] [Info] Auto-choosing col-wise multi-threading, the overhead of testing was 0.094015 seconds.
You can set `force_col_wise=true` to remove the overhead.
[LightGBM] [Info] Total Bins 2891
[LightGBM] [Info] Number of data points in the train set: 91554, number of used features: 18
[LightGBM] [Info] Start training from score 5725.334643
[LightGBM] [Info] Auto-choosing col-wise multi-threading, the overhead of testing was 0.103062 seconds.
You can set `force_col_wise=true` to remove the overhead.
[LightGBM] [Info] Total Bins 2891
[LightGBM] [Info] Number of data points in the train set: 91554, number of used features: 18
[LightGBM] [Info] Start training from score 5725.324190
[LightGBM] [Info] Auto-choosing col-wise multi-threading, the overhead of testing was 0.080017 seconds.
You can set `force_col_wise=true` to remove the overhead.
[LightGBM] [Info] Total Bins 2891
[LightGBM] [Info] Number of data points in the train set: 91554, number of used features: 18
[LightGBM] [Info] Start training from score 5725.303093
[LightGBM] [Info] Auto-choosing col-wise multi-threading, the overhead of testing was 0.101588 seconds.
You can set `force_col_wise=true` to remove the overhead.
[LightGBM] [Info] Total Bins 2891
[LightGBM] [Info] Number of data points in the train set: 91554, number of used features: 18
[LightGBM] [Info] Start training from score 5725.314234
[LightGBM] [Info] Auto-choosing col-wise multi-threading, the overhead of testing was 0.113100 seconds.
You can set `force_col_wise=true` to remove the overhead.
[LightGBM] [Info] Total Bins 2891
[LightGBM] [Info] Number of data points in the train set: 91554, number of used features: 18
[LightGBM] [Info] Start training from score 5725.285812
[LightGBM] [Info] Auto-choosing row-wise multi-threading, the overhead of testing was 0.027066 seconds.
You can set `force_row_wise=true` to remove the overhead.
And if memory is not enough, you can set `force_col_wise=true`.
[LightGBM] [Info] Total Bins 2891
[LightGBM] [Info] Number of data points in the train set: 91554, number of used features: 18
[LightGBM] [Info] Start training from score 5725.232005
[LightGBM] [Info] Auto-choosing col-wise multi-threading, the overhead of testing was 0.087352 seconds.
You can set `force_col_wise=true` to remove the overhead.
[LightGBM] [Info] Total Bins 2891
[LightGBM] [Info] Number of data points in the train set: 91554, number of used features: 18
[LightGBM] [Info] Start training from score 5725.345644
[LightGBM] [Info] Auto-choosing row-wise multi-threading, the overhead of testing was 0.027585 seconds.
You can set `force_row_wise=true` to remove the overhead.
And if memory is not enough, you can set `force_col_wise=true`.
[LightGBM] [Info] Auto-choosing col-wise multi-threading, the overhead of testing was 0.092875 seconds.
You can set `force_col_wise=true` to remove the overhead.
[LightGBM] [Info] Total Bins 2891
[LightGBM] [Info] Total Bins 2891
[LightGBM] [Info] Number of data points in the train set: 91554, number of used features: 18
[LightGBM] [Info] Number of data points in the train set: 91554, number of used features: 18
[LightGBM] [Info] Start training from score 5725.164074
[LightGBM] [Info] Auto-choosing row-wise multi-threading, the overhead of testing was 0.028022 seconds.
You can set `force_row_wise=true` to remove the overhead.
And if memory is not enough, you can set `force_col_wise=true`.
[LightGBM] [Info] Start training from score 5725.065080
[LightGBM] [Info] Total Bins 2891
[LightGBM] [Info] Number of data points in the train set: 91554, number of used features: 18
[LightGBM] [Info] Start training from score 5725.198855
[LightGBM] [Info] Auto-choosing col-wise multi-threading, the overhead of testing was 0.082569 seconds.
You can set `force_col_wise=true` to remove the overhead.
[LightGBM] [Info] Total Bins 2891
[LightGBM] [Info] Number of data points in the train set: 91554, number of used features: 18
[LightGBM] [Info] Start training from score 5724.966592
[LightGBM] [Info] Auto-choosing col-wise multi-threading, the overhead of testing was 0.078686 seconds.
You can set `force_col_wise=true` to remove the overhead.
[LightGBM] [Info] Total Bins 2891
[LightGBM] [Info] Number of data points in the train set: 91554, number of used features: 18
[LightGBM] [Info] Start training from score 5725.033989
[LightGBM] [Info] Auto-choosing col-wise multi-threading, the overhead of testing was 0.075413 seconds.
You can set `force_col_wise=true` to remove the overhead.
[LightGBM] [Info] Total Bins 2891
[LightGBM] [Info] Number of data points in the train set: 91554, number of used features: 18
[LightGBM] [Info] Start training from score 5725.130508
[LightGBM] [Info] Auto-choosing row-wise multi-threading, the overhead of testing was 0.031994 seconds.
You can set `force_row_wise=true` to remove the overhead.
And if memory is not enough, you can set `force_col_wise=true`.
[LightGBM] [Info] Auto-choosing col-wise multi-threading, the overhead of testing was 0.094095 seconds.
You can set `force_col_wise=true` to remove the overhead.
[LightGBM] [Info] Total Bins 2891
[LightGBM] [Info] Total Bins 2891
[LightGBM] [Info] Number of data points in the train set: 91554, number of used features: 18
[LightGBM] [Info] Number of data points in the train set: 91554, number of used features: 18
[LightGBM] [Info] Start training from score 5725.097627
[LightGBM] [Info] Start training from score 5725.000073
[LightGBM] [Info] Auto-choosing col-wise multi-threading, the overhead of testing was 0.153459 seconds.
You can set `force_col_wise=true` to remove the overhead.
[LightGBM] [Info] Total Bins 2891
[LightGBM] [Info] Number of data points in the train set: 91554, number of used features: 18
[LightGBM] [Info] Start training from score 5724.932614
[LightGBM] [Info] Auto-choosing col-wise multi-threading, the overhead of testing was 0.086613 seconds.
You can set `force_col_wise=true` to remove the overhead.
[LightGBM] [Info] Total Bins 2891
[LightGBM] [Info] Number of data points in the train set: 91554, number of used features: 18
[LightGBM] [Info] Start training from score 5724.893631
[LightGBM] [Info] Auto-choosing row-wise multi-threading, the overhead of testing was 0.027809 seconds.
You can set `force_row_wise=true` to remove the overhead.
And if memory is not enough, you can set `force_col_wise=true`.
[LightGBM] [Info] Total Bins 2891
[LightGBM] [Info] Number of data points in the train set: 91554, number of used features: 18
[LightGBM] [Info] Start training from score 5724.856043
[LightGBM] [Info] Auto-choosing col-wise multi-threading, the overhead of testing was 0.080653 seconds.
You can set `force_col_wise=true` to remove the overhead.
[LightGBM] [Info] Total Bins 2891
[LightGBM] [Info] Number of data points in the train set: 91554, number of used features: 18
[LightGBM] [Info] Start training from score 5724.820292
[LightGBM] [Info] Auto-choosing col-wise multi-threading, the overhead of testing was 0.084214 seconds.
You can set `force_col_wise=true` to remove the overhead.
[LightGBM] [Info] Total Bins 2891
[LightGBM] [Info] Number of data points in the train set: 91554, number of used features: 18
[LightGBM] [Info] Start training from score 5724.793975
[LightGBM] [Info] Auto-choosing col-wise multi-threading, the overhead of testing was 0.075080 seconds.
You can set `force_col_wise=true` to remove the overhead.
[LightGBM] [Info] Total Bins 2891
[LightGBM] [Info] Number of data points in the train set: 91554, number of used features: 18
[LightGBM] [Info] Start training from score 5724.774568
[LightGBM] [Info] Auto-choosing col-wise multi-threading, the overhead of testing was 0.093675 seconds.
You can set `force_col_wise=true` to remove the overhead.
[LightGBM] [Info] Total Bins 2891
[LightGBM] [Info] Number of data points in the train set: 91554, number of used features: 18
[LightGBM] [Info] Start training from score 5724.757213
[LightGBM] [Info] Auto-choosing row-wise multi-threading, the overhead of testing was 0.026626 seconds.
You can set `force_row_wise=true` to remove the overhead.
And if memory is not enough, you can set `force_col_wise=true`.
[LightGBM] [Info] Total Bins 2891
[LightGBM] [Info] Number of data points in the train set: 91554, number of used features: 18
[LightGBM] [Info] Start training from score 5724.744319
[LightGBM] [Info] Auto-choosing col-wise multi-threading, the overhead of testing was 0.090452 seconds.
You can set `force_col_wise=true` to remove the overhead.
[LightGBM] [Info] Total Bins 2891
[LightGBM] [Info] Number of data points in the train set: 91554, number of used features: 18
[LightGBM] [Info] Start training from score 5724.734696
[LightGBM] [Info] Auto-choosing row-wise multi-threading, the overhead of testing was 0.025883 seconds.
You can set `force_row_wise=true` to remove the overhead.
And if memory is not enough, you can set `force_col_wise=true`.
[LightGBM] [Info] Total Bins 2891
[LightGBM] [Info] Number of data points in the train set: 91554, number of used features: 18
[LightGBM] [Info] Start training from score 5724.723501
[LightGBM] [Info] Auto-choosing row-wise multi-threading, the overhead of testing was 0.049074 seconds.
You can set `force_row_wise=true` to remove the overhead.
And if memory is not enough, you can set `force_col_wise=true`.
[LightGBM] [Info] Total Bins 2891
[LightGBM] [Info] Number of data points in the train set: 91554, number of used features: 18
[LightGBM] [Info] Start training from score 5724.712878
[LightGBM] [Info] Auto-choosing row-wise multi-threading, the overhead of testing was 0.027964 seconds.
You can set `force_row_wise=true` to remove the overhead.
And if memory is not enough, you can set `force_col_wise=true`.
[LightGBM] [Info] Total Bins 2891
[LightGBM] [Info] Number of data points in the train set: 91554, number of used features: 18
[LightGBM] [Info] Start training from score 5724.702739
[LightGBM] [Info] Auto-choosing row-wise multi-threading, the overhead of testing was 0.018909 seconds.
You can set `force_row_wise=true` to remove the overhead.
And if memory is not enough, you can set `force_col_wise=true`.
[LightGBM] [Info] Total Bins 2891
[LightGBM] [Info] Number of data points in the train set: 91554, number of used features: 18
[LightGBM] [Info] Start training from score 5724.679817
[LightGBM] [Info] Auto-choosing col-wise multi-threading, the overhead of testing was 0.076943 seconds.
You can set `force_col_wise=true` to remove the overhead.
[LightGBM] [Info] Total Bins 2891
[LightGBM] [Info] Number of data points in the train set: 91554, number of used features: 18
[LightGBM] [Info] Start training from score 5724.692592
[LightGBM] [Info] Auto-choosing col-wise multi-threading, the overhead of testing was 0.082446 seconds.
You can set `force_col_wise=true` to remove the overhead.
[LightGBM] [Info] Total Bins 2891
[LightGBM] [Info] Number of data points in the train set: 91554, number of used features: 18
[LightGBM] [Info] Start training from score 5724.662686
[LightGBM] [Info] Auto-choosing col-wise multi-threading, the overhead of testing was 0.114788 seconds.
You can set `force_col_wise=true` to remove the overhead.
[LightGBM] [Info] Total Bins 2891
[LightGBM] [Info] Number of data points in the train set: 91554, number of used features: 18
[LightGBM] [Info] Start training from score 5724.646802
[LightGBM] [Info] Auto-choosing row-wise multi-threading, the overhead of testing was 0.023027 seconds.
You can set `force_row_wise=true` to remove the overhead.
And if memory is not enough, you can set `force_col_wise=true`.
[LightGBM] [Info] Total Bins 2891
[LightGBM] [Info] Number of data points in the train set: 91554, number of used features: 18
[LightGBM] [Info] Start training from score 5724.630053
[LightGBM] [Info] Auto-choosing col-wise multi-threading, the overhead of testing was 0.063557 seconds.
You can set `force_col_wise=true` to remove the overhead.
[LightGBM] [Info] Total Bins 2891
[LightGBM] [Info] Number of data points in the train set: 91554, number of used features: 18
[LightGBM] [Info] Start training from score 5724.614517
[LightGBM] [Info] Auto-choosing col-wise multi-threading, the overhead of testing was 0.068216 seconds.
You can set `force_col_wise=true` to remove the overhead.
[LightGBM] [Info] Total Bins 2891
[LightGBM] [Info] Number of data points in the train set: 91554, number of used features: 18
[LightGBM] [Info] Start training from score 5724.601558
[LightGBM] [Info] Auto-choosing col-wise multi-threading, the overhead of testing was 0.103745 seconds.
You can set `force_col_wise=true` to remove the overhead.
[LightGBM] [Info] Total Bins 2891
[LightGBM] [Info] Number of data points in the train set: 91554, number of used features: 18
[LightGBM] [Info] Start training from score 5724.589782
   [fit] key=2025-W26 cutoff=2025-06-23 11:00:00  (block 24/92)
[LightGBM] [Info] Auto-choosing col-wise multi-threading, the overhead of testing was 0.076749 seconds.
You can set `force_col_wise=true` to remove the overhead.
[LightGBM] [Info] Total Bins 2891
[LightGBM] [Info] Number of data points in the train set: 91722, number of used features: 18
[LightGBM] [Info] Start training from score 5727.410407
[LightGBM] [Info] Auto-choosing col-wise multi-threading, the overhead of testing was 0.079257 seconds.
You can set `force_col_wise=true` to remove the overhead.
[LightGBM] [Info] Total Bins 2891
[LightGBM] [Info] Number of data points in the train set: 91722, number of used features: 18
[LightGBM] [Info] Auto-choosing col-wise multi-threading, the overhead of testing was 0.080047 seconds.
You can set `force_col_wise=true` to remove the overhead.
[LightGBM] [Info] Total Bins 2891
[LightGBM] [Info] Auto-choosing col-wise multi-threading, the overhead of testing was 0.069922 seconds.
You can set `force_col_wise=true` to remove the overhead.
[LightGBM] [Info] Total Bins 2891
[LightGBM] [Info] Start training from score 5727.409628
[LightGBM] [Info] Number of data points in the train set: 91722, number of used features: 18
[LightGBM] [Info] Start training from score 5727.408625
[LightGBM] [Info] Number of data points in the train set: 91722, number of used features: 18
[LightGBM] [Info] Start training from score 5727.407089
[LightGBM] [Info] Auto-choosing row-wise multi-threading, the overhead of testing was 0.028261 seconds.
You can set `force_row_wise=true` to remove the overhead.
And if memory is not enough, you can set `force_col_wise=true`.
[LightGBM] [Info] Total Bins 2891
[LightGBM] [Info] Number of data points in the train set: 91722, number of used features: 18
[LightGBM] [Info] Start training from score 5727.402436
[LightGBM] [Info] Auto-choosing col-wise multi-threading, the overhead of testing was 0.088189 seconds.
You can set `force_col_wise=true` to remove the overhead.
[LightGBM] [Info] Total Bins 2891
[LightGBM] [Info] Number of data points in the train set: 91722, number of used features: 18
[LightGBM] [Info] Start training from score 5727.409895
[LightGBM] [Info] Auto-choosing row-wise multi-threading, the overhead of testing was 0.025105 seconds.
You can set `force_row_wise=true` to remove the overhead.
And if memory is not enough, you can set `force_col_wise=true`.
[LightGBM] [Info] Total Bins 2891
[LightGBM] [Info] Number of data points in the train set: 91722, number of used features: 18
[LightGBM] [Info] Start training from score 5727.386230
[LightGBM] [Info] Auto-choosing col-wise multi-threading, the overhead of testing was 0.074853 seconds.
You can set `force_col_wise=true` to remove the overhead.
[LightGBM] [Info] Total Bins 2891
[LightGBM] [Info] Number of data points in the train set: 91722, number of used features: 18
[LightGBM] [Info] Start training from score 5727.316877
[LightGBM] [Info] Auto-choosing col-wise multi-threading, the overhead of testing was 0.068434 seconds.
You can set `force_col_wise=true` to remove the overhead.
[LightGBM] [Info] Total Bins 2891
[LightGBM] [Info] Number of data points in the train set: 91722, number of used features: 18
[LightGBM] [Info] Start training from score 5727.230313
[LightGBM] [Info] Auto-choosing col-wise multi-threading, the overhead of testing was 0.071345 seconds.
You can set `force_col_wise=true` to remove the overhead.
[LightGBM] [Info] Total Bins 2891
[LightGBM] [Info] Number of data points in the train set: 91722, number of used features: 18
[LightGBM] [Info] Start training from score 5727.270362
[LightGBM] [Info] Auto-choosing row-wise multi-threading, the overhead of testing was 0.024105 seconds.
You can set `force_row_wise=true` to remove the overhead.
And if memory is not enough, you can set `force_col_wise=true`.
[LightGBM] [Info] Total Bins 2891
[LightGBM] [Info] Auto-choosing row-wise multi-threading, the overhead of testing was 0.024811 seconds.
You can set `force_row_wise=true` to remove the overhead.
And if memory is not enough, you can set `force_col_wise=true`.
[LightGBM] [Info] Total Bins 2891
[LightGBM] [Info] Auto-choosing col-wise multi-threading, the overhead of testing was 0.081547 seconds.
You can set `force_col_wise=true` to remove the overhead.
[LightGBM] [Info] Total Bins 2891
[LightGBM] [Info] Auto-choosing col-wise multi-threading, the overhead of testing was 0.078132 seconds.
You can set `force_col_wise=true` to remove the overhead.
[LightGBM] [Info] Total Bins 2891
[LightGBM] [Info] Auto-choosing col-wise multi-threading, the overhead of testing was 0.084033 seconds.
You can set `force_col_wise=true` to remove the overhead.
[LightGBM] [Info] Number of data points in the train set: 91722, number of used features: 18
[LightGBM] [Info] Number of data points in the train set: 91722, number of used features: 18
[LightGBM] [Info] Start training from score 5727.184159
[LightGBM] [Info] Total Bins 2891
[LightGBM] [Info] Number of data points in the train set: 91722, number of used features: 18
[LightGBM] [Info] Start training from score 5727.342873
[LightGBM] [Info] Number of data points in the train set: 91722, number of used features: 18
[LightGBM] [Info] Start training from score 5727.367011
[LightGBM] [Info] Start training from score 5727.292695
[LightGBM] [Info] Number of data points in the train set: 91722, number of used features: 18
[LightGBM] [Info] Start training from score 5727.207799
[LightGBM] [Info] Auto-choosing col-wise multi-threading, the overhead of testing was 0.084827 seconds.
You can set `force_col_wise=true` to remove the overhead.
[LightGBM] [Info] Total Bins 2891
[LightGBM] [Info] Number of data points in the train set: 91722, number of used features: 18
[LightGBM] [Info] Start training from score 5727.249475
[LightGBM] [Info] Auto-choosing row-wise multi-threading, the overhead of testing was 0.024330 seconds.
You can set `force_row_wise=true` to remove the overhead.
And if memory is not enough, you can set `force_col_wise=true`.
[LightGBM] [Info] Total Bins 2891
[LightGBM] [Info] Number of data points in the train set: 91722, number of used features: 18
[LightGBM] [Info] Start training from score 5727.159389
[LightGBM] [Info] Auto-choosing col-wise multi-threading, the overhead of testing was 0.071485 seconds.
You can set `force_col_wise=true` to remove the overhead.
[LightGBM] [Info] Total Bins 2891
[LightGBM] [Info] Number of data points in the train set: 91722, number of used features: 18
[LightGBM] [Info] Start training from score 5727.128884
[LightGBM] [Info] Auto-choosing col-wise multi-threading, the overhead of testing was 0.081725 seconds.
You can set `force_col_wise=true` to remove the overhead.
[LightGBM] [Info] Total Bins 2891
[LightGBM] [Info] Number of data points in the train set: 91722, number of used features: 18
[LightGBM] [Info] Start training from score 5727.098800
[LightGBM] [Info] Auto-choosing row-wise multi-threading, the overhead of testing was 0.024406 seconds.
You can set `force_row_wise=true` to remove the overhead.
And if memory is not enough, you can set `force_col_wise=true`.
[LightGBM] [Info] Total Bins 2891
[LightGBM] [Info] Number of data points in the train set: 91722, number of used features: 18
[LightGBM] [Info] Start training from score 5727.070082
[LightGBM] [Info] Auto-choosing col-wise multi-threading, the overhead of testing was 0.086728 seconds.
You can set `force_col_wise=true` to remove the overhead.
[LightGBM] [Info] Total Bins 2891
[LightGBM] [Info] Number of data points in the train set: 91722, number of used features: 18
[LightGBM] [Info] Start training from score 5727.050147
[LightGBM] [Info] Auto-choosing col-wise multi-threading, the overhead of testing was 0.082373 seconds.
You can set `force_col_wise=true` to remove the overhead.
[LightGBM] [Info] Total Bins 2891
[LightGBM] [Info] Number of data points in the train set: 91722, number of used features: 18
[LightGBM] [Info] Start training from score 5727.037404
[LightGBM] [Info] Auto-choosing col-wise multi-threading, the overhead of testing was 0.069938 seconds.
You can set `force_col_wise=true` to remove the overhead.
[LightGBM] [Info] Total Bins 2891
[LightGBM] [Info] Number of data points in the train set: 91722, number of used features: 18
[LightGBM] [Info] Auto-choosing row-wise multi-threading, the overhead of testing was 0.026313 seconds.
You can set `force_row_wise=true` to remove the overhead.
And if memory is not enough, you can set `force_col_wise=true`.
[LightGBM] [Info] Start training from score 5727.022278
[LightGBM] [Info] Total Bins 2891
[LightGBM] [Info] Number of data points in the train set: 91722, number of used features: 18
[LightGBM] [Info] Start training from score 5727.019051
[LightGBM] [Info] Auto-choosing row-wise multi-threading, the overhead of testing was 0.024477 seconds.
You can set `force_row_wise=true` to remove the overhead.
And if memory is not enough, you can set `force_col_wise=true`.
[LightGBM] [Info] Total Bins 2891
[LightGBM] [Info] Number of data points in the train set: 91722, number of used features: 18
[LightGBM] [Info] Start training from score 5727.028356
[LightGBM] [Info] Auto-choosing col-wise multi-threading, the overhead of testing was 0.080111 seconds.
You can set `force_col_wise=true` to remove the overhead.
[LightGBM] [Info] Total Bins 2891
[LightGBM] [Info] Number of data points in the train set: 91722, number of used features: 18
[LightGBM] [Info] Start training from score 5727.013938
[LightGBM] [Info] Auto-choosing col-wise multi-threading, the overhead of testing was 0.138250 seconds.
You can set `force_col_wise=true` to remove the overhead.
[LightGBM] [Info] Total Bins 2891
[LightGBM] [Info] Number of data points in the train set: 91722, number of used features: 18
[LightGBM] [Info] Start training from score 5727.009658
[LightGBM] [Info] Auto-choosing col-wise multi-threading, the overhead of testing was 0.079480 seconds.
You can set `force_col_wise=true` to remove the overhead.
[LightGBM] [Info] Total Bins 2891
[LightGBM] [Info] Number of data points in the train set: 91722, number of used features: 18
[LightGBM] [Info] Start training from score 5727.005578
[LightGBM] [Info] Auto-choosing row-wise multi-threading, the overhead of testing was 0.025736 seconds.
You can set `force_row_wise=true` to remove the overhead.
And if memory is not enough, you can set `force_col_wise=true`.
[LightGBM] [Info] Total Bins 2891
[LightGBM] [Info] Number of data points in the train set: 91722, number of used features: 18
[LightGBM] [Info] Start training from score 5727.001478
[LightGBM] [Info] Auto-choosing col-wise multi-threading, the overhead of testing was 0.075076 seconds.
You can set `force_col_wise=true` to remove the overhead.
[LightGBM] [Info] Total Bins 2891
[LightGBM] [Info] Number of data points in the train set: 91722, number of used features: 18
[LightGBM] [Info] Start training from score 5726.994712
[LightGBM] [Info] Auto-choosing row-wise multi-threading, the overhead of testing was 0.027217 seconds.
You can set `force_row_wise=true` to remove the overhead.
And if memory is not enough, you can set `force_col_wise=true`.
[LightGBM] [Info] Total Bins 2891
[LightGBM] [Info] Number of data points in the train set: 91722, number of used features: 18
[LightGBM] [Info] Start training from score 5726.983217
[LightGBM] [Info] Auto-choosing col-wise multi-threading, the overhead of testing was 0.079987 seconds.
You can set `force_col_wise=true` to remove the overhead.
[LightGBM] [Info] Total Bins 2891
[LightGBM] [Info] Number of data points in the train set: 91722, number of used features: 18
[LightGBM] [Info] Start training from score 5726.973456
[LightGBM] [Info] Auto-choosing col-wise multi-threading, the overhead of testing was 0.089035 seconds.
You can set `force_col_wise=true` to remove the overhead.
[LightGBM] [Info] Total Bins 2891
[LightGBM] [Info] Number of data points in the train set: 91722, number of used features: 18
[LightGBM] [Info] Start training from score 5726.963246
[LightGBM] [Info] Auto-choosing col-wise multi-threading, the overhead of testing was 0.096909 seconds.
You can set `force_col_wise=true` to remove the overhead.
[LightGBM] [Info] Total Bins 2891
[LightGBM] [Info] Number of data points in the train set: 91722, number of used features: 18
[LightGBM] [Info] Start training from score 5726.954793
[LightGBM] [Info] Auto-choosing col-wise multi-threading, the overhead of testing was 0.052589 seconds.
You can set `force_col_wise=true` to remove the overhead.
[LightGBM] [Info] Total Bins 2891
[LightGBM] [Info] Number of data points in the train set: 91722, number of used features: 18
[LightGBM] [Info] Start training from score 5726.949435
[LightGBM] [Info] Auto-choosing row-wise multi-threading, the overhead of testing was 0.018940 seconds.
You can set `force_row_wise=true` to remove the overhead.
And if memory is not enough, you can set `force_col_wise=true`.
[LightGBM] [Info] Total Bins 2891
[LightGBM] [Info] Number of data points in the train set: 91722, number of used features: 18
[LightGBM] [Info] Start training from score 5726.947307
   [fit] key=2025-W27 cutoff=2025-06-30 11:00:00  (block 31/92)
[LightGBM] [Info] Auto-choosing col-wise multi-threading, the overhead of testing was 0.084565 seconds.
You can set `force_col_wise=true` to remove the overhead.
[LightGBM] [Info] Total Bins 2891
[LightGBM] [Info] Number of data points in the train set: 91890, number of used features: 18
[LightGBM] [Info] Start training from score 5729.816662
[LightGBM] [Info] Auto-choosing col-wise multi-threading, the overhead of testing was 0.086660 seconds.
You can set `force_col_wise=true` to remove the overhead.
[LightGBM] [Info] Total Bins 2891
[LightGBM] [Info] Number of data points in the train set: 91890, number of used features: 18
[LightGBM] [Info] Start training from score 5729.818401
[LightGBM] [Info] Auto-choosing row-wise multi-threading, the overhead of testing was 0.027780 seconds.
You can set `force_row_wise=true` to remove the overhead.
And if memory is not enough, you can set `force_col_wise=true`.
[LightGBM] [Info] Total Bins 2891
[LightGBM] [Info] Number of data points in the train set: 91890, number of used features: 18
[LightGBM] [Info] Start training from score 5729.819501
[LightGBM] [Info] Auto-choosing row-wise multi-threading, the overhead of testing was 0.034220 seconds.
You can set `force_row_wise=true` to remove the overhead.
And if memory is not enough, you can set `force_col_wise=true`.
[LightGBM] [Info] Total Bins 2891
[LightGBM] [Info] Number of data points in the train set: 91890, number of used features: 18
[LightGBM] [Info] Start training from score 5729.812093
[LightGBM] [Info] Auto-choosing row-wise multi-threading, the overhead of testing was 0.035204 seconds.
You can set `force_row_wise=true` to remove the overhead.
And if memory is not enough, you can set `force_col_wise=true`.
[LightGBM] [Info] Total Bins 2891
[LightGBM] [Info] Number of data points in the train set: 91890, number of used features: 18
[LightGBM] [Info] Start training from score 5729.732393
[LightGBM] [Info] Auto-choosing col-wise multi-threading, the overhead of testing was 0.092593 seconds.
You can set `force_col_wise=true` to remove the overhead.
[LightGBM] [Info] Total Bins 2891
[LightGBM] [Info] Number of data points in the train set: 91890, number of used features: 18
[LightGBM] [Info] Start training from score 5729.796472
[LightGBM] [Info] Auto-choosing row-wise multi-threading, the overhead of testing was 0.024147 seconds.
You can set `force_row_wise=true` to remove the overhead.
And if memory is not enough, you can set `force_col_wise=true`.
[LightGBM] [Info] Total Bins 2891
[LightGBM] [Info] Number of data points in the train set: 91890, number of used features: 18
[LightGBM] [Info] Start training from score 5729.755566
[LightGBM] [Info] Auto-choosing col-wise multi-threading, the overhead of testing was 0.100068 seconds.
You can set `force_col_wise=true` to remove the overhead.
[LightGBM] [Info] Total Bins 2891
[LightGBM] [Info] Auto-choosing col-wise multi-threading, the overhead of testing was 0.102014 seconds.
You can set `force_col_wise=true` to remove the overhead.
[LightGBM] [Info] Number of data points in the train set: 91890, number of used features: 18
[LightGBM] [Info] Total Bins 2891
[LightGBM] [Info] Start training from score 5729.656837
[LightGBM] [Info] Number of data points in the train set: 91890, number of used features: 18
[LightGBM] [Info] Start training from score 5729.669701
[LightGBM] [Info] Auto-choosing row-wise multi-threading, the overhead of testing was 0.028940 seconds.
You can set `force_row_wise=true` to remove the overhead.
And if memory is not enough, you can set `force_col_wise=true`.
[LightGBM] [Info] Auto-choosing row-wise multi-threading, the overhead of testing was 0.032957 seconds.
You can set `force_row_wise=true` to remove the overhead.
And if memory is not enough, you can set `force_col_wise=true`.
[LightGBM] [Info] Total Bins 2891
[LightGBM] [Info] Number of data points in the train set: 91890, number of used features: 18
[LightGBM] [Info] Total Bins 2891
[LightGBM] [Info] Start training from score 5729.778082
[LightGBM] [Info] Number of data points in the train set: 91890, number of used features: 18
[LightGBM] [Info] Start training from score 5729.645015
[LightGBM] [Info] Auto-choosing row-wise multi-threading, the overhead of testing was 0.037143 seconds.
You can set `force_row_wise=true` to remove the overhead.
And if memory is not enough, you can set `force_col_wise=true`.
[LightGBM] [Info] Total Bins 2891
[LightGBM] [Info] Number of data points in the train set: 91890, number of used features: 18
[LightGBM] [Info] Start training from score 5729.680415
[LightGBM] [Info] Auto-choosing col-wise multi-threading, the overhead of testing was 0.084774 seconds.
You can set `force_col_wise=true` to remove the overhead.
[LightGBM] [Info] Total Bins 2891
[LightGBM] [Info] Auto-choosing col-wise multi-threading, the overhead of testing was 0.098593 seconds.
You can set `force_col_wise=true` to remove the overhead.
[LightGBM] [Info] Total Bins 2891
[LightGBM] [Info] Number of data points in the train set: 91890, number of used features: 18
[LightGBM] [Info] Number of data points in the train set: 91890, number of used features: 18
[LightGBM] [Info] Start training from score 5729.694615
[LightGBM] [Info] Start training from score 5729.819451
[LightGBM] [Info] Auto-choosing row-wise multi-threading, the overhead of testing was 0.030038 seconds.
You can set `force_row_wise=true` to remove the overhead.
And if memory is not enough, you can set `force_col_wise=true`.
[LightGBM] [Info] Total Bins 2891
[LightGBM] [Info] Number of data points in the train set: 91890, number of used features: 18
[LightGBM] [Info] Start training from score 5729.711922
[LightGBM] [Info] Auto-choosing row-wise multi-threading, the overhead of testing was 0.029491 seconds.
You can set `force_row_wise=true` to remove the overhead.
And if memory is not enough, you can set `force_col_wise=true`.
[LightGBM] [Info] Total Bins 2891
[LightGBM] [Info] Number of data points in the train set: 91890, number of used features: 18
[LightGBM] [Info] Start training from score 5729.820082
[LightGBM] [Info] Auto-choosing row-wise multi-threading, the overhead of testing was 0.026447 seconds.
You can set `force_row_wise=true` to remove the overhead.
And if memory is not enough, you can set `force_col_wise=true`.
[LightGBM] [Info] Total Bins 2891
[LightGBM] [Info] Number of data points in the train set: 91890, number of used features: 18
[LightGBM] [Info] Start training from score 5729.631902
[LightGBM] [Info] Auto-choosing row-wise multi-threading, the overhead of testing was 0.032598 seconds.
You can set `force_row_wise=true` to remove the overhead.
And if memory is not enough, you can set `force_col_wise=true`.
[LightGBM] [Info] Total Bins 2891
[LightGBM] [Info] Number of data points in the train set: 91890, number of used features: 18
[LightGBM] [Info] Start training from score 5729.611813
[LightGBM] [Info] Auto-choosing col-wise multi-threading, the overhead of testing was 0.089164 seconds.
You can set `force_col_wise=true` to remove the overhead.
[LightGBM] [Info] Total Bins 2891
[LightGBM] [Info] Number of data points in the train set: 91890, number of used features: 18
[LightGBM] [Info] Start training from score 5729.590828
[LightGBM] [Info] Auto-choosing row-wise multi-threading, the overhead of testing was 0.040521 seconds.
You can set `force_row_wise=true` to remove the overhead.
And if memory is not enough, you can set `force_col_wise=true`.
[LightGBM] [Info] Total Bins 2891
[LightGBM] [Info] Number of data points in the train set: 91890, number of used features: 18
[LightGBM] [Info] Start training from score 5729.570095
[LightGBM] [Info] Auto-choosing row-wise multi-threading, the overhead of testing was 0.037085 seconds.
You can set `force_row_wise=true` to remove the overhead.
And if memory is not enough, you can set `force_col_wise=true`.
[LightGBM] [Info] Total Bins 2891
[LightGBM] [Info] Number of data points in the train set: 91890, number of used features: 18
[LightGBM] [Info] Start training from score 5729.557923
[LightGBM] [Info] Auto-choosing col-wise multi-threading, the overhead of testing was 0.069965 seconds.
You can set `force_col_wise=true` to remove the overhead.
[LightGBM] [Info] Total Bins 2891
[LightGBM] [Info] Number of data points in the train set: 91890, number of used features: 18
[LightGBM] [Info] Start training from score 5729.553192
[LightGBM] [Info] Auto-choosing col-wise multi-threading, the overhead of testing was 0.078827 seconds.
You can set `force_col_wise=true` to remove the overhead.
[LightGBM] [Info] Auto-choosing col-wise multi-threading, the overhead of testing was 0.076720 seconds.
You can set `force_col_wise=true` to remove the overhead.
[LightGBM] [Info] Total Bins 2891
[LightGBM] [Info] Total Bins 2891
[LightGBM] [Info] Number of data points in the train set: 91890, number of used features: 18
[LightGBM] [Info] Number of data points in the train set: 91890, number of used features: 18
[LightGBM] [Info] Start training from score 5729.552448
[LightGBM] [Info] Start training from score 5729.551006
[LightGBM] [Info] Auto-choosing col-wise multi-threading, the overhead of testing was 0.081950 seconds.
You can set `force_col_wise=true` to remove the overhead.
[LightGBM] [Info] Total Bins 2891
[LightGBM] [Info] Number of data points in the train set: 91890, number of used features: 18
[LightGBM] [Info] Start training from score 5729.556300
[LightGBM] [Info] Auto-choosing row-wise multi-threading, the overhead of testing was 0.035978 seconds.
You can set `force_row_wise=true` to remove the overhead.
And if memory is not enough, you can set `force_col_wise=true`.
[LightGBM] [Info] Total Bins 2891
[LightGBM] [Info] Number of data points in the train set: 91890, number of used features: 18
[LightGBM] [Info] Start training from score 5729.558231
[LightGBM] [Info] Auto-choosing row-wise multi-threading, the overhead of testing was 0.027050 seconds.
You can set `force_row_wise=true` to remove the overhead.
And if memory is not enough, you can set `force_col_wise=true`.
[LightGBM] [Info] Total Bins 2891
[LightGBM] [Info] Number of data points in the train set: 91890, number of used features: 18
[LightGBM] [Info] Start training from score 5729.557421
[LightGBM] [Info] Auto-choosing row-wise multi-threading, the overhead of testing was 0.035810 seconds.
You can set `force_row_wise=true` to remove the overhead.
And if memory is not enough, you can set `force_col_wise=true`.
[LightGBM] [Info] Total Bins 2891
[LightGBM] [Info] Number of data points in the train set: 91890, number of used features: 18
[LightGBM] [Info] Start training from score 5729.558598
[LightGBM] [Info] Auto-choosing row-wise multi-threading, the overhead of testing was 0.027629 seconds.
You can set `force_row_wise=true` to remove the overhead.
And if memory is not enough, you can set `force_col_wise=true`.
[LightGBM] [Info] Total Bins 2891
[LightGBM] [Info] Number of data points in the train set: 91890, number of used features: 18
[LightGBM] [Info] Start training from score 5729.558413
[LightGBM] [Info] Auto-choosing col-wise multi-threading, the overhead of testing was 0.090273 seconds.
You can set `force_col_wise=true` to remove the overhead.
[LightGBM] [Info] Total Bins 2891
[LightGBM] [Info] Number of data points in the train set: 91890, number of used features: 18
[LightGBM] [Info] Start training from score 5729.547084
[LightGBM] [Info] Auto-choosing row-wise multi-threading, the overhead of testing was 0.033554 seconds.
You can set `force_row_wise=true` to remove the overhead.
And if memory is not enough, you can set `force_col_wise=true`.
[LightGBM] [Info] Total Bins 2891
[LightGBM] [Info] Number of data points in the train set: 91890, number of used features: 18
[LightGBM] [Info] Start training from score 5729.554989
[LightGBM] [Info] Auto-choosing row-wise multi-threading, the overhead of testing was 0.029684 seconds.
You can set `force_row_wise=true` to remove the overhead.
And if memory is not enough, you can set `force_col_wise=true`.
[LightGBM] [Info] Total Bins 2891
[LightGBM] [Info] Number of data points in the train set: 91890, number of used features: 18
[LightGBM] [Info] Start training from score 5729.541009
[LightGBM] [Info] Auto-choosing row-wise multi-threading, the overhead of testing was 0.042286 seconds.
You can set `force_row_wise=true` to remove the overhead.
And if memory is not enough, you can set `force_col_wise=true`.
[LightGBM] [Info] Total Bins 2891
[LightGBM] [Info] Number of data points in the train set: 91890, number of used features: 18
[LightGBM] [Info] Start training from score 5729.535966
[LightGBM] [Info] Auto-choosing row-wise multi-threading, the overhead of testing was 0.028528 seconds.
You can set `force_row_wise=true` to remove the overhead.
And if memory is not enough, you can set `force_col_wise=true`.
[LightGBM] [Info] Total Bins 2891
[LightGBM] [Info] Number of data points in the train set: 91890, number of used features: 18
[LightGBM] [Info] Start training from score 5729.534177
[LightGBM] [Info] Auto-choosing col-wise multi-threading, the overhead of testing was 0.063961 seconds.
You can set `force_col_wise=true` to remove the overhead.
[LightGBM] [Info] Total Bins 2891
[LightGBM] [Info] Number of data points in the train set: 91890, number of used features: 18
[LightGBM] [Info] Start training from score 5729.536544
[LightGBM] [Info] Auto-choosing col-wise multi-threading, the overhead of testing was 0.068571 seconds.
You can set `force_col_wise=true` to remove the overhead.
[LightGBM] [Info] Total Bins 2891
[LightGBM] [Info] Number of data points in the train set: 91890, number of used features: 18
[LightGBM] [Info] Start training from score 5729.542767
   [fit] key=2025-W28 cutoff=2025-07-07 11:00:00  (block 38/92)
[LightGBM] [Info] Auto-choosing col-wise multi-threading, the overhead of testing was 0.064353 seconds.
You can set `force_col_wise=true` to remove the overhead.
[LightGBM] [Info] Total Bins 2891
[LightGBM] [Info] Number of data points in the train set: 92058, number of used features: 18
[LightGBM] [Info] Start training from score 5732.587096
[LightGBM] [Info] Auto-choosing col-wise multi-threading, the overhead of testing was 0.071969 seconds.
You can set `force_col_wise=true` to remove the overhead.
[LightGBM] [Info] Total Bins 2891
[LightGBM] [Info] Number of data points in the train set: 92058, number of used features: 18
[LightGBM] [Info] Start training from score 5732.593496
[LightGBM] [Info] Auto-choosing col-wise multi-threading, the overhead of testing was 0.099206 seconds.
You can set `force_col_wise=true` to remove the overhead.
[LightGBM] [Info] Total Bins 2891
[LightGBM] [Info] Number of data points in the train set: 92058, number of used features: 18
[LightGBM] [Info] Start training from score 5732.590518
[LightGBM] [Info] Auto-choosing col-wise multi-threading, the overhead of testing was 0.084970 seconds.
You can set `force_col_wise=true` to remove the overhead.
[LightGBM] [Info] Total Bins 2891
[LightGBM] [Info] Number of data points in the train set: 92058, number of used features: 18
[LightGBM] [Info] Start training from score 5732.567709
[LightGBM] [Info] Auto-choosing row-wise multi-threading, the overhead of testing was 0.018442 seconds.
You can set `force_row_wise=true` to remove the overhead.
And if memory is not enough, you can set `force_col_wise=true`.
[LightGBM] [Info] Total Bins 2891
[LightGBM] [Info] Number of data points in the train set: 92058, number of used features: 18
[LightGBM] [Info] Start training from score 5732.472622
[LightGBM] [Info] Auto-choosing col-wise multi-threading, the overhead of testing was 0.076408 seconds.
You can set `force_col_wise=true` to remove the overhead.
[LightGBM] [Info] Total Bins 2891
[LightGBM] [Info] Auto-choosing col-wise multi-threading, the overhead of testing was 0.077798 seconds.
You can set `force_col_wise=true` to remove the overhead.
[LightGBM] [Info] Number of data points in the train set: 92058, number of used features: 18
[LightGBM] [Info] Total Bins 2891
[LightGBM] [Info] Start training from score 5732.424191
[LightGBM] [Info] Number of data points in the train set: 92058, number of used features: 18
[LightGBM] [Info] Start training from score 5732.548032
[LightGBM] [Info] Auto-choosing col-wise multi-threading, the overhead of testing was 0.091464 seconds.
You can set `force_col_wise=true` to remove the overhead.
[LightGBM] [Info] Total Bins 2891
[LightGBM] [Info] Number of data points in the train set: 92058, number of used features: 18
[LightGBM] [Info] Start training from score 5732.583527
[LightGBM] [Info] Auto-choosing row-wise multi-threading, the overhead of testing was 0.026548 seconds.
You can set `force_row_wise=true` to remove the overhead.
And if memory is not enough, you can set `force_col_wise=true`.
[LightGBM] [Info] Total Bins 2891
[LightGBM] [Info] Number of data points in the train set: 92058, number of used features: 18
[LightGBM] [Info] Start training from score 5732.499739
[LightGBM] [Info] Auto-choosing row-wise multi-threading, the overhead of testing was 0.039230 seconds.
You can set `force_row_wise=true` to remove the overhead.
And if memory is not enough, you can set `force_col_wise=true`.
[LightGBM] [Info] Total Bins 2891
[LightGBM] [Info] Number of data points in the train set: 92058, number of used features: 18
[LightGBM] [Info] Start training from score 5732.403119
[LightGBM] [Info] Auto-choosing col-wise multi-threading, the overhead of testing was 0.082924 seconds.
You can set `force_col_wise=true` to remove the overhead.
[LightGBM] [Info] Total Bins 2891
[LightGBM] [Info] Number of data points in the train set: 92058, number of used features: 18
[LightGBM] [Info] Start training from score 5732.578954
[LightGBM] [Info] Auto-choosing row-wise multi-threading, the overhead of testing was 0.041098 seconds.
You can set `force_row_wise=true` to remove the overhead.
And if memory is not enough, you can set `force_col_wise=true`.
[LightGBM] [Info] Total Bins 2891
[LightGBM] [Info] Number of data points in the train set: 92058, number of used features: 18
[LightGBM] [Info] Start training from score 5732.447180
[LightGBM] [Info] Auto-choosing col-wise multi-threading, the overhead of testing was 0.094746 seconds.
You can set `force_col_wise=true` to remove the overhead.
[LightGBM] [Info] Total Bins 2891
[LightGBM] [Info] Number of data points in the train set: 92058, number of used features: 18
[LightGBM] [Info] Start training from score 5732.525723
[LightGBM] [Info] Auto-choosing col-wise multi-threading, the overhead of testing was 0.084617 seconds.
You can set `force_col_wise=true` to remove the overhead.
[LightGBM] [Info] Total Bins 2891
[LightGBM] [Info] Number of data points in the train set: 92058, number of used features: 18
[LightGBM] [Info] Start training from score 5732.346764
[LightGBM] [Info] Auto-choosing col-wise multi-threading, the overhead of testing was 0.089653 seconds.
You can set `force_col_wise=true` to remove the overhead.
[LightGBM] [Info] Total Bins 2891
[LightGBM] [Info] Number of data points in the train set: 92058, number of used features: 18
[LightGBM] [Info] Start training from score 5732.385288
[LightGBM] [Info] Auto-choosing row-wise multi-threading, the overhead of testing was 0.026113 seconds.
You can set `force_row_wise=true` to remove the overhead.
And if memory is not enough, you can set `force_col_wise=true`.
[LightGBM] [Info] Total Bins 2891
[LightGBM] [Info] Number of data points in the train set: 92058, number of used features: 18
[LightGBM] [Info] Start training from score 5732.365571
[LightGBM] [Info] Auto-choosing col-wise multi-threading, the overhead of testing was 0.068440 seconds.
You can set `force_col_wise=true` to remove the overhead.
[LightGBM] [Info] Total Bins 2891
[LightGBM] [Info] Number of data points in the train set: 92058, number of used features: 18
[LightGBM] [Info] Start training from score 5732.326778
[LightGBM] [Info] Auto-choosing row-wise multi-threading, the overhead of testing was 0.036075 seconds.
You can set `force_row_wise=true` to remove the overhead.
And if memory is not enough, you can set `force_col_wise=true`.
[LightGBM] [Info] Total Bins 2891
[LightGBM] [Info] Number of data points in the train set: 92058, number of used features: 18
[LightGBM] [Info] Start training from score 5732.301065
[LightGBM] [Info] Auto-choosing row-wise multi-threading, the overhead of testing was 0.025088 seconds.
You can set `force_row_wise=true` to remove the overhead.
And if memory is not enough, you can set `force_col_wise=true`.
[LightGBM] [Info] Total Bins 2891
[LightGBM] [Info] Number of data points in the train set: 92058, number of used features: 18
[LightGBM] [Info] Start training from score 5732.276045
[LightGBM] [Info] Auto-choosing row-wise multi-threading, the overhead of testing was 0.052529 seconds.
You can set `force_row_wise=true` to remove the overhead.
And if memory is not enough, you can set `force_col_wise=true`.
[LightGBM] [Info] Total Bins 2891
[LightGBM] [Info] Number of data points in the train set: 92058, number of used features: 18
[LightGBM] [Info] Start training from score 5732.251646
[LightGBM] [Info] Auto-choosing row-wise multi-threading, the overhead of testing was 0.024948 seconds.
You can set `force_row_wise=true` to remove the overhead.
And if memory is not enough, you can set `force_col_wise=true`.
[LightGBM] [Info] Total Bins 2891
[LightGBM] [Info] Number of data points in the train set: 92058, number of used features: 18
[LightGBM] [Info] Start training from score 5732.236672
[LightGBM] [Info] Auto-choosing row-wise multi-threading, the overhead of testing was 0.020090 seconds.
You can set `force_row_wise=true` to remove the overhead.
And if memory is not enough, you can set `force_col_wise=true`.
[LightGBM] [Info] Total Bins 2891
[LightGBM] [Info] Number of data points in the train set: 92058, number of used features: 18
[LightGBM] [Info] Start training from score 5732.229407
[LightGBM] [Info] Auto-choosing col-wise multi-threading, the overhead of testing was 0.083409 seconds.
You can set `force_col_wise=true` to remove the overhead.
[LightGBM] [Info] Total Bins 2891
[LightGBM] [Info] Number of data points in the train set: 92058, number of used features: 18
[LightGBM] [Info] Start training from score 5732.225553
[LightGBM] [Info] Auto-choosing col-wise multi-threading, the overhead of testing was 0.073922 seconds.
You can set `force_col_wise=true` to remove the overhead.
[LightGBM] [Info] Total Bins 2891
[LightGBM] [Info] Number of data points in the train set: 92058, number of used features: 18
[LightGBM] [Info] Start training from score 5732.224743
[LightGBM] [Info] Auto-choosing col-wise multi-threading, the overhead of testing was 0.080103 seconds.
You can set `force_col_wise=true` to remove the overhead.
[LightGBM] [Info] Total Bins 2891
[LightGBM] [Info] Number of data points in the train set: 92058, number of used features: 18
[LightGBM] [Info] Start training from score 5732.226079
[LightGBM] [Info] Auto-choosing row-wise multi-threading, the overhead of testing was 0.034010 seconds.
You can set `force_row_wise=true` to remove the overhead.
And if memory is not enough, you can set `force_col_wise=true`.
[LightGBM] [Info] Total Bins 2891
[LightGBM] [Info] Number of data points in the train set: 92058, number of used features: 18
[LightGBM] [Info] Start training from score 5732.225069
[LightGBM] [Info] Auto-choosing col-wise multi-threading, the overhead of testing was 0.076069 seconds.
You can set `force_col_wise=true` to remove the overhead.
[LightGBM] [Info] Total Bins 2891
[LightGBM] [Info] Number of data points in the train set: 92058, number of used features: 18
[LightGBM] [Info] Start training from score 5732.224357
[LightGBM] [Info] Auto-choosing col-wise multi-threading, the overhead of testing was 0.079810 seconds.
You can set `force_col_wise=true` to remove the overhead.
[LightGBM] [Info] Total Bins 2891
[LightGBM] [Info] Number of data points in the train set: 92058, number of used features: 18
[LightGBM] [Info] Start training from score 5732.223496
[LightGBM] [Info] Auto-choosing row-wise multi-threading, the overhead of testing was 0.024685 seconds.
You can set `force_row_wise=true` to remove the overhead.
And if memory is not enough, you can set `force_col_wise=true`.
[LightGBM] [Info] Total Bins 2891
[LightGBM] [Info] Number of data points in the train set: 92058, number of used features: 18
[LightGBM] [Info] Start training from score 5732.222268
[LightGBM] [Info] Auto-choosing col-wise multi-threading, the overhead of testing was 0.083935 seconds.
You can set `force_col_wise=true` to remove the overhead.
[LightGBM] [Info] Total Bins 2891
[LightGBM] [Info] Number of data points in the train set: 92058, number of used features: 18
[LightGBM] [Info] Auto-choosing col-wise multi-threading, the overhead of testing was 0.076721 seconds.
You can set `force_col_wise=true` to remove the overhead.
[LightGBM] [Info] Total Bins 2891
[LightGBM] [Info] Number of data points in the train set: 92058, number of used features: 18
[LightGBM] [Info] Start training from score 5732.218155
[LightGBM] [Info] Start training from score 5732.209755
[LightGBM] [Info] Auto-choosing col-wise multi-threading, the overhead of testing was 0.120609 seconds.
You can set `force_col_wise=true` to remove the overhead.
[LightGBM] [Info] Total Bins 2891
[LightGBM] [Info] Number of data points in the train set: 92058, number of used features: 18
[LightGBM] [Info] Start training from score 5732.203940
[LightGBM] [Info] Auto-choosing col-wise multi-threading, the overhead of testing was 0.081619 seconds.
You can set `force_col_wise=true` to remove the overhead.
[LightGBM] [Info] Total Bins 2891
[LightGBM] [Info] Number of data points in the train set: 92058, number of used features: 18
[LightGBM] [Info] Start training from score 5732.198102
[LightGBM] [Info] Auto-choosing col-wise multi-threading, the overhead of testing was 0.089036 seconds.
You can set `force_col_wise=true` to remove the overhead.
[LightGBM] [Info] Total Bins 2891
[LightGBM] [Info] Number of data points in the train set: 92058, number of used features: 18
[LightGBM] [Info] Start training from score 5732.194329
[LightGBM] [Info] Auto-choosing row-wise multi-threading, the overhead of testing was 0.016378 seconds.
You can set `force_row_wise=true` to remove the overhead.
And if memory is not enough, you can set `force_col_wise=true`.
[LightGBM] [Info] Total Bins 2891
[LightGBM] [Info] Number of data points in the train set: 92058, number of used features: 18
[LightGBM] [Info] Start training from score 5732.193520
[LightGBM] [Info] Auto-choosing col-wise multi-threading, the overhead of testing was 0.047108 seconds.
You can set `force_col_wise=true` to remove the overhead.
[LightGBM] [Info] Total Bins 2891
[LightGBM] [Info] Number of data points in the train set: 92058, number of used features: 18
[LightGBM] [Info] Start training from score 5732.196636
   [fit] key=2025-W29 cutoff=2025-07-14 11:00:00  (block 45/92)
[LightGBM] [Info] Auto-choosing col-wise multi-threading, the overhead of testing was 0.081708 seconds.
You can set `force_col_wise=true` to remove the overhead.
[LightGBM] [Info] Total Bins 2891
[LightGBM] [Info] Number of data points in the train set: 92226, number of used features: 18
[LightGBM] [Info] Start training from score 5735.704984
[LightGBM] [Info] Auto-choosing col-wise multi-threading, the overhead of testing was 0.084803 seconds.
You can set `force_col_wise=true` to remove the overhead.
[LightGBM] [Info] Total Bins 2891
[LightGBM] [Info] Number of data points in the train set: 92226, number of used features: 18
[LightGBM] [Info] Start training from score 5735.649480
[LightGBM] [Info] Auto-choosing col-wise multi-threading, the overhead of testing was 0.086995 seconds.
You can set `force_col_wise=true` to remove the overhead.
[LightGBM] [Info] Total Bins 2891
[LightGBM] [Info] Number of data points in the train set: 92226, number of used features: 18
[LightGBM] [Info] Start training from score 5735.593652
[LightGBM] [Info] Auto-choosing row-wise multi-threading, the overhead of testing was 0.027070 seconds.
You can set `force_row_wise=true` to remove the overhead.
And if memory is not enough, you can set `force_col_wise=true`.
[LightGBM] [Info] Total Bins 2891
[LightGBM] [Info] Number of data points in the train set: 92226, number of used features: 18
[LightGBM] [Info] Start training from score 5735.670960
[LightGBM] [Info] Auto-choosing row-wise multi-threading, the overhead of testing was 0.030175 seconds.
You can set `force_row_wise=true` to remove the overhead.
And if memory is not enough, you can set `force_col_wise=true`.
[LightGBM] [Info] Auto-choosing col-wise multi-threading, the overhead of testing was 0.082061 seconds.
You can set `force_col_wise=true` to remove the overhead.
[LightGBM] [Info] Total Bins 2891
[LightGBM] [Info] Number of data points in the train set: 92226, number of used features: 18
[LightGBM] [Info] Total Bins 2891
[LightGBM] [Info] Number of data points in the train set: 92226, number of used features: 18
[LightGBM] [Info] Start training from score 5735.688350
[LightGBM] [Info] Start training from score 5735.709804
[LightGBM] [Info] Auto-choosing col-wise multi-threading, the overhead of testing was 0.084576 seconds.
You can set `force_col_wise=true` to remove the overhead.
[LightGBM] [Info] Total Bins 2891
[LightGBM] [Info] Auto-choosing row-wise multi-threading, the overhead of testing was 0.024275 seconds.
You can set `force_row_wise=true` to remove the overhead.
And if memory is not enough, you can set `force_col_wise=true`.
[LightGBM] [Info] Number of data points in the train set: 92226, number of used features: 18
[LightGBM] [Info] Total Bins 2891
[LightGBM] [Info] Start training from score 5735.707294
[LightGBM] [Info] Number of data points in the train set: 92226, number of used features: 18
[LightGBM] [Info] Start training from score 5735.609248
[LightGBM] [Info] Auto-choosing row-wise multi-threading, the overhead of testing was 0.026680 seconds.
You can set `force_row_wise=true` to remove the overhead.
And if memory is not enough, you can set `force_col_wise=true`.
[LightGBM] [Info] Total Bins 2891
[LightGBM] [Info] Number of data points in the train set: 92226, number of used features: 18
[LightGBM] [Info] Auto-choosing row-wise multi-threading, the overhead of testing was 0.026665 seconds.
You can set `force_row_wise=true` to remove the overhead.
And if memory is not enough, you can set `force_col_wise=true`.
[LightGBM] [Info] Total Bins 2891
[LightGBM] [Info] Number of data points in the train set: 92226, number of used features: 18
[LightGBM] [Info] Start training from score 5735.702275
[LightGBM] [Info] Start training from score 5735.703730
[LightGBM] [Info] Auto-choosing col-wise multi-threading, the overhead of testing was 0.078580 seconds.
You can set `force_col_wise=true` to remove the overhead.
[LightGBM] [Info] Total Bins 2891
[LightGBM] [Info] Number of data points in the train set: 92226, number of used features: 18
[LightGBM] [Info] Start training from score 5735.709370
[LightGBM] [Info] Auto-choosing col-wise multi-threading, the overhead of testing was 0.091779 seconds.
You can set `force_col_wise=true` to remove the overhead.
[LightGBM] [Info] Total Bins 2891
[LightGBM] [Info] Number of data points in the train set: 92226, number of used features: 18
[LightGBM] [Info] Start training from score 5735.563862
[LightGBM] [Info] Auto-choosing col-wise multi-threading, the overhead of testing was 0.086211 seconds.
You can set `force_col_wise=true` to remove the overhead.
[LightGBM] [Info] Total Bins 2891
[LightGBM] [Info] Number of data points in the train set: 92226, number of used features: 18
[LightGBM] [Info] Auto-choosing col-wise multi-threading, the overhead of testing was 0.088640 seconds.
You can set `force_col_wise=true` to remove the overhead.
[LightGBM] [Info] Start training from score 5735.581369
[LightGBM] [Info] Total Bins 2891
[LightGBM] [Info] Number of data points in the train set: 92226, number of used features: 18
[LightGBM] [Info] Start training from score 5735.628008
[LightGBM] [Info] Auto-choosing row-wise multi-threading, the overhead of testing was 0.033439 seconds.
You can set `force_row_wise=true` to remove the overhead.
And if memory is not enough, you can set `force_col_wise=true`.
[LightGBM] [Info] Total Bins 2891
[LightGBM] [Info] Number of data points in the train set: 92226, number of used features: 18
[LightGBM] [Info] Start training from score 5735.554891
[LightGBM] [Info] Auto-choosing col-wise multi-threading, the overhead of testing was 0.093474 seconds.
You can set `force_col_wise=true` to remove the overhead.
[LightGBM] [Info] Total Bins 2891
[LightGBM] [Info] Number of data points in the train set: 92226, number of used features: 18
[LightGBM] [Info] Start training from score 5735.573133
[LightGBM] [Info] Auto-choosing col-wise multi-threading, the overhead of testing was 0.085909 seconds.
You can set `force_col_wise=true` to remove the overhead.
[LightGBM] [Info] Total Bins 2891
[LightGBM] [Info] Number of data points in the train set: 92226, number of used features: 18
[LightGBM] [Info] Start training from score 5735.544418
[LightGBM] [Info] Auto-choosing col-wise multi-threading, the overhead of testing was 0.084405 seconds.
You can set `force_col_wise=true` to remove the overhead.
[LightGBM] [Info] Total Bins 2891
[LightGBM] [Info] Number of data points in the train set: 92226, number of used features: 18
[LightGBM] [Info] Start training from score 5735.509836
[LightGBM] [Info] Auto-choosing col-wise multi-threading, the overhead of testing was 0.088309 seconds.
You can set `force_col_wise=true` to remove the overhead.
[LightGBM] [Info] Total Bins 2891
[LightGBM] [Info] Number of data points in the train set: 92226, number of used features: 18
[LightGBM] [Info] Start training from score 5735.527676
[LightGBM] [Info] Auto-choosing col-wise multi-threading, the overhead of testing was 0.072285 seconds.
You can set `force_col_wise=true` to remove the overhead.
[LightGBM] [Info] Total Bins 2891
[LightGBM] [Info] Number of data points in the train set: 92226, number of used features: 18
[LightGBM] [Info] Start training from score 5735.492085
[LightGBM] [Info] Auto-choosing col-wise multi-threading, the overhead of testing was 0.061376 seconds.
You can set `force_col_wise=true` to remove the overhead.
[LightGBM] [Info] Total Bins 2891
[LightGBM] [Info] Number of data points in the train set: 92226, number of used features: 18
[LightGBM] [Info] Start training from score 5735.482831
[LightGBM] [Info] Auto-choosing col-wise multi-threading, the overhead of testing was 0.084311 seconds.
You can set `force_col_wise=true` to remove the overhead.
[LightGBM] [Info] Total Bins 2891
[LightGBM] [Info] Number of data points in the train set: 92226, number of used features: 18
[LightGBM] [Info] Start training from score 5735.480871
[LightGBM] [Info] Auto-choosing col-wise multi-threading, the overhead of testing was 0.151915 seconds.
You can set `force_col_wise=true` to remove the overhead.
[LightGBM] [Info] Total Bins 2891
[LightGBM] [Info] Number of data points in the train set: 92226, number of used features: 18
[LightGBM] [Info] Start training from score 5735.482509
[LightGBM] [Info] Auto-choosing row-wise multi-threading, the overhead of testing was 0.063725 seconds.
You can set `force_row_wise=true` to remove the overhead.
And if memory is not enough, you can set `force_col_wise=true`.
[LightGBM] [Info] Total Bins 2891
[LightGBM] [Info] Number of data points in the train set: 92226, number of used features: 18
[LightGBM] [Info] Start training from score 5735.487644
[LightGBM] [Info] Auto-choosing col-wise multi-threading, the overhead of testing was 0.065608 seconds.
You can set `force_col_wise=true` to remove the overhead.
[LightGBM] [Info] Total Bins 2891
[LightGBM] [Info] Number of data points in the train set: 92226, number of used features: 18
[LightGBM] [Info] Start training from score 5735.494941
[LightGBM] [Info] Auto-choosing col-wise multi-threading, the overhead of testing was 0.076653 seconds.
You can set `force_col_wise=true` to remove the overhead.
[LightGBM] [Info] Total Bins 2891
[LightGBM] [Info] Number of data points in the train set: 92226, number of used features: 18
[LightGBM] [Info] Start training from score 5735.499083
[LightGBM] [Info] Auto-choosing row-wise multi-threading, the overhead of testing was 0.025182 seconds.
You can set `force_row_wise=true` to remove the overhead.
And if memory is not enough, you can set `force_col_wise=true`.
[LightGBM] [Info] Total Bins 2891
[LightGBM] [Info] Number of data points in the train set: 92226, number of used features: 18
[LightGBM] [Info] Start training from score 5735.503230
[LightGBM] [Info] Auto-choosing col-wise multi-threading, the overhead of testing was 0.139780 seconds.
You can set `force_col_wise=true` to remove the overhead.
[LightGBM] [Info] Total Bins 2891
[LightGBM] [Info] Number of data points in the train set: 92226, number of used features: 18
[LightGBM] [Info] Start training from score 5735.507076
[LightGBM] [Info] Auto-choosing col-wise multi-threading, the overhead of testing was 0.075884 seconds.
You can set `force_col_wise=true` to remove the overhead.
[LightGBM] [Info] Total Bins 2891
[LightGBM] [Info] Number of data points in the train set: 92226, number of used features: 18
[LightGBM] [Info] Start training from score 5735.510079
[LightGBM] [Info] Auto-choosing row-wise multi-threading, the overhead of testing was 0.025208 seconds.
You can set `force_row_wise=true` to remove the overhead.
And if memory is not enough, you can set `force_col_wise=true`.
[LightGBM] [Info] Total Bins 2891
[LightGBM] [Info] Number of data points in the train set: 92226, number of used features: 18
[LightGBM] [Info] Start training from score 5735.509812
[LightGBM] [Info] Auto-choosing row-wise multi-threading, the overhead of testing was 0.027616 seconds.
You can set `force_row_wise=true` to remove the overhead.
And if memory is not enough, you can set `force_col_wise=true`.
[LightGBM] [Info] Total Bins 2891
[LightGBM] [Info] Number of data points in the train set: 92226, number of used features: 18
[LightGBM] [Info] Start training from score 5735.504853
[LightGBM] [Info] Auto-choosing row-wise multi-threading, the overhead of testing was 0.026400 seconds.
You can set `force_row_wise=true` to remove the overhead.
And if memory is not enough, you can set `force_col_wise=true`.
[LightGBM] [Info] Total Bins 2891
[LightGBM] [Info] Number of data points in the train set: 92226, number of used features: 18
[LightGBM] [Info] Start training from score 5735.503072
[LightGBM] [Info] Auto-choosing row-wise multi-threading, the overhead of testing was 0.021921 seconds.
You can set `force_row_wise=true` to remove the overhead.
And if memory is not enough, you can set `force_col_wise=true`.
[LightGBM] [Info] Total Bins 2891
[LightGBM] [Info] Number of data points in the train set: 92226, number of used features: 18
[LightGBM] [Info] Start training from score 5735.501907
[LightGBM] [Info] Auto-choosing col-wise multi-threading, the overhead of testing was 0.068965 seconds.
You can set `force_col_wise=true` to remove the overhead.
[LightGBM] [Info] Total Bins 2891
[LightGBM] [Info] Number of data points in the train set: 92226, number of used features: 18
[LightGBM] [Info] Start training from score 5735.504473
[LightGBM] [Info] Auto-choosing row-wise multi-threading, the overhead of testing was 0.015301 seconds.
You can set `force_row_wise=true` to remove the overhead.
And if memory is not enough, you can set `force_col_wise=true`.
[LightGBM] [Info] Total Bins 2891
[LightGBM] [Info] Number of data points in the train set: 92226, number of used features: 18
[LightGBM] [Info] Start training from score 5735.511527
[LightGBM] [Info] Auto-choosing col-wise multi-threading, the overhead of testing was 0.052238 seconds.
You can set `force_col_wise=true` to remove the overhead.
[LightGBM] [Info] Total Bins 2891
[LightGBM] [Info] Number of data points in the train set: 92226, number of used features: 18
[LightGBM] [Info] Start training from score 5735.523268
   [fit] key=2025-W30 cutoff=2025-07-21 11:00:00  (block 52/92)
[LightGBM] [Info] Auto-choosing row-wise multi-threading, the overhead of testing was 0.060247 seconds.
You can set `force_row_wise=true` to remove the overhead.
And if memory is not enough, you can set `force_col_wise=true`.
[LightGBM] [Info] Total Bins 2891
[LightGBM] [Info] Number of data points in the train set: 92394, number of used features: 18
[LightGBM] [Info] Auto-choosing col-wise multi-threading, the overhead of testing was 0.130042 seconds.
You can set `force_col_wise=true` to remove the overhead.
[LightGBM] [Info] Start training from score 5740.305758
[LightGBM] [Info] Total Bins 2891
[LightGBM] [Info] Number of data points in the train set: 92394, number of used features: 18
[LightGBM] [Info] Start training from score 5740.275904
[LightGBM] [Info] Auto-choosing col-wise multi-threading, the overhead of testing was 0.125444 seconds.
You can set `force_col_wise=true` to remove the overhead.
[LightGBM] [Info] Total Bins 2891
[LightGBM] [Info] Number of data points in the train set: 92394, number of used features: 18
[LightGBM] [Info] Start training from score 5740.296337
[LightGBM] [Info] Auto-choosing col-wise multi-threading, the overhead of testing was 0.128268 seconds.
You can set `force_col_wise=true` to remove the overhead.
[LightGBM] [Info] Total Bins 2891
[LightGBM] [Info] Number of data points in the train set: 92394, number of used features: 18
[LightGBM] [Info] Start training from score 5740.286738
[LightGBM] [Info] Auto-choosing row-wise multi-threading, the overhead of testing was 0.042138 seconds.
You can set `force_row_wise=true` to remove the overhead.
And if memory is not enough, you can set `force_col_wise=true`.
[LightGBM] [Info] Auto-choosing col-wise multi-threading, the overhead of testing was 0.108025 seconds.
You can set `force_col_wise=true` to remove the overhead.
[LightGBM] [Info] Total Bins 2891
[LightGBM] [Info] Total Bins 2891
[LightGBM] [Info] Number of data points in the train set: 92394, number of used features: 18
[LightGBM] [Info] Start training from score 5740.305002
[LightGBM] [Info] Number of data points in the train set: 92394, number of used features: 18
[LightGBM] [Info] Start training from score 5740.284326
[LightGBM] [Info] Auto-choosing col-wise multi-threading, the overhead of testing was 0.124406 seconds.
You can set `force_col_wise=true` to remove the overhead.
[LightGBM] [Info] Total Bins 2891
[LightGBM] [Info] Number of data points in the train set: 92394, number of used features: 18
[LightGBM] [Info] Start training from score 5740.263860
[LightGBM] [Info] Auto-choosing col-wise multi-threading, the overhead of testing was 0.076276 seconds.
You can set `force_col_wise=true` to remove the overhead.
[LightGBM] [Info] Auto-choosing col-wise multi-threading, the overhead of testing was 0.099664 seconds.
You can set `force_col_wise=true` to remove the overhead.
[LightGBM] [Info] Total Bins 2891
[LightGBM] [Info] Total Bins 2891
[LightGBM] [Info] Number of data points in the train set: 92394, number of used features: 18
[LightGBM] [Info] Number of data points in the train set: 92394, number of used features: 18
[LightGBM] [Info] Start training from score 5740.239924
[LightGBM] [Info] Start training from score 5740.296939
[LightGBM] [Info] Auto-choosing col-wise multi-threading, the overhead of testing was 0.069284 seconds.
You can set `force_col_wise=true` to remove the overhead.
[LightGBM] [Info] Total Bins 2891
[LightGBM] [Info] Number of data points in the train set: 92394, number of used features: 18
[LightGBM] [Info] Start training from score 5740.252090
[LightGBM] [Info] Auto-choosing col-wise multi-threading, the overhead of testing was 0.092618 seconds.
You can set `force_col_wise=true` to remove the overhead.
[LightGBM] [Info] Total Bins 2891
[LightGBM] [Info] Number of data points in the train set: 92394, number of used features: 18
[LightGBM] [Info] Start training from score 5740.228341
[LightGBM] [Info] Auto-choosing row-wise multi-threading, the overhead of testing was 0.026690 seconds.
You can set `force_row_wise=true` to remove the overhead.
And if memory is not enough, you can set `force_col_wise=true`.
[LightGBM] [Info] Total Bins 2891
[LightGBM] [Info] Auto-choosing row-wise multi-threading, the overhead of testing was 0.025240 seconds.
You can set `force_row_wise=true` to remove the overhead.
And if memory is not enough, you can set `force_col_wise=true`.
[LightGBM] [Info] Total Bins 2891
[LightGBM] [Info] Number of data points in the train set: 92394, number of used features: 18
[LightGBM] [Info] Number of data points in the train set: 92394, number of used features: 18
[LightGBM] [Info] Start training from score 5740.232138
[LightGBM] [Info] Start training from score 5740.229374
[LightGBM] [Info] Auto-choosing col-wise multi-threading, the overhead of testing was 0.083627 seconds.
You can set `force_col_wise=true` to remove the overhead.
[LightGBM] [Info] Total Bins 2891
[LightGBM] [Info] Number of data points in the train set: 92394, number of used features: 18
[LightGBM] [Info] Start training from score 5740.228648
[LightGBM] [Info] Auto-choosing col-wise multi-threading, the overhead of testing was 0.093648 seconds.
You can set `force_col_wise=true` to remove the overhead.
[LightGBM] [Info] Total Bins 2891
[LightGBM] [Info] Number of data points in the train set: 92394, number of used features: 18
[LightGBM] [Info] Start training from score 5740.268426
[LightGBM] [Info] Auto-choosing col-wise multi-threading, the overhead of testing was 0.089053 seconds.
You can set `force_col_wise=true` to remove the overhead.
[LightGBM] [Info] Total Bins 2891
[LightGBM] [Info] Number of data points in the train set: 92394, number of used features: 18
[LightGBM] [Info] Start training from score 5740.228039
[LightGBM] [Info] Auto-choosing row-wise multi-threading, the overhead of testing was 0.019113 seconds.
You can set `force_row_wise=true` to remove the overhead.
And if memory is not enough, you can set `force_col_wise=true`.
[LightGBM] [Info] Total Bins 2891
[LightGBM] [Info] Number of data points in the train set: 92394, number of used features: 18
[LightGBM] [Info] Start training from score 5740.225832
[LightGBM] [Info] Auto-choosing col-wise multi-threading, the overhead of testing was 0.080742 seconds.
You can set `force_col_wise=true` to remove the overhead.
[LightGBM] [Info] Total Bins 2891
[LightGBM] [Info] Number of data points in the train set: 92394, number of used features: 18
[LightGBM] [Info] Start training from score 5740.216080
[LightGBM] [Info] Auto-choosing col-wise multi-threading, the overhead of testing was 0.139731 seconds.
You can set `force_col_wise=true` to remove the overhead.
[LightGBM] [Info] Total Bins 2891
[LightGBM] [Info] Number of data points in the train set: 92394, number of used features: 18
[LightGBM] [Info] Start training from score 5740.203792
[LightGBM] [Info] Auto-choosing col-wise multi-threading, the overhead of testing was 0.087490 seconds.
You can set `force_col_wise=true` to remove the overhead.
[LightGBM] [Info] Total Bins 2891
[LightGBM] [Info] Number of data points in the train set: 92394, number of used features: 18
[LightGBM] [Info] Start training from score 5740.191236
[LightGBM] [Info] Auto-choosing col-wise multi-threading, the overhead of testing was 0.072795 seconds.
You can set `force_col_wise=true` to remove the overhead.
[LightGBM] [Info] Total Bins 2891
[LightGBM] [Info] Number of data points in the train set: 92394, number of used features: 18
[LightGBM] [Info] Start training from score 5740.192251
[LightGBM] [Info] Auto-choosing col-wise multi-threading, the overhead of testing was 0.081282 seconds.
You can set `force_col_wise=true` to remove the overhead.
[LightGBM] [Info] Total Bins 2891
[LightGBM] [Info] Number of data points in the train set: 92394, number of used features: 18
[LightGBM] [Info] Start training from score 5740.187854
[LightGBM] [Info] Auto-choosing col-wise multi-threading, the overhead of testing was 0.076987 seconds.
You can set `force_col_wise=true` to remove the overhead.
[LightGBM] [Info] Total Bins 2891
[LightGBM] [Info] Number of data points in the train set: 92394, number of used features: 18
[LightGBM] [Info] Start training from score 5740.199871
[LightGBM] [Info] Auto-choosing row-wise multi-threading, the overhead of testing was 0.027683 seconds.
You can set `force_row_wise=true` to remove the overhead.
And if memory is not enough, you can set `force_col_wise=true`.
[LightGBM] [Info] Total Bins 2891
[LightGBM] [Info] Number of data points in the train set: 92394, number of used features: 18
[LightGBM] [Info] Start training from score 5740.211945
[LightGBM] [Info] Auto-choosing row-wise multi-threading, the overhead of testing was 0.019160 seconds.
You can set `force_row_wise=true` to remove the overhead.
And if memory is not enough, you can set `force_col_wise=true`.
[LightGBM] [Info] Total Bins 2891
[LightGBM] [Info] Number of data points in the train set: 92394, number of used features: 18
[LightGBM] [Info] Start training from score 5740.237628
[LightGBM] [Info] Auto-choosing col-wise multi-threading, the overhead of testing was 0.084905 seconds.
You can set `force_col_wise=true` to remove the overhead.
[LightGBM] [Info] Total Bins 2891
[LightGBM] [Info] Number of data points in the train set: 92394, number of used features: 18
[LightGBM] [Info] Start training from score 5740.248413
[LightGBM] [Info] Auto-choosing row-wise multi-threading, the overhead of testing was 0.034775 seconds.
You can set `force_row_wise=true` to remove the overhead.
And if memory is not enough, you can set `force_col_wise=true`.
[LightGBM] [Info] Total Bins 2891
[LightGBM] [Info] Number of data points in the train set: 92394, number of used features: 18
[LightGBM] [Info] Start training from score 5740.226166
[LightGBM] [Info] Auto-choosing col-wise multi-threading, the overhead of testing was 0.099654 seconds.
You can set `force_col_wise=true` to remove the overhead.
[LightGBM] [Info] Total Bins 2891
[LightGBM] [Info] Number of data points in the train set: 92394, number of used features: 18
[LightGBM] [Info] Start training from score 5740.258043
[LightGBM] [Info] Auto-choosing row-wise multi-threading, the overhead of testing was 0.025492 seconds.
You can set `force_row_wise=true` to remove the overhead.
And if memory is not enough, you can set `force_col_wise=true`.
[LightGBM] [Info] Total Bins 2891
[LightGBM] [Info] Number of data points in the train set: 92394, number of used features: 18
[LightGBM] [Info] Start training from score 5740.266538
[LightGBM] [Info] Auto-choosing row-wise multi-threading, the overhead of testing was 0.025478 seconds.
You can set `force_row_wise=true` to remove the overhead.
And if memory is not enough, you can set `force_col_wise=true`.
[LightGBM] [Info] Total Bins 2891
[LightGBM] [Info] Number of data points in the train set: 92394, number of used features: 18
[LightGBM] [Info] Start training from score 5740.271413
[LightGBM] [Info] Auto-choosing col-wise multi-threading, the overhead of testing was 0.084862 seconds.
You can set `force_col_wise=true` to remove the overhead.
[LightGBM] [Info] Total Bins 2891
[LightGBM] [Info] Number of data points in the train set: 92394, number of used features: 18
[LightGBM] [Info] Start training from score 5740.269840
[LightGBM] [Info] Auto-choosing row-wise multi-threading, the overhead of testing was 0.025143 seconds.
You can set `force_row_wise=true` to remove the overhead.
And if memory is not enough, you can set `force_col_wise=true`.
[LightGBM] [Info] Total Bins 2891
[LightGBM] [Info] Number of data points in the train set: 92394, number of used features: 18
[LightGBM] [Info] Start training from score 5740.270151
[LightGBM] [Info] Auto-choosing col-wise multi-threading, the overhead of testing was 0.065184 seconds.
You can set `force_col_wise=true` to remove the overhead.
[LightGBM] [Info] Total Bins 2891
[LightGBM] [Info] Number of data points in the train set: 92394, number of used features: 18
[LightGBM] [Info] Start training from score 5740.271066
[LightGBM] [Info] Auto-choosing col-wise multi-threading, the overhead of testing was 0.070196 seconds.
You can set `force_col_wise=true` to remove the overhead.
[LightGBM] [Info] Total Bins 2891
[LightGBM] [Info] Number of data points in the train set: 92394, number of used features: 18
[LightGBM] [Info] Start training from score 5740.274482
[LightGBM] [Info] Auto-choosing row-wise multi-threading, the overhead of testing was 0.022539 seconds.
You can set `force_row_wise=true` to remove the overhead.
And if memory is not enough, you can set `force_col_wise=true`.
[LightGBM] [Info] Total Bins 2891
[LightGBM] [Info] Number of data points in the train set: 92394, number of used features: 18
[LightGBM] [Info] Start training from score 5740.281534
[LightGBM] [Info] Auto-choosing col-wise multi-threading, the overhead of testing was 0.062842 seconds.
You can set `force_col_wise=true` to remove the overhead.
[LightGBM] [Info] Total Bins 2891
[LightGBM] [Info] Number of data points in the train set: 92394, number of used features: 18
[LightGBM] [Info] Start training from score 5740.292734
   [fit] key=2025-W31 cutoff=2025-07-28 11:00:00  (block 59/92)
[LightGBM] [Info] Auto-choosing col-wise multi-threading, the overhead of testing was 0.076845 seconds.
You can set `force_col_wise=true` to remove the overhead.
[LightGBM] [Info] Total Bins 2891
[LightGBM] [Info] Number of data points in the train set: 92562, number of used features: 18
[LightGBM] [Info] Start training from score 5743.161912
[LightGBM] [Info] Auto-choosing col-wise multi-threading, the overhead of testing was 0.106624 seconds.
You can set `force_col_wise=true` to remove the overhead.
[LightGBM] [Info] Total Bins 2891
[LightGBM] [Info] Number of data points in the train set: 92562, number of used features: 18
[LightGBM] [Info] Start training from score 5743.153512
[LightGBM] [Info] Auto-choosing col-wise multi-threading, the overhead of testing was 0.078908 seconds.
You can set `force_col_wise=true` to remove the overhead.
[LightGBM] [Info] Total Bins 2891
[LightGBM] [Info] Number of data points in the train set: 92562, number of used features: 18
[LightGBM] [Info] Auto-choosing col-wise multi-threading, the overhead of testing was 0.079679 seconds.
You can set `force_col_wise=true` to remove the overhead.
[LightGBM] [Info] Total Bins 2891
[LightGBM] [Info] Start training from score 5743.165576
[LightGBM] [Info] Number of data points in the train set: 92562, number of used features: 18
[LightGBM] [Info] Start training from score 5743.157828
[LightGBM] [Info] Auto-choosing col-wise multi-threading, the overhead of testing was 0.075461 seconds.
You can set `force_col_wise=true` to remove the overhead.
[LightGBM] [Info] Total Bins 2891
[LightGBM] [Info] Number of data points in the train set: 92562, number of used features: 18
[LightGBM] [Info] Start training from score 5743.136894
[LightGBM] [Info] Auto-choosing col-wise multi-threading, the overhead of testing was 0.087354 seconds.
You can set `force_col_wise=true` to remove the overhead.
[LightGBM] [Info] Total Bins 2891
[LightGBM] [Info] Number of data points in the train set: 92562, number of used features: 18
[LightGBM] [Info] Start training from score 5743.115887
[LightGBM] [Info] Auto-choosing col-wise multi-threading, the overhead of testing was 0.076564 seconds.
You can set `force_col_wise=true` to remove the overhead.
[LightGBM] [Info] Total Bins 2891
[LightGBM] [Info] Number of data points in the train set: 92562, number of used features: 18
[LightGBM] [Info] Auto-choosing col-wise multi-threading, the overhead of testing was 0.070130 seconds.
You can set `force_col_wise=true` to remove the overhead.
[LightGBM] [Info] Total Bins 2891
[LightGBM] [Info] Start training from score 5742.962548
[LightGBM] [Info] Number of data points in the train set: 92562, number of used features: 18
[LightGBM] [Info] Start training from score 5743.036058
[LightGBM] [Info] Auto-choosing row-wise multi-threading, the overhead of testing was 0.038057 seconds.
You can set `force_row_wise=true` to remove the overhead.
And if memory is not enough, you can set `force_col_wise=true`.
[LightGBM] [Info] Total Bins 2891
[LightGBM] [Info] Number of data points in the train set: 92562, number of used features: 18
[LightGBM] [Info] Start training from score 5743.148380
[LightGBM] [Info] Auto-choosing col-wise multi-threading, the overhead of testing was 0.086424 seconds.
You can set `force_col_wise=true` to remove the overhead.
[LightGBM] [Info] Total Bins 2891
[LightGBM] [Info] Auto-choosing col-wise multi-threading, the overhead of testing was 0.085621 seconds.
You can set `force_col_wise=true` to remove the overhead.
[LightGBM] [Info] Total Bins 2891
[LightGBM] [Info] Number of data points in the train set: 92562, number of used features: 18
[LightGBM] [Info] Start training from score 5742.943722
[LightGBM] [Info] Number of data points in the train set: 92562, number of used features: 18
[LightGBM] [Info] Start training from score 5742.984650
[LightGBM] [Info] Auto-choosing col-wise multi-threading, the overhead of testing was 0.080488 seconds.
You can set `force_col_wise=true` to remove the overhead.
[LightGBM] [Info] Total Bins 2891
[LightGBM] [Info] Auto-choosing col-wise multi-threading, the overhead of testing was 0.079075 seconds.
You can set `force_col_wise=true` to remove the overhead.
[LightGBM] [Info] Total Bins 2891
[LightGBM] [Info] Number of data points in the train set: 92562, number of used features: 18
[LightGBM] [Info] Start training from score 5742.923562
[LightGBM] [Info] Auto-choosing col-wise multi-threading, the overhead of testing was 0.090908 seconds.
You can set `force_col_wise=true` to remove the overhead.
[LightGBM] [Info] Number of data points in the train set: 92562, number of used features: 18
[LightGBM] [Info] Start training from score 5743.009146
[LightGBM] [Info] Auto-choosing col-wise multi-threading, the overhead of testing was 0.077787 seconds.
You can set `force_col_wise=true` to remove the overhead.
[LightGBM] [Info] Total Bins 2891
[LightGBM] [Info] Total Bins 2891
[LightGBM] [Info] Number of data points in the train set: 92562, number of used features: 18
[LightGBM] [Info] Start training from score 5742.903690
[LightGBM] [Info] Number of data points in the train set: 92562, number of used features: 18
[LightGBM] [Info] Start training from score 5743.092489
[LightGBM] [Info] Auto-choosing col-wise multi-threading, the overhead of testing was 0.089051 seconds.
You can set `force_col_wise=true` to remove the overhead.
[LightGBM] [Info] Total Bins 2891
[LightGBM] [Info] Number of data points in the train set: 92562, number of used features: 18
[LightGBM] [Info] Start training from score 5743.064843
[LightGBM] [Info] Auto-choosing row-wise multi-threading, the overhead of testing was 0.025543 seconds.
You can set `force_row_wise=true` to remove the overhead.
And if memory is not enough, you can set `force_col_wise=true`.
[LightGBM] [Info] Total Bins 2891
[LightGBM] [Info] Number of data points in the train set: 92562, number of used features: 18
[LightGBM] [Info] Start training from score 5742.855280
[LightGBM] [Info] Auto-choosing col-wise multi-threading, the overhead of testing was 0.095887 seconds.
You can set `force_col_wise=true` to remove the overhead.
[LightGBM] [Info] Total Bins 2891
[LightGBM] [Info] Number of data points in the train set: 92562, number of used features: 18
[LightGBM] [Info] Start training from score 5742.882268
[LightGBM] [Info] Auto-choosing col-wise multi-threading, the overhead of testing was 0.075828 seconds.
You can set `force_col_wise=true` to remove the overhead.
[LightGBM] [Info] Total Bins 2891
[LightGBM] [Info] Number of data points in the train set: 92562, number of used features: 18
[LightGBM] [Info] Start training from score 5742.828257
[LightGBM] [Info] Auto-choosing col-wise multi-threading, the overhead of testing was 0.081897 seconds.
You can set `force_col_wise=true` to remove the overhead.
[LightGBM] [Info] Total Bins 2891
[LightGBM] [Info] Number of data points in the train set: 92562, number of used features: 18
[LightGBM] [Info] Start training from score 5742.786009
[LightGBM] [Info] Auto-choosing col-wise multi-threading, the overhead of testing was 0.076263 seconds.
You can set `force_col_wise=true` to remove the overhead.
[LightGBM] [Info] Total Bins 2891
[LightGBM] [Info] Number of data points in the train set: 92562, number of used features: 18
[LightGBM] [Info] Start training from score 5742.802760
[LightGBM] [Info] Auto-choosing row-wise multi-threading, the overhead of testing was 0.026556 seconds.
You can set `force_row_wise=true` to remove the overhead.
And if memory is not enough, you can set `force_col_wise=true`.
[LightGBM] [Info] Total Bins 2891
[LightGBM] [Info] Number of data points in the train set: 92562, number of used features: 18
[LightGBM] [Info] Start training from score 5742.775780
[LightGBM] [Info] Auto-choosing col-wise multi-threading, the overhead of testing was 0.079784 seconds.
You can set `force_col_wise=true` to remove the overhead.
[LightGBM] [Info] Total Bins 2891
[LightGBM] [Info] Number of data points in the train set: 92562, number of used features: 18
[LightGBM] [Info] Start training from score 5742.769094
[LightGBM] [Info] Auto-choosing col-wise multi-threading, the overhead of testing was 0.079288 seconds.
You can set `force_col_wise=true` to remove the overhead.
[LightGBM] [Info] Total Bins 2891
[LightGBM] [Info] Number of data points in the train set: 92562, number of used features: 18
[LightGBM] [Info] Start training from score 5742.766323
[LightGBM] [Info] Auto-choosing col-wise multi-threading, the overhead of testing was 0.090113 seconds.
You can set `force_col_wise=true` to remove the overhead.
[LightGBM] [Info] Total Bins 2891
[LightGBM] [Info] Number of data points in the train set: 92562, number of used features: 18
[LightGBM] [Info] Start training from score 5742.764195
[LightGBM] [Info] Auto-choosing col-wise multi-threading, the overhead of testing was 0.079828 seconds.
You can set `force_col_wise=true` to remove the overhead.
[LightGBM] [Info] Total Bins 2891
[LightGBM] [Info] Number of data points in the train set: 92562, number of used features: 18
[LightGBM] [Info] Start training from score 5742.766409
[LightGBM] [Info] Auto-choosing row-wise multi-threading, the overhead of testing was 0.019045 seconds.
You can set `force_row_wise=true` to remove the overhead.
And if memory is not enough, you can set `force_col_wise=true`.
[LightGBM] [Info] Auto-choosing col-wise multi-threading, the overhead of testing was 0.072991 seconds.
You can set `force_col_wise=true` to remove the overhead.
[LightGBM] [Info] Total Bins 2891
[LightGBM] [Info] Total Bins 2891
[LightGBM] [Info] Number of data points in the train set: 92562, number of used features: 18
[LightGBM] [Info] Start training from score 5742.760664
[LightGBM] [Info] Number of data points in the train set: 92562, number of used features: 18
[LightGBM] [Info] Start training from score 5742.762417
[LightGBM] [Info] Auto-choosing row-wise multi-threading, the overhead of testing was 0.024694 seconds.
You can set `force_row_wise=true` to remove the overhead.
And if memory is not enough, you can set `force_col_wise=true`.
[LightGBM] [Info] Total Bins 2891
[LightGBM] [Info] Number of data points in the train set: 92562, number of used features: 18
[LightGBM] [Info] Start training from score 5742.758600
[LightGBM] [Info] Auto-choosing row-wise multi-threading, the overhead of testing was 0.048423 seconds.
You can set `force_row_wise=true` to remove the overhead.
And if memory is not enough, you can set `force_col_wise=true`.
[LightGBM] [Info] Total Bins 2891
[LightGBM] [Info] Number of data points in the train set: 92562, number of used features: 18
[LightGBM] [Info] Start training from score 5742.753040
[LightGBM] [Info] Auto-choosing col-wise multi-threading, the overhead of testing was 0.086019 seconds.
You can set `force_col_wise=true` to remove the overhead.
[LightGBM] [Info] Total Bins 2891
[LightGBM] [Info] Number of data points in the train set: 92562, number of used features: 18
[LightGBM] [Info] Start training from score 5742.741607
[LightGBM] [Info] Auto-choosing col-wise multi-threading, the overhead of testing was 0.082340 seconds.
You can set `force_col_wise=true` to remove the overhead.
[LightGBM] [Info] Total Bins 2891
[LightGBM] [Info] Number of data points in the train set: 92562, number of used features: 18
[LightGBM] [Info] Start training from score 5742.731599
[LightGBM] [Info] Auto-choosing row-wise multi-threading, the overhead of testing was 0.020592 seconds.
You can set `force_row_wise=true` to remove the overhead.
And if memory is not enough, you can set `force_col_wise=true`.
[LightGBM] [Info] Total Bins 2891
[LightGBM] [Info] Number of data points in the train set: 92562, number of used features: 18
[LightGBM] [Info] Start training from score 5742.721072
[LightGBM] [Info] Auto-choosing col-wise multi-threading, the overhead of testing was 0.052242 seconds.
You can set `force_col_wise=true` to remove the overhead.
[LightGBM] [Info] Total Bins 2891
[LightGBM] [Info] Number of data points in the train set: 92562, number of used features: 18
[LightGBM] [Info] Start training from score 5742.712501
[LightGBM] [Info] Auto-choosing col-wise multi-threading, the overhead of testing was 0.049956 seconds.
You can set `force_col_wise=true` to remove the overhead.
[LightGBM] [Info] Total Bins 2891
[LightGBM] [Info] Number of data points in the train set: 92562, number of used features: 18
[LightGBM] [Info] Start training from score 5742.707019
[LightGBM] [Info] Auto-choosing row-wise multi-threading, the overhead of testing was 0.017310 seconds.
You can set `force_row_wise=true` to remove the overhead.
And if memory is not enough, you can set `force_col_wise=true`.
[LightGBM] [Info] Total Bins 2891
[LightGBM] [Info] Number of data points in the train set: 92562, number of used features: 18
[LightGBM] [Info] Start training from score 5742.704511
   [fit] key=2025-W32 cutoff=2025-08-04 11:00:00  (block 66/92)
[LightGBM] [Info] Auto-choosing row-wise multi-threading, the overhead of testing was 0.020030 seconds.
You can set `force_row_wise=true` to remove the overhead.
And if memory is not enough, you can set `force_col_wise=true`.
[LightGBM] [Info] Total Bins 2891
[LightGBM] [Info] Number of data points in the train set: 92730, number of used features: 18
[LightGBM] [Info] Auto-choosing col-wise multi-threading, the overhead of testing was 0.078830 seconds.
You can set `force_col_wise=true` to remove the overhead.
[LightGBM] [Info] Total Bins 2891
[LightGBM] [Info] Start training from score 5744.813074
[LightGBM] [Info] Number of data points in the train set: 92730, number of used features: 18
[LightGBM] [Info] Start training from score 5744.809138
[LightGBM] [Info] Auto-choosing col-wise multi-threading, the overhead of testing was 0.080458 seconds.
You can set `force_col_wise=true` to remove the overhead.
[LightGBM] [Info] Total Bins 2891
[LightGBM] [Info] Number of data points in the train set: 92730, number of used features: 18
[LightGBM] [Info] Start training from score 5744.816153
[LightGBM] [Info] Auto-choosing row-wise multi-threading, the overhead of testing was 0.029306 seconds.
You can set `force_row_wise=true` to remove the overhead.
And if memory is not enough, you can set `force_col_wise=true`.
[LightGBM] [Info] Total Bins 2891
[LightGBM] [Info] Number of data points in the train set: 92730, number of used features: 18
[LightGBM] [Info] Start training from score 5744.756573
[LightGBM] [Info] Auto-choosing row-wise multi-threading, the overhead of testing was 0.022870 seconds.
You can set `force_row_wise=true` to remove the overhead.
And if memory is not enough, you can set `force_col_wise=true`.
[LightGBM] [Info] Total Bins 2891
[LightGBM] [Info] Number of data points in the train set: 92730, number of used features: 18
[LightGBM] [Info] Start training from score 5744.820922
[LightGBM] [Info] Auto-choosing row-wise multi-threading, the overhead of testing was 0.028212 seconds.
You can set `force_row_wise=true` to remove the overhead.
And if memory is not enough, you can set `force_col_wise=true`.
[LightGBM] [Info] Total Bins 2891
[LightGBM] [Info] Number of data points in the train set: 92730, number of used features: 18
[LightGBM] [Info] Start training from score 5744.633607
[LightGBM] [Info] Auto-choosing col-wise multi-threading, the overhead of testing was 0.098430 seconds.
You can set `force_col_wise=true` to remove the overhead.
[LightGBM] [Info] Total Bins 2891
[LightGBM] [Info] Number of data points in the train set: 92730, number of used features: 18
[LightGBM] [Info] Start training from score 5744.818666
[LightGBM] [Info] Auto-choosing col-wise multi-threading, the overhead of testing was 0.089250 seconds.
You can set `force_col_wise=true` to remove the overhead.
[LightGBM] [Info] Total Bins 2891
[LightGBM] [Info] Number of data points in the train set: 92730, number of used features: 18
[LightGBM] [Info] Start training from score 5744.583149
[LightGBM] [Info] Auto-choosing col-wise multi-threading, the overhead of testing was 0.074040 seconds.
You can set `force_col_wise=true` to remove the overhead.
[LightGBM] [Info] Total Bins 2891
[LightGBM] [Info] Number of data points in the train set: 92730, number of used features: 18
[LightGBM] [Info] Start training from score 5744.798978
[LightGBM] [Info] Auto-choosing col-wise multi-threading, the overhead of testing was 0.083528 seconds.
You can set `force_col_wise=true` to remove the overhead.
[LightGBM] [Info] Total Bins 2891
[LightGBM] [Info] Auto-choosing col-wise multi-threading, the overhead of testing was 0.094714 seconds.
You can set `force_col_wise=true` to remove the overhead.
[LightGBM] [Info] Number of data points in the train set: 92730, number of used features: 18
[LightGBM] [Info] Total Bins 2891
[LightGBM] [Info] Start training from score 5744.702325
[LightGBM] [Info] Number of data points in the train set: 92730, number of used features: 18
[LightGBM] [Info] Start training from score 5744.730108
[LightGBM] [Info] Auto-choosing col-wise multi-threading, the overhead of testing was 0.080496 seconds.
You can set `force_col_wise=true` to remove the overhead.
[LightGBM] [Info] Total Bins 2891
[LightGBM] [Info] Number of data points in the train set: 92730, number of used features: 18
[LightGBM] [Info] Start training from score 5744.617533
[LightGBM] [Info] Auto-choosing row-wise multi-threading, the overhead of testing was 0.026830 seconds.
You can set `force_row_wise=true` to remove the overhead.
And if memory is not enough, you can set `force_col_wise=true`.
[LightGBM] [Info] Auto-choosing row-wise multi-threading, the overhead of testing was 0.021751 seconds.
You can set `force_row_wise=true` to remove the overhead.
And if memory is not enough, you can set `force_col_wise=true`.
[LightGBM] [Info] Total Bins 2891
[LightGBM] [Info] Total Bins 2891
[LightGBM] [Info] Number of data points in the train set: 92730, number of used features: 18
[LightGBM] [Info] Number of data points in the train set: 92730, number of used features: 18
[LightGBM] [Info] Start training from score 5744.599911
[LightGBM] [Info] Start training from score 5744.676615
[LightGBM] [Info] Auto-choosing col-wise multi-threading, the overhead of testing was 0.098682 seconds.
You can set `force_col_wise=true` to remove the overhead.
[LightGBM] [Info] Total Bins 2891
[LightGBM] [Info] Number of data points in the train set: 92730, number of used features: 18
[LightGBM] [Info] Start training from score 5744.779023
[LightGBM] [Info] Auto-choosing col-wise multi-threading, the overhead of testing was 0.077401 seconds.
You can set `force_col_wise=true` to remove the overhead.
[LightGBM] [Info] Total Bins 2891
[LightGBM] [Info] Number of data points in the train set: 92730, number of used features: 18
[LightGBM] [Info] Start training from score 5744.653631
[LightGBM] [Info] Auto-choosing row-wise multi-threading, the overhead of testing was 0.050968 seconds.
You can set `force_row_wise=true` to remove the overhead.
And if memory is not enough, you can set `force_col_wise=true`.
[LightGBM] [Info] Total Bins 2891
[LightGBM] [Info] Number of data points in the train set: 92730, number of used features: 18
[LightGBM] [Info] Start training from score 5744.565173
[LightGBM] [Info] Auto-choosing row-wise multi-threading, the overhead of testing was 0.038417 seconds.
You can set `force_row_wise=true` to remove the overhead.
And if memory is not enough, you can set `force_col_wise=true`.
[LightGBM] [Info] Total Bins 2891
[LightGBM] [Info] Number of data points in the train set: 92730, number of used features: 18
[LightGBM] [Info] Start training from score 5744.540671
[LightGBM] [Info] Auto-choosing col-wise multi-threading, the overhead of testing was 0.084566 seconds.
You can set `force_col_wise=true` to remove the overhead.
[LightGBM] [Info] Total Bins 2891
[LightGBM] [Info] Number of data points in the train set: 92730, number of used features: 18
[LightGBM] [Info] Start training from score 5744.516113
[LightGBM] [Info] Auto-choosing row-wise multi-threading, the overhead of testing was 0.025793 seconds.
You can set `force_row_wise=true` to remove the overhead.
And if memory is not enough, you can set `force_col_wise=true`.
[LightGBM] [Info] Total Bins 2891
[LightGBM] [Info] Number of data points in the train set: 92730, number of used features: 18
[LightGBM] [Info] Start training from score 5744.493196
[LightGBM] [Info] Auto-choosing col-wise multi-threading, the overhead of testing was 0.081697 seconds.
You can set `force_col_wise=true` to remove the overhead.
[LightGBM] [Info] Total Bins 2891
[LightGBM] [Info] Number of data points in the train set: 92730, number of used features: 18
[LightGBM] [Info] Start training from score 5744.478395
[LightGBM] [Info] Auto-choosing row-wise multi-threading, the overhead of testing was 0.029603 seconds.
You can set `force_row_wise=true` to remove the overhead.
And if memory is not enough, you can set `force_col_wise=true`.
[LightGBM] [Info] Total Bins 2891
[LightGBM] [Info] Number of data points in the train set: 92730, number of used features: 18
[LightGBM] [Info] Start training from score 5744.469652
[LightGBM] [Info] Auto-choosing row-wise multi-threading, the overhead of testing was 0.025641 seconds.
You can set `force_row_wise=true` to remove the overhead.
And if memory is not enough, you can set `force_col_wise=true`.
[LightGBM] [Info] Total Bins 2891
[LightGBM] [Info] Number of data points in the train set: 92730, number of used features: 18
[LightGBM] [Info] Start training from score 5744.464487
[LightGBM] [Info] Auto-choosing col-wise multi-threading, the overhead of testing was 0.079062 seconds.
You can set `force_col_wise=true` to remove the overhead.
[LightGBM] [Info] Total Bins 2891
[LightGBM] [Info] Number of data points in the train set: 92730, number of used features: 18
[LightGBM] [Info] Start training from score 5744.463490
[LightGBM] [Info] Auto-choosing row-wise multi-threading, the overhead of testing was 0.019341 seconds.
You can set `force_row_wise=true` to remove the overhead.
And if memory is not enough, you can set `force_col_wise=true`.
[LightGBM] [Info] Total Bins 2891
[LightGBM] [Info] Number of data points in the train set: 92730, number of used features: 18
[LightGBM] [Info] Start training from score 5744.465452
[LightGBM] [Info] Auto-choosing row-wise multi-threading, the overhead of testing was 0.025531 seconds.
You can set `force_row_wise=true` to remove the overhead.
And if memory is not enough, you can set `force_col_wise=true`.
[LightGBM] [Info] Total Bins 2891
[LightGBM] [Info] Number of data points in the train set: 92730, number of used features: 18
[LightGBM] [Info] Start training from score 5744.465205
[LightGBM] [Info] Auto-choosing col-wise multi-threading, the overhead of testing was 0.069186 seconds.
You can set `force_col_wise=true` to remove the overhead.
[LightGBM] [Info] Total Bins 2891
[LightGBM] [Info] Number of data points in the train set: 92730, number of used features: 18
[LightGBM] [Info] Start training from score 5744.464778
[LightGBM] [Info] Auto-choosing row-wise multi-threading, the overhead of testing was 0.023268 seconds.
You can set `force_row_wise=true` to remove the overhead.
And if memory is not enough, you can set `force_col_wise=true`.
[LightGBM] [Info] Total Bins 2891
[LightGBM] [Info] Number of data points in the train set: 92730, number of used features: 18
[LightGBM] [Info] Start training from score 5744.463740
[LightGBM] [Info] Auto-choosing col-wise multi-threading, the overhead of testing was 0.082132 seconds.
You can set `force_col_wise=true` to remove the overhead.
[LightGBM] [Info] Total Bins 2891
[LightGBM] [Info] Number of data points in the train set: 92730, number of used features: 18
[LightGBM] [Info] Start training from score 5744.461658
[LightGBM] [Info] Auto-choosing col-wise multi-threading, the overhead of testing was 0.086144 seconds.
You can set `force_col_wise=true` to remove the overhead.
[LightGBM] [Info] Total Bins 2891
[LightGBM] [Info] Number of data points in the train set: 92730, number of used features: 18
[LightGBM] [Info] Start training from score 5744.455839
[LightGBM] [Info] Auto-choosing col-wise multi-threading, the overhead of testing was 0.121130 seconds.
You can set `force_col_wise=true` to remove the overhead.
[LightGBM] [Info] Total Bins 2891
[LightGBM] [Info] Number of data points in the train set: 92730, number of used features: 18
[LightGBM] [Info] Start training from score 5744.442884
[LightGBM] [Info] Auto-choosing col-wise multi-threading, the overhead of testing was 0.125845 seconds.
You can set `force_col_wise=true` to remove the overhead.
[LightGBM] [Info] Total Bins 2891
[LightGBM] [Info] Number of data points in the train set: 92730, number of used features: 18
[LightGBM] [Info] Start training from score 5744.429778
[LightGBM] [Info] Auto-choosing col-wise multi-threading, the overhead of testing was 0.088748 seconds.
You can set `force_col_wise=true` to remove the overhead.
[LightGBM] [Info] Total Bins 2891
[LightGBM] [Info] Number of data points in the train set: 92730, number of used features: 18
[LightGBM] [Info] Start training from score 5744.416056
[LightGBM] [Info] Auto-choosing row-wise multi-threading, the overhead of testing was 0.015721 seconds.
You can set `force_row_wise=true` to remove the overhead.
And if memory is not enough, you can set `force_col_wise=true`.
[LightGBM] [Info] Total Bins 2891
[LightGBM] [Info] Number of data points in the train set: 92730, number of used features: 18
[LightGBM] [Info] Start training from score 5744.404222
[LightGBM] [Info] Auto-choosing row-wise multi-threading, the overhead of testing was 0.015390 seconds.
You can set `force_row_wise=true` to remove the overhead.
And if memory is not enough, you can set `force_col_wise=true`.
[LightGBM] [Info] Total Bins 2891
[LightGBM] [Info] Number of data points in the train set: 92730, number of used features: 18
[LightGBM] [Info] Start training from score 5744.395137
[LightGBM] [Info] Auto-choosing col-wise multi-threading, the overhead of testing was 0.041752 seconds.
You can set `force_col_wise=true` to remove the overhead.
[LightGBM] [Info] Total Bins 2891
[LightGBM] [Info] Number of data points in the train set: 92730, number of used features: 18
[LightGBM] [Info] Start training from score 5744.389830
   [fit] key=2025-W33 cutoff=2025-08-11 11:00:00  (block 73/92)
[LightGBM] [Info] Auto-choosing col-wise multi-threading, the overhead of testing was 0.092727 seconds.
You can set `force_col_wise=true` to remove the overhead.
[LightGBM] [Info] Total Bins 2891
[LightGBM] [Info] Number of data points in the train set: 92898, number of used features: 18
[LightGBM] [Info] Start training from score 5745.950638
[LightGBM] [Info] Auto-choosing row-wise multi-threading, the overhead of testing was 0.032680 seconds.
You can set `force_row_wise=true` to remove the overhead.
And if memory is not enough, you can set `force_col_wise=true`.
[LightGBM] [Info] Total Bins 2891
[LightGBM] [Info] Number of data points in the train set: 92898, number of used features: 18
[LightGBM] [Info] Start training from score 5745.959669
[LightGBM] [Info] Auto-choosing row-wise multi-threading, the overhead of testing was 0.020327 seconds.
You can set `force_row_wise=true` to remove the overhead.
And if memory is not enough, you can set `force_col_wise=true`.
[LightGBM] [Info] Auto-choosing col-wise multi-threading, the overhead of testing was 0.090314 seconds.
You can set `force_col_wise=true` to remove the overhead.
[LightGBM] [Info] Total Bins 2891
[LightGBM] [Info] Total Bins 2891
[LightGBM] [Info] Number of data points in the train set: 92898, number of used features: 18
[LightGBM] [Info] Number of data points in the train set: 92898, number of used features: 18
[LightGBM] [Info] Start training from score 5745.722290
[LightGBM] [Info] Start training from score 5745.985910
[LightGBM] [Info] Auto-choosing col-wise multi-threading, the overhead of testing was 0.096190 seconds.
You can set `force_col_wise=true` to remove the overhead.
[LightGBM] [Info] Total Bins 2891
[LightGBM] [Info] Number of data points in the train set: 92898, number of used features: 18
[LightGBM] [Info] Start training from score 5745.977016
[LightGBM] [Info] Auto-choosing col-wise multi-threading, the overhead of testing was 0.087800 seconds.
You can set `force_col_wise=true` to remove the overhead.
[LightGBM] [Info] Total Bins 2891
[LightGBM] [Info] Number of data points in the train set: 92898, number of used features: 18
[LightGBM] [Info] Start training from score 5745.851579
[LightGBM] [Info] Auto-choosing col-wise multi-threading, the overhead of testing was 0.081701 seconds.
You can set `force_col_wise=true` to remove the overhead.
[LightGBM] [Info] Total Bins 2891
[LightGBM] [Info] Number of data points in the train set: 92898, number of used features: 18
[LightGBM] [Info] Start training from score 5745.935792
[LightGBM] [Info] Auto-choosing row-wise multi-threading, the overhead of testing was 0.025730 seconds.
You can set `force_row_wise=true` to remove the overhead.
And if memory is not enough, you can set `force_col_wise=true`.
[LightGBM] [Info] Total Bins 2891
[LightGBM] [Info] Number of data points in the train set: 92898, number of used features: 18
[LightGBM] [Info] Auto-choosing row-wise multi-threading, the overhead of testing was 0.026343 seconds.
You can set `force_row_wise=true` to remove the overhead.
And if memory is not enough, you can set `force_col_wise=true`.
[LightGBM] [Info] Total Bins 2891
[LightGBM] [Info] Number of data points in the train set: 92898, number of used features: 18
[LightGBM] [Info] Start training from score 5745.968093
[LightGBM] [Info] Start training from score 5745.694738
[LightGBM] [Info] Auto-choosing row-wise multi-threading, the overhead of testing was 0.025594 seconds.
You can set `force_row_wise=true` to remove the overhead.
And if memory is not enough, you can set `force_col_wise=true`.
[LightGBM] [Info] Total Bins 2891
[LightGBM] [Info] Auto-choosing col-wise multi-threading, the overhead of testing was 0.079490 seconds.
You can set `force_col_wise=true` to remove the overhead.
[LightGBM] [Info] Number of data points in the train set: 92898, number of used features: 18
[LightGBM] [Info] Total Bins 2891
[LightGBM] [Info] Start training from score 5745.784694
[LightGBM] [Info] Number of data points in the train set: 92898, number of used features: 18
[LightGBM] [Info] Start training from score 5745.665436
[LightGBM] [Info] Auto-choosing col-wise multi-threading, the overhead of testing was 0.100285 seconds.
You can set `force_col_wise=true` to remove the overhead.
[LightGBM] [Info] Total Bins 2891
[LightGBM] [Info] Auto-choosing row-wise multi-threading, the overhead of testing was 0.025146 seconds.
You can set `force_row_wise=true` to remove the overhead.
And if memory is not enough, you can set `force_col_wise=true`.
[LightGBM] [Info] Total Bins 2891
[LightGBM] [Info] Number of data points in the train set: 92898, number of used features: 18
[LightGBM] [Info] Start training from score 5745.911492
[LightGBM] [Info] Auto-choosing col-wise multi-threading, the overhead of testing was 0.083199 seconds.
You can set `force_col_wise=true` to remove the overhead.
[LightGBM] [Info] Total Bins 2891
[LightGBM] [Info] Number of data points in the train set: 92898, number of used features: 18
[LightGBM] [Info] Number of data points in the train set: 92898, number of used features: 18
[LightGBM] [Info] Start training from score 5745.636853
[LightGBM] [Info] Start training from score 5745.883700
[LightGBM] [Info] Auto-choosing col-wise multi-threading, the overhead of testing was 0.082004 seconds.
You can set `force_col_wise=true` to remove the overhead.
[LightGBM] [Info] Total Bins 2891
[LightGBM] [Info] Number of data points in the train set: 92898, number of used features: 18
[LightGBM] [Info] Start training from score 5745.817656
[LightGBM] [Info] Auto-choosing col-wise multi-threading, the overhead of testing was 0.079613 seconds.
You can set `force_col_wise=true` to remove the overhead.
[LightGBM] [Info] Total Bins 2891
[LightGBM] [Info] Number of data points in the train set: 92898, number of used features: 18
[LightGBM] [Info] Start training from score 5745.752827
[LightGBM] [Info] Auto-choosing row-wise multi-threading, the overhead of testing was 0.028308 seconds.
You can set `force_row_wise=true` to remove the overhead.
And if memory is not enough, you can set `force_col_wise=true`.
[LightGBM] [Info] Total Bins 2891
[LightGBM] [Info] Number of data points in the train set: 92898, number of used features: 18
[LightGBM] [Info] Start training from score 5745.607349
[LightGBM] [Info] Auto-choosing col-wise multi-threading, the overhead of testing was 0.075972 seconds.
You can set `force_col_wise=true` to remove the overhead.
[LightGBM] [Info] Total Bins 2891
[LightGBM] [Info] Number of data points in the train set: 92898, number of used features: 18
[LightGBM] [Info] Start training from score 5745.537268
[LightGBM] [Info] Auto-choosing col-wise multi-threading, the overhead of testing was 0.083196 seconds.
You can set `force_col_wise=true` to remove the overhead.
[LightGBM] [Info] Total Bins 2891
[LightGBM] [Info] Number of data points in the train set: 92898, number of used features: 18
[LightGBM] [Info] Start training from score 5745.572106
[LightGBM] [Info] Auto-choosing col-wise multi-threading, the overhead of testing was 0.087687 seconds.
You can set `force_col_wise=true` to remove the overhead.
[LightGBM] [Info] Total Bins 2891
[LightGBM] [Info] Number of data points in the train set: 92898, number of used features: 18
[LightGBM] [Info] Start training from score 5745.505964
[LightGBM] [Info] Auto-choosing col-wise multi-threading, the overhead of testing was 0.078719 seconds.
You can set `force_col_wise=true` to remove the overhead.
[LightGBM] [Info] Total Bins 2891
[LightGBM] [Info] Number of data points in the train set: 92898, number of used features: 18
[LightGBM] [Info] Start training from score 5745.482740
[LightGBM] [Info] Auto-choosing col-wise multi-threading, the overhead of testing was 0.064306 seconds.
You can set `force_col_wise=true` to remove the overhead.
[LightGBM] [Info] Total Bins 2891
[LightGBM] [Info] Number of data points in the train set: 92898, number of used features: 18
[LightGBM] [Info] Start training from score 5745.465605
[LightGBM] [Info] Auto-choosing row-wise multi-threading, the overhead of testing was 0.022291 seconds.
You can set `force_row_wise=true` to remove the overhead.
And if memory is not enough, you can set `force_col_wise=true`.
[LightGBM] [Info] Total Bins 2891
[LightGBM] [Info] Number of data points in the train set: 92898, number of used features: 18
[LightGBM] [Info] Start training from score 5745.451623
[LightGBM] [Info] Auto-choosing col-wise multi-threading, the overhead of testing was 0.080156 seconds.
You can set `force_col_wise=true` to remove the overhead.
[LightGBM] [Info] Total Bins 2891
[LightGBM] [Info] Number of data points in the train set: 92898, number of used features: 18
[LightGBM] [Info] Start training from score 5745.441607
[LightGBM] [Info] Auto-choosing col-wise multi-threading, the overhead of testing was 0.090067 seconds.
You can set `force_col_wise=true` to remove the overhead.
[LightGBM] [Info] Total Bins 2891
[LightGBM] [Info] Number of data points in the train set: 92898, number of used features: 18
[LightGBM] [Info] Start training from score 5745.434890
[LightGBM] [Info] Auto-choosing col-wise multi-threading, the overhead of testing was 0.080412 seconds.
You can set `force_col_wise=true` to remove the overhead.
[LightGBM] [Info] Total Bins 2891
[LightGBM] [Info] Number of data points in the train set: 92898, number of used features: 18
[LightGBM] [Info] Start training from score 5745.426601
[LightGBM] [Info] Auto-choosing col-wise multi-threading, the overhead of testing was 0.077513 seconds.
You can set `force_col_wise=true` to remove the overhead.
[LightGBM] [Info] Total Bins 2891
[LightGBM] [Info] Number of data points in the train set: 92898, number of used features: 18
[LightGBM] [Info] Start training from score 5745.418888
[LightGBM] [Info] Auto-choosing col-wise multi-threading, the overhead of testing was 0.083272 seconds.
You can set `force_col_wise=true` to remove the overhead.
[LightGBM] [Info] Total Bins 2891
[LightGBM] [Info] Number of data points in the train set: 92898, number of used features: 18
[LightGBM] [Info] Start training from score 5745.411307
[LightGBM] [Info] Auto-choosing row-wise multi-threading, the overhead of testing was 0.027925 seconds.
You can set `force_row_wise=true` to remove the overhead.
And if memory is not enough, you can set `force_col_wise=true`.
[LightGBM] [Info] Total Bins 2891
[LightGBM] [Info] Number of data points in the train set: 92898, number of used features: 18
[LightGBM] [Info] Start training from score 5745.403330
[LightGBM] [Info] Auto-choosing col-wise multi-threading, the overhead of testing was 0.134455 seconds.
You can set `force_col_wise=true` to remove the overhead.
[LightGBM] [Info] Total Bins 2891
[LightGBM] [Info] Number of data points in the train set: 92898, number of used features: 18
[LightGBM] [Info] Start training from score 5745.391988
[LightGBM] [Info] Auto-choosing col-wise multi-threading, the overhead of testing was 0.085159 seconds.
You can set `force_col_wise=true` to remove the overhead.
[LightGBM] [Info] Total Bins 2891
[LightGBM] [Info] Number of data points in the train set: 92898, number of used features: 18
[LightGBM] [Info] Start training from score 5745.373384
[LightGBM] [Info] Auto-choosing col-wise multi-threading, the overhead of testing was 0.074238 seconds.
You can set `force_col_wise=true` to remove the overhead.
[LightGBM] [Info] Total Bins 2891
[LightGBM] [Info] Number of data points in the train set: 92898, number of used features: 18
[LightGBM] [Info] Start training from score 5745.354855
[LightGBM] [Info] Auto-choosing row-wise multi-threading, the overhead of testing was 0.033028 seconds.
You can set `force_row_wise=true` to remove the overhead.
And if memory is not enough, you can set `force_col_wise=true`.
[LightGBM] [Info] Total Bins 2891
[LightGBM] [Info] Number of data points in the train set: 92898, number of used features: 18
[LightGBM] [Info] Start training from score 5745.335582
[LightGBM] [Info] Auto-choosing col-wise multi-threading, the overhead of testing was 0.063716 seconds.
You can set `force_col_wise=true` to remove the overhead.
[LightGBM] [Info] Total Bins 2891
[LightGBM] [Info] Number of data points in the train set: 92898, number of used features: 18
[LightGBM] [Info] Start training from score 5745.317623
[LightGBM] [Info] Auto-choosing col-wise multi-threading, the overhead of testing was 0.062848 seconds.
You can set `force_col_wise=true` to remove the overhead.
[LightGBM] [Info] Total Bins 2891
[LightGBM] [Info] Number of data points in the train set: 92898, number of used features: 18
[LightGBM] [Info] Start training from score 5745.302419
[LightGBM] [Info] Auto-choosing col-wise multi-threading, the overhead of testing was 0.054503 seconds.
You can set `force_col_wise=true` to remove the overhead.
[LightGBM] [Info] Total Bins 2891
[LightGBM] [Info] Number of data points in the train set: 92898, number of used features: 18
[LightGBM] [Info] Start training from score 5745.290436
   [fit] key=2025-W34 cutoff=2025-08-18 11:00:00  (block 80/92)
[LightGBM] [Info] Auto-choosing col-wise multi-threading, the overhead of testing was 0.077197 seconds.
You can set `force_col_wise=true` to remove the overhead.
[LightGBM] [Info] Total Bins 2891
[LightGBM] [Info] Number of data points in the train set: 93066, number of used features: 18
[LightGBM] [Info] Start training from score 5746.703881
[LightGBM] [Info] Auto-choosing row-wise multi-threading, the overhead of testing was 0.026032 seconds.
You can set `force_row_wise=true` to remove the overhead.
And if memory is not enough, you can set `force_col_wise=true`.
[LightGBM] [Info] Total Bins 2891
[LightGBM] [Info] Auto-choosing col-wise multi-threading, the overhead of testing was 0.075959 seconds.
You can set `force_col_wise=true` to remove the overhead.
[LightGBM] [Info] Total Bins 2891
[LightGBM] [Info] Auto-choosing row-wise multi-threading, the overhead of testing was 0.032626 seconds.
You can set `force_row_wise=true` to remove the overhead.
And if memory is not enough, you can set `force_col_wise=true`.
[LightGBM] [Info] Number of data points in the train set: 93066, number of used features: 18
[LightGBM] [Info] Number of data points in the train set: 93066, number of used features: 18
[LightGBM] [Info] Total Bins 2891
[LightGBM] [Info] Start training from score 5746.726838
[LightGBM] [Info] Start training from score 5746.733996
[LightGBM] [Info] Number of data points in the train set: 93066, number of used features: 18
[LightGBM] [Info] Start training from score 5746.719392
[LightGBM] [Info] Auto-choosing col-wise multi-threading, the overhead of testing was 0.082347 seconds.
You can set `force_col_wise=true` to remove the overhead.
[LightGBM] [Info] Total Bins 2891
[LightGBM] [Info] Number of data points in the train set: 93066, number of used features: 18
[LightGBM] [Info] Start training from score 5746.712111
[LightGBM] [Info] Auto-choosing col-wise multi-threading, the overhead of testing was 0.087153 seconds.
You can set `force_col_wise=true` to remove the overhead.
[LightGBM] [Info] Total Bins 2891
[LightGBM] [Info] Number of data points in the train set: 93066, number of used features: 18
[LightGBM] [Info] Start training from score 5746.666052
[LightGBM] [Info] Auto-choosing row-wise multi-threading, the overhead of testing was 0.024638 seconds.
You can set `force_row_wise=true` to remove the overhead.
And if memory is not enough, you can set `force_col_wise=true`.
[LightGBM] [Info] Total Bins 2891
[LightGBM] [Info] Number of data points in the train set: 93066, number of used features: 18
[LightGBM] [Info] Start training from score 5746.607633
[LightGBM] [Info] Auto-choosing col-wise multi-threading, the overhead of testing was 0.067583 seconds.
You can set `force_col_wise=true` to remove the overhead.
[LightGBM] [Info] Total Bins 2891
[LightGBM] [Info] Number of data points in the train set: 93066, number of used features: 18
[LightGBM] [Info] Start training from score 5746.638901
[LightGBM] [Info] Auto-choosing col-wise multi-threading, the overhead of testing was 0.085045 seconds.
You can set `force_col_wise=true` to remove the overhead.
[LightGBM] [Info] Total Bins 2891
[LightGBM] [Info] Number of data points in the train set: 93066, number of used features: 18
[LightGBM] [Info] Start training from score 5746.513755
[LightGBM] [Info] Auto-choosing col-wise multi-threading, the overhead of testing was 0.084657 seconds.
You can set `force_col_wise=true` to remove the overhead.
[LightGBM] [Info] Total Bins 2891
[LightGBM] [Info] Number of data points in the train set: 93066, number of used features: 18
[LightGBM] [Info] Start training from score 5746.543749
[LightGBM] [Info] Auto-choosing col-wise multi-threading, the overhead of testing was 0.095502 seconds.
You can set `force_col_wise=true` to remove the overhead.
[LightGBM] [Info] Total Bins 2891
[LightGBM] [Info] Number of data points in the train set: 93066, number of used features: 18
[LightGBM] [Info] Start training from score 5746.574911
[LightGBM] [Info] Auto-choosing col-wise multi-threading, the overhead of testing was 0.106812 seconds.
You can set `force_col_wise=true` to remove the overhead.
[LightGBM] [Info] Total Bins 2891
[LightGBM] [Info] Number of data points in the train set: 93066, number of used features: 18
[LightGBM] [Info] Start training from score 5746.689835
[LightGBM] [Info] Auto-choosing row-wise multi-threading, the overhead of testing was 0.025126 seconds.
You can set `force_row_wise=true` to remove the overhead.
And if memory is not enough, you can set `force_col_wise=true`.
[LightGBM] [Info] Total Bins 2891
[LightGBM] [Info] Auto-choosing col-wise multi-threading, the overhead of testing was 0.108481 seconds.
You can set `force_col_wise=true` to remove the overhead.
[LightGBM] [Info] Total Bins 2891
[LightGBM] [Info] Number of data points in the train set: 93066, number of used features: 18
[LightGBM] [Info] Start training from score 5746.404610
[LightGBM] [Info] Number of data points in the train set: 93066, number of used features: 18
[LightGBM] [Info] Start training from score 5746.485304
[LightGBM] [Info] Auto-choosing col-wise multi-threading, the overhead of testing was 0.103054 seconds.
You can set `force_col_wise=true` to remove the overhead.
[LightGBM] [Info] Total Bins 2891
[LightGBM] [Info] Number of data points in the train set: 93066, number of used features: 18
[LightGBM] [Info] Start training from score 5746.459478
[LightGBM] [Info] Auto-choosing col-wise multi-threading, the overhead of testing was 0.108424 seconds.
You can set `force_col_wise=true` to remove the overhead.
[LightGBM] [Info] Total Bins 2891
[LightGBM] [Info] Number of data points in the train set: 93066, number of used features: 18
[LightGBM] [Info] Start training from score 5746.431841
[LightGBM] [Info] Auto-choosing col-wise multi-threading, the overhead of testing was 0.088648 seconds.
You can set `force_col_wise=true` to remove the overhead.
[LightGBM] [Info] Total Bins 2891
[LightGBM] [Info] Number of data points in the train set: 93066, number of used features: 18
[LightGBM] [Info] Start training from score 5746.376835
[LightGBM] [Info] Auto-choosing row-wise multi-threading, the overhead of testing was 0.018894 seconds.
You can set `force_row_wise=true` to remove the overhead.
And if memory is not enough, you can set `force_col_wise=true`.
[LightGBM] [Info] Total Bins 2891
[LightGBM] [Info] Number of data points in the train set: 93066, number of used features: 18
[LightGBM] [Info] Start training from score 5746.308869
[LightGBM] [Info] Auto-choosing row-wise multi-threading, the overhead of testing was 0.032571 seconds.
You can set `force_row_wise=true` to remove the overhead.
And if memory is not enough, you can set `force_col_wise=true`.
[LightGBM] [Info] Total Bins 2891
[LightGBM] [Info] Number of data points in the train set: 93066, number of used features: 18
[LightGBM] [Info] Start training from score 5746.343073
[LightGBM] [Info] Auto-choosing row-wise multi-threading, the overhead of testing was 0.024554 seconds.
You can set `force_row_wise=true` to remove the overhead.
And if memory is not enough, you can set `force_col_wise=true`.
[LightGBM] [Info] Total Bins 2891
[LightGBM] [Info] Number of data points in the train set: 93066, number of used features: 18
[LightGBM] [Info] Start training from score 5746.255255
[LightGBM] [Info] Auto-choosing col-wise multi-threading, the overhead of testing was 0.088330 seconds.
You can set `force_col_wise=true` to remove the overhead.
[LightGBM] [Info] Total Bins 2891
[LightGBM] [Info] Number of data points in the train set: 93066, number of used features: 18
[LightGBM] [Info] Start training from score 5746.278405
[LightGBM] [Info] Auto-choosing col-wise multi-threading, the overhead of testing was 0.084356 seconds.
You can set `force_col_wise=true` to remove the overhead.
[LightGBM] [Info] Total Bins 2891
[LightGBM] [Info] Number of data points in the train set: 93066, number of used features: 18
[LightGBM] [Info] Start training from score 5746.238130
[LightGBM] [Info] Auto-choosing col-wise multi-threading, the overhead of testing was 0.085603 seconds.
You can set `force_col_wise=true` to remove the overhead.
[LightGBM] [Info] Total Bins 2891
[LightGBM] [Info] Number of data points in the train set: 93066, number of used features: 18
[LightGBM] [Info] Start training from score 5746.224163
[LightGBM] [Info] Auto-choosing col-wise multi-threading, the overhead of testing was 0.083681 seconds.
You can set `force_col_wise=true` to remove the overhead.
[LightGBM] [Info] Total Bins 2891
[LightGBM] [Info] Number of data points in the train set: 93066, number of used features: 18
[LightGBM] [Info] Start training from score 5746.213992
[LightGBM] [Info] Auto-choosing row-wise multi-threading, the overhead of testing was 0.044702 seconds.
You can set `force_row_wise=true` to remove the overhead.
And if memory is not enough, you can set `force_col_wise=true`.
[LightGBM] [Info] Total Bins 2891
[LightGBM] [Info] Number of data points in the train set: 93066, number of used features: 18
[LightGBM] [Info] Start training from score 5746.206707
[LightGBM] [Info] Auto-choosing col-wise multi-threading, the overhead of testing was 0.084916 seconds.
You can set `force_col_wise=true` to remove the overhead.
[LightGBM] [Info] Total Bins 2891
[LightGBM] [Info] Number of data points in the train set: 93066, number of used features: 18
[LightGBM] [Info] Start training from score 5746.197531
[LightGBM] [Info] Auto-choosing col-wise multi-threading, the overhead of testing was 0.100168 seconds.
You can set `force_col_wise=true` to remove the overhead.
[LightGBM] [Info] Total Bins 2891
[LightGBM] [Info] Number of data points in the train set: 93066, number of used features: 18
[LightGBM] [Info] Start training from score 5746.188972
[LightGBM] [Info] Auto-choosing col-wise multi-threading, the overhead of testing was 0.080814 seconds.
You can set `force_col_wise=true` to remove the overhead.
[LightGBM] [Info] Total Bins 2891
[LightGBM] [Info] Number of data points in the train set: 93066, number of used features: 18
[LightGBM] [Info] Start training from score 5746.180502
[LightGBM] [Info] Auto-choosing col-wise multi-threading, the overhead of testing was 0.082109 seconds.
You can set `force_col_wise=true` to remove the overhead.
[LightGBM] [Info] Total Bins 2891
[LightGBM] [Info] Number of data points in the train set: 93066, number of used features: 18
[LightGBM] [Info] Start training from score 5746.171905
[LightGBM] [Info] Auto-choosing col-wise multi-threading, the overhead of testing was 0.106207 seconds.
You can set `force_col_wise=true` to remove the overhead.
[LightGBM] [Info] Total Bins 2891
[LightGBM] [Info] Number of data points in the train set: 93066, number of used features: 18
[LightGBM] [Info] Start training from score 5746.160702
[LightGBM] [Info] Auto-choosing col-wise multi-threading, the overhead of testing was 0.094494 seconds.
You can set `force_col_wise=true` to remove the overhead.
[LightGBM] [Info] Total Bins 2891
[LightGBM] [Info] Number of data points in the train set: 93066, number of used features: 18
[LightGBM] [Info] Start training from score 5746.143184
[LightGBM] [Info] Auto-choosing row-wise multi-threading, the overhead of testing was 0.035467 seconds.
You can set `force_row_wise=true` to remove the overhead.
And if memory is not enough, you can set `force_col_wise=true`.
[LightGBM] [Info] Total Bins 2891
[LightGBM] [Info] Number of data points in the train set: 93066, number of used features: 18
[LightGBM] [Info] Start training from score 5746.126677
[LightGBM] [Info] Auto-choosing col-wise multi-threading, the overhead of testing was 0.066423 seconds.
You can set `force_col_wise=true` to remove the overhead.
[LightGBM] [Info] Total Bins 2891
[LightGBM] [Info] Number of data points in the train set: 93066, number of used features: 18
[LightGBM] [Info] Start training from score 5746.109104
[LightGBM] [Info] Auto-choosing row-wise multi-threading, the overhead of testing was 0.032344 seconds.
You can set `force_row_wise=true` to remove the overhead.
And if memory is not enough, you can set `force_col_wise=true`.
[LightGBM] [Info] Total Bins 2891
[LightGBM] [Info] Number of data points in the train set: 93066, number of used features: 18
[LightGBM] [Info] Start training from score 5746.093058
[LightGBM] [Info] Auto-choosing row-wise multi-threading, the overhead of testing was 0.018011 seconds.
You can set `force_row_wise=true` to remove the overhead.
And if memory is not enough, you can set `force_col_wise=true`.
[LightGBM] [Info] Total Bins 2891
[LightGBM] [Info] Number of data points in the train set: 93066, number of used features: 18
[LightGBM] [Info] Start training from score 5746.068080
[LightGBM] [Info] Auto-choosing col-wise multi-threading, the overhead of testing was 0.047399 seconds.
You can set `force_col_wise=true` to remove the overhead.
[LightGBM] [Info] Total Bins 2891
[LightGBM] [Info] Number of data points in the train set: 93066, number of used features: 18
[LightGBM] [Info] Start training from score 5746.079299
   [fit] key=2025-W35 cutoff=2025-08-25 11:00:00  (block 87/92)
   [done] 92 blocks σε 1400.4s

📊 RESULT | MAE=300.5293 MW | RMSE=410.1649 | sMAPE=4.3713% | n=2208
💾 saved: runs/load_direct/summer_lgbm_dirw_g12_loadfc.json
--- [2026-07-17 02:34:46] OK  runs/load_direct/summer_lgbm_dirw_g12_loadfc.json  (1407s)
######## STAGE 4/4 DONE [2026-07-17 02:34:46] ########

############ G14+DIRECT QUEUE COMPLETE [2026-07-17 02:34:46] ############
Harvest: python scripts/build_run_ledger.py + synthesize-ablation (baseline ανα gate/strategy ΧΩΡΙΣΤΑ —
  ΠΟΤΕ συγκριση g14 vs g12 η direct vs recursive αναμεικτα· baseline = το αντιστοιχο base arm).
