############ DIRECT LGBM OCTNOV g12 START [2026-07-17 07:48:26] ############
GIT: 7772fce5d239b7b6bb4b45d9b0a63d5f03d00ce6 | DIRTY:  M src/__pycache__/data.cpython-310.pyc 

######## BLOCK 0 — PREFLIGHT+POISON [2026-07-17 07:48:26] ########
============================================================
PRE-FLIGHT CHECK (energy-forecast)
============================================================
  ✅ OneDrive.exe τρέχει — αν όχι: Start-Process "$env:PROGRAMFILES\Microsoft OneDrive\OneDrive.exe"
  ✅ hourly.parquet υπάρχει — shape=(80126, 159), τέλος=2026-03-20 23:00:00
  ✅ ΜΟΝΟ lagged xb_* στήλες (same-day = leakage!) — 6 lagged cols OK
  ✅ Βασικές στήλες παρούσες
  ✅ TZ alignment (solar_fc DJF peak = 11:00 CET) — peak=11:00 — αν ≠11 τρέξε solar_shift_check.py (βλ. ABLATION_PLAN §5.9)
  ✅ hourly_load.parquet υπάρχει
------------------------------------------------------------
------------------------------------------------------------
Cross-actuals poisoning self-test (AEL §4.8/§4.10.2) — τρέχει ΟΝΤΩΣ, ~10-20s/strategy:
  $ C:\Users\aggel\miniconda3\envs\epf\python.exe -X utf8 -m src.check_crosslag_fairness --task price --algo lgbm --strategy recursive --market dam --gate strict
 gain, best gain: -inf
[LightGBM] [Warning] No further splits with positive gain, best gain: -inf
[LightGBM] [Warning] No further splits with positive gain, best gain: -inf
[LightGBM] [Warning] No further splits with positive gain, best gain: -inf
[LightGBM] [Warning] No further splits with positive gain, best gain: -inf
[LightGBM] [Warning] No further splits with positive gain, best gain: -inf
[LightGBM] [Warning] No further splits with positive gain, best gain: -inf
[LightGBM] [Warning] No further splits with positive gain, best gain: -inf
[LightGBM] [Warning] No further splits with positive gain, best gain: -inf
[LightGBM] [Warning] No further splits with positive gain, best gain: -inf
[LightGBM] [Warning] No further splits with positive gain, best gain: -inf
[LightGBM] [Warning] No further splits with positive gain, best gain: -inf
[LightGBM] [Warning] No further splits with positive gain, best gain: -inf
[LightGBM] [Warning] No further splits with positive gain, best gain: -inf
[LightGBM] [Warning] No further splits with positive gain, best gain: -inf
[LightGBM] [Warning] No further splits with positive gain, best gain: -inf
[RESULT] B_POISON_SAFE_CROSSLAGS (control): n_poisoned_cells=254 mean_abs_diff=8.038416 max_abs_diff=27.446117
[INFO] Test C: direct έλεγχος training-row freeze (χωρίς poisoning/training)...
[RESULT] C_TRAINING_FREEZE: unsafe_checked=54 safe_checked=36 mismatches=0

=== INTERPRETATION ===
A (unsafe): ~0 αναμενόμενο => AEL σωστά αγνοεί ό,τι δεν ήταν ακόμα δημοσιευμένο (PASS).
            μεγάλο       => LEAK: crosslag actuals μετά το cutoff_F διαρρέουν (FAIL).
B (safe, control): μεγάλο αναμενόμενο => το μοντέλο όντως χρησιμοποιεί αυτά τα features (νομιμοποιεί το Test A). Αν ~0 ΚΙ ΕΔΩ, έλεγξε feature spec.
C (training freeze): PASS => το ίδιο transform που τρέχει πριν το training είναι μαθηματικά σωστό στα πραγματικά δεδομένα.

=== PASS (leak_free=True, control_meaningful=True, training_freeze_ok=True) ===
=== check_crosslag_fairness END ===

  ✅ crosslag poisoning (recursive)
  $ C:\Users\aggel\miniconda3\envs\epf\python.exe -X utf8 -m src.check_crosslag_fairness --task price --algo lgbm --strategy direct --market dam --gate strict
nts in the train set: 2135, number of used features: 123
[LightGBM] [Info] Start training from score 104.131417
[LightGBM] [Info] Auto-choosing col-wise multi-threading, the overhead of testing was 0.006937 seconds.
You can set `force_col_wise=true` to remove the overhead.
[LightGBM] [Info] Total Bins 17431
[LightGBM] [Info] Number of data points in the train set: 2135, number of used features: 123
[LightGBM] [Info] Start training from score 104.121770
[LightGBM] [Info] Auto-choosing col-wise multi-threading, the overhead of testing was 0.004676 seconds.
You can set `force_col_wise=true` to remove the overhead.
[LightGBM] [Info] Total Bins 17431
[LightGBM] [Info] Number of data points in the train set: 2135, number of used features: 123
[LightGBM] [Info] Start training from score 104.124912
[LightGBM] [Info] Auto-choosing col-wise multi-threading, the overhead of testing was 0.004594 seconds.
You can set `force_col_wise=true` to remove the overhead.
[LightGBM] [Info] Total Bins 17431
[LightGBM] [Info] Number of data points in the train set: 2135, number of used features: 123
[LightGBM] [Info] Start training from score 104.126152
[RESULT] B_POISON_SAFE_CROSSLAGS (control): n_poisoned_cells=254 mean_abs_diff=10.179806 max_abs_diff=29.200217
[INFO] Test C: direct έλεγχος training-row freeze (χωρίς poisoning/training)...
[RESULT] C_TRAINING_FREEZE: unsafe_checked=54 safe_checked=36 mismatches=0

=== INTERPRETATION ===
A (unsafe): ~0 αναμενόμενο => AEL σωστά αγνοεί ό,τι δεν ήταν ακόμα δημοσιευμένο (PASS).
            μεγάλο       => LEAK: crosslag actuals μετά το cutoff_F διαρρέουν (FAIL).
B (safe, control): μεγάλο αναμενόμενο => το μοντέλο όντως χρησιμοποιεί αυτά τα features (νομιμοποιεί το Test A). Αν ~0 ΚΙ ΕΔΩ, έλεγξε feature spec.
C (training freeze): PASS => το ίδιο transform που τρέχει πριν το training είναι μαθηματικά σωστό στα πραγματικά δεδομένα.

=== PASS (leak_free=True, control_meaningful=True, training_freeze_ok=True) ===
=== check_crosslag_fairness END ===

  ✅ crosslag poisoning (direct)
ΑΠΟΤΕΛΕΣΜΑ: PASS
######## BLOCK 0 PASS ########

######## STAGE 1/1 — direct LGBM octnov g12, 5 clean arms [2026-07-17 07:49:43] ########

=== [2026-07-17 07:49:43] RUN -> runs/load_direct/octnov_lgbm_dirw_g12_base.json
[LightGBM] [Info] Auto-choosing col-wise multi-threading, the overhead of testing was 0.032035 seconds.
You can set `force_col_wise=true` to remove the overhead.
[LightGBM] [Info] Total Bins 2636
[LightGBM] [Info] Number of data points in the train set: 93930, number of used features: 17
[LightGBM] [Info] Start training from score 5747.328341
[LightGBM] [Info] Auto-choosing col-wise multi-threading, the overhead of testing was 0.026139 seconds.
You can set `force_col_wise=true` to remove the overhead.
[LightGBM] [Info] Total Bins 2636
[LightGBM] [Info] Number of data points in the train set: 93930, number of used features: 17
[LightGBM] [Info] Start training from score 5747.267916
[LightGBM] [Info] Auto-choosing col-wise multi-threading, the overhead of testing was 0.031015 seconds.
You can set `force_col_wise=true` to remove the overhead.
[LightGBM] [Info] Total Bins 2636
[LightGBM] [Info] Number of data points in the train set: 93930, number of used features: 17
[LightGBM] [Info] Start training from score 5747.286723
[LightGBM] [Info] Auto-choosing row-wise multi-threading, the overhead of testing was 0.016781 seconds.
You can set `force_row_wise=true` to remove the overhead.
And if memory is not enough, you can set `force_col_wise=true`.
[LightGBM] [Info] Total Bins 2636
[LightGBM] [Info] Number of data points in the train set: 93930, number of used features: 17
[LightGBM] [Info] Start training from score 5747.307100
[LightGBM] [Info] Auto-choosing row-wise multi-threading, the overhead of testing was 0.010898 seconds.
You can set `force_row_wise=true` to remove the overhead.
And if memory is not enough, you can set `force_col_wise=true`.
[LightGBM] [Info] Total Bins 2636
[LightGBM] [Info] Number of data points in the train set: 93930, number of used features: 17
[LightGBM] [Info] Start training from score 5747.231909
[LightGBM] [Info] Auto-choosing col-wise multi-threading, the overhead of testing was 0.032475 seconds.
You can set `force_col_wise=true` to remove the overhead.
[LightGBM] [Info] Total Bins 2636
[LightGBM] [Info] Number of data points in the train set: 93930, number of used features: 17
[LightGBM] [Info] Start training from score 5747.250126
[LightGBM] [Info] Auto-choosing col-wise multi-threading, the overhead of testing was 0.031074 seconds.
You can set `force_col_wise=true` to remove the overhead.
[LightGBM] [Info] Total Bins 2636
[LightGBM] [Info] Auto-choosing col-wise multi-threading, the overhead of testing was 0.029830 seconds.
You can set `force_col_wise=true` to remove the overhead.
[LightGBM] [Info] Total Bins 2636
[LightGBM] [Info] Number of data points in the train set: 93930, number of used features: 17
[LightGBM] [Info] Start training from score 5747.067509
[LightGBM] [Info] Number of data points in the train set: 93930, number of used features: 17
[LightGBM] [Info] Start training from score 5747.209664
[LightGBM] [Info] Auto-choosing col-wise multi-threading, the overhead of testing was 0.030216 seconds.
You can set `force_col_wise=true` to remove the overhead.
[LightGBM] [Info] Total Bins 2636
[LightGBM] [Info] Auto-choosing col-wise multi-threading, the overhead of testing was 0.027218 seconds.
You can set `force_col_wise=true` to remove the overhead.
[LightGBM] [Info] Total Bins 2636
[LightGBM] [Info] Number of data points in the train set: 93930, number of used features: 17
[LightGBM] [Info] Number of data points in the train set: 93930, number of used features: 17
[LightGBM] [Info] Start training from score 5746.938863
[LightGBM] [Info] Auto-choosing col-wise multi-threading, the overhead of testing was 0.029721 seconds.
You can set `force_col_wise=true` to remove the overhead.
[LightGBM] [Info] Total Bins 2636
[LightGBM] [Info] Start training from score 5747.036020
[LightGBM] [Info] Number of data points in the train set: 93930, number of used features: 17
[LightGBM] [Info] Start training from score 5747.098025
[LightGBM] [Info] Auto-choosing col-wise multi-threading, the overhead of testing was 0.028026 seconds.
You can set `force_col_wise=true` to remove the overhead.
[LightGBM] [Info] Total Bins 2636
[LightGBM] [Info] Number of data points in the train set: 93930, number of used features: 17
[LightGBM] [Info] Start training from score 5747.185276
[LightGBM] [Info] Auto-choosing col-wise multi-threading, the overhead of testing was 0.042722 seconds.
You can set `force_col_wise=true` to remove the overhead.
[LightGBM] [Info] Total Bins 2636
[LightGBM] [Info] Number of data points in the train set: 93930, number of used features: 17
[LightGBM] [Info] Start training from score 5747.006407
[LightGBM] [Info] Auto-choosing col-wise multi-threading, the overhead of testing was 0.028557 seconds.
You can set `force_col_wise=true` to remove the overhead.
[LightGBM] [Info] Total Bins 2636
[LightGBM] [Info] Number of data points in the train set: 93930, number of used features: 17
[LightGBM] [Info] Auto-choosing col-wise multi-threading, the overhead of testing was 0.030827 seconds.
You can set `force_col_wise=true` to remove the overhead.
[LightGBM] [Info] Total Bins 2636
[LightGBM] [Info] Start training from score 5747.127953
[LightGBM] [Info] Number of data points in the train set: 93930, number of used features: 17
[LightGBM] [Info] Auto-choosing col-wise multi-threading, the overhead of testing was 0.040803 seconds.
You can set `force_col_wise=true` to remove the overhead.
[LightGBM] [Info] Start training from score 5747.157926
[LightGBM] [Info] Total Bins 2636
[LightGBM] [Info] Number of data points in the train set: 93930, number of used features: 17
[LightGBM] [Info] Start training from score 5746.973232
[LightGBM] [Info] Auto-choosing col-wise multi-threading, the overhead of testing was 0.029010 seconds.
You can set `force_col_wise=true` to remove the overhead.
[LightGBM] [Info] Total Bins 2636
[LightGBM] [Info] Number of data points in the train set: 93930, number of used features: 17
[LightGBM] [Info] Start training from score 5746.902656
[LightGBM] [Info] Auto-choosing row-wise multi-threading, the overhead of testing was 0.009057 seconds.
You can set `force_row_wise=true` to remove the overhead.
And if memory is not enough, you can set `force_col_wise=true`.
[LightGBM] [Info] Total Bins 2636
[LightGBM] [Info] Number of data points in the train set: 93930, number of used features: 17
[LightGBM] [Info] Start training from score 5746.861093
[LightGBM] [Info] Auto-choosing col-wise multi-threading, the overhead of testing was 0.026755 seconds.
You can set `force_col_wise=true` to remove the overhead.
[LightGBM] [Info] Total Bins 2636
[LightGBM] [Info] Number of data points in the train set: 93930, number of used features: 17
[LightGBM] [Info] Start training from score 5746.823626
[LightGBM] [Info] Auto-choosing col-wise multi-threading, the overhead of testing was 0.033244 seconds.
You can set `force_col_wise=true` to remove the overhead.
[LightGBM] [Info] Total Bins 2636
[LightGBM] [Info] Number of data points in the train set: 93930, number of used features: 17
[LightGBM] [Info] Start training from score 5746.789663
[LightGBM] [Info] Auto-choosing col-wise multi-threading, the overhead of testing was 0.031783 seconds.
You can set `force_col_wise=true` to remove the overhead.
[LightGBM] [Info] Total Bins 2636
[LightGBM] [Info] Number of data points in the train set: 93930, number of used features: 17
[LightGBM] [Info] Start training from score 5746.759135
[LightGBM] [Info] Auto-choosing col-wise multi-threading, the overhead of testing was 0.027468 seconds.
You can set `force_col_wise=true` to remove the overhead.
[LightGBM] [Info] Total Bins 2636
[LightGBM] [Info] Auto-choosing col-wise multi-threading, the overhead of testing was 0.028439 seconds.
You can set `force_col_wise=true` to remove the overhead.
[LightGBM] [Info] Total Bins 2636
[LightGBM] [Info] Number of data points in the train set: 93930, number of used features: 17
[LightGBM] [Info] Number of data points in the train set: 93930, number of used features: 17
[LightGBM] [Info] Start training from score 5746.731841
[LightGBM] [Info] Start training from score 5746.706770
[LightGBM] [Info] Auto-choosing col-wise multi-threading, the overhead of testing was 0.030386 seconds.
You can set `force_col_wise=true` to remove the overhead.
[LightGBM] [Info] Total Bins 2636
[LightGBM] [Info] Number of data points in the train set: 93930, number of used features: 17
[LightGBM] [Info] Start training from score 5746.667310
[LightGBM] [Info] Auto-choosing col-wise multi-threading, the overhead of testing was 0.029765 seconds.
You can set `force_col_wise=true` to remove the overhead.
[LightGBM] [Info] Total Bins 2636
[LightGBM] [Info] Number of data points in the train set: 93930, number of used features: 17
[LightGBM] [Info] Start training from score 5746.685057
[LightGBM] [Info] Auto-choosing col-wise multi-threading, the overhead of testing was 0.026709 seconds.
You can set `force_col_wise=true` to remove the overhead.
[LightGBM] [Info] Total Bins 2636
[LightGBM] [Info] Number of data points in the train set: 93930, number of used features: 17
[LightGBM] [Info] Start training from score 5746.649233
[LightGBM] [Info] Auto-choosing row-wise multi-threading, the overhead of testing was 0.017929 seconds.
You can set `force_row_wise=true` to remove the overhead.
And if memory is not enough, you can set `force_col_wise=true`.
[LightGBM] [Info] Total Bins 2636
[LightGBM] [Info] Number of data points in the train set: 93930, number of used features: 17
[LightGBM] [Info] Start training from score 5746.632789
[LightGBM] [Info] Auto-choosing col-wise multi-threading, the overhead of testing was 0.030968 seconds.
You can set `force_col_wise=true` to remove the overhead.
[LightGBM] [Info] Total Bins 2636
[LightGBM] [Info] Number of data points in the train set: 93930, number of used features: 17
[LightGBM] [Info] Start training from score 5746.617647
[LightGBM] [Info] Auto-choosing col-wise multi-threading, the overhead of testing was 0.036107 seconds.
You can set `force_col_wise=true` to remove the overhead.
[LightGBM] [Info] Total Bins 2636
[LightGBM] [Info] Number of data points in the train set: 93930, number of used features: 17
[LightGBM] [Info] Start training from score 5746.603455
[LightGBM] [Info] Auto-choosing row-wise multi-threading, the overhead of testing was 0.018942 seconds.
You can set `force_row_wise=true` to remove the overhead.
And if memory is not enough, you can set `force_col_wise=true`.
[LightGBM] [Info] Total Bins 2636
[LightGBM] [Info] Number of data points in the train set: 93930, number of used features: 17
[LightGBM] [Info] Start training from score 5746.589076
[LightGBM] [Info] Auto-choosing row-wise multi-threading, the overhead of testing was 0.011850 seconds.
You can set `force_row_wise=true` to remove the overhead.
And if memory is not enough, you can set `force_col_wise=true`.
[LightGBM] [Info] Total Bins 2636
[LightGBM] [Info] Auto-choosing col-wise multi-threading, the overhead of testing was 0.027554 seconds.
You can set `force_col_wise=true` to remove the overhead.
[LightGBM] [Info] Number of data points in the train set: 93930, number of used features: 17
[LightGBM] [Info] Total Bins 2636
[LightGBM] [Info] Start training from score 5746.546325
[LightGBM] [Info] Number of data points in the train set: 93930, number of used features: 17
[LightGBM] [Info] Start training from score 5746.569015
[LightGBM] [Info] Auto-choosing col-wise multi-threading, the overhead of testing was 0.026506 seconds.
You can set `force_col_wise=true` to remove the overhead.
[LightGBM] [Info] Total Bins 2636
[LightGBM] [Info] Number of data points in the train set: 93930, number of used features: 17
[LightGBM] [Info] Start training from score 5746.520003
[LightGBM] [Info] Auto-choosing col-wise multi-threading, the overhead of testing was 0.026008 seconds.
You can set `force_col_wise=true` to remove the overhead.
[LightGBM] [Info] Total Bins 2636
[LightGBM] [Info] Number of data points in the train set: 93930, number of used features: 17
[LightGBM] [Info] Start training from score 5746.494693
[LightGBM] [Info] Auto-choosing col-wise multi-threading, the overhead of testing was 0.026581 seconds.
You can set `force_col_wise=true` to remove the overhead.
[LightGBM] [Info] Total Bins 2636
[LightGBM] [Info] Number of data points in the train set: 93930, number of used features: 17
[LightGBM] [Info] Start training from score 5746.469957
[LightGBM] [Info] Auto-choosing row-wise multi-threading, the overhead of testing was 0.006818 seconds.
You can set `force_row_wise=true` to remove the overhead.
And if memory is not enough, you can set `force_col_wise=true`.
[LightGBM] [Info] Total Bins 2636
[LightGBM] [Info] Number of data points in the train set: 93930, number of used features: 17
[LightGBM] [Info] Start training from score 5746.445969
==============================================================================
MASTER FORECAST | algo=lgbm task=load strategy=direct
  market=dam task=load gate=strict delay_override=None → gap=12h (crosslag_gap=12h) | horizon=24 stride=24 retrain=weekly
  groups=['calendar', 'lags', 'roll']  (#features=17)
  test=[2025-10-01 00:00:00 .. 2025-11-30 23:00:00]  train_end=None
==============================================================================
  AEL crosslag_mode=freeze (crosslag_gap=12h)
   [fit] key=2025-W40 cutoff=2025-09-30 11:00:00  (block 1/61)
[LightGBM] [Info] Auto-choosing col-wise multi-threading, the overhead of testing was 0.029213 seconds.
You can set `force_col_wise=true` to remove the overhead.
[LightGBM] [Info] Auto-choosing col-wise multi-threading, the overhead of testing was 0.025633 seconds.
You can set `force_col_wise=true` to remove the overhead.
[LightGBM] [Info] Total Bins 2636
[LightGBM] [Info] Total Bins 2636
[LightGBM] [Info] Number of data points in the train set: 94074, number of used features: 17
[LightGBM] [Info] Number of data points in the train set: 94074, number of used features: 17
[LightGBM] [Info] Start training from score 5746.268888
[LightGBM] [Info] Start training from score 5746.326933
[LightGBM] [Info] Auto-choosing col-wise multi-threading, the overhead of testing was 0.027249 seconds.
You can set `force_col_wise=true` to remove the overhead.
[LightGBM] [Info] Total Bins 2636
[LightGBM] [Info] Number of data points in the train set: 94074, number of used features: 17
[LightGBM] [Info] Start training from score 5746.347472
[LightGBM] [Info] Auto-choosing col-wise multi-threading, the overhead of testing was 0.030957 seconds.
You can set `force_col_wise=true` to remove the overhead.
[LightGBM] [Info] Total Bins 2636
[LightGBM] [Info] Number of data points in the train set: 94074, number of used features: 17
[LightGBM] [Info] Start training from score 5746.287671
[LightGBM] [Info] Auto-choosing col-wise multi-threading, the overhead of testing was 0.030407 seconds.
You can set `force_col_wise=true` to remove the overhead.
[LightGBM] [Info] Total Bins 2636
[LightGBM] [Info] Number of data points in the train set: 94074, number of used features: 17
[LightGBM] [Info] Auto-choosing col-wise multi-threading, the overhead of testing was 0.031002 seconds.
You can set `force_col_wise=true` to remove the overhead.
[LightGBM] [Info] Total Bins 2636
[LightGBM] [Info] Auto-choosing col-wise multi-threading, the overhead of testing was 0.028343 seconds.
You can set `force_col_wise=true` to remove the overhead.
[LightGBM] [Info] Auto-choosing col-wise multi-threading, the overhead of testing was 0.030867 seconds.
You can set `force_col_wise=true` to remove the overhead.
[LightGBM] [Info] Total Bins 2636
[LightGBM] [Info] Total Bins 2636
[LightGBM] [Info] Start training from score 5746.214797
[LightGBM] [Info] Number of data points in the train set: 94074, number of used features: 17
[LightGBM] [Info] Number of data points in the train set: 94074, number of used features: 17
[LightGBM] [Info] Number of data points in the train set: 94074, number of used features: 17
[LightGBM] [Info] Start training from score 5746.141728
[LightGBM] [Info] Start training from score 5746.306843
[LightGBM] [Info] Start training from score 5746.246340
[LightGBM] [Info] Auto-choosing col-wise multi-threading, the overhead of testing was 0.026679 seconds.
You can set `force_col_wise=true` to remove the overhead.
[LightGBM] [Info] Total Bins 2636
[LightGBM] [Info] Number of data points in the train set: 94074, number of used features: 17
[LightGBM] [Info] Start training from score 5746.180103
[LightGBM] [Info] Auto-choosing row-wise multi-threading, the overhead of testing was 0.009309 seconds.
You can set `force_row_wise=true` to remove the overhead.
And if memory is not enough, you can set `force_col_wise=true`.
[LightGBM] [Info] Total Bins 2636
[LightGBM] [Info] Auto-choosing col-wise multi-threading, the overhead of testing was 0.027828 seconds.
You can set `force_col_wise=true` to remove the overhead.
[LightGBM] [Info] Total Bins 2636
[LightGBM] [Info] Number of data points in the train set: 94074, number of used features: 17
[LightGBM] [Info] Start training from score 5745.983920
[LightGBM] [Info] Auto-choosing col-wise multi-threading, the overhead of testing was 0.028835 seconds.
You can set `force_col_wise=true` to remove the overhead.
[LightGBM] [Info] Number of data points in the train set: 94074, number of used features: 17
[LightGBM] [Info] Total Bins 2636
[LightGBM] [Info] Start training from score 5746.023505
[LightGBM] [Info] Auto-choosing col-wise multi-threading, the overhead of testing was 0.028061 seconds.
You can set `force_col_wise=true` to remove the overhead.
[LightGBM] [Info] Number of data points in the train set: 94074, number of used features: 17
[LightGBM] [Info] Total Bins 2636
[LightGBM] [Info] Start training from score 5745.858499
[LightGBM] [Info] Number of data points in the train set: 94074, number of used features: 17
[LightGBM] [Info] Auto-choosing col-wise multi-threading, the overhead of testing was 0.027426 seconds.
You can set `force_col_wise=true` to remove the overhead.
[LightGBM] [Info] Total Bins 2636
[LightGBM] [Info] Start training from score 5745.944329
[LightGBM] [Info] Auto-choosing row-wise multi-threading, the overhead of testing was 0.010912 seconds.
You can set `force_row_wise=true` to remove the overhead.
And if memory is not enough, you can set `force_col_wise=true`.
[LightGBM] [Info] Number of data points in the train set: 94074, number of used features: 17
[LightGBM] [Info] Total Bins 2636
[LightGBM] [Info] Start training from score 5745.901064
[LightGBM] [Info] Number of data points in the train set: 94074, number of used features: 17
[LightGBM] [Info] Auto-choosing col-wise multi-threading, the overhead of testing was 0.026764 seconds.
You can set `force_col_wise=true` to remove the overhead.
[LightGBM] [Info] Start training from score 5746.062520
[LightGBM] [Info] Total Bins 2636
[LightGBM] [Info] Number of data points in the train set: 94074, number of used features: 17
[LightGBM] [Info] Start training from score 5746.101554
[LightGBM] [Info] Auto-choosing row-wise multi-threading, the overhead of testing was 0.011588 seconds.
You can set `force_row_wise=true` to remove the overhead.
And if memory is not enough, you can set `force_col_wise=true`.
[LightGBM] [Info] Auto-choosing col-wise multi-threading, the overhead of testing was 0.027736 seconds.
You can set `force_col_wise=true` to remove the overhead.
[LightGBM] [Info] Total Bins 2636
[LightGBM] [Info] Total Bins 2636
[LightGBM] [Info] Number of data points in the train set: 94074, number of used features: 17
[LightGBM] [Info] Number of data points in the train set: 94074, number of used features: 17
[LightGBM] [Info] Start training from score 5745.815544
[LightGBM] [Info] Start training from score 5745.767900
[LightGBM] [Info] Auto-choosing col-wise multi-threading, the overhead of testing was 0.027101 seconds.
You can set `force_col_wise=true` to remove the overhead.
[LightGBM] [Info] Auto-choosing col-wise multi-threading, the overhead of testing was 0.026061 seconds.
You can set `force_col_wise=true` to remove the overhead.
[LightGBM] [Info] Total Bins 2636
[LightGBM] [Info] Total Bins 2636
[LightGBM] [Info] Number of data points in the train set: 94074, number of used features: 17
[LightGBM] [Info] Number of data points in the train set: 94074, number of used features: 17
[LightGBM] [Info] Start training from score 5745.685344
[LightGBM] [Info] Start training from score 5745.724687
[LightGBM] [Info] Auto-choosing row-wise multi-threading, the overhead of testing was 0.009082 seconds.
You can set `force_row_wise=true` to remove the overhead.
And if memory is not enough, you can set `force_col_wise=true`.
[LightGBM] [Info] Auto-choosing col-wise multi-threading, the overhead of testing was 0.028488 seconds.
You can set `force_col_wise=true` to remove the overhead.
[LightGBM] [Info] Total Bins 2636
[LightGBM] [Info] Total Bins 2636
[LightGBM] [Info] Number of data points in the train set: 94074, number of used features: 17
[LightGBM] [Info] Number of data points in the train set: 94074, number of used features: 17
[LightGBM] [Info] Start training from score 5745.592905
[LightGBM] [Info] Start training from score 5745.620446
[LightGBM] [Info] Auto-choosing col-wise multi-threading, the overhead of testing was 0.029494 seconds.
You can set `force_col_wise=true` to remove the overhead.
[LightGBM] [Info] Total Bins 2636
[LightGBM] [Info] Number of data points in the train set: 94074, number of used features: 17
[LightGBM] [Info] Start training from score 5745.650579
[LightGBM] [Info] Auto-choosing col-wise multi-threading, the overhead of testing was 0.029473 seconds.
You can set `force_col_wise=true` to remove the overhead.
[LightGBM] [Info] Total Bins 2636
[LightGBM] [Info] Number of data points in the train set: 94074, number of used features: 17
[LightGBM] [Info] Start training from score 5745.569025
[LightGBM] [Info] Auto-choosing col-wise multi-threading, the overhead of testing was 0.029177 seconds.
You can set `force_col_wise=true` to remove the overhead.
[LightGBM] [Info] Total Bins 2636
[LightGBM] [Info] Number of data points in the train set: 94074, number of used features: 17
[LightGBM] [Info] Auto-choosing col-wise multi-threading, the overhead of testing was 0.029280 seconds.
You can set `force_col_wise=true` to remove the overhead.
[LightGBM] [Info] Start training from score 5745.548711
[LightGBM] [Info] Total Bins 2636
[LightGBM] [Info] Number of data points in the train set: 94074, number of used features: 17
[LightGBM] [Info] Start training from score 5745.507907
[LightGBM] [Info] Auto-choosing col-wise multi-threading, the overhead of testing was 0.027033 seconds.
You can set `force_col_wise=true` to remove the overhead.
[LightGBM] [Info] Total Bins 2636
[LightGBM] [Info] Number of data points in the train set: 94074, number of used features: 17
[LightGBM] [Info] Start training from score 5745.489355
[LightGBM] [Info] Auto-choosing col-wise multi-threading, the overhead of testing was 0.026123 seconds.
You can set `force_col_wise=true` to remove the overhead.
[LightGBM] [Info] Total Bins 2636
[LightGBM] [Info] Number of data points in the train set: 94074, number of used features: 17
[LightGBM] [Info] Start training from score 5745.527387
[LightGBM] [Info] Auto-choosing col-wise multi-threading, the overhead of testing was 0.027434 seconds.
You can set `force_col_wise=true` to remove the overhead.
[LightGBM] [Info] Total Bins 2636
[LightGBM] [Info] Number of data points in the train set: 94074, number of used features: 17
[LightGBM] [Info] Start training from score 5745.472113
[LightGBM] [Info] Auto-choosing col-wise multi-threading, the overhead of testing was 0.027359 seconds.
You can set `force_col_wise=true` to remove the overhead.
[LightGBM] [Info] Auto-choosing col-wise multi-threading, the overhead of testing was 0.036258 seconds.
You can set `force_col_wise=true` to remove the overhead.[LightGBM] [Info] 
Auto-choosing col-wise multi-threading, the overhead of testing was 0.042661 seconds.
You can set `force_col_wise=true` to remove the overhead.[LightGBM] [Info] 
Total Bins 2636
[LightGBM] [Info] Total Bins 2636
[LightGBM] [Info] Total Bins 2636
[LightGBM] [Info] Number of data points in the train set: 94074, number of used features: 17
[LightGBM] [Info] Number of data points in the train set: 94074, number of used features: 17
[LightGBM] [Info] Number of data points in the train set: 94074, number of used features: 17
[LightGBM] [Info] Start training from score 5745.454493
[LightGBM] [Info] Start training from score 5745.410531[LightGBM] [Info] 
Start training from score 5745.432921
[LightGBM] [Info] Auto-choosing col-wise multi-threading, the overhead of testing was 0.025592 seconds.
You can set `force_col_wise=true` to remove the overhead.
[LightGBM] [Info] Total Bins 2636
[LightGBM] [Info] Number of data points in the train set: 94074, number of used features: 17
[LightGBM] [Info] Start training from score 5745.386025
[LightGBM] [Info] Auto-choosing col-wise multi-threading, the overhead of testing was 0.027188 seconds.
You can set `force_col_wise=true` to remove the overhead.
[LightGBM] [Info] Total Bins 2636
[LightGBM] [Info] Number of data points in the train set: 94074, number of used features: 17
[LightGBM] [Info] Start training from score 5745.361753
[LightGBM] [Info] Auto-choosing col-wise multi-threading, the overhead of testing was 0.027168 seconds.
You can set `force_col_wise=true` to remove the overhead.
[LightGBM] [Info] Total Bins 2636
[LightGBM] [Info] Number of data points in the train set: 94074, number of used features: 17
[LightGBM] [Info] Start training from score 5745.339776
[LightGBM] [Info] Auto-choosing col-wise multi-threading, the overhead of testing was 0.025245 seconds.
You can set `force_col_wise=true` to remove the overhead.
[LightGBM] [Info] Total Bins 2636
[LightGBM] [Info] Number of data points in the train set: 94074, number of used features: 17
[LightGBM] [Info] Start training from score 5745.319163
   [fit] key=2025-W41 cutoff=2025-10-06 11:00:00  (block 7/61)
[LightGBM] [Info] Auto-choosing col-wise multi-threading, the overhead of testing was 0.027547 seconds.
You can set `force_col_wise=true` to remove the overhead.
[LightGBM] [Info] Total Bins 2636
[LightGBM] [Info] Number of data points in the train set: 94242, number of used features: 17
[LightGBM] [Info] Start training from score 5745.161532
[LightGBM] [Info] Auto-choosing row-wise multi-threading, the overhead of testing was 0.013742 seconds.
You can set `force_row_wise=true` to remove the overhead.
And if memory is not enough, you can set `force_col_wise=true`.
[LightGBM] [Info] Total Bins 2636
[LightGBM] [Info] Number of data points in the train set: 94242, number of used features: 17
[LightGBM] [Info] Start training from score 5745.139554
[LightGBM] [Info] Auto-choosing col-wise multi-threading, the overhead of testing was 0.026362 seconds.
You can set `force_col_wise=true` to remove the overhead.
[LightGBM] [Info] Total Bins 2636
[LightGBM] [Info] Number of data points in the train set: 94242, number of used features: 17
[LightGBM] [Info] Start training from score 5745.055954
[LightGBM] [Info] Auto-choosing col-wise multi-threading, the overhead of testing was 0.033327 seconds.
You can set `force_col_wise=true` to remove the overhead.
[LightGBM] [Info] Total Bins 2636
[LightGBM] [Info] Number of data points in the train set: 94242, number of used features: 17
[LightGBM] [Info] Start training from score 5745.098877
[LightGBM] [Info] Auto-choosing col-wise multi-threading, the overhead of testing was 0.029727 seconds.
You can set `force_col_wise=true` to remove the overhead.
[LightGBM] [Info] Total Bins 2636
[LightGBM] [Info] Number of data points in the train set: 94242, number of used features: 17
[LightGBM] [Info] Start training from score 5745.118757
[LightGBM] [Info] Auto-choosing col-wise multi-threading, the overhead of testing was 0.026452 seconds.
You can set `force_col_wise=true` to remove the overhead.
[LightGBM] [Info] Total Bins 2636
[LightGBM] [Info] Number of data points in the train set: 94242, number of used features: 17
[LightGBM] [Info] Start training from score 5745.079374
[LightGBM] [Info] Auto-choosing col-wise multi-threading, the overhead of testing was 0.028132 seconds.
You can set `force_col_wise=true` to remove the overhead.
[LightGBM] [Info] Total Bins 2636
[LightGBM] [Info] Number of data points in the train set: 94242, number of used features: 17
[LightGBM] [Info] Start training from score 5745.023692
[LightGBM] [Info] Auto-choosing col-wise multi-threading, the overhead of testing was 0.026923 seconds.
You can set `force_col_wise=true` to remove the overhead.
[LightGBM] [Info] Total Bins 2636
[LightGBM] [Info] Auto-choosing col-wise multi-threading, the overhead of testing was 0.025727 seconds.
You can set `force_col_wise=true` to remove the overhead.
[LightGBM] [Info] Total Bins 2636
[LightGBM] [Info] Number of data points in the train set: 94242, number of used features: 17
[LightGBM] [Info] Start training from score 5744.946881
[LightGBM] [Info] Number of data points in the train set: 94242, number of used features: 17
[LightGBM] [Info] Start training from score 5744.904487
[LightGBM] [Info] Auto-choosing col-wise multi-threading, the overhead of testing was 0.025284 seconds.
You can set `force_col_wise=true` to remove the overhead.
[LightGBM] [Info] Total Bins 2636
[LightGBM] [Info] Number of data points in the train set: 94242, number of used features: 17
[LightGBM] [Info] Auto-choosing col-wise multi-threading, the overhead of testing was 0.025689 seconds.
You can set `force_col_wise=true` to remove the overhead.
[LightGBM] [Info] Total Bins 2636
[LightGBM] [Info] Start training from score 5744.700852
[LightGBM] [Info] Number of data points in the train set: 94242, number of used features: 17
[LightGBM] [Info] Start training from score 5744.987415
[LightGBM] [Info] Auto-choosing col-wise multi-threading, the overhead of testing was 0.028090 seconds.
You can set `force_col_wise=true` to remove the overhead.
[LightGBM] [Info] Total Bins 2636
[LightGBM] [Info] Number of data points in the train set: 94242, number of used features: 17
[LightGBM] [Info] Auto-choosing col-wise multi-threading, the overhead of testing was 0.028551 seconds.
You can set `force_col_wise=true` to remove the overhead.
[LightGBM] [Info] Total Bins 2636
[LightGBM] [Info] Start training from score 5744.824050
[LightGBM] [Info] Number of data points in the train set: 94242, number of used features: 17
[LightGBM] [Info] Start training from score 5744.657079
[LightGBM] [Info] Auto-choosing col-wise multi-threading, the overhead of testing was 0.028890 seconds.
You can set `force_col_wise=true` to remove the overhead.
[LightGBM] [Info] Total Bins 2636
[LightGBM] [Info] Auto-choosing col-wise multi-threading, the overhead of testing was 0.026734 seconds.
You can set `force_col_wise=true` to remove the overhead.
[LightGBM] [Info] Number of data points in the train set: 94242, number of used features: 17
[LightGBM] [Info] Total Bins 2636
[LightGBM] [Info] Start training from score 5744.863739
[LightGBM] [Info] Number of data points in the train set: 94242, number of used features: 17
[LightGBM] [Info] Start training from score 5744.784028
[LightGBM] [Info] Auto-choosing col-wise multi-threading, the overhead of testing was 0.026537 seconds.
You can set `force_col_wise=true` to remove the overhead.
[LightGBM] [Info] Total Bins 2636
[LightGBM] [Info] Number of data points in the train set: 94242, number of used features: 17
[LightGBM] [Info] Start training from score 5744.744252
[LightGBM] [Info] Auto-choosing col-wise multi-threading, the overhead of testing was 0.026111 seconds.
You can set `force_col_wise=true` to remove the overhead.
[LightGBM] [Info] Total Bins 2636
[LightGBM] [Info] Number of data points in the train set: 94242, number of used features: 17
[LightGBM] [Info] Start training from score 5744.612620
[LightGBM] [Info] Auto-choosing col-wise multi-threading, the overhead of testing was 0.028496 seconds.
You can set `force_col_wise=true` to remove the overhead.
[LightGBM] [Info] Auto-choosing col-wise multi-threading, the overhead of testing was 0.025724 seconds.
You can set `force_col_wise=true` to remove the overhead.
[LightGBM] [Info] Total Bins 2636
[LightGBM] [Info] Auto-choosing col-wise multi-threading, the overhead of testing was 0.024788 seconds.
You can set `force_col_wise=true` to remove the overhead.
[LightGBM] [Info] Total Bins 2636
[LightGBM] [Info] Auto-choosing col-wise multi-threading, the overhead of testing was 0.026521 seconds.
You can set `force_col_wise=true` to remove the overhead.
[LightGBM] [Info] Total Bins 2636
[LightGBM] [Info] Total Bins 2636
[LightGBM] [Info] Number of data points in the train set: 94242, number of used features: 17
[LightGBM] [Info] Number of data points in the train set: 94242, number of used features: 17
[LightGBM] [Info] Number of data points in the train set: 94242, number of used features: 17
[LightGBM] [Info] Start training from score 5744.480169
[LightGBM] [Info] Start training from score 5744.520980
[LightGBM] [Info] Number of data points in the train set: 94242, number of used features: 17
[LightGBM] [Info] Start training from score 5744.564159
[LightGBM] [Info] Start training from score 5744.444659
[LightGBM] [Info] Auto-choosing col-wise multi-threading, the overhead of testing was 0.027683 seconds.
You can set `force_col_wise=true` to remove the overhead.
[LightGBM] [Info] Total Bins 2636
[LightGBM] [Info] Number of data points in the train set: 94242, number of used features: 17
[LightGBM] [Info] Start training from score 5744.413656
[LightGBM] [Info] Auto-choosing col-wise multi-threading, the overhead of testing was 0.025715 seconds.
You can set `force_col_wise=true` to remove the overhead.
[LightGBM] [Info] Total Bins 2636
[LightGBM] [Info] Number of data points in the train set: 94242, number of used features: 17
[LightGBM] [Info] Start training from score 5744.384828
[LightGBM] [Info] Auto-choosing col-wise multi-threading, the overhead of testing was 0.025823 seconds.
You can set `force_col_wise=true` to remove the overhead.
[LightGBM] [Info] Auto-choosing col-wise multi-threading, the overhead of testing was 0.024853 seconds.
You can set `force_col_wise=true` to remove the overhead.
[LightGBM] [Info] Total Bins 2636
[LightGBM] [Info] Total Bins 2636
[LightGBM] [Info] Number of data points in the train set: 94242, number of used features: 17
[LightGBM] [Info] Number of data points in the train set: 94242, number of used features: 17
[LightGBM] [Info] Start training from score 5744.360077
[LightGBM] [Info] Start training from score 5744.339216
[LightGBM] [Info] Auto-choosing col-wise multi-threading, the overhead of testing was 0.026913 seconds.
You can set `force_col_wise=true` to remove the overhead.
[LightGBM] [Info] Total Bins 2636
[LightGBM] [Info] Number of data points in the train set: 94242, number of used features: 17
[LightGBM] [Info] Start training from score 5744.317835
[LightGBM] [Info] Auto-choosing col-wise multi-threading, the overhead of testing was 0.029836 seconds.
You can set `force_col_wise=true` to remove the overhead.
[LightGBM] [Info] Total Bins 2636
[LightGBM] [Info] Number of data points in the train set: 94242, number of used features: 17
[LightGBM] [Info] Start training from score 5744.297902
[LightGBM] [Info] Auto-choosing col-wise multi-threading, the overhead of testing was 0.027845 seconds.
You can set `force_col_wise=true` to remove the overhead.
[LightGBM] [Info] Total Bins 2636
[LightGBM] [Info] Number of data points in the train set: 94242, number of used features: 17
[LightGBM] [Info] Start training from score 5744.279001
[LightGBM] [Info] Auto-choosing col-wise multi-threading, the overhead of testing was 0.028482 seconds.
You can set `force_col_wise=true` to remove the overhead.
[LightGBM] [Info] Total Bins 2636
[LightGBM] [Info] Number of data points in the train set: 94242, number of used features: 17
[LightGBM] [Info] Start training from score 5744.260983
[LightGBM] [Info] Auto-choosing col-wise multi-threading, the overhead of testing was 0.027273 seconds.
You can set `force_col_wise=true` to remove the overhead.
[LightGBM] [Info] Total Bins 2636
[LightGBM] [Info] Number of data points in the train set: 94242, number of used features: 17
[LightGBM] [Info] Start training from score 5744.243023
[LightGBM] [Info] Auto-choosing col-wise multi-threading, the overhead of testing was 0.026825 seconds.
You can set `force_col_wise=true` to remove the overhead.
[LightGBM] [Info] Total Bins 2636
[LightGBM] [Info] Number of data points in the train set: 94242, number of used features: 17
[LightGBM] [Info] Start training from score 5744.220895
[LightGBM] [Info] Auto-choosing col-wise multi-threading, the overhead of testing was 0.030227 seconds.
You can set `force_col_wise=true` to remove the overhead.
[LightGBM] [Info] Total Bins 2636
[LightGBM] [Info] Number of data points in the train set: 94242, number of used features: 17
[LightGBM] [Info] Start training from score 5744.197633
[LightGBM] [Info] Auto-choosing row-wise multi-threading, the overhead of testing was 0.024629 seconds.
You can set `force_row_wise=true` to remove the overhead.
And if memory is not enough, you can set `force_col_wise=true`.
[LightGBM] [Info] Total Bins 2636
[LightGBM] [Info] Number of data points in the train set: 94242, number of used features: 17
[LightGBM] [Info] Start training from score 5744.171271
[LightGBM] [Info] Auto-choosing col-wise multi-threading, the overhead of testing was 0.027267 seconds.
You can set `force_col_wise=true` to remove the overhead.
[LightGBM] [Info] Total Bins 2636
[LightGBM] [Info] Number of data points in the train set: 94242, number of used features: 17
[LightGBM] [Info] Start training from score 5744.143965
[LightGBM] [Info] Auto-choosing col-wise multi-threading, the overhead of testing was 0.025359 seconds.
You can set `force_col_wise=true` to remove the overhead.
[LightGBM] [Info] Total Bins 2636
[LightGBM] [Info] Number of data points in the train set: 94242, number of used features: 17
[LightGBM] [Info] Start training from score 5744.117390
[LightGBM] [Info] Auto-choosing col-wise multi-threading, the overhead of testing was 0.016232 seconds.
You can set `force_col_wise=true` to remove the overhead.
[LightGBM] [Info] Total Bins 2636
[LightGBM] [Info] Number of data points in the train set: 94242, number of used features: 17
[LightGBM] [Info] Start training from score 5744.091901
   [fit] key=2025-W42 cutoff=2025-10-13 11:00:00  (block 14/61)
[LightGBM] [Info] Auto-choosing col-wise multi-threading, the overhead of testing was 0.030712 seconds.
You can set `force_col_wise=true` to remove the overhead.
[LightGBM] [Info] Total Bins 2636
[LightGBM] [Info] Number of data points in the train set: 94410, number of used features: 17
[LightGBM] [Info] Start training from score 5743.942623
[LightGBM] [Info] Auto-choosing row-wise multi-threading, the overhead of testing was 0.014085 seconds.
You can set `force_row_wise=true` to remove the overhead.
And if memory is not enough, you can set `force_col_wise=true`.
[LightGBM] [Info] Total Bins 2636
[LightGBM] [Info] Number of data points in the train set: 94410, number of used features: 17
[LightGBM] [Info] Start training from score 5743.886912
[LightGBM] [Info] Auto-choosing col-wise multi-threading, the overhead of testing was 0.034090 seconds.
You can set `force_col_wise=true` to remove the overhead.
[LightGBM] [Info] Total Bins 2636
[LightGBM] [Info] Number of data points in the train set: 94410, number of used features: 17
[LightGBM] [Info] Start training from score 5743.784906
[LightGBM] [Info] Auto-choosing row-wise multi-threading, the overhead of testing was 0.023586 seconds.
You can set `force_row_wise=true` to remove the overhead.
And if memory is not enough, you can set `force_col_wise=true`.
[LightGBM] [Info] Total Bins 2636
[LightGBM] [Info] Number of data points in the train set: 94410, number of used features: 17
[LightGBM] [Info] Start training from score 5743.848429
[LightGBM] [Info] Auto-choosing col-wise multi-threading, the overhead of testing was 0.031472 seconds.
You can set `force_col_wise=true` to remove the overhead.
[LightGBM] [Info] Total Bins 2636
[LightGBM] [Info] Auto-choosing col-wise multi-threading, the overhead of testing was 0.034975 seconds.
You can set `force_col_wise=true` to remove the overhead.
[LightGBM] [Info] Number of data points in the train set: 94410, number of used features: 17
[LightGBM] [Info] Total Bins 2636
[LightGBM] [Info] Start training from score 5743.904787
[LightGBM] [Info] Number of data points in the train set: 94410, number of used features: 17
[LightGBM] [Info] Auto-choosing col-wise multi-threading, the overhead of testing was 0.040154 seconds.
You can set `force_col_wise=true` to remove the overhead.
[LightGBM] [Info] Start training from score 5743.869509
[LightGBM] [Info] Total Bins 2636
[LightGBM] [Info] Number of data points in the train set: 94410, number of used features: 17
[LightGBM] [Info] Start training from score 5743.923513
[LightGBM] [Info] Auto-choosing row-wise multi-threading, the overhead of testing was 0.013917 seconds.
You can set `force_row_wise=true` to remove the overhead.
And if memory is not enough, you can set `force_col_wise=true`.
[LightGBM] [Info] Total Bins 2636
[LightGBM] [Info] Number of data points in the train set: 94410, number of used features: 17
[LightGBM] [Info] Start training from score 5743.818460
[LightGBM] [Info] Auto-choosing col-wise multi-threading, the overhead of testing was 0.026798 seconds.
You can set `force_col_wise=true` to remove the overhead.
[LightGBM] [Info] Total Bins 2636
[LightGBM] [Info] Number of data points in the train set: 94410, number of used features: 17
[LightGBM] [Info] Start training from score 5743.713088
[LightGBM] [Info] Auto-choosing col-wise multi-threading, the overhead of testing was 0.030208 seconds.
You can set `force_col_wise=true` to remove the overhead.
[LightGBM] [Info] Total Bins 2636
[LightGBM] [Info] Number of data points in the train set: 94410, number of used features: 17
[LightGBM] [Info] Start training from score 5743.508954
[LightGBM] [Info] Auto-choosing col-wise multi-threading, the overhead of testing was 0.032294 seconds.
You can set `force_col_wise=true` to remove the overhead.
[LightGBM] [Info] Total Bins 2636
[LightGBM] [Info] Number of data points in the train set: 94410, number of used features: 17
[LightGBM] [Info] Start training from score 5743.680114
[LightGBM] [Info] Auto-choosing row-wise multi-threading, the overhead of testing was 0.014595 seconds.
You can set `force_row_wise=true` to remove the overhead.
And if memory is not enough, you can set `force_col_wise=true`.
[LightGBM] [Info] Auto-choosing col-wise multi-threading, the overhead of testing was 0.031366 seconds.
You can set `force_col_wise=true` to remove the overhead.
[LightGBM] [Info] Total Bins 2636
[LightGBM] [Info] Total Bins 2636
[LightGBM] [Info] Number of data points in the train set: 94410, number of used features: 17
[LightGBM] [Info] Number of data points in the train set: 94410, number of used features: 17
[LightGBM] [Info] Start training from score 5743.648958
[LightGBM] [Info] Start training from score 5743.749009
[LightGBM] [Info] Auto-choosing col-wise multi-threading, the overhead of testing was 0.026900 seconds.
You can set `force_col_wise=true` to remove the overhead.
[LightGBM] [Info] Total Bins 2636
[LightGBM] [Info] Number of data points in the train set: 94410, number of used features: 17
[LightGBM] [Info] Start training from score 5743.547577
[LightGBM] [Info] Auto-choosing col-wise multi-threading, the overhead of testing was 0.028758 seconds.
You can set `force_col_wise=true` to remove the overhead.
[LightGBM] [Info] Total Bins 2636
[LightGBM] [Info] Number of data points in the train set: 94410, number of used features: 17
[LightGBM] [Info] Start training from score 5743.584968
[LightGBM] [Info] Auto-choosing col-wise multi-threading, the overhead of testing was 0.029169 seconds.
You can set `force_col_wise=true` to remove the overhead.
[LightGBM] [Info] Total Bins 2636
[LightGBM] [Info] Number of data points in the train set: 94410, number of used features: 17
[LightGBM] [Info] Start training from score 5743.617533
[LightGBM] [Info] Auto-choosing col-wise multi-threading, the overhead of testing was 0.030214 seconds.
You can set `force_col_wise=true` to remove the overhead.
[LightGBM] [Info] Total Bins 2636
[LightGBM] [Info] Number of data points in the train set: 94410, number of used features: 17
[LightGBM] [Info] Start training from score 5743.469585
[LightGBM] [Info] Auto-choosing col-wise multi-threading, the overhead of testing was 0.026581 seconds.
You can set `force_col_wise=true` to remove the overhead.
[LightGBM] [Info] Total Bins 2636
[LightGBM] [Info] Number of data points in the train set: 94410, number of used features: 17
[LightGBM] [Info] Start training from score 5743.426093
[LightGBM] [Info] Auto-choosing col-wise multi-threading, the overhead of testing was 0.027491 seconds.
You can set `force_col_wise=true` to remove the overhead.
[LightGBM] [Info] Total Bins 2636
[LightGBM] [Info] Number of data points in the train set: 94410, number of used features: 17
[LightGBM] [Info] Start training from score 5743.386454
[LightGBM] [Info] Auto-choosing col-wise multi-threading, the overhead of testing was 0.029411 seconds.
You can set `force_col_wise=true` to remove the overhead.
[LightGBM] [Info] Total Bins 2636
[LightGBM] [Info] Number of data points in the train set: 94410, number of used features: 17
[LightGBM] [Info] Start training from score 5743.314347
[LightGBM] [Info] Auto-choosing col-wise multi-threading, the overhead of testing was 0.028001 seconds.
You can set `force_col_wise=true` to remove the overhead.
[LightGBM] [Info] Total Bins 2636
[LightGBM] [Info] Number of data points in the train set: 94410, number of used features: 17
[LightGBM] [Info] Start training from score 5743.348406
[LightGBM] [Info] Auto-choosing col-wise multi-threading, the overhead of testing was 0.049171 seconds.
You can set `force_col_wise=true` to remove the overhead.
[LightGBM] [Info] Total Bins 2636
[LightGBM] [Info] Number of data points in the train set: 94410, number of used features: 17
[LightGBM] [Info] Start training from score 5743.285497
[LightGBM] [Info] Auto-choosing col-wise multi-threading, the overhead of testing was 0.026460 seconds.
You can set `force_col_wise=true` to remove the overhead.
[LightGBM] [Info] Total Bins 2636
[LightGBM] [Info] Number of data points in the train set: 94410, number of used features: 17
[LightGBM] [Info] Start training from score 5743.258658
[LightGBM] [Info] Auto-choosing col-wise multi-threading, the overhead of testing was 0.042327 seconds.
You can set `force_col_wise=true` to remove the overhead.
[LightGBM] [Info] Total Bins 2636
[LightGBM] [Info] Number of data points in the train set: 94410, number of used features: 17
[LightGBM] [Info] Start training from score 5743.235509
[LightGBM] [Info] Auto-choosing col-wise multi-threading, the overhead of testing was 0.027984 seconds.
You can set `force_col_wise=true` to remove the overhead.
[LightGBM] [Info] Total Bins 2636
[LightGBM] [Info] Number of data points in the train set: 94410, number of used features: 17
[LightGBM] [Info] Start training from score 5743.195895
[LightGBM] [Info] Auto-choosing col-wise multi-threading, the overhead of testing was 0.029073 seconds.
You can set `force_col_wise=true` to remove the overhead.
[LightGBM] [Info] Total Bins 2636
[LightGBM] [Info] Number of data points in the train set: 94410, number of used features: 17
[LightGBM] [Info] Start training from score 5743.177173
[LightGBM] [Info] Auto-choosing col-wise multi-threading, the overhead of testing was 0.026569 seconds.
You can set `force_col_wise=true` to remove the overhead.
[LightGBM] [Info] Total Bins 2636
[LightGBM] [Info] Number of data points in the train set: 94410, number of used features: 17
[LightGBM] [Info] Start training from score 5743.216072
[LightGBM] [Info] Auto-choosing col-wise multi-threading, the overhead of testing was 0.027778 seconds.
You can set `force_col_wise=true` to remove the overhead.
[LightGBM] [Info] Total Bins 2636
[LightGBM] [Info] Number of data points in the train set: 94410, number of used features: 17
[LightGBM] [Info] Start training from score 5743.159322
[LightGBM] [Info] Auto-choosing row-wise multi-threading, the overhead of testing was 0.010755 seconds.
You can set `force_row_wise=true` to remove the overhead.
And if memory is not enough, you can set `force_col_wise=true`.
[LightGBM] [Info] Total Bins 2636
[LightGBM] [Info] Number of data points in the train set: 94410, number of used features: 17
[LightGBM] [Info] Start training from score 5743.142406
[LightGBM] [Info] Auto-choosing col-wise multi-threading, the overhead of testing was 0.034290 seconds.
You can set `force_col_wise=true` to remove the overhead.
[LightGBM] [Info] Total Bins 2636
[LightGBM] [Info] Number of data points in the train set: 94410, number of used features: 17
[LightGBM] [Info] Start training from score 5743.125547
[LightGBM] [Info] Auto-choosing col-wise multi-threading, the overhead of testing was 0.028102 seconds.
You can set `force_col_wise=true` to remove the overhead.
[LightGBM] [Info] Total Bins 2636
[LightGBM] [Info] Number of data points in the train set: 94410, number of used features: 17
[LightGBM] [Info] Start training from score 5743.105143
[LightGBM] [Info] Auto-choosing col-wise multi-threading, the overhead of testing was 0.039442 seconds.
You can set `force_col_wise=true` to remove the overhead.
[LightGBM] [Info] Total Bins 2636
[LightGBM] [Info] Number of data points in the train set: 94410, number of used features: 17
[LightGBM] [Info] Start training from score 5743.083702
[LightGBM] [Info] Auto-choosing col-wise multi-threading, the overhead of testing was 0.025201 seconds.
You can set `force_col_wise=true` to remove the overhead.
[LightGBM] [Info] Total Bins 2636
[LightGBM] [Info] Number of data points in the train set: 94410, number of used features: 17
[LightGBM] [Info] Start training from score 5743.059590
[LightGBM] [Info] Auto-choosing col-wise multi-threading, the overhead of testing was 0.028269 seconds.
You can set `force_col_wise=true` to remove the overhead.
[LightGBM] [Info] Total Bins 2636
[LightGBM] [Info] Number of data points in the train set: 94410, number of used features: 17
[LightGBM] [Info] Start training from score 5743.035267
[LightGBM] [Info] Auto-choosing col-wise multi-threading, the overhead of testing was 0.026445 seconds.
You can set `force_col_wise=true` to remove the overhead.
[LightGBM] [Info] Total Bins 2636
[LightGBM] [Info] Number of data points in the train set: 94410, number of used features: 17
[LightGBM] [Info] Start training from score 5743.013156
[LightGBM] [Info] Auto-choosing col-wise multi-threading, the overhead of testing was 0.025981 seconds.
You can set `force_col_wise=true` to remove the overhead.
[LightGBM] [Info] Total Bins 2636
[LightGBM] [Info] Number of data points in the train set: 94410, number of used features: 17
[LightGBM] [Info] Start training from score 5742.992351
   [fit] key=2025-W43 cutoff=2025-10-20 11:00:00  (block 21/61)
[LightGBM] [Info] Auto-choosing col-wise multi-threading, the overhead of testing was 0.030124 seconds.
You can set `force_col_wise=true` to remove the overhead.
[LightGBM] [Info] Auto-choosing col-wise multi-threading, the overhead of testing was 0.029701 seconds.
You can set `force_col_wise=true` to remove the overhead.
[LightGBM] [Info] Auto-choosing col-wise multi-threading, the overhead of testing was 0.026015 seconds.
You can set `force_col_wise=true` to remove the overhead.
[LightGBM] [Info] [LightGBM] [Info] Total Bins 2636
[LightGBM] [Info] [LightGBM] [Info] Total Bins 2636
Total Bins 2636Auto-choosing col-wise multi-threading, the overhead of testing was 0.027016 seconds.
You can set `force_col_wise=true` to remove the overhead.
[LightGBM] [Info] Auto-choosing col-wise multi-threading, the overhead of testing was 0.026263 seconds.
You can set `force_col_wise=true` to remove the overhead.

[LightGBM] [Info] Total Bins 2636
[LightGBM] [Info] Number of data points in the train set: 94577, number of used features: 17
[LightGBM] [Info] Total Bins 2636
[LightGBM] [Info] Number of data points in the train set: 94577, number of used features: 17
[LightGBM] [Info] Start training from score 5742.761648
[LightGBM] [Info] Start training from score 5742.818020[LightGBM] [Info] 
Number of data points in the train set: 94577, number of used features: 17
[LightGBM] [Info] Number of data points in the train set: 94577, number of used features: 17
[LightGBM] [Info] Number of data points in the train set: 94577, number of used features: 17
[LightGBM] [Info] Start training from score 5742.836694
[LightGBM] [Info] Start training from score 5742.780257
[LightGBM] [Info] Start training from score 5742.799348
[LightGBM] [Info] Auto-choosing row-wise multi-threading, the overhead of testing was 0.012670 seconds.
You can set `force_row_wise=true` to remove the overhead.
And if memory is not enough, you can set `force_col_wise=true`.
[LightGBM] [Info] Total Bins 2636
[LightGBM] [Info] Number of data points in the train set: 94577, number of used features: 17
[LightGBM] [Info] Start training from score 5742.671579
[LightGBM] [Info] Auto-choosing col-wise multi-threading, the overhead of testing was 0.029508 seconds.
You can set `force_col_wise=true` to remove the overhead.
[LightGBM] [Info] Auto-choosing col-wise multi-threading, the overhead of testing was 0.023448 seconds.
You can set `force_col_wise=true` to remove the overhead.
[LightGBM] [Info] Total Bins 2636
[LightGBM] [Info] Total Bins 2636
[LightGBM] [Info] Number of data points in the train set: 94577, number of used features: 17
[LightGBM] [Info] Number of data points in the train set: 94577, number of used features: 17
[LightGBM] [Info] Start training from score 5742.707886
[LightGBM] [Info] Start training from score 5742.629666
[LightGBM] [Info] Auto-choosing col-wise multi-threading, the overhead of testing was 0.033983 seconds.
You can set `force_col_wise=true` to remove the overhead.
[LightGBM] [Info] Total Bins 2636
[LightGBM] [Info] Number of data points in the train set: 94577, number of used features: 17
[LightGBM] [Info] Start training from score 5742.585022
[LightGBM] [Info] Auto-choosing col-wise multi-threading, the overhead of testing was 0.031385 seconds.
You can set `force_col_wise=true` to remove the overhead.
[LightGBM] [Info] Total Bins 2636
[LightGBM] [Info] Number of data points in the train set: 94577, number of used features: 17
[LightGBM] [Info] Start training from score 5742.497565
[LightGBM] [Info] Auto-choosing col-wise multi-threading, the overhead of testing was 0.032111 seconds.
You can set `force_col_wise=true` to remove the overhead.
[LightGBM] [Info] Total Bins 2636
[LightGBM] [Info] Number of data points in the train set: 94577, number of used features: 17
[LightGBM] [Info] Start training from score 5742.367391
[LightGBM] [Info] Auto-choosing row-wise multi-threading, the overhead of testing was 0.012073 seconds.
You can set `force_row_wise=true` to remove the overhead.
And if memory is not enough, you can set `force_col_wise=true`.
[LightGBM] [Info] Auto-choosing row-wise multi-threading, the overhead of testing was 0.013143 seconds.
You can set `force_row_wise=true` to remove the overhead.
And if memory is not enough, you can set `force_col_wise=true`.
[LightGBM] [Info] Total Bins 2636
[LightGBM] [Info] Total Bins 2636
[LightGBM] [Info] Auto-choosing row-wise multi-threading, the overhead of testing was 0.012217 seconds.
You can set `force_row_wise=true` to remove the overhead.
And if memory is not enough, you can set `force_col_wise=true`.
[LightGBM] [Info] Number of data points in the train set: 94577, number of used features: 17
[LightGBM] [Info] Number of data points in the train set: 94577, number of used features: 17
[LightGBM] [Info] Total Bins 2636
[LightGBM] [Info] Start training from score 5742.411694
[LightGBM] [Info] Start training from score 5742.454226
[LightGBM] [Info] Number of data points in the train set: 94577, number of used features: 17
[LightGBM] [Info] Start training from score 5742.739030
[LightGBM] [Info] Auto-choosing row-wise multi-threading, the overhead of testing was 0.014550 seconds.
You can set `force_row_wise=true` to remove the overhead.
And if memory is not enough, you can set `force_col_wise=true`.
[LightGBM] [Info] Total Bins 2636
[LightGBM] [Info] Number of data points in the train set: 94577, number of used features: 17
[LightGBM] [Info] Start training from score 5742.541015
[LightGBM] [Info] Auto-choosing col-wise multi-threading, the overhead of testing was 0.028840 seconds.
You can set `force_col_wise=true` to remove the overhead.
[LightGBM] [Info] Total Bins 2636
[LightGBM] [Info] Number of data points in the train set: 94577, number of used features: 17
[LightGBM] [Info] Start training from score 5742.325940
[LightGBM] [Info] Auto-choosing col-wise multi-threading, the overhead of testing was 0.026426 seconds.
You can set `force_col_wise=true` to remove the overhead.
[LightGBM] [Info] Total Bins 2636
[LightGBM] [Info] Number of data points in the train set: 94577, number of used features: 17
[LightGBM] [Info] Start training from score 5742.286312
[LightGBM] [Info] Auto-choosing col-wise multi-threading, the overhead of testing was 0.029492 seconds.
You can set `force_col_wise=true` to remove the overhead.
[LightGBM] [Info] Total Bins 2636
[LightGBM] [Info] Number of data points in the train set: 94577, number of used features: 17
[LightGBM] [Info] Start training from score 5742.243119
[LightGBM] [Info] Auto-choosing col-wise multi-threading, the overhead of testing was 0.031949 seconds.
You can set `force_col_wise=true` to remove the overhead.
[LightGBM] [Info] Total Bins 2636
[LightGBM] [Info] Number of data points in the train set: 94577, number of used features: 17
[LightGBM] [Info] Start training from score 5742.199712
[LightGBM] [Info] Auto-choosing col-wise multi-threading, the overhead of testing was 0.028200 seconds.
You can set `force_col_wise=true` to remove the overhead.
[LightGBM] [Info] Total Bins 2636
[LightGBM] [Info] Number of data points in the train set: 94577, number of used features: 17
[LightGBM] [Info] Start training from score 5742.156846
[LightGBM] [Info] Auto-choosing col-wise multi-threading, the overhead of testing was 0.027589 seconds.
You can set `force_col_wise=true` to remove the overhead.
[LightGBM] [Info] Total Bins 2636
[LightGBM] [Info] Number of data points in the train set: 94577, number of used features: 17
[LightGBM] [Info] Start training from score 5742.118882
[LightGBM] [Info] Auto-choosing row-wise multi-threading, the overhead of testing was 0.008809 seconds.
You can set `force_row_wise=true` to remove the overhead.
And if memory is not enough, you can set `force_col_wise=true`.
[LightGBM] [Info] Total Bins 2636
[LightGBM] [Info] Number of data points in the train set: 94577, number of used features: 17
[LightGBM] [Info] Start training from score 5742.086340
[LightGBM] [Info] Auto-choosing col-wise multi-threading, the overhead of testing was 0.032026 seconds.
You can set `force_col_wise=true` to remove the overhead.
[LightGBM] [Info] Total Bins 2636
[LightGBM] [Info] Number of data points in the train set: 94577, number of used features: 17
[LightGBM] [Info] Start training from score 5742.056916
[LightGBM] [Info] Auto-choosing col-wise multi-threading, the overhead of testing was 0.028386 seconds.
You can set `force_col_wise=true` to remove the overhead.
[LightGBM] [Info] Total Bins 2636
[LightGBM] [Info] Number of data points in the train set: 94577, number of used features: 17
[LightGBM] [Info] Start training from score 5742.032211
[LightGBM] [Info] Auto-choosing col-wise multi-threading, the overhead of testing was 0.028009 seconds.
You can set `force_col_wise=true` to remove the overhead.
[LightGBM] [Info] Total Bins 2636
[LightGBM] [Info] Number of data points in the train set: 94577, number of used features: 17
[LightGBM] [Info] Start training from score 5741.990732
[LightGBM] [Info] Auto-choosing col-wise multi-threading, the overhead of testing was 0.027524 seconds.
You can set `force_col_wise=true` to remove the overhead.
[LightGBM] [Info] Total Bins 2636
[LightGBM] [Info] Number of data points in the train set: 94577, number of used features: 17
[LightGBM] [Info] Start training from score 5742.011529
[LightGBM] [Info] Auto-choosing col-wise multi-threading, the overhead of testing was 0.036059 seconds.
You can set `force_col_wise=true` to remove the overhead.
[LightGBM] [Info] Total Bins 2636
[LightGBM] [Info] Number of data points in the train set: 94577, number of used features: 17
[LightGBM] [Info] Start training from score 5741.952458
[LightGBM] [Info] Auto-choosing col-wise multi-threading, the overhead of testing was 0.028899 seconds.
You can set `force_col_wise=true` to remove the overhead.
[LightGBM] [Info] Total Bins 2636
[LightGBM] [Info] Number of data points in the train set: 94577, number of used features: 17
[LightGBM] [Info] Start training from score 5741.971133
[LightGBM] [Info] Auto-choosing col-wise multi-threading, the overhead of testing was 0.029807 seconds.
You can set `force_col_wise=true` to remove the overhead.
[LightGBM] [Info] Total Bins 2636
[LightGBM] [Info] Number of data points in the train set: 94577, number of used features: 17
[LightGBM] [Info] Start training from score 5741.915994
[LightGBM] [Info] Auto-choosing row-wise multi-threading, the overhead of testing was 0.014599 seconds.
You can set `force_row_wise=true` to remove the overhead.
And if memory is not enough, you can set `force_col_wise=true`.
[LightGBM] [Info] Total Bins 2636
[LightGBM] [Info] Number of data points in the train set: 94577, number of used features: 17
[LightGBM] [Info] Start training from score 5741.934694
[LightGBM] [Info] Auto-choosing col-wise multi-threading, the overhead of testing was 0.035882 seconds.
You can set `force_col_wise=true` to remove the overhead.
[LightGBM] [Info] Total Bins 2636
[LightGBM] [Info] Number of data points in the train set: 94577, number of used features: 17
[LightGBM] [Info] Start training from score 5741.891819
[LightGBM] [Info] Auto-choosing col-wise multi-threading, the overhead of testing was 0.037137 seconds.
You can set `force_col_wise=true` to remove the overhead.
[LightGBM] [Info] Total Bins 2636
[LightGBM] [Info] Number of data points in the train set: 94577, number of used features: 17
[LightGBM] [Info] Start training from score 5741.866229
[LightGBM] [Info] Auto-choosing col-wise multi-threading, the overhead of testing was 0.028538 seconds.
You can set `force_col_wise=true` to remove the overhead.
[LightGBM] [Info] Total Bins 2636
[LightGBM] [Info] Number of data points in the train set: 94577, number of used features: 17
[LightGBM] [Info] Start training from score 5741.837549
[LightGBM] [Info] Auto-choosing col-wise multi-threading, the overhead of testing was 0.026086 seconds.
You can set `force_col_wise=true` to remove the overhead.
[LightGBM] [Info] Auto-choosing col-wise multi-threading, the overhead of testing was 0.030242 seconds.
You can set `force_col_wise=true` to remove the overhead.
[LightGBM] [Info] Total Bins 2636
[LightGBM] [Info] Total Bins 2636
[LightGBM] [Info] Number of data points in the train set: 94577, number of used features: 17
[LightGBM] [Info] Number of data points in the train set: 94577, number of used features: 17
[LightGBM] [Info] Start training from score 5741.784378
[LightGBM] [Info] Start training from score 5741.809589
[LightGBM] [Info] Auto-choosing col-wise multi-threading, the overhead of testing was 0.026941 seconds.
You can set `force_col_wise=true` to remove the overhead.
[LightGBM] [Info] Total Bins 2636
[LightGBM] [Info] Number of data points in the train set: 94577, number of used features: 17
[LightGBM] [Info] Start training from score 5741.761252
   [fit] key=2025-W44 cutoff=2025-10-27 11:00:00  (block 28/61)
[LightGBM] [Info] Auto-choosing col-wise multi-threading, the overhead of testing was 0.033928 seconds.
You can set `force_col_wise=true` to remove the overhead.
[LightGBM] [Info] Total Bins 2636
[LightGBM] [Info] Number of data points in the train set: 94745, number of used features: 17
[LightGBM] [Info] Start training from score 5741.250767
[LightGBM] [Info] Auto-choosing col-wise multi-threading, the overhead of testing was 0.030362 seconds.
You can set `force_col_wise=true` to remove the overhead.
[LightGBM] [Info] Total Bins 2636
[LightGBM] [Info] Auto-choosing row-wise multi-threading, the overhead of testing was 0.012125 seconds.
You can set `force_row_wise=true` to remove the overhead.
And if memory is not enough, you can set `force_col_wise=true`.
[LightGBM] [Info] Total Bins 2636
[LightGBM] [Info] Auto-choosing col-wise multi-threading, the overhead of testing was 0.031373 seconds.
You can set `force_col_wise=true` to remove the overhead.
[LightGBM] [Info] Number of data points in the train set: 94745, number of used features: 17
[LightGBM] [Info] Total Bins 2636
[LightGBM] [Info] Number of data points in the train set: 94745, number of used features: 17
[LightGBM] [Info] Start training from score 5741.231361
[LightGBM] [Info] Start training from score 5741.188202
[LightGBM] [Info] Number of data points in the train set: 94745, number of used features: 17
[LightGBM] [Info] Start training from score 5741.271179
[LightGBM] [Info] Auto-choosing col-wise multi-threading, the overhead of testing was 0.053626 seconds.
You can set `force_col_wise=true` to remove the overhead.
[LightGBM] [Info] Total Bins 2636
[LightGBM] [Info] Number of data points in the train set: 94745, number of used features: 17
[LightGBM] [Info] Start training from score 5741.292406
[LightGBM] [Info] Auto-choosing col-wise multi-threading, the overhead of testing was 0.029563 seconds.
You can set `force_col_wise=true` to remove the overhead.
[LightGBM] [Info] Auto-choosing col-wise multi-threading, the overhead of testing was 0.033262 seconds.
You can set `force_col_wise=true` to remove the overhead.
[LightGBM] [Info] Total Bins 2636
[LightGBM] [Info] Number of data points in the train set: 94745, number of used features: 17
[LightGBM] [Info] Start training from score 5741.042827
[LightGBM] [Info] Total Bins 2636
[LightGBM] [Info] Number of data points in the train set: 94745, number of used features: 17
[LightGBM] [Info] Start training from score 5741.211941
[LightGBM] [Info] Auto-choosing col-wise multi-threading, the overhead of testing was 0.032290 seconds.
You can set `force_col_wise=true` to remove the overhead.
[LightGBM] [Info] Total Bins 2636
[LightGBM] [Info] Number of data points in the train set: 94745, number of used features: 17
[LightGBM] [Info] Start training from score 5741.082463
[LightGBM] [Info] Auto-choosing col-wise multi-threading, the overhead of testing was 0.034172 seconds.
You can set `force_col_wise=true` to remove the overhead.
[LightGBM] [Info] Total Bins 2636
[LightGBM] [Info] Number of data points in the train set: 94745, number of used features: 17
[LightGBM] [Info] Start training from score 5740.927768
[LightGBM] [Info] Auto-choosing col-wise multi-threading, the overhead of testing was 0.031918 seconds.
You can set `force_col_wise=true` to remove the overhead.
[LightGBM] [Info] Total Bins 2636
[LightGBM] [Info] Number of data points in the train set: 94745, number of used features: 17
[LightGBM] [Info] Start training from score 5741.121072
[LightGBM] [Info] Auto-choosing col-wise multi-threading, the overhead of testing was 0.028490 seconds.
You can set `force_col_wise=true` to remove the overhead.
[LightGBM] [Info] Total Bins 2636
[LightGBM] [Info] Auto-choosing col-wise multi-threading, the overhead of testing was 0.039026 seconds.
You can set `force_col_wise=true` to remove the overhead.
[LightGBM] [Info] Auto-choosing col-wise multi-threading, the overhead of testing was 0.035303 seconds.
You can set `force_col_wise=true` to remove the overhead.
[LightGBM] [Info] Number of data points in the train set: 94745, number of used features: 17
[LightGBM] [Info] Total Bins 2636
[LightGBM] [Info] Total Bins 2636
[LightGBM] [Info] Number of data points in the train set: 94745, number of used features: 17
[LightGBM] [Info] Number of data points in the train set: 94745, number of used features: 17
[LightGBM] [Info] Start training from score 5740.810379
[LightGBM] [Info] Start training from score 5740.890525
[LightGBM] [Info] Start training from score 5741.003658
[LightGBM] [Info] Auto-choosing col-wise multi-threading, the overhead of testing was 0.029913 seconds.
You can set `force_col_wise=true` to remove the overhead.
[LightGBM] [Info] Total Bins 2636
[LightGBM] [Info] Number of data points in the train set: 94745, number of used features: 17
[LightGBM] [Info] Start training from score 5740.850163
[LightGBM] [Info] Auto-choosing row-wise multi-threading, the overhead of testing was 0.018960 seconds.
You can set `force_row_wise=true` to remove the overhead.
And if memory is not enough, you can set `force_col_wise=true`.
[LightGBM] [Info] Auto-choosing col-wise multi-threading, the overhead of testing was 0.039547 seconds.
You can set `force_col_wise=true` to remove the overhead.
[LightGBM] [Info] Total Bins 2636
[LightGBM] [Info] Total Bins 2636
[LightGBM] [Info] Number of data points in the train set: 94745, number of used features: 17
[LightGBM] [Info] Number of data points in the train set: 94745, number of used features: 17
[LightGBM] [Info] Start training from score 5741.156059
[LightGBM] [Info] Start training from score 5740.965868
[LightGBM] [Info] Auto-choosing col-wise multi-threading, the overhead of testing was 0.025770 seconds.
You can set `force_col_wise=true` to remove the overhead.
[LightGBM] [Info] Auto-choosing col-wise multi-threading, the overhead of testing was 0.033539 seconds.
You can set `force_col_wise=true` to remove the overhead.
[LightGBM] [Info] Total Bins 2636
[LightGBM] [Info] Auto-choosing col-wise multi-threading, the overhead of testing was 0.029090 seconds.
You can set `force_col_wise=true` to remove the overhead.[LightGBM] [Info] 
Auto-choosing col-wise multi-threading, the overhead of testing was 0.029183 seconds.
You can set `force_col_wise=true` to remove the overhead.
[LightGBM] [Info] Total Bins 2636
[LightGBM] [Info] [LightGBM] [Info] Total Bins 2636Total Bins 2636
[LightGBM] [Info] Number of data points in the train set: 94745, number of used features: 17

[LightGBM] [Info] Number of data points in the train set: 94745, number of used features: 17
[LightGBM] [Info] Start training from score 5740.731516[LightGBM] [Info] 
Number of data points in the train set: 94745, number of used features: 17
[LightGBM] [Info] Number of data points in the train set: 94745, number of used features: 17
[LightGBM] [Info] Start training from score 5740.772173
[LightGBM] [Info] Start training from score 5740.649977
[LightGBM] [Info] Start training from score 5740.690444
[LightGBM] [Info] Auto-choosing col-wise multi-threading, the overhead of testing was 0.028272 seconds.
You can set `force_col_wise=true` to remove the overhead.
[LightGBM] [Info] Total Bins 2636
[LightGBM] [Info] Number of data points in the train set: 94745, number of used features: 17
[LightGBM] [Info] Start training from score 5740.613716
[LightGBM] [Info] Auto-choosing col-wise multi-threading, the overhead of testing was 0.027842 seconds.
You can set `force_col_wise=true` to remove the overhead.
[LightGBM] [Info] Total Bins 2636
[LightGBM] [Info] Number of data points in the train set: 94745, number of used features: 17
[LightGBM] [Info] Auto-choosing col-wise multi-threading, the overhead of testing was 0.027323 seconds.
You can set `force_col_wise=true` to remove the overhead.
[LightGBM] [Info] Start training from score 5740.582308
[LightGBM] [Info] Total Bins 2636
[LightGBM] [Info] Number of data points in the train set: 94745, number of used features: 17
[LightGBM] [Info] Start training from score 5740.529119
[LightGBM] [Info] Auto-choosing col-wise multi-threading, the overhead of testing was 0.029051 seconds.
You can set `force_col_wise=true` to remove the overhead.
[LightGBM] [Info] Total Bins 2636
[LightGBM] [Info] Number of data points in the train set: 94745, number of used features: 17
[LightGBM] [Info] Start training from score 5740.508010
[LightGBM] [Info] Auto-choosing col-wise multi-threading, the overhead of testing was 0.028657 seconds.
You can set `force_col_wise=true` to remove the overhead.
[LightGBM] [Info] Total Bins 2636
[LightGBM] [Info] Number of data points in the train set: 94745, number of used features: 17
[LightGBM] [Info] Start training from score 5740.553738
[LightGBM] [Info] Auto-choosing col-wise multi-threading, the overhead of testing was 0.027943 seconds.
You can set `force_col_wise=true` to remove the overhead.
[LightGBM] [Info] Total Bins 2636
[LightGBM] [Info] Number of data points in the train set: 94745, number of used features: 17
[LightGBM] [Info] Start training from score 5740.466419
[LightGBM] [Info] Auto-choosing col-wise multi-threading, the overhead of testing was 0.028085 seconds.
You can set `force_col_wise=true` to remove the overhead.
[LightGBM] [Info] Total Bins 2636
[LightGBM] [Info] Number of data points in the train set: 94745, number of used features: 17
[LightGBM] [Info] Start training from score 5740.447312
[LightGBM] [Info] Auto-choosing col-wise multi-threading, the overhead of testing was 0.033238 seconds.
You can set `force_col_wise=true` to remove the overhead.
[LightGBM] [Info] Total Bins 2636
[LightGBM] [Info] Number of data points in the train set: 94745, number of used features: 17
[LightGBM] [Info] Auto-choosing col-wise multi-threading, the overhead of testing was 0.030343 seconds.
You can set `force_col_wise=true` to remove the overhead.
[LightGBM] [Info] Total Bins 2636
[LightGBM] [Info] Number of data points in the train set: 94745, number of used features: 17
[LightGBM] [Info] Start training from score 5740.486542
[LightGBM] [Info] Start training from score 5740.429210
[LightGBM] [Info] Auto-choosing col-wise multi-threading, the overhead of testing was 0.071091 seconds.
You can set `force_col_wise=true` to remove the overhead.
[LightGBM] [Info] Total Bins 2636
[LightGBM] [Info] Number of data points in the train set: 94745, number of used features: 17
[LightGBM] [Info] Start training from score 5740.411092
[LightGBM] [Info] Auto-choosing col-wise multi-threading, the overhead of testing was 0.037028 seconds.
You can set `force_col_wise=true` to remove the overhead.
[LightGBM] [Info] Total Bins 2636
[LightGBM] [Info] Number of data points in the train set: 94745, number of used features: 17
[LightGBM] [Info] Start training from score 5740.388892
[LightGBM] [Info] Auto-choosing col-wise multi-threading, the overhead of testing was 0.029231 seconds.
You can set `force_col_wise=true` to remove the overhead.
[LightGBM] [Info] Total Bins 2636
[LightGBM] [Info] Number of data points in the train set: 94745, number of used features: 17
[LightGBM] [Info] Start training from score 5740.365215
[LightGBM] [Info] Auto-choosing col-wise multi-threading, the overhead of testing was 0.027385 seconds.
You can set `force_col_wise=true` to remove the overhead.
[LightGBM] [Info] Total Bins 2636
[LightGBM] [Info] Number of data points in the train set: 94745, number of used features: 17
[LightGBM] [Info] Start training from score 5740.337642
[LightGBM] [Info] Auto-choosing col-wise multi-threading, the overhead of testing was 0.026453 seconds.
You can set `force_col_wise=true` to remove the overhead.
[LightGBM] [Info] Total Bins 2636
[LightGBM] [Info] Number of data points in the train set: 94745, number of used features: 17
[LightGBM] [Info] Start training from score 5740.309573
[LightGBM] [Info] Auto-choosing col-wise multi-threading, the overhead of testing was 0.025837 seconds.
You can set `force_col_wise=true` to remove the overhead.
[LightGBM] [Info] Total Bins 2636
[LightGBM] [Info] Number of data points in the train set: 94745, number of used features: 17
[LightGBM] [Info] Start training from score 5740.282179
[LightGBM] [Info] Auto-choosing col-wise multi-threading, the overhead of testing was 0.027316 seconds.
You can set `force_col_wise=true` to remove the overhead.
[LightGBM] [Info] Total Bins 2636
[LightGBM] [Info] Number of data points in the train set: 94745, number of used features: 17
[LightGBM] [Info] Start training from score 5740.256192
   [fit] key=2025-W45 cutoff=2025-11-03 11:00:00  (block 35/61)
[LightGBM] [Info] Auto-choosing col-wise multi-threading, the overhead of testing was 0.033515 seconds.
You can set `force_col_wise=true` to remove the overhead.
[LightGBM] [Info] Auto-choosing col-wise multi-threading, the overhead of testing was 0.031464 seconds.
You can set `force_col_wise=true` to remove the overhead.[LightGBM] [Info] 
Auto-choosing col-wise multi-threading, the overhead of testing was 0.034259 seconds.
You can set `force_col_wise=true` to remove the overhead.
[LightGBM] [Info] Total Bins 2636
[LightGBM] [Info] Total Bins 2636
[LightGBM] [Info] Total Bins 2636
[LightGBM] [Info] Number of data points in the train set: 94913, number of used features: 17
[LightGBM] [Info] Number of data points in the train set: 94913, number of used features: 17
[LightGBM] [Info] Number of data points in the train set: 94913, number of used features: 17
[LightGBM] [Info] Start training from score 5740.153971
[LightGBM] [Info] Start training from score 5740.004773
[LightGBM] [Info] Start training from score 5740.174550
[LightGBM] [Info] Auto-choosing col-wise multi-threading, the overhead of testing was 0.030690 seconds.
You can set `force_col_wise=true` to remove the overhead.
[LightGBM] [Info] Total Bins 2636
[LightGBM] [Info] Number of data points in the train set: 94913, number of used features: 17
[LightGBM] [Info] Start training from score 5740.039360
[LightGBM] [Info] Auto-choosing col-wise multi-threading, the overhead of testing was 0.030863 seconds.
You can set `force_col_wise=true` to remove the overhead.
[LightGBM] [Info] Total Bins 2636
[LightGBM] [Info] Number of data points in the train set: 94913, number of used features: 17
[LightGBM] [Info] Start training from score 5739.966400
[LightGBM] [Info] Auto-choosing col-wise multi-threading, the overhead of testing was 0.030877 seconds.
You can set `force_col_wise=true` to remove the overhead.
[LightGBM] [Info] Total Bins 2636
[LightGBM] [Info] Number of data points in the train set: 94913, number of used features: 17
[LightGBM] [Info] Auto-choosing col-wise multi-threading, the overhead of testing was 0.028125 seconds.
You can set `force_col_wise=true` to remove the overhead.
[LightGBM] [Info] Total Bins 2636
[LightGBM] [Info] Start training from score 5740.113950
[LightGBM] [Info] Number of data points in the train set: 94913, number of used features: 17
[LightGBM] [Info] Auto-choosing col-wise multi-threading, the overhead of testing was 0.041239 seconds.
You can set `force_col_wise=true` to remove the overhead.
[LightGBM] [Info] Total Bins 2636
[LightGBM] [Info] Start training from score 5740.094596
[LightGBM] [Info] Number of data points in the train set: 94913, number of used features: 17
[LightGBM] [Info] Start training from score 5740.133427
[LightGBM] [Info] Auto-choosing col-wise multi-threading, the overhead of testing was 0.033375 seconds.
You can set `force_col_wise=true` to remove the overhead.
[LightGBM] [Info] Total Bins 2636
[LightGBM] [Info] Auto-choosing col-wise multi-threading, the overhead of testing was 0.030388 seconds.
You can set `force_col_wise=true` to remove the overhead.
[LightGBM] [Info] Total Bins 2636
[LightGBM] [Info] Number of data points in the train set: 94913, number of used features: 17
[LightGBM] [Info] Number of data points in the train set: 94913, number of used features: 17
[LightGBM] [Info] Start training from score 5740.071362
[LightGBM] [Info] Start training from score 5739.778869
[LightGBM] [Info] Auto-choosing col-wise multi-threading, the overhead of testing was 0.028818 seconds.
You can set `force_col_wise=true` to remove the overhead.
[LightGBM] [Info] Total Bins 2636
[LightGBM] [Info] Number of data points in the train set: 94913, number of used features: 17
[LightGBM] [Info] Start training from score 5739.740138
[LightGBM] [Info] Auto-choosing col-wise multi-threading, the overhead of testing was 0.028249 seconds.
You can set `force_col_wise=true` to remove the overhead.
[LightGBM] [Info] Total Bins 2636
[LightGBM] [Info] Number of data points in the train set: 94913, number of used features: 17
[LightGBM] [Info] Start training from score 5739.701678
[LightGBM] [Info] Auto-choosing col-wise multi-threading, the overhead of testing was 0.032212 seconds.
You can set `force_col_wise=true` to remove the overhead.
[LightGBM] [Info] Total Bins 2636
[LightGBM] [Info] Number of data points in the train set: 94913, number of used features: 17
[LightGBM] [Info] Start training from score 5739.814571
[LightGBM] [Info] Auto-choosing col-wise multi-threading, the overhead of testing was 0.029383 seconds.
You can set `force_col_wise=true` to remove the overhead.
[LightGBM] [Info] Auto-choosing col-wise multi-threading, the overhead of testing was 0.040981 seconds.
You can set `force_col_wise=true` to remove the overhead.
[LightGBM] [Info] Total Bins 2636
[LightGBM] [Info] Total Bins 2636
[LightGBM] [Info] Number of data points in the train set: 94913, number of used features: 17
[LightGBM] [Info] Number of data points in the train set: 94913, number of used features: 17
[LightGBM] [Info] Start training from score 5739.851803
[LightGBM] [Info] Start training from score 5739.888482
[LightGBM] [Info] Auto-choosing col-wise multi-threading, the overhead of testing was 0.030771 seconds.
You can set `force_col_wise=true` to remove the overhead.
[LightGBM] [Info] Total Bins 2636
[LightGBM] [Info] Number of data points in the train set: 94913, number of used features: 17
[LightGBM] [Info] Start training from score 5739.926898
[LightGBM] [Info] Auto-choosing col-wise multi-threading, the overhead of testing was 0.029189 seconds.
You can set `force_col_wise=true` to remove the overhead.
[LightGBM] [Info] Total Bins 2636
[LightGBM] [Info] Number of data points in the train set: 94913, number of used features: 17
[LightGBM] [Info] Start training from score 5739.665678
[LightGBM] [Info] Auto-choosing col-wise multi-threading, the overhead of testing was 0.033327 seconds.
You can set `force_col_wise=true` to remove the overhead.
[LightGBM] [Info] Auto-choosing col-wise multi-threading, the overhead of testing was 0.032766 seconds.
You can set `force_col_wise=true` to remove the overhead.[LightGBM] [Info] 
Auto-choosing col-wise multi-threading, the overhead of testing was 0.028932 seconds.
You can set `force_col_wise=true` to remove the overhead.
[LightGBM] [Info] [LightGBM] [Info] Total Bins 2636
Total Bins 2636
[LightGBM] [Info] Total Bins 2636
[LightGBM] [Info] Number of data points in the train set: 94913, number of used features: 17
[LightGBM] [Info] Number of data points in the train set: 94913, number of used features: 17
[LightGBM] [Info] Number of data points in the train set: 94913, number of used features: 17
[LightGBM] [Info] Start training from score 5739.585022
[LightGBM] [Info] Start training from score 5739.625968
[LightGBM] [Info] Start training from score 5739.545648
[LightGBM] [Info] Auto-choosing col-wise multi-threading, the overhead of testing was 0.026840 seconds.
You can set `force_col_wise=true` to remove the overhead.
[LightGBM] [Info] Total Bins 2636
[LightGBM] [Info] Number of data points in the train set: 94913, number of used features: 17
[LightGBM] [Info] Start training from score 5739.510241
[LightGBM] [Info] Auto-choosing col-wise multi-threading, the overhead of testing was 0.028901 seconds.
You can set `force_col_wise=true` to remove the overhead.
[LightGBM] [Info] Total Bins 2636
[LightGBM] [Info] Number of data points in the train set: 94913, number of used features: 17
[LightGBM] [Info] Start training from score 5739.479479
[LightGBM] [Info] Auto-choosing col-wise multi-threading, the overhead of testing was 0.046929 seconds.
You can set `force_col_wise=true` to remove the overhead.
[LightGBM] [Info] Total Bins 2636
[LightGBM] [Info] Number of data points in the train set: 94913, number of used features: 17
[LightGBM] [Info] Start training from score 5739.451391
[LightGBM] [Info] Auto-choosing col-wise multi-threading, the overhead of testing was 0.040792 seconds.
You can set `force_col_wise=true` to remove the overhead.
[LightGBM] [Info] Total Bins 2636
[LightGBM] [Info] Number of data points in the train set: 94913, number of used features: 17
[LightGBM] [Info] Start training from score 5739.426827
[LightGBM] [Info] Auto-choosing col-wise multi-threading, the overhead of testing was 0.027054 seconds.
You can set `force_col_wise=true` to remove the overhead.
[LightGBM] [Info] Auto-choosing row-wise multi-threading, the overhead of testing was 0.017477 seconds.
You can set `force_row_wise=true` to remove the overhead.
And if memory is not enough, you can set `force_col_wise=true`.
[LightGBM] [Info] Total Bins 2636
[LightGBM] [Info] Total Bins 2636
[LightGBM] [Info] Number of data points in the train set: 94913, number of used features: 17
[LightGBM] [Info] Number of data points in the train set: 94913, number of used features: 17
[LightGBM] [Info] Start training from score 5739.384398
[LightGBM] [Info] Start training from score 5739.405797
[LightGBM] [Info] Auto-choosing col-wise multi-threading, the overhead of testing was 0.031664 seconds.
You can set `force_col_wise=true` to remove the overhead.
[LightGBM] [Info] Total Bins 2636
[LightGBM] [Info] Number of data points in the train set: 94913, number of used features: 17
[LightGBM] [Info] Start training from score 5739.364775
[LightGBM] [Info] Auto-choosing col-wise multi-threading, the overhead of testing was 0.039641 seconds.
You can set `force_col_wise=true` to remove the overhead.
[LightGBM] [Info] Total Bins 2636
[LightGBM] [Info] Number of data points in the train set: 94913, number of used features: 17
[LightGBM] [Info] Start training from score 5739.346197
[LightGBM] [Info] Auto-choosing col-wise multi-threading, the overhead of testing was 0.028168 seconds.
You can set `force_col_wise=true` to remove the overhead.
[LightGBM] [Info] Total Bins 2636
[LightGBM] [Info] Number of data points in the train set: 94913, number of used features: 17
[LightGBM] [Info] Auto-choosing row-wise multi-threading, the overhead of testing was 0.011956 seconds.
You can set `force_row_wise=true` to remove the overhead.
And if memory is not enough, you can set `force_col_wise=true`.
[LightGBM] [Info] Start training from score 5739.328454
[LightGBM] [Info] Total Bins 2636
[LightGBM] [Info] Number of data points in the train set: 94913, number of used features: 17
[LightGBM] [Info] Start training from score 5739.310178
[LightGBM] [Info] Auto-choosing col-wise multi-threading, the overhead of testing was 0.037152 seconds.
You can set `force_col_wise=true` to remove the overhead.
[LightGBM] [Info] Total Bins 2636
[LightGBM] [Info] Number of data points in the train set: 94913, number of used features: 17
[LightGBM] [Info] Start training from score 5739.286690
[LightGBM] [Info] Auto-choosing col-wise multi-threading, the overhead of testing was 0.028698 seconds.
You can set `force_col_wise=true` to remove the overhead.
[LightGBM] [Info] Total Bins 2636
[LightGBM] [Info] Number of data points in the train set: 94913, number of used features: 17
[LightGBM] [Info] Start training from score 5739.262338
[LightGBM] [Info] Auto-choosing col-wise multi-threading, the overhead of testing was 0.020989 seconds.
You can set `force_col_wise=true` to remove the overhead.
[LightGBM] [Info] Total Bins 2636
[LightGBM] [Info] Number of data points in the train set: 94913, number of used features: 17
[LightGBM] [Info] Start training from score 5739.236531
[LightGBM] [Info] Auto-choosing col-wise multi-threading, the overhead of testing was 0.028362 seconds.
You can set `force_col_wise=true` to remove the overhead.
[LightGBM] [Info] Total Bins 2636
[LightGBM] [Info] Number of data points in the train set: 94913, number of used features: 17
[LightGBM] [Info] Start training from score 5739.188542
[LightGBM] [Info] Auto-choosing col-wise multi-threading, the overhead of testing was 0.029952 seconds.
You can set `force_col_wise=true` to remove the overhead.
[LightGBM] [Info] Total Bins 2636
[LightGBM] [Info] Number of data points in the train set: 94913, number of used features: 17
[LightGBM] [Info] Start training from score 5739.211610
[LightGBM] [Info] Auto-choosing col-wise multi-threading, the overhead of testing was 0.027783 seconds.
You can set `force_col_wise=true` to remove the overhead.
[LightGBM] [Info] Total Bins 2636
[LightGBM] [Info] Number of data points in the train set: 94913, number of used features: 17
[LightGBM] [Info] Start training from score 5739.166804
   [fit] key=2025-W46 cutoff=2025-11-10 11:00:00  (block 42/61)
[LightGBM] [Info] Auto-choosing col-wise multi-threading, the overhead of testing was 0.030683 seconds.
You can set `force_col_wise=true` to remove the overhead.
[LightGBM] [Info] Auto-choosing col-wise multi-threading, the overhead of testing was 0.027523 seconds.
You can set `force_col_wise=true` to remove the overhead.
[LightGBM] [Info] [LightGBM] [Info] Total Bins 2636
[LightGBM] [Info] Auto-choosing col-wise multi-threading, the overhead of testing was 0.029292 seconds.
You can set `force_col_wise=true` to remove the overhead.Auto-choosing col-wise multi-threading, the overhead of testing was 0.030456 seconds.
You can set `force_col_wise=true` to remove the overhead.

[LightGBM] [Info] Total Bins 2636
[LightGBM] [Info] Total Bins 2636
[LightGBM] [Info] Auto-choosing col-wise multi-threading, the overhead of testing was 0.030969 seconds.
You can set `force_col_wise=true` to remove the overhead.[LightGBM] [Info] 
Total Bins 2636
[LightGBM] [Info] Number of data points in the train set: 95081, number of used features: 17
[LightGBM] [Info] Total Bins 2636
[LightGBM] [Info] Start training from score 5738.954847
[LightGBM] [Info] Number of data points in the train set: 95081, number of used features: 17
[LightGBM] [Info] Number of data points in the train set: 95081, number of used features: 17
[LightGBM] [Info] Number of data points in the train set: 95081, number of used features: 17
[LightGBM] [Info] Start training from score 5738.917238
[LightGBM] [Info] Start training from score 5738.899597
[LightGBM] [Info] Number of data points in the train set: 95081, number of used features: 17
[LightGBM] [Info] Start training from score 5738.935877
[LightGBM] [Info] Start training from score 5738.860013
[LightGBM] [Info] Auto-choosing col-wise multi-threading, the overhead of testing was 0.028312 seconds.
You can set `force_col_wise=true` to remove the overhead.
[LightGBM] [Info] Total Bins 2636
[LightGBM] [Info] Number of data points in the train set: 95081, number of used features: 17
[LightGBM] [Info] Start training from score 5738.755816
[LightGBM] [Info] Auto-choosing col-wise multi-threading, the overhead of testing was 0.032256 seconds.
You can set `force_col_wise=true` to remove the overhead.
[LightGBM] [Info] Total Bins 2636
[LightGBM] [Info] Number of data points in the train set: 95081, number of used features: 17
[LightGBM] [Info] Start training from score 5738.715444
[LightGBM] [Info] Auto-choosing col-wise multi-threading, the overhead of testing was 0.033740 seconds.
You can set `force_col_wise=true` to remove the overhead.
[LightGBM] [Info] Total Bins 2636
[LightGBM] [Info] Number of data points in the train set: 95081, number of used features: 17
[LightGBM] [Info] Start training from score 5738.829275
[LightGBM] [Info] Auto-choosing row-wise multi-threading, the overhead of testing was 0.012766 seconds.
You can set `force_row_wise=true` to remove the overhead.
And if memory is not enough, you can set `force_col_wise=true`.
[LightGBM] [Info] Total Bins 2636
[LightGBM] [Info] Auto-choosing col-wise multi-threading, the overhead of testing was 0.029687 seconds.
You can set `force_col_wise=true` to remove the overhead.
[LightGBM] [Info] Total Bins 2636
[LightGBM] [Info] Number of data points in the train set: 95081, number of used features: 17
[LightGBM] [Info] Number of data points in the train set: 95081, number of used features: 17
[LightGBM] [Info] Auto-choosing col-wise multi-threading, the overhead of testing was 0.029614 seconds.
You can set `force_col_wise=true` to remove the overhead.
[LightGBM] [Info] Start training from score 5738.675914
[LightGBM] [Info] Total Bins 2636
[LightGBM] [Info] Start training from score 5738.794754
[LightGBM] [Info] Number of data points in the train set: 95081, number of used features: 17
[LightGBM] [Info] Start training from score 5738.881747
[LightGBM] [Info] Auto-choosing col-wise multi-threading, the overhead of testing was 0.029286 seconds.
You can set `force_col_wise=true` to remove the overhead.
[LightGBM] [Info] Total Bins 2636
[LightGBM] [Info] Number of data points in the train set: 95081, number of used features: 17
[LightGBM] [Info] Start training from score 5738.522196
[LightGBM] [Info] Auto-choosing col-wise multi-threading, the overhead of testing was 0.037939 seconds.
You can set `force_col_wise=true` to remove the overhead.
[LightGBM] [Info] Total Bins 2636
[LightGBM] [Info] Number of data points in the train set: 95081, number of used features: 17
[LightGBM] [Info] Start training from score 5738.599684
[LightGBM] [Info] Auto-choosing col-wise multi-threading, the overhead of testing was 0.029730 seconds.
You can set `force_col_wise=true` to remove the overhead.
[LightGBM] [Info] Total Bins 2636
[LightGBM] [Info] Number of data points in the train set: 95081, number of used features: 17
[LightGBM] [Info] Start training from score 5738.562629
[LightGBM] [Info] Auto-choosing col-wise multi-threading, the overhead of testing was 0.031650 seconds.
You can set `force_col_wise=true` to remove the overhead.
[LightGBM] [Info] Total Bins 2636
[LightGBM] [Info] Number of data points in the train set: 95081, number of used features: 17
[LightGBM] [Info] Auto-choosing col-wise multi-threading, the overhead of testing was 0.030884 seconds.
You can set `force_col_wise=true` to remove the overhead.
[LightGBM] [Info] Total Bins 2636
[LightGBM] [Info] Start training from score 5738.637571
[LightGBM] [Info] Number of data points in the train set: 95081, number of used features: 17
[LightGBM] [Info] Start training from score 5738.482979
[LightGBM] [Info] Auto-choosing col-wise multi-threading, the overhead of testing was 0.031725 seconds.
You can set `force_col_wise=true` to remove the overhead.
[LightGBM] [Info] Auto-choosing col-wise multi-threading, the overhead of testing was 0.033168 seconds.
You can set `force_col_wise=true` to remove the overhead.
[LightGBM] [Info] Total Bins 2636
[LightGBM] [Info] Total Bins 2636
[LightGBM] [Info] Number of data points in the train set: 95081, number of used features: 17
[LightGBM] [Info] Number of data points in the train set: 95081, number of used features: 17
[LightGBM] [Info] Start training from score 5738.405144
[LightGBM] [Info] Start training from score 5738.445113
[LightGBM] [Info] Auto-choosing col-wise multi-threading, the overhead of testing was 0.029476 seconds.
You can set `force_col_wise=true` to remove the overhead.
[LightGBM] [Info] Total Bins 2636
[LightGBM] [Info] Number of data points in the train set: 95081, number of used features: 17
[LightGBM] [Info] Start training from score 5738.326793
[LightGBM] [Info] Auto-choosing col-wise multi-threading, the overhead of testing was 0.026005 seconds.
You can set `force_col_wise=true` to remove the overhead.
[LightGBM] [Info] Total Bins 2636
[LightGBM] [Info] Number of data points in the train set: 95081, number of used features: 17
[LightGBM] [Info] Start training from score 5738.293908
[LightGBM] [Info] Auto-choosing col-wise multi-threading, the overhead of testing was 0.030062 seconds.
You can set `force_col_wise=true` to remove the overhead.
[LightGBM] [Info] Total Bins 2636
[LightGBM] [Info] Number of data points in the train set: 95081, number of used features: 17
[LightGBM] [Info] Start training from score 5738.240515
[LightGBM] [Info] Auto-choosing col-wise multi-threading, the overhead of testing was 0.027802 seconds.
You can set `force_col_wise=true` to remove the overhead.
[LightGBM] [Info] Total Bins 2636
[LightGBM] [Info] Number of data points in the train set: 95081, number of used features: 17
[LightGBM] [Info] Start training from score 5738.365401
[LightGBM] [Info] Auto-choosing col-wise multi-threading, the overhead of testing was 0.028178 seconds.
You can set `force_col_wise=true` to remove the overhead.
[LightGBM] [Info] Total Bins 2636
[LightGBM] [Info] Number of data points in the train set: 95081, number of used features: 17
[LightGBM] [Info] Start training from score 5738.265982
[LightGBM] [Info] Auto-choosing col-wise multi-threading, the overhead of testing was 0.027321 seconds.
You can set `force_col_wise=true` to remove the overhead.
[LightGBM] [Info] Total Bins 2636
[LightGBM] [Info] Number of data points in the train set: 95081, number of used features: 17
[LightGBM] [Info] Start training from score 5738.215897
[LightGBM] [Info] Auto-choosing col-wise multi-threading, the overhead of testing was 0.028323 seconds.
You can set `force_col_wise=true` to remove the overhead.
[LightGBM] [Info] Total Bins 2636
[LightGBM] [Info] Number of data points in the train set: 95081, number of used features: 17
[LightGBM] [Info] Start training from score 5738.195240
[LightGBM] [Info] Auto-choosing col-wise multi-threading, the overhead of testing was 0.028183 seconds.
You can set `force_col_wise=true` to remove the overhead.
[LightGBM] [Info] Total Bins 2636
[LightGBM] [Info] Number of data points in the train set: 95081, number of used features: 17
[LightGBM] [Info] Start training from score 5738.174101
[LightGBM] [Info] Auto-choosing row-wise multi-threading, the overhead of testing was 0.012235 seconds.
You can set `force_row_wise=true` to remove the overhead.
And if memory is not enough, you can set `force_col_wise=true`.
[LightGBM] [Info] Total Bins 2636
[LightGBM] [Info] Number of data points in the train set: 95081, number of used features: 17
[LightGBM] [Info] Start training from score 5738.134247
[LightGBM] [Info] Auto-choosing col-wise multi-threading, the overhead of testing was 0.027361 seconds.
You can set `force_col_wise=true` to remove the overhead.
[LightGBM] [Info] Total Bins 2636
[LightGBM] [Info] Number of data points in the train set: 95081, number of used features: 17
[LightGBM] [Info] Start training from score 5738.153786
[LightGBM] [Info] Auto-choosing col-wise multi-threading, the overhead of testing was 0.031790 seconds.
You can set `force_col_wise=true` to remove the overhead.
[LightGBM] [Info] Total Bins 2636
[LightGBM] [Info] Number of data points in the train set: 95081, number of used features: 17
[LightGBM] [Info] Start training from score 5738.115378
[LightGBM] [Info] Auto-choosing col-wise multi-threading, the overhead of testing was 0.031786 seconds.
You can set `force_col_wise=true` to remove the overhead.
[LightGBM] [Info] Total Bins 2636
[LightGBM] [Info] Number of data points in the train set: 95081, number of used features: 17
[LightGBM] [Info] Start training from score 5738.096496
[LightGBM] [Info] Auto-choosing col-wise multi-threading, the overhead of testing was 0.036887 seconds.
You can set `force_col_wise=true` to remove the overhead.
[LightGBM] [Info] Total Bins 2636
[LightGBM] [Info] Number of data points in the train set: 95081, number of used features: 17
[LightGBM] [Info] Start training from score 5738.074290
[LightGBM] [Info] Auto-choosing col-wise multi-threading, the overhead of testing was 0.038766 seconds.
You can set `force_col_wise=true` to remove the overhead.
[LightGBM] [Info] Total Bins 2636
[LightGBM] [Info] Number of data points in the train set: 95081, number of used features: 17
[LightGBM] [Info] Start training from score 5738.052616
[LightGBM] [Info] Auto-choosing col-wise multi-threading, the overhead of testing was 0.031173 seconds.
You can set `force_col_wise=true` to remove the overhead.
[LightGBM] [Info] Auto-choosing col-wise multi-threading, the overhead of testing was 0.029427 seconds.
You can set `force_col_wise=true` to remove the overhead.
[LightGBM] [Info] Total Bins 2636
[LightGBM] [Info] Total Bins 2636
[LightGBM] [Info] Number of data points in the train set: 95081, number of used features: 17
[LightGBM] [Info] Number of data points in the train set: 95081, number of used features: 17
[LightGBM] [Info] Start training from score 5738.008443
[LightGBM] [Info] Start training from score 5738.029376
[LightGBM] [Info] Auto-choosing col-wise multi-threading, the overhead of testing was 0.026814 seconds.
You can set `force_col_wise=true` to remove the overhead.
[LightGBM] [Info] Total Bins 2636
[LightGBM] [Info] Number of data points in the train set: 95081, number of used features: 17
[LightGBM] [Info] Start training from score 5737.991387
[LightGBM] [Info] Auto-choosing col-wise multi-threading, the overhead of testing was 0.027421 seconds.
You can set `force_col_wise=true` to remove the overhead.
[LightGBM] [Info] Total Bins 2636
[LightGBM] [Info] Number of data points in the train set: 95081, number of used features: 17
[LightGBM] [Info] Start training from score 5737.978162
   [fit] key=2025-W47 cutoff=2025-11-17 11:00:00  (block 49/61)
[LightGBM] [Info] Auto-choosing col-wise multi-threading, the overhead of testing was 0.033307 seconds.
You can set `force_col_wise=true` to remove the overhead.
[LightGBM] [Info] Auto-choosing col-wise multi-threading, the overhead of testing was 0.033252 seconds.
You can set `force_col_wise=true` to remove the overhead.
[LightGBM] [Info] Auto-choosing col-wise multi-threading, the overhead of testing was 0.033182 seconds.
You can set `force_col_wise=true` to remove the overhead.
[LightGBM] [Info] Total Bins 2636
[LightGBM] [Info] Auto-choosing col-wise multi-threading, the overhead of testing was 0.031523 seconds.
You can set `force_col_wise=true` to remove the overhead.
[LightGBM] [Info] Auto-choosing col-wise multi-threading, the overhead of testing was 0.029928 seconds.
You can set `force_col_wise=true` to remove the overhead.
[LightGBM] [Info] Total Bins 2636
[LightGBM] [Info] Total Bins 2636[LightGBM] [Info] Number of data points in the train set: 95249, number of used features: 17

[LightGBM] [Info] Total Bins 2636
[LightGBM] [Info] Auto-choosing col-wise multi-threading, the overhead of testing was 0.033469 seconds.
You can set `force_col_wise=true` to remove the overhead.[LightGBM] [Info] 
Total Bins 2636
[LightGBM] [Info] Total Bins 2636
[LightGBM] [Info] Start training from score 5737.736816
[LightGBM] [Info] Number of data points in the train set: 95249, number of used features: 17
[LightGBM] [Info] Number of data points in the train set: 95249, number of used features: 17
[LightGBM] [Info] Number of data points in the train set: 95249, number of used features: 17[LightGBM] [Info] 
Number of data points in the train set: 95249, number of used features: 17[LightGBM] [Info] Number of data points in the train set: 95249, number of used features: 17
[LightGBM] [Info] Start training from score 5737.837978

[LightGBM] [Info] Start training from score 5737.817309
[LightGBM] [Info] Start training from score 5737.759665
[LightGBM] [Info] Start training from score 5737.778689
[LightGBM] [Info] Start training from score 5737.797569
[LightGBM] [Info] Auto-choosing col-wise multi-threading, the overhead of testing was 0.029869 seconds.
You can set `force_col_wise=true` to remove the overhead.
[LightGBM] [Info] Total Bins 2636
[LightGBM] [Info] Number of data points in the train set: 95249, number of used features: 17
[LightGBM] [Info] Start training from score 5737.705706
[LightGBM] [Info] Auto-choosing col-wise multi-threading, the overhead of testing was 0.028058 seconds.
You can set `force_col_wise=true` to remove the overhead.
[LightGBM] [Info] Total Bins 2636
[LightGBM] [Info] Number of data points in the train set: 95249, number of used features: 17
[LightGBM] [Info] Start training from score 5737.594616
[LightGBM] [Info] Auto-choosing col-wise multi-threading, the overhead of testing was 0.027341 seconds.
You can set `force_col_wise=true` to remove the overhead.
[LightGBM] [Info] Total Bins 2636
[LightGBM] [Info] Number of data points in the train set: 95249, number of used features: 17
[LightGBM] [Info] Auto-choosing col-wise multi-threading, the overhead of testing was 0.028429 seconds.
You can set `force_col_wise=true` to remove the overhead.
[LightGBM] [Info] Total Bins 2636
[LightGBM] [Info] Start training from score 5737.671162
[LightGBM] [Info] Number of data points in the train set: 95249, number of used features: 17
[LightGBM] [Info] Start training from score 5737.633221
[LightGBM] [Info] Auto-choosing row-wise multi-threading, the overhead of testing was 0.020576 seconds.
You can set `force_row_wise=true` to remove the overhead.
And if memory is not enough, you can set `force_col_wise=true`.
[LightGBM] [Info] Total Bins 2636
[LightGBM] [Info] Number of data points in the train set: 95249, number of used features: 17
[LightGBM] [Info] Start training from score 5737.521254
[LightGBM] [Info] Auto-choosing col-wise multi-threading, the overhead of testing was 0.036603 seconds.
You can set `force_col_wise=true` to remove the overhead.
[LightGBM] [Info] Total Bins 2636
[LightGBM] [Info] Auto-choosing col-wise multi-threading, the overhead of testing was 0.034933 seconds.
You can set `force_col_wise=true` to remove the overhead.
[LightGBM] [Info] Number of data points in the train set: 95249, number of used features: 17
[LightGBM] [Info] Total Bins 2636
[LightGBM] [Info] Start training from score 5737.411573
[LightGBM] [Info] Number of data points in the train set: 95249, number of used features: 17
[LightGBM] [Info] Start training from score 5737.485901
[LightGBM] [Info] Auto-choosing col-wise multi-threading, the overhead of testing was 0.049384 seconds.
You can set `force_col_wise=true` to remove the overhead.
[LightGBM] [Info] Total Bins 2636
[LightGBM] [Info] Number of data points in the train set: 95249, number of used features: 17
[LightGBM] [Info] Start training from score 5737.372585
[LightGBM] [Info] Auto-choosing col-wise multi-threading, the overhead of testing was 0.028305 seconds.
You can set `force_col_wise=true` to remove the overhead.
[LightGBM] [Info] Total Bins 2636
[LightGBM] [Info] Number of data points in the train set: 95249, number of used features: 17
[LightGBM] [Info] Start training from score 5737.557009
[LightGBM] [Info] Auto-choosing col-wise multi-threading, the overhead of testing was 0.029909 seconds.
You can set `force_col_wise=true` to remove the overhead.
[LightGBM] [Info] Total Bins 2636
[LightGBM] [Info] Number of data points in the train set: 95249, number of used features: 17
[LightGBM] [Info] Start training from score 5737.450682
[LightGBM] [Info] Auto-choosing col-wise multi-threading, the overhead of testing was 0.028091 seconds.
You can set `force_col_wise=true` to remove the overhead.
[LightGBM] [Info] Auto-choosing col-wise multi-threading, the overhead of testing was 0.028841 seconds.
You can set `force_col_wise=true` to remove the overhead.
[LightGBM] [Info] Auto-choosing row-wise multi-threading, the overhead of testing was 0.008890 seconds.
You can set `force_row_wise=true` to remove the overhead.
And if memory is not enough, you can set `force_col_wise=true`.
[LightGBM] [Info] Total Bins 2636
[LightGBM] [Info] Auto-choosing col-wise multi-threading, the overhead of testing was 0.029904 seconds.
You can set `force_col_wise=true` to remove the overhead.
[LightGBM] [Info] Total Bins 2636
[LightGBM] [Info] Auto-choosing col-wise multi-threading, the overhead of testing was 0.030111 seconds.
You can set `force_col_wise=true` to remove the overhead.
[LightGBM] [Info] Total Bins 2636
[LightGBM] [Info] Total Bins 2636
[LightGBM] [Info] Total Bins 2636
[LightGBM] [Info] Number of data points in the train set: 95249, number of used features: 17
[LightGBM] [Info] Number of data points in the train set: 95249, number of used features: 17
[LightGBM] [Info] Number of data points in the train set: 95249, number of used features: 17
[LightGBM] [Info] Start training from score 5737.335324
[LightGBM] [Info] Start training from score 5737.184753
[LightGBM] [Info] Start training from score 5737.255910
[LightGBM] [Info] Number of data points in the train set: 95249, number of used features: 17
[LightGBM] [Info] Start training from score 5737.296005
[LightGBM] [Info] Number of data points in the train set: 95249, number of used features: 17
[LightGBM] [Info] Start training from score 5737.217772
[LightGBM] [Info] Auto-choosing row-wise multi-threading, the overhead of testing was 0.020310 seconds.
You can set `force_row_wise=true` to remove the overhead.
And if memory is not enough, you can set `force_col_wise=true`.
[LightGBM] [Info] Total Bins 2636
[LightGBM] [Info] Number of data points in the train set: 95249, number of used features: 17
[LightGBM] [Info] Start training from score 5737.156960
[LightGBM] [Info] Auto-choosing row-wise multi-threading, the overhead of testing was 0.010811 seconds.
You can set `force_row_wise=true` to remove the overhead.
And if memory is not enough, you can set `force_col_wise=true`.
[LightGBM] [Info] Total Bins 2636
[LightGBM] [Info] Number of data points in the train set: 95249, number of used features: 17
[LightGBM] [Info] Start training from score 5737.130958
[LightGBM] [Info] Auto-choosing col-wise multi-threading, the overhead of testing was 0.028214 seconds.
You can set `force_col_wise=true` to remove the overhead.
[LightGBM] [Info] Total Bins 2636
[LightGBM] [Info] Number of data points in the train set: 95249, number of used features: 17
[LightGBM] [Info] Start training from score 5737.105929
[LightGBM] [Info] Auto-choosing col-wise multi-threading, the overhead of testing was 0.027606 seconds.
You can set `force_col_wise=true` to remove the overhead.
[LightGBM] [Info] Total Bins 2636
[LightGBM] [Info] Number of data points in the train set: 95249, number of used features: 17
[LightGBM] [Info] Start training from score 5737.063603
[LightGBM] [Info] Auto-choosing row-wise multi-threading, the overhead of testing was 0.013042 seconds.
You can set `force_row_wise=true` to remove the overhead.
And if memory is not enough, you can set `force_col_wise=true`.
[LightGBM] [Info] Total Bins 2636
[LightGBM] [Info] Number of data points in the train set: 95249, number of used features: 17
[LightGBM] [Info] Start training from score 5737.084811
[LightGBM] [Info] Auto-choosing col-wise multi-threading, the overhead of testing was 0.028385 seconds.
You can set `force_col_wise=true` to remove the overhead.
[LightGBM] [Info] Total Bins 2636
[LightGBM] [Info] Number of data points in the train set: 95249, number of used features: 17
[LightGBM] [Info] Start training from score 5737.043970
[LightGBM] [Info] Auto-choosing col-wise multi-threading, the overhead of testing was 0.031468 seconds.
You can set `force_col_wise=true` to remove the overhead.
[LightGBM] [Info] Total Bins 2636
[LightGBM] [Info] Number of data points in the train set: 95249, number of used features: 17
[LightGBM] [Info] Start training from score 5737.008014
[LightGBM] [Info] Auto-choosing col-wise multi-threading, the overhead of testing was 0.028545 seconds.
You can set `force_col_wise=true` to remove the overhead.
[LightGBM] [Info] Total Bins 2636
[LightGBM] [Info] Number of data points in the train set: 95249, number of used features: 17
[LightGBM] [Info] Start training from score 5737.025471
[LightGBM] [Info] Auto-choosing col-wise multi-threading, the overhead of testing was 0.029264 seconds.
You can set `force_col_wise=true` to remove the overhead.
[LightGBM] [Info] Total Bins 2636
[LightGBM] [Info] Number of data points in the train set: 95249, number of used features: 17
[LightGBM] [Info] Start training from score 5736.991096
[LightGBM] [Info] Auto-choosing col-wise multi-threading, the overhead of testing was 0.029533 seconds.
You can set `force_col_wise=true` to remove the overhead.
[LightGBM] [Info] Total Bins 2636
[LightGBM] [Info] Number of data points in the train set: 95249, number of used features: 17
[LightGBM] [Info] Start training from score 5736.971163
[LightGBM] [Info] Auto-choosing col-wise multi-threading, the overhead of testing was 0.029015 seconds.
You can set `force_col_wise=true` to remove the overhead.
[LightGBM] [Info] Total Bins 2636
[LightGBM] [Info] Number of data points in the train set: 95249, number of used features: 17
[LightGBM] [Info] Start training from score 5736.951711
[LightGBM] [Info] Auto-choosing col-wise multi-threading, the overhead of testing was 0.040438 seconds.
You can set `force_col_wise=true` to remove the overhead.
[LightGBM] [Info] Total Bins 2636
[LightGBM] [Info] Number of data points in the train set: 95249, number of used features: 17
[LightGBM] [Info] Start training from score 5736.928583
[LightGBM] [Info] Auto-choosing col-wise multi-threading, the overhead of testing was 0.026882 seconds.
You can set `force_col_wise=true` to remove the overhead.
[LightGBM] [Info] Total Bins 2636
[LightGBM] [Info] Number of data points in the train set: 95249, number of used features: 17
[LightGBM] [Info] Start training from score 5736.904377
[LightGBM] [Info] Auto-choosing col-wise multi-threading, the overhead of testing was 0.025598 seconds.
You can set `force_col_wise=true` to remove the overhead.
[LightGBM] [Info] Total Bins 2636
[LightGBM] [Info] Number of data points in the train set: 95249, number of used features: 17
[LightGBM] [Info] Start training from score 5736.880884
[LightGBM] [Info] Auto-choosing col-wise multi-threading, the overhead of testing was 0.026685 seconds.
You can set `force_col_wise=true` to remove the overhead.
[LightGBM] [Info] Total Bins 2636
[LightGBM] [Info] Number of data points in the train set: 95249, number of used features: 17
[LightGBM] [Info] Start training from score 5736.862155
   [fit] key=2025-W48 cutoff=2025-11-24 11:00:00  (block 56/61)
   [done] 61 blocks σε 434.8s

📊 RESULT | MAE=162.8606 MW | RMSE=233.8594 | sMAPE=3.1002% | n=1463
💾 saved: runs/load_direct/octnov_lgbm_dirw_g12_base.json
--- [2026-07-17 07:57:06] OK  runs/load_direct/octnov_lgbm_dirw_g12_base.json  (443s)

=== [2026-07-17 07:57:06] RUN -> runs/load_direct/octnov_lgbm_dirw_g12_dense.json
[LightGBM] [Info] Auto-choosing col-wise multi-threading, the overhead of testing was 0.066133 seconds.
You can set `force_col_wise=true` to remove the overhead.
[LightGBM] [Info] Total Bins 7226
[LightGBM] [Info] Number of data points in the train set: 93930, number of used features: 35
[LightGBM] [Info] Start training from score 5747.267916
[LightGBM] [Info] Auto-choosing col-wise multi-threading, the overhead of testing was 0.066814 seconds.
You can set `force_col_wise=true` to remove the overhead.
[LightGBM] [Info] Total Bins 7226
[LightGBM] [Info] Number of data points in the train set: 93930, number of used features: 35
[LightGBM] [Info] Start training from score 5747.231909
[LightGBM] [Info] Auto-choosing col-wise multi-threading, the overhead of testing was 0.063474 seconds.
You can set `force_col_wise=true` to remove the overhead.
[LightGBM] [Info] Auto-choosing col-wise multi-threading, the overhead of testing was 0.069836 seconds.
You can set `force_col_wise=true` to remove the overhead.
[LightGBM] [Info] Total Bins 7226
[LightGBM] [Info] Total Bins 7226
[LightGBM] [Info] Number of data points in the train set: 93930, number of used features: 35
[LightGBM] [Info] Number of data points in the train set: 93930, number of used features: 35
[LightGBM] [Info] Start training from score 5747.286723
[LightGBM] [Info] Start training from score 5747.067509
[LightGBM] [Info] Auto-choosing col-wise multi-threading, the overhead of testing was 0.060476 seconds.
You can set `force_col_wise=true` to remove the overhead.
[LightGBM] [Info] Total Bins 7226
[LightGBM] [Info] Number of data points in the train set: 93930, number of used features: 35
[LightGBM] [Info] Start training from score 5747.036020
[LightGBM] [Info] Auto-choosing col-wise multi-threading, the overhead of testing was 0.069935 seconds.
You can set `force_col_wise=true` to remove the overhead.
[LightGBM] [Info] Total Bins 7226
[LightGBM] [Info] Number of data points in the train set: 93930, number of used features: 35
[LightGBM] [Info] Start training from score 5747.307100
[LightGBM] [Info] [LightGBM] [Info] Auto-choosing col-wise multi-threading, the overhead of testing was 0.075393 seconds.
You can set `force_col_wise=true` to remove the overhead.Auto-choosing col-wise multi-threading, the overhead of testing was 0.066039 seconds.
You can set `force_col_wise=true` to remove the overhead.

[LightGBM] [Info] Total Bins 7226
[LightGBM] [Info] Total Bins 7226
[LightGBM] [Info] Number of data points in the train set: 93930, number of used features: 35
[LightGBM] [Info] Number of data points in the train set: 93930, number of used features: 35
[LightGBM] [Info] Start training from score 5747.328341
[LightGBM] [Info] Start training from score 5747.098025
[LightGBM] [Info] Auto-choosing col-wise multi-threading, the overhead of testing was 0.058780 seconds.
You can set `force_col_wise=true` to remove the overhead.
[LightGBM] [Info] Total Bins 7226
[LightGBM] [Info] Auto-choosing col-wise multi-threading, the overhead of testing was 0.068586 seconds.
You can set `force_col_wise=true` to remove the overhead.
[LightGBM] [Info] Total Bins 7226
[LightGBM] [Info] Number of data points in the train set: 93930, number of used features: 35
[LightGBM] [Info] Auto-choosing col-wise multi-threading, the overhead of testing was 0.069090 seconds.
You can set `force_col_wise=true` to remove the overhead.
[LightGBM] [Info] Total Bins 7226
[LightGBM] [Info] Start training from score 5747.157926
[LightGBM] [Info] Number of data points in the train set: 93930, number of used features: 35
[LightGBM] [Info] Start training from score 5747.127953
[LightGBM] [Info] Number of data points in the train set: 93930, number of used features: 35
[LightGBM] [Info] Start training from score 5747.185276
[LightGBM] [Info] Auto-choosing col-wise multi-threading, the overhead of testing was 0.068690 seconds.
You can set `force_col_wise=true` to remove the overhead.
[LightGBM] [Info] Total Bins 7226
[LightGBM] [Info] Auto-choosing col-wise multi-threading, the overhead of testing was 0.063278 seconds.
You can set `force_col_wise=true` to remove the overhead.
[LightGBM] [Info] Total Bins 7226
[LightGBM] [Info] Number of data points in the train set: 93930, number of used features: 35
[LightGBM] [Info] Start training from score 5747.250126
[LightGBM] [Info] Number of data points in the train set: 93930, number of used features: 35
[LightGBM] [Info] Start training from score 5747.209664
[LightGBM] [Info] Auto-choosing row-wise multi-threading, the overhead of testing was 0.034493 seconds.
You can set `force_row_wise=true` to remove the overhead.
And if memory is not enough, you can set `force_col_wise=true`.
[LightGBM] [Info] Total Bins 7226
[LightGBM] [Info] Number of data points in the train set: 93930, number of used features: 35
[LightGBM] [Info] Start training from score 5746.973232
[LightGBM] [Info] Auto-choosing col-wise multi-threading, the overhead of testing was 0.059761 seconds.
You can set `force_col_wise=true` to remove the overhead.
[LightGBM] [Info] Total Bins 7226
[LightGBM] [Info] Number of data points in the train set: 93930, number of used features: 35
[LightGBM] [Info] Start training from score 5747.006407
[LightGBM] [Info] Auto-choosing col-wise multi-threading, the overhead of testing was 0.062705 seconds.
You can set `force_col_wise=true` to remove the overhead.
[LightGBM] [Info] Total Bins 7226
[LightGBM] [Info] Number of data points in the train set: 93930, number of used features: 35
[LightGBM] [Info] Start training from score 5746.938863
[LightGBM] [Info] Auto-choosing col-wise multi-threading, the overhead of testing was 0.060397 seconds.
You can set `force_col_wise=true` to remove the overhead.
[LightGBM] [Info] Total Bins 7226
[LightGBM] [Info] Number of data points in the train set: 93930, number of used features: 35
[LightGBM] [Info] Start training from score 5746.902656
[LightGBM] [Info] Auto-choosing col-wise multi-threading, the overhead of testing was 0.063732 seconds.
You can set `force_col_wise=true` to remove the overhead.
[LightGBM] [Info] Total Bins 7226
[LightGBM] [Info] Number of data points in the train set: 93930, number of used features: 35
[LightGBM] [Info] Start training from score 5746.861093
[LightGBM] [Info] Auto-choosing col-wise multi-threading, the overhead of testing was 0.088132 seconds.
You can set `force_col_wise=true` to remove the overhead.
[LightGBM] [Info] Total Bins 7226
[LightGBM] [Info] Number of data points in the train set: 93930, number of used features: 35
[LightGBM] [Info] Start training from score 5746.823626
[LightGBM] [Info] Auto-choosing row-wise multi-threading, the overhead of testing was 0.025521 seconds.
You can set `force_row_wise=true` to remove the overhead.
And if memory is not enough, you can set `force_col_wise=true`.
[LightGBM] [Info] Total Bins 7226
[LightGBM] [Info] Number of data points in the train set: 93930, number of used features: 35
[LightGBM] [Info] Start training from score 5746.789663
[LightGBM] [Info] Auto-choosing col-wise multi-threading, the overhead of testing was 0.063663 seconds.
You can set `force_col_wise=true` to remove the overhead.
[LightGBM] [Info] Total Bins 7226
[LightGBM] [Info] Number of data points in the train set: 93930, number of used features: 35
[LightGBM] [Info] Start training from score 5746.759135
[LightGBM] [Info] Auto-choosing col-wise multi-threading, the overhead of testing was 0.064451 seconds.
You can set `force_col_wise=true` to remove the overhead.
[LightGBM] [Info] Total Bins 7226
[LightGBM] [Info] Number of data points in the train set: 93930, number of used features: 35
[LightGBM] [Info] Start training from score 5746.731841
[LightGBM] [Info] Auto-choosing col-wise multi-threading, the overhead of testing was 0.059323 seconds.
You can set `force_col_wise=true` to remove the overhead.
[LightGBM] [Info] Auto-choosing col-wise multi-threading, the overhead of testing was 0.064158 seconds.
You can set `force_col_wise=true` to remove the overhead.
[LightGBM] [Info] Total Bins 7226
[LightGBM] [Info] Total Bins 7226
[LightGBM] [Info] Number of data points in the train set: 93930, number of used features: 35
[LightGBM] [Info] Number of data points in the train set: 93930, number of used features: 35
[LightGBM] [Info] Start training from score 5746.706770
[LightGBM] [Info] Start training from score 5746.685057
[LightGBM] [Info] Auto-choosing col-wise multi-threading, the overhead of testing was 0.086578 seconds.
You can set `force_col_wise=true` to remove the overhead.
[LightGBM] [Info] Total Bins 7226
[LightGBM] [Info] Number of data points in the train set: 93930, number of used features: 35
[LightGBM] [Info] Start training from score 5746.667310
[LightGBM] [Info] Auto-choosing col-wise multi-threading, the overhead of testing was 0.062516 seconds.
You can set `force_col_wise=true` to remove the overhead.
[LightGBM] [Info] Auto-choosing col-wise multi-threading, the overhead of testing was 0.070483 seconds.
You can set `force_col_wise=true` to remove the overhead.
[LightGBM] [Info] Total Bins 7226
[LightGBM] [Info] Total Bins 7226
[LightGBM] [Info] Number of data points in the train set: 93930, number of used features: 35
[LightGBM] [Info] Start training from score 5746.632789
[LightGBM] [Info] Number of data points in the train set: 93930, number of used features: 35
[LightGBM] [Info] Start training from score 5746.649233
[LightGBM] [Info] Auto-choosing col-wise multi-threading, the overhead of testing was 0.064642 seconds.
You can set `force_col_wise=true` to remove the overhead.
[LightGBM] [Info] Total Bins 7226
[LightGBM] [Info] Number of data points in the train set: 93930, number of used features: 35
[LightGBM] [Info] Start training from score 5746.617647
[LightGBM] [Info] Auto-choosing col-wise multi-threading, the overhead of testing was 0.065235 seconds.
You can set `force_col_wise=true` to remove the overhead.
[LightGBM] [Info] Total Bins 7226
[LightGBM] [Info] Number of data points in the train set: 93930, number of used features: 35
[LightGBM] [Info] Start training from score 5746.603455
[LightGBM] [Info] Auto-choosing col-wise multi-threading, the overhead of testing was 0.059367 seconds.
You can set `force_col_wise=true` to remove the overhead.
[LightGBM] [Info] Total Bins 7226
[LightGBM] [Info] Number of data points in the train set: 93930, number of used features: 35
[LightGBM] [Info] Start training from score 5746.589076
[LightGBM] [Info] Auto-choosing col-wise multi-threading, the overhead of testing was 0.062763 seconds.
You can set `force_col_wise=true` to remove the overhead.
[LightGBM] [Info] Total Bins 7226
[LightGBM] [Info] Number of data points in the train set: 93930, number of used features: 35
[LightGBM] [Info] Start training from score 5746.569015
[LightGBM] [Info] Auto-choosing col-wise multi-threading, the overhead of testing was 0.078333 seconds.
You can set `force_col_wise=true` to remove the overhead.
[LightGBM] [Info] Total Bins 7226
[LightGBM] [Info] Number of data points in the train set: 93930, number of used features: 35
[LightGBM] [Info] Start training from score 5746.546325
[LightGBM] [Info] Auto-choosing col-wise multi-threading, the overhead of testing was 0.065984 seconds.
You can set `force_col_wise=true` to remove the overhead.
[LightGBM] [Info] Total Bins 7226
[LightGBM] [Info] Number of data points in the train set: 93930, number of used features: 35
[LightGBM] [Info] Start training from score 5746.520003
[LightGBM] [Info] Auto-choosing col-wise multi-threading, the overhead of testing was 0.061439 seconds.
You can set `force_col_wise=true` to remove the overhead.
[LightGBM] [Info] Total Bins 7226
[LightGBM] [Info] Number of data points in the train set: 93930, number of used features: 35
[LightGBM] [Info] Start training from score 5746.469957
[LightGBM] [Info] Auto-choosing col-wise multi-threading, the overhead of testing was 0.059552 seconds.
You can set `force_col_wise=true` to remove the overhead.
[LightGBM] [Info] Total Bins 7226
[LightGBM] [Info] Number of data points in the train set: 93930, number of used features: 35
[LightGBM] [Info] Start training from score 5746.494693
[LightGBM] [Info] Auto-choosing col-wise multi-threading, the overhead of testing was 0.054362 seconds.
You can set `force_col_wise=true` to remove the overhead.
[LightGBM] [Info] Total Bins 7226
[LightGBM] [Info] Number of data points in the train set: 93930, number of used features: 35
[LightGBM] [Info] Start training from score 5746.445969
==============================================================================
MASTER FORECAST | algo=lgbm task=load strategy=direct
  market=dam task=load gate=strict delay_override=None → gap=12h (crosslag_gap=12h) | horizon=24 stride=24 retrain=weekly
  groups=['calendar', 'lags', 'dense', 'roll']  (#features=35)
  test=[2025-10-01 00:00:00 .. 2025-11-30 23:00:00]  train_end=None
==============================================================================
  AEL crosslag_mode=freeze (crosslag_gap=12h)
   [fit] key=2025-W40 cutoff=2025-09-30 11:00:00  (block 1/61)
[LightGBM] [Info] Auto-choosing col-wise multi-threading, the overhead of testing was 0.072768 seconds.
You can set `force_col_wise=true` to remove the overhead.
[LightGBM] [Info] Total Bins 7226
[LightGBM] [Info] Number of data points in the train set: 94074, number of used features: 35
[LightGBM] [Info] Start training from score 5746.287671
[LightGBM] [Info] Auto-choosing col-wise multi-threading, the overhead of testing was 0.064031 seconds.
You can set `force_col_wise=true` to remove the overhead.
[LightGBM] [Info] Total Bins 7226
[LightGBM] [Info] Number of data points in the train set: 94074, number of used features: 35
[LightGBM] [Info] Start training from score 5746.268888
[LightGBM] [Info] Auto-choosing col-wise multi-threading, the overhead of testing was 0.060713 seconds.
You can set `force_col_wise=true` to remove the overhead.
[LightGBM] [Info] Total Bins 7226
[LightGBM] [Info] Number of data points in the train set: 94074, number of used features: 35
[LightGBM] [Info] Start training from score 5746.326933
[LightGBM] [Info] Auto-choosing col-wise multi-threading, the overhead of testing was 0.063307 seconds.
You can set `force_col_wise=true` to remove the overhead.
[LightGBM] [Info] Total Bins 7226
[LightGBM] [Info] Number of data points in the train set: 94074, number of used features: 35
[LightGBM] [Info] Auto-choosing col-wise multi-threading, the overhead of testing was 0.061045 seconds.
You can set `force_col_wise=true` to remove the overhead.
[LightGBM] [Info] Start training from score 5746.246340
[LightGBM] [Info] Total Bins 7226
[LightGBM] [Info] Number of data points in the train set: 94074, number of used features: 35
[LightGBM] [Info] Start training from score 5746.306843
[LightGBM] [Info] Auto-choosing col-wise multi-threading, the overhead of testing was 0.066658 seconds.
You can set `force_col_wise=true` to remove the overhead.
[LightGBM] [Info] Total Bins 7226
[LightGBM] [Info] Number of data points in the train set: 94074, number of used features: 35
[LightGBM] [Info] Start training from score 5746.347472
[LightGBM] [Info] Auto-choosing col-wise multi-threading, the overhead of testing was 0.058819 seconds.
You can set `force_col_wise=true` to remove the overhead.
[LightGBM] [Info] Total Bins 7226
[LightGBM] [Info] Number of data points in the train set: 94074, number of used features: 35
[LightGBM] [Info] Start training from score 5746.214797
[LightGBM] [Info] Auto-choosing col-wise multi-threading, the overhead of testing was 0.059144 seconds.
You can set `force_col_wise=true` to remove the overhead.
[LightGBM] [Info] Total Bins 7226
[LightGBM] [Info] Auto-choosing col-wise multi-threading, the overhead of testing was 0.057877 seconds.
You can set `force_col_wise=true` to remove the overhead.
[LightGBM] [Info] Number of data points in the train set: 94074, number of used features: 35
[LightGBM] [Info] Total Bins 7226
[LightGBM] [Info] Start training from score 5746.180103
[LightGBM] [Info] Number of data points in the train set: 94074, number of used features: 35
[LightGBM] [Info] Start training from score 5745.901064
[LightGBM] [Info] Auto-choosing col-wise multi-threading, the overhead of testing was 0.061325 seconds.
You can set `force_col_wise=true` to remove the overhead.
[LightGBM] [Info] Total Bins 7226
[LightGBM] [Info] Number of data points in the train set: 94074, number of used features: 35
[LightGBM] [Info] Auto-choosing col-wise multi-threading, the overhead of testing was 0.063359 seconds.
You can set `force_col_wise=true` to remove the overhead.[LightGBM] [Info] 
Auto-choosing col-wise multi-threading, the overhead of testing was 0.058998 seconds.
You can set `force_col_wise=true` to remove the overhead.
[LightGBM] [Info] Start training from score 5745.944329
[LightGBM] [Info] Total Bins 7226
[LightGBM] [Info] Total Bins 7226
[LightGBM] [Info] Number of data points in the train set: 94074, number of used features: 35
[LightGBM] [Info] Number of data points in the train set: 94074, number of used features: 35
[LightGBM] [Info] Start training from score 5745.983920
[LightGBM] [Info] Start training from score 5746.141728
[LightGBM] [Info] Auto-choosing col-wise multi-threading, the overhead of testing was 0.066168 seconds.
You can set `force_col_wise=true` to remove the overhead.
[LightGBM] [Info] Total Bins 7226
[LightGBM] [Info] Number of data points in the train set: 94074, number of used features: 35
[LightGBM] [Info] Start training from score 5746.062520
[LightGBM] [Info] Auto-choosing col-wise multi-threading, the overhead of testing was 0.076484 seconds.
You can set `force_col_wise=true` to remove the overhead.
[LightGBM] [Info] Total Bins 7226
[LightGBM] [Info] Auto-choosing col-wise multi-threading, the overhead of testing was 0.064778 seconds.
You can set `force_col_wise=true` to remove the overhead.
[LightGBM] [Info] Total Bins 7226
[LightGBM] [Info] Auto-choosing col-wise multi-threading, the overhead of testing was 0.064586 seconds.
You can set `force_col_wise=true` to remove the overhead.
[LightGBM] [Info] Number of data points in the train set: 94074, number of used features: 35
[LightGBM] [Info] Total Bins 7226
[LightGBM] [Info] Start training from score 5745.858499
[LightGBM] [Info] Number of data points in the train set: 94074, number of used features: 35
[LightGBM] [Info] Number of data points in the train set: 94074, number of used features: 35
[LightGBM] [Info] Start training from score 5746.023505
[LightGBM] [Info] Start training from score 5746.101554
[LightGBM] [Info] Auto-choosing col-wise multi-threading, the overhead of testing was 0.065091 seconds.
You can set `force_col_wise=true` to remove the overhead.
[LightGBM] [Info] Total Bins 7226
[LightGBM] [Info] Number of data points in the train set: 94074, number of used features: 35
[LightGBM] [Info] Start training from score 5745.815544
[LightGBM] [Info] Auto-choosing col-wise multi-threading, the overhead of testing was 0.084288 seconds.
You can set `force_col_wise=true` to remove the overhead.
[LightGBM] [Info] Total Bins 7226
[LightGBM] [Info] Number of data points in the train set: 94074, number of used features: 35
[LightGBM] [Info] Start training from score 5745.767900
[LightGBM] [Info] Auto-choosing col-wise multi-threading, the overhead of testing was 0.059888 seconds.
You can set `force_col_wise=true` to remove the overhead.
[LightGBM] [Info] Total Bins 7226
[LightGBM] [Info] Number of data points in the train set: 94074, number of used features: 35
[LightGBM] [Info] Start training from score 5745.724687
[LightGBM] [Info] Auto-choosing col-wise multi-threading, the overhead of testing was 0.061710 seconds.
You can set `force_col_wise=true` to remove the overhead.
[LightGBM] [Info] Total Bins 7226
[LightGBM] [Info] Number of data points in the train set: 94074, number of used features: 35
[LightGBM] [Info] Start training from score 5745.685344
[LightGBM] [Info] Auto-choosing col-wise multi-threading, the overhead of testing was 0.059650 seconds.
You can set `force_col_wise=true` to remove the overhead.
[LightGBM] [Info] Total Bins 7226
[LightGBM] [Info] Number of data points in the train set: 94074, number of used features: 35
[LightGBM] [Info] Start training from score 5745.650579
[LightGBM] [Info] Auto-choosing col-wise multi-threading, the overhead of testing was 0.062121 seconds.
You can set `force_col_wise=true` to remove the overhead.
[LightGBM] [Info] Auto-choosing col-wise multi-threading, the overhead of testing was 0.056847 seconds.
You can set `force_col_wise=true` to remove the overhead.
[LightGBM] [Info] Total Bins 7226
[LightGBM] [Info] Total Bins 7226
[LightGBM] [Info] Number of data points in the train set: 94074, number of used features: 35
[LightGBM] [Info] Number of data points in the train set: 94074, number of used features: 35
[LightGBM] [Info] Start training from score 5745.620446
[LightGBM] [Info] Start training from score 5745.592905
[LightGBM] [Info] Auto-choosing col-wise multi-threading, the overhead of testing was 0.057494 seconds.
You can set `force_col_wise=true` to remove the overhead.
[LightGBM] [Info] Total Bins 7226
[LightGBM] [Info] Number of data points in the train set: 94074, number of used features: 35
[LightGBM] [Info] Start training from score 5745.569025
[LightGBM] [Info] Auto-choosing col-wise multi-threading, the overhead of testing was 0.068259 seconds.
You can set `force_col_wise=true` to remove the overhead.
[LightGBM] [Info] Total Bins 7226
[LightGBM] [Info] Number of data points in the train set: 94074, number of used features: 35
[LightGBM] [Info] Start training from score 5745.548711
[LightGBM] [Info] Auto-choosing col-wise multi-threading, the overhead of testing was 0.072107 seconds.
You can set `force_col_wise=true` to remove the overhead.
[LightGBM] [Info] Total Bins 7226
[LightGBM] [Info] Number of data points in the train set: 94074, number of used features: 35
[LightGBM] [Info] Start training from score 5745.527387
[LightGBM] [Info] Auto-choosing col-wise multi-threading, the overhead of testing was 0.076358 seconds.
You can set `force_col_wise=true` to remove the overhead.
[LightGBM] [Info] Total Bins 7226
[LightGBM] [Info] Number of data points in the train set: 94074, number of used features: 35
[LightGBM] [Info] Start training from score 5745.507907
[LightGBM] [Info] Auto-choosing col-wise multi-threading, the overhead of testing was 0.063849 seconds.
You can set `force_col_wise=true` to remove the overhead.
[LightGBM] [Info] Total Bins 7226
[LightGBM] [Info] Number of data points in the train set: 94074, number of used features: 35
[LightGBM] [Info] Start training from score 5745.489355
[LightGBM] [Info] Auto-choosing col-wise multi-threading, the overhead of testing was 0.068216 seconds.
You can set `force_col_wise=true` to remove the overhead.
[LightGBM] [Info] Total Bins 7226
[LightGBM] [Info] Number of data points in the train set: 94074, number of used features: 35
[LightGBM] [Info] Start training from score 5745.472113
[LightGBM] [Info] Auto-choosing col-wise multi-threading, the overhead of testing was 0.061011 seconds.
You can set `force_col_wise=true` to remove the overhead.
[LightGBM] [Info] Total Bins 7226
[LightGBM] [Info] Number of data points in the train set: 94074, number of used features: 35
[LightGBM] [Info] Start training from score 5745.432921
[LightGBM] [Info] Auto-choosing col-wise multi-threading, the overhead of testing was 0.073624 seconds.
You can set `force_col_wise=true` to remove the overhead.
[LightGBM] [Info] Total Bins 7226
[LightGBM] [Info] Number of data points in the train set: 94074, number of used features: 35
[LightGBM] [Info] Start training from score 5745.454493
[LightGBM] [Info] Auto-choosing col-wise multi-threading, the overhead of testing was 0.082082 seconds.
You can set `force_col_wise=true` to remove the overhead.
[LightGBM] [Info] Total Bins 7226
[LightGBM] [Info] Number of data points in the train set: 94074, number of used features: 35
[LightGBM] [Info] Start training from score 5745.410531
[LightGBM] [Info] Auto-choosing col-wise multi-threading, the overhead of testing was 0.053942 seconds.
You can set `force_col_wise=true` to remove the overhead.
[LightGBM] [Info] Total Bins 7226
[LightGBM] [Info] Number of data points in the train set: 94074, number of used features: 35
[LightGBM] [Info] Start training from score 5745.386025
[LightGBM] [Info] Auto-choosing col-wise multi-threading, the overhead of testing was 0.059750 seconds.
You can set `force_col_wise=true` to remove the overhead.
[LightGBM] [Info] Total Bins 7226
[LightGBM] [Info] Number of data points in the train set: 94074, number of used features: 35
[LightGBM] [Info] Start training from score 5745.361753
[LightGBM] [Info] Auto-choosing col-wise multi-threading, the overhead of testing was 0.052147 seconds.
You can set `force_col_wise=true` to remove the overhead.
[LightGBM] [Info] Total Bins 7226
[LightGBM] [Info] Number of data points in the train set: 94074, number of used features: 35
[LightGBM] [Info] Start training from score 5745.339776
[LightGBM] [Info] Auto-choosing col-wise multi-threading, the overhead of testing was 0.058612 seconds.
You can set `force_col_wise=true` to remove the overhead.
[LightGBM] [Info] Total Bins 7226
[LightGBM] [Info] Number of data points in the train set: 94074, number of used features: 35
[LightGBM] [Info] Start training from score 5745.319163
   [fit] key=2025-W41 cutoff=2025-10-06 11:00:00  (block 7/61)
[LightGBM] [Info] Auto-choosing col-wise multi-threading, the overhead of testing was 0.066802 seconds.
You can set `force_col_wise=true` to remove the overhead.
[LightGBM] [Info] Total Bins 7226
[LightGBM] [Info] Number of data points in the train set: 94242, number of used features: 35
[LightGBM] [Info] Start training from score 5745.161532
[LightGBM] [Info] Auto-choosing col-wise multi-threading, the overhead of testing was 0.069882 seconds.
You can set `force_col_wise=true` to remove the overhead.
[LightGBM] [Info] Total Bins 7226
[LightGBM] [Info] Number of data points in the train set: 94242, number of used features: 35
[LightGBM] [Info] Start training from score 5745.118757
[LightGBM] [Info] Auto-choosing col-wise multi-threading, the overhead of testing was 0.074558 seconds.
You can set `force_col_wise=true` to remove the overhead.
[LightGBM] [Info] Total Bins 7226
[LightGBM] [Info] Number of data points in the train set: 94242, number of used features: 35
[LightGBM] [Info] Start training from score 5745.079374
[LightGBM] [Info] Auto-choosing col-wise multi-threading, the overhead of testing was 0.066873 seconds.
You can set `force_col_wise=true` to remove the overhead.
[LightGBM] [Info] Total Bins 7226
[LightGBM] [Info] Number of data points in the train set: 94242, number of used features: 35
[LightGBM] [Info] Start training from score 5745.139554
[LightGBM] [Info] Auto-choosing col-wise multi-threading, the overhead of testing was 0.077356 seconds.
You can set `force_col_wise=true` to remove the overhead.
[LightGBM] [Info] Total Bins 7226
[LightGBM] [Info] Number of data points in the train set: 94242, number of used features: 35
[LightGBM] [Info] Auto-choosing col-wise multi-threading, the overhead of testing was 0.063876 seconds.
You can set `force_col_wise=true` to remove the overhead.
[LightGBM] [Info] Start training from score 5745.098877
[LightGBM] [Info] Total Bins 7226
[LightGBM] [Info] Number of data points in the train set: 94242, number of used features: 35
[LightGBM] [Info] Start training from score 5744.863739
[LightGBM] [Info] Auto-choosing col-wise multi-threading, the overhead of testing was 0.058733 seconds.
You can set `force_col_wise=true` to remove the overhead.
[LightGBM] [Info] Total Bins 7226
[LightGBM] [Info] Auto-choosing col-wise multi-threading, the overhead of testing was 0.074910 seconds.
You can set `force_col_wise=true` to remove the overhead.
[LightGBM] [Info] Number of data points in the train set: 94242, number of used features: 35
[LightGBM] [Info] Total Bins 7226
[LightGBM] [Info] Start training from score 5744.824050
[LightGBM] [Info] Number of data points in the train set: 94242, number of used features: 35
[LightGBM] [Info] Start training from score 5745.023692
[LightGBM] [Info] Auto-choosing col-wise multi-threading, the overhead of testing was 0.062860 seconds.
You can set `force_col_wise=true` to remove the overhead.
[LightGBM] [Info] Total Bins 7226
[LightGBM] [Info] Number of data points in the train set: 94242, number of used features: 35
[LightGBM] [Info] Auto-choosing col-wise multi-threading, the overhead of testing was 0.064873 seconds.
You can set `force_col_wise=true` to remove the overhead.
[LightGBM] [Info] Start training from score 5745.055954
[LightGBM] [Info] Total Bins 7226
[LightGBM] [Info] Number of data points in the train set: 94242, number of used features: 35
[LightGBM] [Info] Start training from score 5744.987415
[LightGBM] [Info] Auto-choosing col-wise multi-threading, the overhead of testing was 0.062397 seconds.
You can set `force_col_wise=true` to remove the overhead.
[LightGBM] [Info] Total Bins 7226
[LightGBM] [Info] Auto-choosing col-wise multi-threading, the overhead of testing was 0.060816 seconds.
You can set `force_col_wise=true` to remove the overhead.
[LightGBM] [Info] Total Bins 7226
[LightGBM] [Info] Number of data points in the train set: 94242, number of used features: 35
[LightGBM] [Info] Auto-choosing col-wise multi-threading, the overhead of testing was 0.058047 seconds.
You can set `force_col_wise=true` to remove the overhead.
[LightGBM] [Info] Start training from score 5744.657079
[LightGBM] [Info] Total Bins 7226
[LightGBM] [Info] Number of data points in the train set: 94242, number of used features: 35
[LightGBM] [Info] Number of data points in the train set: 94242, number of used features: 35
[LightGBM] [Info] Start training from score 5744.904487
[LightGBM] [Info] Start training from score 5744.784028
[LightGBM] [Info] Auto-choosing col-wise multi-threading, the overhead of testing was 0.075232 seconds.
You can set `force_col_wise=true` to remove the overhead.
[LightGBM] [Info] Total Bins 7226
[LightGBM] [Info] Number of data points in the train set: 94242, number of used features: 35
[LightGBM] [Info] Start training from score 5744.946881
[LightGBM] [Info] Auto-choosing col-wise multi-threading, the overhead of testing was 0.060393 seconds.
You can set `force_col_wise=true` to remove the overhead.
[LightGBM] [Info] Total Bins 7226
[LightGBM] [Info] Number of data points in the train set: 94242, number of used features: 35
[LightGBM] [Info] Start training from score 5744.700852
[LightGBM] [Info] Auto-choosing col-wise multi-threading, the overhead of testing was 0.074105 seconds.
You can set `force_col_wise=true` to remove the overhead.
[LightGBM] [Info] Total Bins 7226
[LightGBM] [Info] Number of data points in the train set: 94242, number of used features: 35
[LightGBM] [Info] Start training from score 5744.744252
[LightGBM] [Info] Auto-choosing col-wise multi-threading, the overhead of testing was 0.065754 seconds.
You can set `force_col_wise=true` to remove the overhead.
[LightGBM] [Info] Total Bins 7226
[LightGBM] [Info] Number of data points in the train set: 94242, number of used features: 35
[LightGBM] [Info] Start training from score 5744.612620
[LightGBM] [Info] Auto-choosing col-wise multi-threading, the overhead of testing was 0.068305 seconds.
You can set `force_col_wise=true` to remove the overhead.
[LightGBM] [Info] Total Bins 7226
[LightGBM] [Info] Number of data points in the train set: 94242, number of used features: 35
[LightGBM] [Info] Start training from score 5744.564159
[LightGBM] [Info] Auto-choosing col-wise multi-threading, the overhead of testing was 0.059134 seconds.
You can set `force_col_wise=true` to remove the overhead.
[LightGBM] [Info] Total Bins 7226
[LightGBM] [Info] Number of data points in the train set: 94242, number of used features: 35
[LightGBM] [Info] Start training from score 5744.520980
[LightGBM] [Info] Auto-choosing col-wise multi-threading, the overhead of testing was 0.080101 seconds.
You can set `force_col_wise=true` to remove the overhead.
[LightGBM] [Info] Total Bins 7226
[LightGBM] [Info] Number of data points in the train set: 94242, number of used features: 35
[LightGBM] [Info] Start training from score 5744.480169
[LightGBM] [Info] Auto-choosing col-wise multi-threading, the overhead of testing was 0.073125 seconds.
You can set `force_col_wise=true` to remove the overhead.
[LightGBM] [Info] Total Bins 7226
[LightGBM] [Info] Number of data points in the train set: 94242, number of used features: 35
[LightGBM] [Info] Start training from score 5744.444659
[LightGBM] [Info] Auto-choosing col-wise multi-threading, the overhead of testing was 0.076442 seconds.
You can set `force_col_wise=true` to remove the overhead.
[LightGBM] [Info] Total Bins 7226
[LightGBM] [Info] Number of data points in the train set: 94242, number of used features: 35
[LightGBM] [Info] Start training from score 5744.413656
[LightGBM] [Info] Auto-choosing col-wise multi-threading, the overhead of testing was 0.063081 seconds.
You can set `force_col_wise=true` to remove the overhead.
[LightGBM] [Info] Total Bins 7226
[LightGBM] [Info] Number of data points in the train set: 94242, number of used features: 35
[LightGBM] [Info] Start training from score 5744.384828
[LightGBM] [Info] Auto-choosing col-wise multi-threading, the overhead of testing was 0.059764 seconds.
You can set `force_col_wise=true` to remove the overhead.
[LightGBM] [Info] Total Bins 7226
[LightGBM] [Info] Number of data points in the train set: 94242, number of used features: 35
[LightGBM] [Info] Start training from score 5744.360077
[LightGBM] [Info] Auto-choosing col-wise multi-threading, the overhead of testing was 0.059723 seconds.
You can set `force_col_wise=true` to remove the overhead.
[LightGBM] [Info] Total Bins 7226
[LightGBM] [Info] Number of data points in the train set: 94242, number of used features: 35
[LightGBM] [Info] Start training from score 5744.339216
[LightGBM] [Info] Auto-choosing col-wise multi-threading, the overhead of testing was 0.061011 seconds.
You can set `force_col_wise=true` to remove the overhead.
[LightGBM] [Info] Total Bins 7226
[LightGBM] [Info] Number of data points in the train set: 94242, number of used features: 35
[LightGBM] [Info] Start training from score 5744.317835
[LightGBM] [Info] Auto-choosing col-wise multi-threading, the overhead of testing was 0.070957 seconds.
You can set `force_col_wise=true` to remove the overhead.
[LightGBM] [Info] Total Bins 7226
[LightGBM] [Info] Number of data points in the train set: 94242, number of used features: 35
[LightGBM] [Info] Start training from score 5744.297902
[LightGBM] [Info] Auto-choosing col-wise multi-threading, the overhead of testing was 0.059741 seconds.
You can set `force_col_wise=true` to remove the overhead.
[LightGBM] [Info] Total Bins 7226
[LightGBM] [Info] Number of data points in the train set: 94242, number of used features: 35
[LightGBM] [Info] Start training from score 5744.279001
[LightGBM] [Info] Auto-choosing col-wise multi-threading, the overhead of testing was 0.062291 seconds.
You can set `force_col_wise=true` to remove the overhead.
[LightGBM] [Info] Auto-choosing col-wise multi-threading, the overhead of testing was 0.071105 seconds.
You can set `force_col_wise=true` to remove the overhead.
[LightGBM] [Info] Total Bins 7226
[LightGBM] [Info] Total Bins 7226
[LightGBM] [Info] Number of data points in the train set: 94242, number of used features: 35
[LightGBM] [Info] Number of data points in the train set: 94242, number of used features: 35
[LightGBM] [Info] Start training from score 5744.243023
[LightGBM] [Info] Start training from score 5744.260983
[LightGBM] [Info] Auto-choosing col-wise multi-threading, the overhead of testing was 0.069910 seconds.
You can set `force_col_wise=true` to remove the overhead.
[LightGBM] [Info] Total Bins 7226
[LightGBM] [Info] Number of data points in the train set: 94242, number of used features: 35
[LightGBM] [Info] Start training from score 5744.220895
[LightGBM] [Info] Auto-choosing col-wise multi-threading, the overhead of testing was 0.065161 seconds.
You can set `force_col_wise=true` to remove the overhead.
[LightGBM] [Info] Total Bins 7226
[LightGBM] [Info] Number of data points in the train set: 94242, number of used features: 35
[LightGBM] [Info] Start training from score 5744.197633
[LightGBM] [Info] Auto-choosing col-wise multi-threading, the overhead of testing was 0.055844 seconds.
You can set `force_col_wise=true` to remove the overhead.
[LightGBM] [Info] Total Bins 7226
[LightGBM] [Info] Number of data points in the train set: 94242, number of used features: 35
[LightGBM] [Info] Start training from score 5744.171271
[LightGBM] [Info] Auto-choosing col-wise multi-threading, the overhead of testing was 0.051339 seconds.
You can set `force_col_wise=true` to remove the overhead.
[LightGBM] [Info] Total Bins 7226
[LightGBM] [Info] Auto-choosing col-wise multi-threading, the overhead of testing was 0.048154 seconds.
You can set `force_col_wise=true` to remove the overhead.
[LightGBM] [Info] Number of data points in the train set: 94242, number of used features: 35
[LightGBM] [Info] Total Bins 7226
[LightGBM] [Info] Start training from score 5744.091901
[LightGBM] [Info] Number of data points in the train set: 94242, number of used features: 35
[LightGBM] [Info] Start training from score 5744.143965
[LightGBM] [Info] Auto-choosing col-wise multi-threading, the overhead of testing was 0.052105 seconds.
You can set `force_col_wise=true` to remove the overhead.
[LightGBM] [Info] Total Bins 7226
[LightGBM] [Info] Number of data points in the train set: 94242, number of used features: 35
[LightGBM] [Info] Start training from score 5744.117390
   [fit] key=2025-W42 cutoff=2025-10-13 11:00:00  (block 14/61)
[LightGBM] [Info] Auto-choosing col-wise multi-threading, the overhead of testing was 0.070689 seconds.
You can set `force_col_wise=true` to remove the overhead.
[LightGBM] [Info] Auto-choosing col-wise multi-threading, the overhead of testing was 0.084487 seconds.
You can set `force_col_wise=true` to remove the overhead.
[LightGBM] [Info] Total Bins 7226
[LightGBM] [Info] Total Bins 7226
[LightGBM] [Info] Number of data points in the train set: 94410, number of used features: 35
[LightGBM] [Info] Number of data points in the train set: 94410, number of used features: 35
[LightGBM] [Info] Start training from score 5743.942623
[LightGBM] [Info] Start training from score 5743.904787
[LightGBM] [Info] Auto-choosing col-wise multi-threading, the overhead of testing was 0.067412 seconds.
You can set `force_col_wise=true` to remove the overhead.
[LightGBM] [Info] Total Bins 7226
[LightGBM] [Info] Number of data points in the train set: 94410, number of used features: 35
[LightGBM] [Info] Start training from score 5743.869509
[LightGBM] [Info] Auto-choosing col-wise multi-threading, the overhead of testing was 0.067939 seconds.
You can set `force_col_wise=true` to remove the overhead.
[LightGBM] [Info] Total Bins 7226
[LightGBM] [Info] Number of data points in the train set: 94410, number of used features: 35
[LightGBM] [Info] Start training from score 5743.923513
[LightGBM] [Info] Auto-choosing col-wise multi-threading, the overhead of testing was 0.071709 seconds.
You can set `force_col_wise=true` to remove the overhead.
[LightGBM] [Info] Total Bins 7226
[LightGBM] [Info] Number of data points in the train set: 94410, number of used features: 35
[LightGBM] [Info] Start training from score 5743.848429
[LightGBM] [Info] Auto-choosing col-wise multi-threading, the overhead of testing was 0.062610 seconds.
You can set `force_col_wise=true` to remove the overhead.
[LightGBM] [Info] Auto-choosing col-wise multi-threading, the overhead of testing was 0.059051 seconds.
You can set `force_col_wise=true` to remove the overhead.
[LightGBM] [Info] Auto-choosing col-wise multi-threading, the overhead of testing was 0.071428 seconds.
You can set `force_col_wise=true` to remove the overhead.
[LightGBM] [Info] Total Bins 7226
[LightGBM] [Info] Total Bins 7226
[LightGBM] [Info] Total Bins 7226
[LightGBM] [Info] Auto-choosing col-wise multi-threading, the overhead of testing was 0.085830 seconds.
You can set `force_col_wise=true` to remove the overhead.
[LightGBM] [Info] Total Bins 7226
[LightGBM] [Info] Number of data points in the train set: 94410, number of used features: 35
[LightGBM] [Info] Number of data points in the train set: 94410, number of used features: 35
[LightGBM] [Info] Number of data points in the train set: 94410, number of used features: 35
[LightGBM] [Info] Start training from score 5743.617533
[LightGBM] [Info] Start training from score 5743.818460
[LightGBM] [Info] Number of data points in the train set: 94410, number of used features: 35
[LightGBM] [Info] Start training from score 5743.784906
[LightGBM] [Info] Auto-choosing col-wise multi-threading, the overhead of testing was 0.060803 seconds.
You can set `force_col_wise=true` to remove the overhead.
[LightGBM] [Info] Total Bins 7226
[LightGBM] [Info] Start training from score 5743.886912
[LightGBM] [Info] Number of data points in the train set: 94410, number of used features: 35
[LightGBM] [Info] Start training from score 5743.680114
[LightGBM] [Info] Auto-choosing col-wise multi-threading, the overhead of testing was 0.074073 seconds.
You can set `force_col_wise=true` to remove the overhead.
[LightGBM] [Info] Total Bins 7226
[LightGBM] [Info] Number of data points in the train set: 94410, number of used features: 35
[LightGBM] [Info] Start training from score 5743.508954
[LightGBM] [Info] Auto-choosing col-wise multi-threading, the overhead of testing was 0.056356 seconds.
You can set `force_col_wise=true` to remove the overhead.
[LightGBM] [Info] Total Bins 7226
[LightGBM] [Info] Number of data points in the train set: 94410, number of used features: 35
[LightGBM] [Info] Start training from score 5743.749009
[LightGBM] [Info] Auto-choosing col-wise multi-threading, the overhead of testing was 0.068117 seconds.
You can set `force_col_wise=true` to remove the overhead.
[LightGBM] [Info] Total Bins 7226
[LightGBM] [Info] Auto-choosing col-wise multi-threading, the overhead of testing was 0.065679 seconds.
You can set `force_col_wise=true` to remove the overhead.
[LightGBM] [Info] Total Bins 7226
[LightGBM] [Info] Number of data points in the train set: 94410, number of used features: 35
[LightGBM] [Info] Start training from score 5743.584968
[LightGBM] [Info] Number of data points in the train set: 94410, number of used features: 35
[LightGBM] [Info] Start training from score 5743.713088
[LightGBM] [Info] Auto-choosing col-wise multi-threading, the overhead of testing was 0.060558 seconds.
You can set `force_col_wise=true` to remove the overhead.
[LightGBM] [Info] Total Bins 7226
[LightGBM] [Info] Number of data points in the train set: 94410, number of used features: 35
[LightGBM] [Info] Start training from score 5743.648958
[LightGBM] [Info] Auto-choosing col-wise multi-threading, the overhead of testing was 0.074645 seconds.
You can set `force_col_wise=true` to remove the overhead.
[LightGBM] [Info] Total Bins 7226
[LightGBM] [Info] Number of data points in the train set: 94410, number of used features: 35
[LightGBM] [Info] Start training from score 5743.547577
[LightGBM] [Info] Auto-choosing col-wise multi-threading, the overhead of testing was 0.059569 seconds.
You can set `force_col_wise=true` to remove the overhead.
[LightGBM] [Info] Total Bins 7226
[LightGBM] [Info] Number of data points in the train set: 94410, number of used features: 35
[LightGBM] [Info] Start training from score 5743.469585
[LightGBM] [Info] Auto-choosing col-wise multi-threading, the overhead of testing was 0.056343 seconds.
You can set `force_col_wise=true` to remove the overhead.
[LightGBM] [Info] Total Bins 7226
[LightGBM] [Info] Number of data points in the train set: 94410, number of used features: 35
[LightGBM] [Info] Start training from score 5743.426093
[LightGBM] [Info] Auto-choosing col-wise multi-threading, the overhead of testing was 0.062015 seconds.
You can set `force_col_wise=true` to remove the overhead.
[LightGBM] [Info] Total Bins 7226
[LightGBM] [Info] Number of data points in the train set: 94410, number of used features: 35
[LightGBM] [Info] Start training from score 5743.386454
[LightGBM] [Info] Auto-choosing col-wise multi-threading, the overhead of testing was 0.059436 seconds.
You can set `force_col_wise=true` to remove the overhead.
[LightGBM] [Info] Total Bins 7226
[LightGBM] [Info] Number of data points in the train set: 94410, number of used features: 35
[LightGBM] [Info] Start training from score 5743.314347
[LightGBM] [Info] Auto-choosing col-wise multi-threading, the overhead of testing was 0.057874 seconds.
You can set `force_col_wise=true` to remove the overhead.
[LightGBM] [Info] Total Bins 7226
[LightGBM] [Info] Auto-choosing col-wise multi-threading, the overhead of testing was 0.065747 seconds.
You can set `force_col_wise=true` to remove the overhead.
[LightGBM] [Info] Number of data points in the train set: 94410, number of used features: 35
[LightGBM] [Info] Total Bins 7226
[LightGBM] [Info] Start training from score 5743.348406
[LightGBM] [Info] Number of data points in the train set: 94410, number of used features: 35
[LightGBM] [Info] Start training from score 5743.285497
[LightGBM] [Info] Auto-choosing col-wise multi-threading, the overhead of testing was 0.062921 seconds.
You can set `force_col_wise=true` to remove the overhead.
[LightGBM] [Info] Auto-choosing col-wise multi-threading, the overhead of testing was 0.058186 seconds.
You can set `force_col_wise=true` to remove the overhead.
[LightGBM] [Info] Total Bins 7226
[LightGBM] [Info] Total Bins 7226
[LightGBM] [Info] Number of data points in the train set: 94410, number of used features: 35
[LightGBM] [Info] Start training from score 5743.216072
[LightGBM] [Info] Number of data points in the train set: 94410, number of used features: 35
[LightGBM] [Info] Start training from score 5743.258658
[LightGBM] [Info] Auto-choosing col-wise multi-threading, the overhead of testing was 0.069379 seconds.
You can set `force_col_wise=true` to remove the overhead.
[LightGBM] [Info] Total Bins 7226
[LightGBM] [Info] Number of data points in the train set: 94410, number of used features: 35
[LightGBM] [Info] Start training from score 5743.235509
[LightGBM] [Info] Auto-choosing col-wise multi-threading, the overhead of testing was 0.085266 seconds.
You can set `force_col_wise=true` to remove the overhead.
[LightGBM] [Info] Total Bins 7226
[LightGBM] [Info] Number of data points in the train set: 94410, number of used features: 35
[LightGBM] [Info] Start training from score 5743.195895
[LightGBM] [Info] Auto-choosing col-wise multi-threading, the overhead of testing was 0.075563 seconds.
You can set `force_col_wise=true` to remove the overhead.
[LightGBM] [Info] Total Bins 7226
[LightGBM] [Info] Number of data points in the train set: 94410, number of used features: 35
[LightGBM] [Info] Start training from score 5743.177173
[LightGBM] [Info] Auto-choosing col-wise multi-threading, the overhead of testing was 0.061960 seconds.
You can set `force_col_wise=true` to remove the overhead.
[LightGBM] [Info] Total Bins 7226
[LightGBM] [Info] Number of data points in the train set: 94410, number of used features: 35
[LightGBM] [Info] Start training from score 5743.159322
[LightGBM] [Info] Auto-choosing col-wise multi-threading, the overhead of testing was 0.062000 seconds.
You can set `force_col_wise=true` to remove the overhead.
[LightGBM] [Info] Total Bins 7226
[LightGBM] [Info] Number of data points in the train set: 94410, number of used features: 35
[LightGBM] [Info] Start training from score 5743.142406
[LightGBM] [Info] Auto-choosing col-wise multi-threading, the overhead of testing was 0.060960 seconds.
You can set `force_col_wise=true` to remove the overhead.
[LightGBM] [Info] Total Bins 7226
[LightGBM] [Info] Number of data points in the train set: 94410, number of used features: 35
[LightGBM] [Info] Start training from score 5743.125547
[LightGBM] [Info] Auto-choosing col-wise multi-threading, the overhead of testing was 0.079986 seconds.
You can set `force_col_wise=true` to remove the overhead.
[LightGBM] [Info] Auto-choosing col-wise multi-threading, the overhead of testing was 0.066197 seconds.
You can set `force_col_wise=true` to remove the overhead.
[LightGBM] [Info] Total Bins 7226
[LightGBM] [Info] Total Bins 7226
[LightGBM] [Info] Number of data points in the train set: 94410, number of used features: 35
[LightGBM] [Info] Number of data points in the train set: 94410, number of used features: 35
[LightGBM] [Info] Start training from score 5743.083702
[LightGBM] [Info] Start training from score 5743.105143
[LightGBM] [Info] Auto-choosing col-wise multi-threading, the overhead of testing was 0.061275 seconds.
You can set `force_col_wise=true` to remove the overhead.
[LightGBM] [Info] Total Bins 7226
[LightGBM] [Info] Number of data points in the train set: 94410, number of used features: 35
[LightGBM] [Info] Start training from score 5743.059590
[LightGBM] [Info] Auto-choosing col-wise multi-threading, the overhead of testing was 0.067020 seconds.
You can set `force_col_wise=true` to remove the overhead.
[LightGBM] [Info] Total Bins 7226
[LightGBM] [Info] Number of data points in the train set: 94410, number of used features: 35
[LightGBM] [Info] Start training from score 5743.035267
[LightGBM] [Info] Auto-choosing col-wise multi-threading, the overhead of testing was 0.055666 seconds.
You can set `force_col_wise=true` to remove the overhead.
[LightGBM] [Info] Total Bins 7226
[LightGBM] [Info] Number of data points in the train set: 94410, number of used features: 35
[LightGBM] [Info] Start training from score 5743.013156
[LightGBM] [Info] Auto-choosing col-wise multi-threading, the overhead of testing was 0.058180 seconds.
You can set `force_col_wise=true` to remove the overhead.
[LightGBM] [Info] Total Bins 7226
[LightGBM] [Info] Number of data points in the train set: 94410, number of used features: 35
[LightGBM] [Info] Start training from score 5742.992351
   [fit] key=2025-W43 cutoff=2025-10-20 11:00:00  (block 21/61)
[LightGBM] [Info] Auto-choosing col-wise multi-threading, the overhead of testing was 0.408646 seconds.
You can set `force_col_wise=true` to remove the overhead.
[LightGBM] [Info] Total Bins 7226
[LightGBM] [Info] Auto-choosing col-wise multi-threading, the overhead of testing was 0.410190 seconds.
You can set `force_col_wise=true` to remove the overhead.
[LightGBM] [Info] Total Bins 7226
[LightGBM] [Info] Number of data points in the train set: 94577, number of used features: 35
[LightGBM] [Info] Number of data points in the train set: 94577, number of used features: 35
[LightGBM] [Info] Start training from score 5742.497565
[LightGBM] [Info] Start training from score 5742.836694
[LightGBM] [Info] Auto-choosing col-wise multi-threading, the overhead of testing was 0.480732 seconds.
You can set `force_col_wise=true` to remove the overhead.
[LightGBM] [Info] Total Bins 7226
[LightGBM] [Info] Number of data points in the train set: 94577, number of used features: 35
[LightGBM] [Info] Auto-choosing col-wise multi-threading, the overhead of testing was 0.495430 seconds.
You can set `force_col_wise=true` to remove the overhead.
[LightGBM] [Info] Total Bins 7226
[LightGBM] [Info] Start training from score 5742.799348
[LightGBM] [Info] Number of data points in the train set: 94577, number of used features: 35
[LightGBM] [Info] Start training from score 5742.671579
[LightGBM] [Info] Auto-choosing col-wise multi-threading, the overhead of testing was 0.525322 seconds.
You can set `force_col_wise=true` to remove the overhead.
[LightGBM] [Info] Total Bins 7226
[LightGBM] [Info] Auto-choosing col-wise multi-threading, the overhead of testing was 0.506253 seconds.
You can set `force_col_wise=true` to remove the overhead.
[LightGBM] [Info] Total Bins 7226
[LightGBM] [Info] Number of data points in the train set: 94577, number of used features: 35
[LightGBM] [Info] Start training from score 5742.707886
[LightGBM] [Info] Auto-choosing col-wise multi-threading, the overhead of testing was 0.540441 seconds.
You can set `force_col_wise=true` to remove the overhead.
[LightGBM] [Info] Auto-choosing col-wise multi-threading, the overhead of testing was 0.488036 seconds.
You can set `force_col_wise=true` to remove the overhead.
[LightGBM] [Info] Number of data points in the train set: 94577, number of used features: 35
[LightGBM] [Info] Total Bins 7226
[LightGBM] [Info] Total Bins 7226
[LightGBM] [Info] Start training from score 5742.780257
[LightGBM] [Info] Number of data points in the train set: 94577, number of used features: 35
[LightGBM] [Info] Start training from score 5742.541015
[LightGBM] [Info] Number of data points in the train set: 94577, number of used features: 35
[LightGBM] [Info] Start training from score 5742.629666
[LightGBM] [Info] Auto-choosing col-wise multi-threading, the overhead of testing was 0.528278 seconds.
You can set `force_col_wise=true` to remove the overhead.
[LightGBM] [Info] Total Bins 7226
[LightGBM] [Info] Auto-choosing col-wise multi-threading, the overhead of testing was 0.565043 seconds.
You can set `force_col_wise=true` to remove the overhead.
[LightGBM] [Info] Total Bins 7226
[LightGBM] [Info] Auto-choosing col-wise multi-threading, the overhead of testing was 0.531294 seconds.
You can set `force_col_wise=true` to remove the overhead.
[LightGBM] [Info] Auto-choosing col-wise multi-threading, the overhead of testing was 0.535368 seconds.
You can set `force_col_wise=true` to remove the overhead.
[LightGBM] [Info] Total Bins 7226
[LightGBM] [Info] Total Bins 7226
[LightGBM] [Info] Number of data points in the train set: 94577, number of used features: 35
[LightGBM] [Info] Number of data points in the train set: 94577, number of used features: 35
[LightGBM] [Info] Start training from score 5742.818020
[LightGBM] [Info] Number of data points in the train set: 94577, number of used features: 35
[LightGBM] [Info] Start training from score 5742.739030
[LightGBM] [Info] Start training from score 5742.325940
[LightGBM] [Info] Auto-choosing col-wise multi-threading, the overhead of testing was 0.559750 seconds.
You can set `force_col_wise=true` to remove the overhead.
[LightGBM] [Info] Auto-choosing col-wise multi-threading, the overhead of testing was 0.526258 seconds.
You can set `force_col_wise=true` to remove the overhead.
[LightGBM] [Info] Total Bins 7226
[LightGBM] [Info] Total Bins 7226
[LightGBM] [Info] Number of data points in the train set: 94577, number of used features: 35
[LightGBM] [Info] Start training from score 5742.454226
[LightGBM] [Info] Number of data points in the train set: 94577, number of used features: 35
[LightGBM] [Info] Number of data points in the train set: 94577, number of used features: 35
[LightGBM] [Info] Start training from score 5742.761648
[LightGBM] [Info] Start training from score 5742.367391
[LightGBM] [Info] Auto-choosing col-wise multi-threading, the overhead of testing was 0.547785 seconds.
You can set `force_col_wise=true` to remove the overhead.
[LightGBM] [Info] Total Bins 7226
[LightGBM] [Info] Number of data points in the train set: 94577, number of used features: 35
[LightGBM] [Info] Start training from score 5742.585022
[LightGBM] [Info] Auto-choosing col-wise multi-threading, the overhead of testing was 0.566779 seconds.
You can set `force_col_wise=true` to remove the overhead.
[LightGBM] [Info] Total Bins 7226
[LightGBM] [Info] Number of data points in the train set: 94577, number of used features: 35
[LightGBM] [Info] Start training from score 5742.411694
[LightGBM] [Info] Auto-choosing col-wise multi-threading, the overhead of testing was 0.645293 seconds.
You can set `force_col_wise=true` to remove the overhead.
[LightGBM] [Info] Total Bins 7226
[LightGBM] [Info] Number of data points in the train set: 94577, number of used features: 35
[LightGBM] [Info] Auto-choosing col-wise multi-threading, the overhead of testing was 0.691660 seconds.
You can set `force_col_wise=true` to remove the overhead.
[LightGBM] [Info] Total Bins 7226
[LightGBM] [Info] Start training from score 5742.286312
[LightGBM] [Info] Number of data points in the train set: 94577, number of used features: 35
[LightGBM] [Info] Start training from score 5742.243119
[LightGBM] [Info] Auto-choosing col-wise multi-threading, the overhead of testing was 0.558485 seconds.
You can set `force_col_wise=true` to remove the overhead.
[LightGBM] [Info] Total Bins 7226
[LightGBM] [Info] Number of data points in the train set: 94577, number of used features: 35
[LightGBM] [Info] Start training from score 5742.199712
[LightGBM] [Info] Auto-choosing col-wise multi-threading, the overhead of testing was 0.585222 seconds.
You can set `force_col_wise=true` to remove the overhead.
[LightGBM] [Info] Total Bins 7226
[LightGBM] [Info] Number of data points in the train set: 94577, number of used features: 35
[LightGBM] [Info] Start training from score 5742.156846
[LightGBM] [Info] Auto-choosing col-wise multi-threading, the overhead of testing was 0.562736 seconds.
You can set `force_col_wise=true` to remove the overhead.
[LightGBM] [Info] Auto-choosing col-wise multi-threading, the overhead of testing was 0.559503 seconds.
You can set `force_col_wise=true` to remove the overhead.
[LightGBM] [Info] Total Bins 7226
[LightGBM] [Info] Total Bins 7226
[LightGBM] [Info] Number of data points in the train set: 94577, number of used features: 35
[LightGBM] [Info] Number of data points in the train set: 94577, number of used features: 35
[LightGBM] [Info] Start training from score 5742.086340
[LightGBM] [Info] Start training from score 5742.118882
[LightGBM] [Info] Auto-choosing col-wise multi-threading, the overhead of testing was 0.570631 seconds.
You can set `force_col_wise=true` to remove the overhead.
[LightGBM] [Info] Total Bins 7226
[LightGBM] [Info] Number of data points in the train set: 94577, number of used features: 35
[LightGBM] [Info] Start training from score 5742.056916
[LightGBM] [Info] Auto-choosing col-wise multi-threading, the overhead of testing was 0.515652 seconds.
You can set `force_col_wise=true` to remove the overhead.
[LightGBM] [Info] Total Bins 7226
[LightGBM] [Info] Number of data points in the train set: 94577, number of used features: 35
[LightGBM] [Info] Start training from score 5742.032211
[LightGBM] [Info] Auto-choosing col-wise multi-threading, the overhead of testing was 0.686098 seconds.
You can set `force_col_wise=true` to remove the overhead.
[LightGBM] [Info] Total Bins 7226
[LightGBM] [Info] Number of data points in the train set: 94577, number of used features: 35
[LightGBM] [Info] Start training from score 5742.011529
[LightGBM] [Info] Auto-choosing col-wise multi-threading, the overhead of testing was 0.671992 seconds.
You can set `force_col_wise=true` to remove the overhead.
[LightGBM] [Info] Total Bins 7226
[LightGBM] [Info] Number of data points in the train set: 94577, number of used features: 35
[LightGBM] [Info] Start training from score 5741.990732
[LightGBM] [Info] Auto-choosing col-wise multi-threading, the overhead of testing was 0.488019 seconds.
You can set `force_col_wise=true` to remove the overhead.
[LightGBM] [Info] Total Bins 7226
[LightGBM] [Info] Number of data points in the train set: 94577, number of used features: 35
[LightGBM] [Info] Start training from score 5741.971133
[LightGBM] [Info] Auto-choosing col-wise multi-threading, the overhead of testing was 0.467776 seconds.
You can set `force_col_wise=true` to remove the overhead.
[LightGBM] [Info] Total Bins 7226
[LightGBM] [Info] Number of data points in the train set: 94577, number of used features: 35
[LightGBM] [Info] Start training from score 5741.952458
[LightGBM] [Info] Auto-choosing col-wise multi-threading, the overhead of testing was 0.645778 seconds.
You can set `force_col_wise=true` to remove the overhead.
[LightGBM] [Info] Total Bins 7226
[LightGBM] [Info] Number of data points in the train set: 94577, number of used features: 35
[LightGBM] [Info] Start training from score 5741.934694
[LightGBM] [Info] Auto-choosing col-wise multi-threading, the overhead of testing was 0.576408 seconds.
You can set `force_col_wise=true` to remove the overhead.
[LightGBM] [Info] Total Bins 7226
[LightGBM] [Info] Number of data points in the train set: 94577, number of used features: 35
[LightGBM] [Info] Start training from score 5741.915994
[LightGBM] [Info] Auto-choosing col-wise multi-threading, the overhead of testing was 0.436944 seconds.
You can set `force_col_wise=true` to remove the overhead.
[LightGBM] [Info] Total Bins 7226
[LightGBM] [Info] Number of data points in the train set: 94577, number of used features: 35
[LightGBM] [Info] Start training from score 5741.891819
[LightGBM] [Info] Auto-choosing col-wise multi-threading, the overhead of testing was 0.443105 seconds.
You can set `force_col_wise=true` to remove the overhead.
[LightGBM] [Info] Total Bins 7226
[LightGBM] [Info] Number of data points in the train set: 94577, number of used features: 35
[LightGBM] [Info] Start training from score 5741.866229
[LightGBM] [Info] Auto-choosing col-wise multi-threading, the overhead of testing was 0.439231 seconds.
You can set `force_col_wise=true` to remove the overhead.
[LightGBM] [Info] Total Bins 7226
[LightGBM] [Info] Number of data points in the train set: 94577, number of used features: 35
[LightGBM] [Info] Start training from score 5741.837549
[LightGBM] [Info] Auto-choosing col-wise multi-threading, the overhead of testing was 0.361346 seconds.
You can set `force_col_wise=true` to remove the overhead.
[LightGBM] [Info] Total Bins 7226
[LightGBM] [Info] Number of data points in the train set: 94577, number of used features: 35
[LightGBM] [Info] Start training from score 5741.809589
[LightGBM] [Info] Auto-choosing col-wise multi-threading, the overhead of testing was 0.379592 seconds.
You can set `force_col_wise=true` to remove the overhead.
[LightGBM] [Info] Total Bins 7226
[LightGBM] [Info] Number of data points in the train set: 94577, number of used features: 35
[LightGBM] [Info] Start training from score 5741.784378
[LightGBM] [Info] Auto-choosing col-wise multi-threading, the overhead of testing was 0.587932 seconds.
You can set `force_col_wise=true` to remove the overhead.
[LightGBM] [Info] Total Bins 7226
[LightGBM] [Info] Number of data points in the train set: 94577, number of used features: 35
[LightGBM] [Info] Start training from score 5741.761252
   [fit] key=2025-W44 cutoff=2025-10-27 11:00:00  (block 28/61)
[LightGBM] [Info] Auto-choosing col-wise multi-threading, the overhead of testing was 0.471433 seconds.
You can set `force_col_wise=true` to remove the overhead.
[LightGBM] [Info] Total Bins 7226
[LightGBM] [Info] Number of data points in the train set: 94745, number of used features: 35
[LightGBM] [Info] Start training from score 5741.292406
[LightGBM] [Info] Auto-choosing col-wise multi-threading, the overhead of testing was 0.472045 seconds.
You can set `force_col_wise=true` to remove the overhead.
[LightGBM] [Info] Total Bins 7226
[LightGBM] [Info] Number of data points in the train set: 94745, number of used features: 35
[LightGBM] [Info] Start training from score 5741.271179
[LightGBM] [Info] Auto-choosing col-wise multi-threading, the overhead of testing was 0.375827 seconds.
You can set `force_col_wise=true` to remove the overhead.
[LightGBM] [Info] Total Bins 7226
[LightGBM] [Info] Number of data points in the train set: 94745, number of used features: 35
[LightGBM] [Info] Auto-choosing col-wise multi-threading, the overhead of testing was 0.395867 seconds.
You can set `force_col_wise=true` to remove the overhead.
[LightGBM] [Info] Total Bins 7226
[LightGBM] [Info] Start training from score 5741.156059
[LightGBM] [Info] Number of data points in the train set: 94745, number of used features: 35
[LightGBM] [Info] Auto-choosing col-wise multi-threading, the overhead of testing was 0.466446 seconds.
You can set `force_col_wise=true` to remove the overhead.
[LightGBM] [Info] Start training from score 5741.231361
[LightGBM] [Info] Total Bins 7226
[LightGBM] [Info] Number of data points in the train set: 94745, number of used features: 35
[LightGBM] [Info] Start training from score 5741.003658
[LightGBM] [Info] Auto-choosing col-wise multi-threading, the overhead of testing was 0.522570 seconds.
You can set `force_col_wise=true` to remove the overhead.
[LightGBM] [Info] Total Bins 7226
[LightGBM] [Info] Auto-choosing col-wise multi-threading, the overhead of testing was 0.584288 seconds.
You can set `force_col_wise=true` to remove the overhead.
[LightGBM] [Info] Total Bins 7226
[LightGBM] [Info] Number of data points in the train set: 94745, number of used features: 35
[LightGBM] [Info] Start training from score 5741.250767
[LightGBM] [Info] Auto-choosing col-wise multi-threading, the overhead of testing was 0.624853 seconds.
You can set `force_col_wise=true` to remove the overhead.
[LightGBM] [Info] Total Bins 7226
[LightGBM] [Info] Number of data points in the train set: 94745, number of used features: 35
[LightGBM] [Info] Auto-choosing col-wise multi-threading, the overhead of testing was 0.672648 seconds.
You can set `force_col_wise=true` to remove the overhead.
[LightGBM] [Info] Total Bins 7226
[LightGBM] [Info] Start training from score 5741.121072
[LightGBM] [Info] Number of data points in the train set: 94745, number of used features: 35
[LightGBM] [Info] Number of data points in the train set: 94745, number of used features: 35
[LightGBM] [Info] Start training from score 5741.211941
[LightGBM] [Info] Start training from score 5741.042827
[LightGBM] [Info] Auto-choosing col-wise multi-threading, the overhead of testing was 0.740963 seconds.
You can set `force_col_wise=true` to remove the overhead.
[LightGBM] [Info] Total Bins 7226
[LightGBM] [Info] Auto-choosing col-wise multi-threading, the overhead of testing was 0.766390 seconds.
You can set `force_col_wise=true` to remove the overhead.
[LightGBM] [Info] Total Bins 7226
[LightGBM] [Info] Number of data points in the train set: 94745, number of used features: 35
[LightGBM] [Info] Start training from score 5740.890525
[LightGBM] [Info] Number of data points in the train set: 94745, number of used features: 35
[LightGBM] [Info] Start training from score 5740.850163
[LightGBM] [Info] Auto-choosing col-wise multi-threading, the overhead of testing was 0.678176 seconds.
You can set `force_col_wise=true` to remove the overhead.
[LightGBM] [Info] Total Bins 7226
[LightGBM] [Info] Auto-choosing col-wise multi-threading, the overhead of testing was 0.730614 seconds.
You can set `force_col_wise=true` to remove the overhead.
[LightGBM] [Info] Total Bins 7226
[LightGBM] [Info] Number of data points in the train set: 94745, number of used features: 35
[LightGBM] [Info] Auto-choosing col-wise multi-threading, the overhead of testing was 0.634493 seconds.
You can set `force_col_wise=true` to remove the overhead.
[LightGBM] [Info] Total Bins 7226
[LightGBM] [Info] Start training from score 5741.082463
[LightGBM] [Info] Number of data points in the train set: 94745, number of used features: 35
[LightGBM] [Info] Start training from score 5741.188202
[LightGBM] [Info] Auto-choosing col-wise multi-threading, the overhead of testing was 0.614290 seconds.
You can set `force_col_wise=true` to remove the overhead.
[LightGBM] [Info] Total Bins 7226
[LightGBM] [Info] Number of data points in the train set: 94745, number of used features: 35
[LightGBM] [Info] Start training from score 5740.927768
[LightGBM] [Info] Number of data points in the train set: 94745, number of used features: 35
[LightGBM] [Info] Start training from score 5740.810379
[LightGBM] [Info] Auto-choosing col-wise multi-threading, the overhead of testing was 0.514999 seconds.
You can set `force_col_wise=true` to remove the overhead.
[LightGBM] [Info] Total Bins 7226
[LightGBM] [Info] Number of data points in the train set: 94745, number of used features: 35
[LightGBM] [Info] Start training from score 5740.965868
[LightGBM] [Info] Auto-choosing col-wise multi-threading, the overhead of testing was 0.453674 seconds.
You can set `force_col_wise=true` to remove the overhead.
[LightGBM] [Info] Total Bins 7226
[LightGBM] [Info] Number of data points in the train set: 94745, number of used features: 35
[LightGBM] [Info] Start training from score 5740.731516
[LightGBM] [Info] Auto-choosing col-wise multi-threading, the overhead of testing was 0.497022 seconds.
You can set `force_col_wise=true` to remove the overhead.
[LightGBM] [Info] Total Bins 7226
[LightGBM] [Info] Number of data points in the train set: 94745, number of used features: 35
[LightGBM] [Info] Start training from score 5740.772173
[LightGBM] [Info] Auto-choosing col-wise multi-threading, the overhead of testing was 0.550187 seconds.
You can set `force_col_wise=true` to remove the overhead.
[LightGBM] [Info] Total Bins 7226
[LightGBM] [Info] Number of data points in the train set: 94745, number of used features: 35
[LightGBM] [Info] Start training from score 5740.690444
[LightGBM] [Info] Auto-choosing col-wise multi-threading, the overhead of testing was 0.378679 seconds.
You can set `force_col_wise=true` to remove the overhead.
[LightGBM] [Info] Total Bins 7226
[LightGBM] [Info] Number of data points in the train set: 94745, number of used features: 35
[LightGBM] [Info] Start training from score 5740.582308
[LightGBM] [Info] Auto-choosing col-wise multi-threading, the overhead of testing was 0.463282 seconds.
You can set `force_col_wise=true` to remove the overhead.
[LightGBM] [Info] Total Bins 7226
[LightGBM] [Info] Auto-choosing col-wise multi-threading, the overhead of testing was 0.414378 seconds.
You can set `force_col_wise=true` to remove the overhead.
[LightGBM] [Info] Total Bins 7226
[LightGBM] [Info] Number of data points in the train set: 94745, number of used features: 35
[LightGBM] [Info] Number of data points in the train set: 94745, number of used features: 35
[LightGBM] [Info] Start training from score 5740.649977
[LightGBM] [Info] Start training from score 5740.613716
[LightGBM] [Info] Auto-choosing col-wise multi-threading, the overhead of testing was 0.544930 seconds.
You can set `force_col_wise=true` to remove the overhead.
[LightGBM] [Info] Total Bins 7226
[LightGBM] [Info] Number of data points in the train set: 94745, number of used features: 35
[LightGBM] [Info] Start training from score 5740.553738
[LightGBM] [Info] Auto-choosing col-wise multi-threading, the overhead of testing was 0.398944 seconds.
You can set `force_col_wise=true` to remove the overhead.
[LightGBM] [Info] Total Bins 7226
[LightGBM] [Info] Number of data points in the train set: 94745, number of used features: 35
[LightGBM] [Info] Start training from score 5740.529119
[LightGBM] [Info] Auto-choosing col-wise multi-threading, the overhead of testing was 0.414084 seconds.
You can set `force_col_wise=true` to remove the overhead.
[LightGBM] [Info] Total Bins 7226
[LightGBM] [Info] Number of data points in the train set: 94745, number of used features: 35
[LightGBM] [Info] Start training from score 5740.508010
[LightGBM] [Info] Auto-choosing col-wise multi-threading, the overhead of testing was 0.673347 seconds.
You can set `force_col_wise=true` to remove the overhead.
[LightGBM] [Info] Total Bins 7226
[LightGBM] [Info] Number of data points in the train set: 94745, number of used features: 35
[LightGBM] [Info] Start training from score 5740.486542
[LightGBM] [Info] Auto-choosing col-wise multi-threading, the overhead of testing was 0.402509 seconds.
You can set `force_col_wise=true` to remove the overhead.
[LightGBM] [Info] Total Bins 7226
[LightGBM] [Info] Number of data points in the train set: 94745, number of used features: 35
[LightGBM] [Info] Start training from score 5740.466419
[LightGBM] [Info] Auto-choosing col-wise multi-threading, the overhead of testing was 0.417258 seconds.
You can set `force_col_wise=true` to remove the overhead.
[LightGBM] [Info] Total Bins 7226
[LightGBM] [Info] Number of data points in the train set: 94745, number of used features: 35
[LightGBM] [Info] Start training from score 5740.447312
[LightGBM] [Info] Auto-choosing col-wise multi-threading, the overhead of testing was 0.406391 seconds.
You can set `force_col_wise=true` to remove the overhead.
[LightGBM] [Info] Total Bins 7226
[LightGBM] [Info] Number of data points in the train set: 94745, number of used features: 35
[LightGBM] [Info] Start training from score 5740.429210
[LightGBM] [Info] Auto-choosing col-wise multi-threading, the overhead of testing was 0.450733 seconds.
You can set `force_col_wise=true` to remove the overhead.
[LightGBM] [Info] Total Bins 7226
[LightGBM] [Info] Number of data points in the train set: 94745, number of used features: 35
[LightGBM] [Info] Start training from score 5740.411092
[LightGBM] [Info] Auto-choosing col-wise multi-threading, the overhead of testing was 0.567835 seconds.
You can set `force_col_wise=true` to remove the overhead.
[LightGBM] [Info] Total Bins 7226
[LightGBM] [Info] Number of data points in the train set: 94745, number of used features: 35
[LightGBM] [Info] Start training from score 5740.388892
[LightGBM] [Info] Auto-choosing col-wise multi-threading, the overhead of testing was 0.522517 seconds.
You can set `force_col_wise=true` to remove the overhead.
[LightGBM] [Info] Total Bins 7226
[LightGBM] [Info] Number of data points in the train set: 94745, number of used features: 35
[LightGBM] [Info] Start training from score 5740.365215
[LightGBM] [Info] Auto-choosing col-wise multi-threading, the overhead of testing was 0.321168 seconds.
You can set `force_col_wise=true` to remove the overhead.
[LightGBM] [Info] Total Bins 7226
[LightGBM] [Info] Number of data points in the train set: 94745, number of used features: 35
[LightGBM] [Info] Start training from score 5740.337642
[LightGBM] [Info] Auto-choosing col-wise multi-threading, the overhead of testing was 0.431260 seconds.
You can set `force_col_wise=true` to remove the overhead.
[LightGBM] [Info] Total Bins 7226
[LightGBM] [Info] Number of data points in the train set: 94745, number of used features: 35
[LightGBM] [Info] Start training from score 5740.309573
[LightGBM] [Info] Auto-choosing col-wise multi-threading, the overhead of testing was 0.347755 seconds.
You can set `force_col_wise=true` to remove the overhead.
[LightGBM] [Info] Total Bins 7226
[LightGBM] [Info] Number of data points in the train set: 94745, number of used features: 35
[LightGBM] [Info] Start training from score 5740.282179
[LightGBM] [Info] Auto-choosing col-wise multi-threading, the overhead of testing was 0.634393 seconds.
You can set `force_col_wise=true` to remove the overhead.
[LightGBM] [Info] Total Bins 7226
[LightGBM] [Info] Number of data points in the train set: 94745, number of used features: 35
[LightGBM] [Info] Start training from score 5740.256192
   [fit] key=2025-W45 cutoff=2025-11-03 11:00:00  (block 35/61)
[LightGBM] [Info] Auto-choosing col-wise multi-threading, the overhead of testing was 0.431921 seconds.
You can set `force_col_wise=true` to remove the overhead.
[LightGBM] [Info] Total Bins 7226
[LightGBM] [Info] Number of data points in the train set: 94913, number of used features: 35
[LightGBM] [Info] Start training from score 5739.851803
[LightGBM] [Info] Auto-choosing col-wise multi-threading, the overhead of testing was 0.415516 seconds.
You can set `force_col_wise=true` to remove the overhead.
[LightGBM] [Info] Total Bins 7226
[LightGBM] [Info] Number of data points in the train set: 94913, number of used features: 35
[LightGBM] [Info] Start training from score 5739.740138
[LightGBM] [Info] Auto-choosing col-wise multi-threading, the overhead of testing was 0.402892 seconds.
You can set `force_col_wise=true` to remove the overhead.
[LightGBM] [Info] Auto-choosing col-wise multi-threading, the overhead of testing was 0.418351 seconds.
You can set `force_col_wise=true` to remove the overhead.
[LightGBM] [Info] Total Bins 7226
[LightGBM] [Info] Total Bins 7226
[LightGBM] [Info] Number of data points in the train set: 94913, number of used features: 35
[LightGBM] [Info] Number of data points in the train set: 94913, number of used features: 35
[LightGBM] [Info] Auto-choosing col-wise multi-threading, the overhead of testing was 0.423471 seconds.
You can set `force_col_wise=true` to remove the overhead.
[LightGBM] [Info] Start training from score 5740.004773
[LightGBM] [Info] Total Bins 7226
[LightGBM] [Info] Start training from score 5740.133427
[LightGBM] [Info] Number of data points in the train set: 94913, number of used features: 35
[LightGBM] [Info] Start training from score 5740.174550
[LightGBM] [Info] Auto-choosing col-wise multi-threading, the overhead of testing was 0.421704 seconds.
You can set `force_col_wise=true` to remove the overhead.
[LightGBM] [Info] Total Bins 7226
[LightGBM] [Info] Auto-choosing col-wise multi-threading, the overhead of testing was 0.419609 seconds.
You can set `force_col_wise=true` to remove the overhead.
[LightGBM] [Info] Total Bins 7226
[LightGBM] [Info] Number of data points in the train set: 94913, number of used features: 35
[LightGBM] [Info] Start training from score 5739.814571
[LightGBM] [Info] Number of data points in the train set: 94913, number of used features: 35
[LightGBM] [Info] Start training from score 5739.966400
[LightGBM] [Info] Auto-choosing col-wise multi-threading, the overhead of testing was 0.428265 seconds.
You can set `force_col_wise=true` to remove the overhead.
[LightGBM] [Info] Total Bins 7226
[LightGBM] [Info] Number of data points in the train set: 94913, number of used features: 35
[LightGBM] [Info] Start training from score 5740.094596
[LightGBM] [Info] Auto-choosing col-wise multi-threading, the overhead of testing was 0.447966 seconds.
You can set `force_col_wise=true` to remove the overhead.
[LightGBM] [Info] Total Bins 7226
[LightGBM] [Info] Number of data points in the train set: 94913, number of used features: 35
[LightGBM] [Info] Start training from score 5740.039360
[LightGBM] [Info] Auto-choosing col-wise multi-threading, the overhead of testing was 0.476140 seconds.
You can set `force_col_wise=true` to remove the overhead.
[LightGBM] [Info] Total Bins 7226
[LightGBM] [Info] Number of data points in the train set: 94913, number of used features: 35
[LightGBM] [Info] Start training from score 5740.071362
[LightGBM] [Info] Auto-choosing col-wise multi-threading, the overhead of testing was 0.520831 seconds.
You can set `force_col_wise=true` to remove the overhead.
[LightGBM] [Info] Total Bins 7226
[LightGBM] [Info] Number of data points in the train set: 94913, number of used features: 35
[LightGBM] [Info] Start training from score 5739.888482
[LightGBM] [Info] Auto-choosing col-wise multi-threading, the overhead of testing was 0.592446 seconds.
You can set `force_col_wise=true` to remove the overhead.
[LightGBM] [Info] Total Bins 7226
[LightGBM] [Info] Number of data points in the train set: 94913, number of used features: 35
[LightGBM] [Info] Auto-choosing col-wise multi-threading, the overhead of testing was 0.620941 seconds.
You can set `force_col_wise=true` to remove the overhead.
[LightGBM] [Info] Auto-choosing col-wise multi-threading, the overhead of testing was 0.642201 seconds.
You can set `force_col_wise=true` to remove the overhead.
[LightGBM] [Info] Total Bins 7226
[LightGBM] [Info] Start training from score 5740.153971
[LightGBM] [Info] Auto-choosing col-wise multi-threading, the overhead of testing was 0.614564 seconds.
You can set `force_col_wise=true` to remove the overhead.[LightGBM] [Info] 
Total Bins 7226
[LightGBM] [Info] Total Bins 7226
[LightGBM] [Info] Number of data points in the train set: 94913, number of used features: 35
[LightGBM] [Info] Start training from score 5739.778869
[LightGBM] [Info] Number of data points in the train set: 94913, number of used features: 35
[LightGBM] [Info] Auto-choosing col-wise multi-threading, the overhead of testing was 0.652317 seconds.
You can set `force_col_wise=true` to remove the overhead.
[LightGBM] [Info] Start training from score 5739.926898
[LightGBM] [Info] Number of data points in the train set: 94913, number of used features: 35
[LightGBM] [Info] Total Bins 7226
[LightGBM] [Info] Start training from score 5739.701678
[LightGBM] [Info] Number of data points in the train set: 94913, number of used features: 35
[LightGBM] [Info] Start training from score 5740.113950
[LightGBM] [Info] Auto-choosing col-wise multi-threading, the overhead of testing was 0.470632 seconds.
You can set `force_col_wise=true` to remove the overhead.
[LightGBM] [Info] Total Bins 7226
[LightGBM] [Info] Number of data points in the train set: 94913, number of used features: 35
[LightGBM] [Info] Start training from score 5739.665678
[LightGBM] [Info] Auto-choosing col-wise multi-threading, the overhead of testing was 0.550886 seconds.
You can set `force_col_wise=true` to remove the overhead.
[LightGBM] [Info] Total Bins 7226
[LightGBM] [Info] Number of data points in the train set: 94913, number of used features: 35
[LightGBM] [Info] Start training from score 5739.585022
[LightGBM] [Info] Auto-choosing col-wise multi-threading, the overhead of testing was 0.415017 seconds.
You can set `force_col_wise=true` to remove the overhead.
[LightGBM] [Info] Total Bins 7226
[LightGBM] [Info] Number of data points in the train set: 94913, number of used features: 35
[LightGBM] [Info] Start training from score 5739.625968
[LightGBM] [Info] Auto-choosing col-wise multi-threading, the overhead of testing was 0.471857 seconds.
You can set `force_col_wise=true` to remove the overhead.
[LightGBM] [Info] Total Bins 7226
[LightGBM] [Info] Number of data points in the train set: 94913, number of used features: 35
[LightGBM] [Info] Start training from score 5739.545648
[LightGBM] [Info] Auto-choosing col-wise multi-threading, the overhead of testing was 0.501449 seconds.
You can set `force_col_wise=true` to remove the overhead.
[LightGBM] [Info] Total Bins 7226
[LightGBM] [Info] Number of data points in the train set: 94913, number of used features: 35
[LightGBM] [Info] Start training from score 5739.510241
[LightGBM] [Info] Auto-choosing col-wise multi-threading, the overhead of testing was 0.458335 seconds.
You can set `force_col_wise=true` to remove the overhead.
[LightGBM] [Info] Total Bins 7226
[LightGBM] [Info] Number of data points in the train set: 94913, number of used features: 35
[LightGBM] [Info] Start training from score 5739.479479
[LightGBM] [Info] Auto-choosing col-wise multi-threading, the overhead of testing was 0.426194 seconds.
You can set `force_col_wise=true` to remove the overhead.
[LightGBM] [Info] Total Bins 7226
[LightGBM] [Info] Number of data points in the train set: 94913, number of used features: 35
[LightGBM] [Info] Start training from score 5739.451391
[LightGBM] [Info] Auto-choosing col-wise multi-threading, the overhead of testing was 0.464110 seconds.
You can set `force_col_wise=true` to remove the overhead.
[LightGBM] [Info] Total Bins 7226
[LightGBM] [Info] Number of data points in the train set: 94913, number of used features: 35
[LightGBM] [Info] Start training from score 5739.426827
[LightGBM] [Info] Auto-choosing col-wise multi-threading, the overhead of testing was 0.430475 seconds.
You can set `force_col_wise=true` to remove the overhead.
[LightGBM] [Info] Total Bins 7226
[LightGBM] [Info] Number of data points in the train set: 94913, number of used features: 35
[LightGBM] [Info] Start training from score 5739.405797
[LightGBM] [Info] Auto-choosing col-wise multi-threading, the overhead of testing was 0.614352 seconds.
You can set `force_col_wise=true` to remove the overhead.
[LightGBM] [Info] Total Bins 7226
[LightGBM] [Info] Number of data points in the train set: 94913, number of used features: 35
[LightGBM] [Info] Start training from score 5739.384398
[LightGBM] [Info] Auto-choosing col-wise multi-threading, the overhead of testing was 0.435653 seconds.
You can set `force_col_wise=true` to remove the overhead.
[LightGBM] [Info] Total Bins 7226
[LightGBM] [Info] Number of data points in the train set: 94913, number of used features: 35
[LightGBM] [Info] Start training from score 5739.364775
[LightGBM] [Info] Auto-choosing col-wise multi-threading, the overhead of testing was 0.598063 seconds.
You can set `force_col_wise=true` to remove the overhead.
[LightGBM] [Info] Total Bins 7226
[LightGBM] [Info] Number of data points in the train set: 94913, number of used features: 35
[LightGBM] [Info] Start training from score 5739.346197
[LightGBM] [Info] Auto-choosing col-wise multi-threading, the overhead of testing was 0.591541 seconds.
You can set `force_col_wise=true` to remove the overhead.
[LightGBM] [Info] Total Bins 7226
[LightGBM] [Info] Number of data points in the train set: 94913, number of used features: 35
[LightGBM] [Info] Start training from score 5739.328454
[LightGBM] [Info] Auto-choosing col-wise multi-threading, the overhead of testing was 0.428331 seconds.
You can set `force_col_wise=true` to remove the overhead.
[LightGBM] [Info] Total Bins 7226
[LightGBM] [Info] Number of data points in the train set: 94913, number of used features: 35
[LightGBM] [Info] Start training from score 5739.310178
[LightGBM] [Info] Auto-choosing col-wise multi-threading, the overhead of testing was 0.459215 seconds.
You can set `force_col_wise=true` to remove the overhead.
[LightGBM] [Info] Total Bins 7226
[LightGBM] [Info] Number of data points in the train set: 94913, number of used features: 35
[LightGBM] [Info] Start training from score 5739.286690
[LightGBM] [Info] Auto-choosing col-wise multi-threading, the overhead of testing was 0.424729 seconds.
You can set `force_col_wise=true` to remove the overhead.
[LightGBM] [Info] Total Bins 7226
[LightGBM] [Info] Number of data points in the train set: 94913, number of used features: 35
[LightGBM] [Info] Start training from score 5739.262338
[LightGBM] [Info] Auto-choosing col-wise multi-threading, the overhead of testing was 0.347561 seconds.
You can set `force_col_wise=true` to remove the overhead.
[LightGBM] [Info] Total Bins 7226
[LightGBM] [Info] Number of data points in the train set: 94913, number of used features: 35
[LightGBM] [Info] Start training from score 5739.236531
[LightGBM] [Info] Auto-choosing col-wise multi-threading, the overhead of testing was 0.341318 seconds.
You can set `force_col_wise=true` to remove the overhead.
[LightGBM] [Info] Total Bins 7226
[LightGBM] [Info] Number of data points in the train set: 94913, number of used features: 35
[LightGBM] [Info] Start training from score 5739.211610
[LightGBM] [Info] Auto-choosing col-wise multi-threading, the overhead of testing was 0.420850 seconds.
You can set `force_col_wise=true` to remove the overhead.
[LightGBM] [Info] Total Bins 7226
[LightGBM] [Info] Number of data points in the train set: 94913, number of used features: 35
[LightGBM] [Info] Start training from score 5739.166804
[LightGBM] [Info] Auto-choosing col-wise multi-threading, the overhead of testing was 0.381155 seconds.
You can set `force_col_wise=true` to remove the overhead.
[LightGBM] [Info] Total Bins 7226
[LightGBM] [Info] Number of data points in the train set: 94913, number of used features: 35
[LightGBM] [Info] Start training from score 5739.188542
   [fit] key=2025-W46 cutoff=2025-11-10 11:00:00  (block 42/61)
[LightGBM] [Info] Auto-choosing col-wise multi-threading, the overhead of testing was 0.387244 seconds.
You can set `force_col_wise=true` to remove the overhead.
[LightGBM] [Info] Total Bins 7226
[LightGBM] [Info] Number of data points in the train set: 95081, number of used features: 35
[LightGBM] [Info] Start training from score 5738.829275
[LightGBM] [Info] Auto-choosing col-wise multi-threading, the overhead of testing was 0.512713 seconds.
You can set `force_col_wise=true` to remove the overhead.
[LightGBM] [Info] Total Bins 7226
[LightGBM] [Info] Auto-choosing col-wise multi-threading, the overhead of testing was 0.511665 seconds.
You can set `force_col_wise=true` to remove the overhead.
[LightGBM] [Info] Total Bins 7226
[LightGBM] [Info] Auto-choosing col-wise multi-threading, the overhead of testing was 0.525243 seconds.
You can set `force_col_wise=true` to remove the overhead.
[LightGBM] [Info] Total Bins 7226
[LightGBM] [Info] Number of data points in the train set: 95081, number of used features: 35
[LightGBM] [Info] Number of data points in the train set: 95081, number of used features: 35
[LightGBM] [Info] Start training from score 5738.935877
[LightGBM] [Info] Start training from score 5738.917238
[LightGBM] [Info] Number of data points in the train set: 95081, number of used features: 35
[LightGBM] [Info] Start training from score 5738.860013
[LightGBM] [Info] Auto-choosing col-wise multi-threading, the overhead of testing was 0.511441 seconds.
You can set `force_col_wise=true` to remove the overhead.
[LightGBM] [Info] Total Bins 7226
[LightGBM] [Info] Number of data points in the train set: 95081, number of used features: 35
[LightGBM] [Info] Start training from score 5738.899597
[LightGBM] [Info] Auto-choosing col-wise multi-threading, the overhead of testing was 0.622728 seconds.
You can set `force_col_wise=true` to remove the overhead.
[LightGBM] [Info] Total Bins 7226
[LightGBM] [Info] Auto-choosing col-wise multi-threading, the overhead of testing was 0.568505 seconds.
You can set `force_col_wise=true` to remove the overhead.
[LightGBM] [Info] Total Bins 7226
[LightGBM] [Info] Number of data points in the train set: 95081, number of used features: 35
[LightGBM] [Info] Number of data points in the train set: 95081, number of used features: 35
[LightGBM] [Info] Start training from score 5738.794754
[LightGBM] [Info] Start training from score 5738.482979
[LightGBM] [Info] Auto-choosing col-wise multi-threading, the overhead of testing was 0.550087 seconds.
You can set `force_col_wise=true` to remove the overhead.
[LightGBM] [Info] Total Bins 7226
[LightGBM] [Info] Number of data points in the train set: 95081, number of used features: 35
[LightGBM] [Info] Start training from score 5738.562629
[LightGBM] [Info] Auto-choosing col-wise multi-threading, the overhead of testing was 0.525493 seconds.
You can set `force_col_wise=true` to remove the overhead.
[LightGBM] [Info] Total Bins 7226
[LightGBM] [Info] Number of data points in the train set: 95081, number of used features: 35
[LightGBM] [Info] Start training from score 5738.954847
[LightGBM] [Info] Auto-choosing col-wise multi-threading, the overhead of testing was 0.550465 seconds.
You can set `force_col_wise=true` to remove the overhead.
[LightGBM] [Info] Total Bins 7226
[LightGBM] [Info] Number of data points in the train set: 95081, number of used features: 35
[LightGBM] [Info] Auto-choosing col-wise multi-threading, the overhead of testing was 0.572562 seconds.
You can set `force_col_wise=true` to remove the overhead.
[LightGBM] [Info] Start training from score 5738.715444
[LightGBM] [Info] Total Bins 7226
[LightGBM] [Info] Auto-choosing col-wise multi-threading, the overhead of testing was 0.560015 seconds.
You can set `force_col_wise=true` to remove the overhead.
[LightGBM] [Info] Total Bins 7226
[LightGBM] [Info] Auto-choosing col-wise multi-threading, the overhead of testing was 0.537068 seconds.
You can set `force_col_wise=true` to remove the overhead.
[LightGBM] [Info] Total Bins 7226
[LightGBM] [Info] Number of data points in the train set: 95081, number of used features: 35
[LightGBM] [Info] Start training from score 5738.637571
[LightGBM] [Info] Number of data points in the train set: 95081, number of used features: 35
[LightGBM] [Info] Auto-choosing col-wise multi-threading, the overhead of testing was 0.546968 seconds.
You can set `force_col_wise=true` to remove the overhead.
[LightGBM] [Info] Auto-choosing col-wise multi-threading, the overhead of testing was 0.565213 seconds.
You can set `force_col_wise=true` to remove the overhead.
[LightGBM] [Info] Number of data points in the train set: 95081, number of used features: 35
[LightGBM] [Info] Total Bins 7226
[LightGBM] [Info] Total Bins 7226
[LightGBM] [Info] Start training from score 5738.599684
[LightGBM] [Info] Start training from score 5738.675914
[LightGBM] [Info] Number of data points in the train set: 95081, number of used features: 35
[LightGBM] [Info] Number of data points in the train set: 95081, number of used features: 35
[LightGBM] [Info] Start training from score 5738.755816
[LightGBM] [Info] Start training from score 5738.522196
[LightGBM] [Info] Auto-choosing col-wise multi-threading, the overhead of testing was 0.529995 seconds.
You can set `force_col_wise=true` to remove the overhead.
[LightGBM] [Info] Total Bins 7226
[LightGBM] [Info] Number of data points in the train set: 95081, number of used features: 35
[LightGBM] [Info] Start training from score 5738.881747
[LightGBM] [Info] Auto-choosing col-wise multi-threading, the overhead of testing was 0.489471 seconds.
You can set `force_col_wise=true` to remove the overhead.
[LightGBM] [Info] Total Bins 7226
[LightGBM] [Info] Number of data points in the train set: 95081, number of used features: 35
[LightGBM] [Info] Start training from score 5738.445113
[LightGBM] [Info] Auto-choosing col-wise multi-threading, the overhead of testing was 0.487052 seconds.
You can set `force_col_wise=true` to remove the overhead.
[LightGBM] [Info] Total Bins 7226
[LightGBM] [Info] Number of data points in the train set: 95081, number of used features: 35
[LightGBM] [Info] Start training from score 5738.405144
[LightGBM] [Info] Auto-choosing col-wise multi-threading, the overhead of testing was 0.491384 seconds.
You can set `force_col_wise=true` to remove the overhead.
[LightGBM] [Info] Total Bins 7226
[LightGBM] [Info] Number of data points in the train set: 95081, number of used features: 35
[LightGBM] [Info] Start training from score 5738.365401
[LightGBM] [Info] Auto-choosing col-wise multi-threading, the overhead of testing was 0.475271 seconds.
You can set `force_col_wise=true` to remove the overhead.
[LightGBM] [Info] Total Bins 7226
[LightGBM] [Info] Number of data points in the train set: 95081, number of used features: 35
[LightGBM] [Info] Start training from score 5738.326793
[LightGBM] [Info] Auto-choosing col-wise multi-threading, the overhead of testing was 0.476637 seconds.
You can set `force_col_wise=true` to remove the overhead.
[LightGBM] [Info] Total Bins 7226
[LightGBM] [Info] Number of data points in the train set: 95081, number of used features: 35
[LightGBM] [Info] Start training from score 5738.293908
[LightGBM] [Info] Auto-choosing col-wise multi-threading, the overhead of testing was 0.419071 seconds.
You can set `force_col_wise=true` to remove the overhead.
[LightGBM] [Info] Total Bins 7226
[LightGBM] [Info] Number of data points in the train set: 95081, number of used features: 35
[LightGBM] [Info] Start training from score 5738.265982
[LightGBM] [Info] Auto-choosing col-wise multi-threading, the overhead of testing was 0.431544 seconds.
You can set `force_col_wise=true` to remove the overhead.
[LightGBM] [Info] Total Bins 7226
[LightGBM] [Info] Number of data points in the train set: 95081, number of used features: 35
[LightGBM] [Info] Start training from score 5738.240515
[LightGBM] [Info] Auto-choosing col-wise multi-threading, the overhead of testing was 0.420418 seconds.
You can set `force_col_wise=true` to remove the overhead.
[LightGBM] [Info] Total Bins 7226
[LightGBM] [Info] Number of data points in the train set: 95081, number of used features: 35
[LightGBM] [Info] Start training from score 5738.215897
[LightGBM] [Info] Auto-choosing col-wise multi-threading, the overhead of testing was 0.490110 seconds.
You can set `force_col_wise=true` to remove the overhead.
[LightGBM] [Info] Total Bins 7226
[LightGBM] [Info] Number of data points in the train set: 95081, number of used features: 35
[LightGBM] [Info] Start training from score 5738.195240
[LightGBM] [Info] Auto-choosing col-wise multi-threading, the overhead of testing was 0.524255 seconds.
You can set `force_col_wise=true` to remove the overhead.
[LightGBM] [Info] Total Bins 7226
[LightGBM] [Info] Number of data points in the train set: 95081, number of used features: 35
[LightGBM] [Info] Start training from score 5738.174101
[LightGBM] [Info] Auto-choosing col-wise multi-threading, the overhead of testing was 0.659520 seconds.
You can set `force_col_wise=true` to remove the overhead.
[LightGBM] [Info] Total Bins 7226
[LightGBM] [Info] Number of data points in the train set: 95081, number of used features: 35
[LightGBM] [Info] Start training from score 5738.153786
[LightGBM] [Info] Auto-choosing col-wise multi-threading, the overhead of testing was 0.452367 seconds.
You can set `force_col_wise=true` to remove the overhead.
[LightGBM] [Info] Total Bins 7226
[LightGBM] [Info] Number of data points in the train set: 95081, number of used features: 35
[LightGBM] [Info] Start training from score 5738.134247
[LightGBM] [Info] Auto-choosing col-wise multi-threading, the overhead of testing was 0.541990 seconds.
You can set `force_col_wise=true` to remove the overhead.
[LightGBM] [Info] Total Bins 7226
[LightGBM] [Info] Number of data points in the train set: 95081, number of used features: 35
[LightGBM] [Info] Start training from score 5738.115378
[LightGBM] [Info] Auto-choosing col-wise multi-threading, the overhead of testing was 0.433108 seconds.
You can set `force_col_wise=true` to remove the overhead.
[LightGBM] [Info] Total Bins 7226
[LightGBM] [Info] Number of data points in the train set: 95081, number of used features: 35
[LightGBM] [Info] Start training from score 5738.096496
[LightGBM] [Info] Auto-choosing col-wise multi-threading, the overhead of testing was 0.447820 seconds.
You can set `force_col_wise=true` to remove the overhead.
[LightGBM] [Info] Total Bins 7226
[LightGBM] [Info] Number of data points in the train set: 95081, number of used features: 35
[LightGBM] [Info] Start training from score 5738.074290
[LightGBM] [Info] Auto-choosing col-wise multi-threading, the overhead of testing was 0.464668 seconds.
You can set `force_col_wise=true` to remove the overhead.
[LightGBM] [Info] Total Bins 7226
[LightGBM] [Info] Number of data points in the train set: 95081, number of used features: 35
[LightGBM] [Info] Start training from score 5738.052616
[LightGBM] [Info] Auto-choosing col-wise multi-threading, the overhead of testing was 0.452537 seconds.
You can set `force_col_wise=true` to remove the overhead.
[LightGBM] [Info] Total Bins 7226
[LightGBM] [Info] Number of data points in the train set: 95081, number of used features: 35
[LightGBM] [Info] Start training from score 5738.029376
[LightGBM] [Info] Auto-choosing col-wise multi-threading, the overhead of testing was 0.362699 seconds.
You can set `force_col_wise=true` to remove the overhead.
[LightGBM] [Info] Total Bins 7226
[LightGBM] [Info] Number of data points in the train set: 95081, number of used features: 35
[LightGBM] [Info] Start training from score 5738.008443
[LightGBM] [Info] Auto-choosing col-wise multi-threading, the overhead of testing was 0.341164 seconds.
You can set `force_col_wise=true` to remove the overhead.
[LightGBM] [Info] Total Bins 7226
[LightGBM] [Info] Number of data points in the train set: 95081, number of used features: 35
[LightGBM] [Info] Start training from score 5737.991387
[LightGBM] [Info] Auto-choosing col-wise multi-threading, the overhead of testing was 0.539338 seconds.
You can set `force_col_wise=true` to remove the overhead.
[LightGBM] [Info] Total Bins 7226
[LightGBM] [Info] Number of data points in the train set: 95081, number of used features: 35
[LightGBM] [Info] Start training from score 5737.978162
   [fit] key=2025-W47 cutoff=2025-11-17 11:00:00  (block 49/61)
[LightGBM] [Info] Auto-choosing col-wise multi-threading, the overhead of testing was 0.538389 seconds.
You can set `force_col_wise=true` to remove the overhead.
[LightGBM] [Info] Total Bins 7226
[LightGBM] [Info] Number of data points in the train set: 95249, number of used features: 35
[LightGBM] [Info] Start training from score 5737.797569
[LightGBM] [Info] Auto-choosing col-wise multi-threading, the overhead of testing was 0.536382 seconds.
You can set `force_col_wise=true` to remove the overhead.
[LightGBM] [Info] Total Bins 7226
[LightGBM] [Info] Number of data points in the train set: 95249, number of used features: 35
[LightGBM] [Info] Auto-choosing col-wise multi-threading, the overhead of testing was 0.562703 seconds.
You can set `force_col_wise=true` to remove the overhead.
[LightGBM] [Info] Total Bins 7226
[LightGBM] [Info] Start training from score 5737.837978
[LightGBM] [Info] Number of data points in the train set: 95249, number of used features: 35
[LightGBM] [Info] Start training from score 5737.671162
[LightGBM] [Info] Auto-choosing col-wise multi-threading, the overhead of testing was 0.542765 seconds.
You can set `force_col_wise=true` to remove the overhead.
[LightGBM] [Info] Total Bins 7226
[LightGBM] [Info] Number of data points in the train set: 95249, number of used features: 35
[LightGBM] [Info] Start training from score 5737.411573
[LightGBM] [Info] Auto-choosing col-wise multi-threading, the overhead of testing was 0.508624 seconds.
You can set `force_col_wise=true` to remove the overhead.
[LightGBM] [Info] Total Bins 7226
[LightGBM] [Info] Number of data points in the train set: 95249, number of used features: 35
[LightGBM] [Info] Start training from score 5737.705706
[LightGBM] [Info] Auto-choosing col-wise multi-threading, the overhead of testing was 0.498945 seconds.
You can set `force_col_wise=true` to remove the overhead.
[LightGBM] [Info] Total Bins 7226
[LightGBM] [Info] Auto-choosing col-wise multi-threading, the overhead of testing was 0.593946 seconds.
You can set `force_col_wise=true` to remove the overhead.
[LightGBM] [Info] Number of data points in the train set: 95249, number of used features: 35
[LightGBM] [Info] Total Bins 7226
[LightGBM] [Info] Start training from score 5737.736816
[LightGBM] [Info] Number of data points in the train set: 95249, number of used features: 35
[LightGBM] [Info] Start training from score 5737.778689
[LightGBM] [Info] Auto-choosing col-wise multi-threading, the overhead of testing was 0.703123 seconds.
You can set `force_col_wise=true` to remove the overhead.
[LightGBM] [Info] Total Bins 7226
[LightGBM] [Info] Number of data points in the train set: 95249, number of used features: 35
[LightGBM] [Info] Start training from score 5737.521254
[LightGBM] [Info] Auto-choosing col-wise multi-threading, the overhead of testing was 0.674924 seconds.
You can set `force_col_wise=true` to remove the overhead.
[LightGBM] [Info] Total Bins 7226
[LightGBM] [Info] Number of data points in the train set: 95249, number of used features: 35
[LightGBM] [Info] Start training from score 5737.557009
[LightGBM] [Info] Auto-choosing col-wise multi-threading, the overhead of testing was 0.670960 seconds.
You can set `force_col_wise=true` to remove the overhead.
[LightGBM] [Info] Total Bins 7226
[LightGBM] [Info] Auto-choosing col-wise multi-threading, the overhead of testing was 0.585205 seconds.
You can set `force_col_wise=true` to remove the overhead.
[LightGBM] [Info] Number of data points in the train set: 95249, number of used features: 35
[LightGBM] [Info] Total Bins 7226
[LightGBM] [Info] Auto-choosing col-wise multi-threading, the overhead of testing was 0.672180 seconds.
You can set `force_col_wise=true` to remove the overhead.
[LightGBM] [Info] Total Bins 7226
[LightGBM] [Info] Number of data points in the train set: 95249, number of used features: 35
[LightGBM] [Info] Number of data points in the train set: 95249, number of used features: 35
[LightGBM] [Info] Start training from score 5737.817309
[LightGBM] [Info] Start training from score 5737.759665
[LightGBM] [Info] Start training from score 5737.372585
[LightGBM] [Info] Auto-choosing col-wise multi-threading, the overhead of testing was 0.577978 seconds.
You can set `force_col_wise=true` to remove the overhead.
[LightGBM] [Info] Total Bins 7226
[LightGBM] [Info] Number of data points in the train set: 95249, number of used features: 35
[LightGBM] [Info] Start training from score 5737.633221
[LightGBM] [Info] Auto-choosing col-wise multi-threading, the overhead of testing was 0.489121 seconds.
You can set `force_col_wise=true` to remove the overhead.
[LightGBM] [Info] Total Bins 7226
[LightGBM] [Info] Number of data points in the train set: 95249, number of used features: 35
[LightGBM] [Info] Start training from score 5737.594616
[LightGBM] [Info] Auto-choosing col-wise multi-threading, the overhead of testing was 0.497365 seconds.
You can set `force_col_wise=true` to remove the overhead.
[LightGBM] [Info] Total Bins 7226
[LightGBM] [Info] Number of data points in the train set: 95249, number of used features: 35
[LightGBM] [Info] Auto-choosing col-wise multi-threading, the overhead of testing was 0.475562 seconds.
You can set `force_col_wise=true` to remove the overhead.
[LightGBM] [Info] Total Bins 7226
[LightGBM] [Info] Start training from score 5737.485901
[LightGBM] [Info] Number of data points in the train set: 95249, number of used features: 35
[LightGBM] [Info] Start training from score 5737.450682
[LightGBM] [Info] Auto-choosing col-wise multi-threading, the overhead of testing was 0.396045 seconds.
You can set `force_col_wise=true` to remove the overhead.
[LightGBM] [Info] Total Bins 7226
[LightGBM] [Info] Number of data points in the train set: 95249, number of used features: 35
[LightGBM] [Info] Start training from score 5737.335324
[LightGBM] [Info] Auto-choosing col-wise multi-threading, the overhead of testing was 0.392639 seconds.
You can set `force_col_wise=true` to remove the overhead.
[LightGBM] [Info] Total Bins 7226
[LightGBM] [Info] Number of data points in the train set: 95249, number of used features: 35
[LightGBM] [Info] Start training from score 5737.296005
[LightGBM] [Info] Auto-choosing col-wise multi-threading, the overhead of testing was 0.551176 seconds.
You can set `force_col_wise=true` to remove the overhead.
[LightGBM] [Info] Total Bins 7226
[LightGBM] [Info] Number of data points in the train set: 95249, number of used features: 35
[LightGBM] [Info] Start training from score 5737.255910
[LightGBM] [Info] Auto-choosing col-wise multi-threading, the overhead of testing was 0.553493 seconds.
You can set `force_col_wise=true` to remove the overhead.
[LightGBM] [Info] Total Bins 7226
[LightGBM] [Info] Number of data points in the train set: 95249, number of used features: 35
[LightGBM] [Info] Start training from score 5737.217772
[LightGBM] [Info] Auto-choosing col-wise multi-threading, the overhead of testing was 0.566804 seconds.
You can set `force_col_wise=true` to remove the overhead.
[LightGBM] [Info] Total Bins 7226
[LightGBM] [Info] Number of data points in the train set: 95249, number of used features: 35
[LightGBM] [Info] Start training from score 5737.184753
[LightGBM] [Info] Auto-choosing col-wise multi-threading, the overhead of testing was 0.702595 seconds.
You can set `force_col_wise=true` to remove the overhead.
[LightGBM] [Info] Total Bins 7226
[LightGBM] [Info] Number of data points in the train set: 95249, number of used features: 35
[LightGBM] [Info] Start training from score 5737.156960
[LightGBM] [Info] Auto-choosing col-wise multi-threading, the overhead of testing was 0.383468 seconds.
You can set `force_col_wise=true` to remove the overhead.
[LightGBM] [Info] Total Bins 7226
[LightGBM] [Info] Number of data points in the train set: 95249, number of used features: 35
[LightGBM] [Info] Start training from score 5737.130958
[LightGBM] [Info] Auto-choosing col-wise multi-threading, the overhead of testing was 0.408607 seconds.
You can set `force_col_wise=true` to remove the overhead.
[LightGBM] [Info] Total Bins 7226
[LightGBM] [Info] Number of data points in the train set: 95249, number of used features: 35
[LightGBM] [Info] Start training from score 5737.105929
[LightGBM] [Info] Auto-choosing col-wise multi-threading, the overhead of testing was 0.516769 seconds.
You can set `force_col_wise=true` to remove the overhead.
[LightGBM] [Info] Total Bins 7226
[LightGBM] [Info] Number of data points in the train set: 95249, number of used features: 35
[LightGBM] [Info] Start training from score 5737.084811
[LightGBM] [Info] Auto-choosing col-wise multi-threading, the overhead of testing was 0.614001 seconds.
You can set `force_col_wise=true` to remove the overhead.
[LightGBM] [Info] Total Bins 7226
[LightGBM] [Info] Number of data points in the train set: 95249, number of used features: 35
[LightGBM] [Info] Start training from score 5737.063603
[LightGBM] [Info] Auto-choosing col-wise multi-threading, the overhead of testing was 0.461877 seconds.
You can set `force_col_wise=true` to remove the overhead.
[LightGBM] [Info] Total Bins 7226
[LightGBM] [Info] Number of data points in the train set: 95249, number of used features: 35
[LightGBM] [Info] Start training from score 5737.043970
[LightGBM] [Info] Auto-choosing col-wise multi-threading, the overhead of testing was 0.575865 seconds.
You can set `force_col_wise=true` to remove the overhead.
[LightGBM] [Info] Total Bins 7226
[LightGBM] [Info] Number of data points in the train set: 95249, number of used features: 35
[LightGBM] [Info] Start training from score 5737.025471
[LightGBM] [Info] Auto-choosing col-wise multi-threading, the overhead of testing was 0.615043 seconds.
You can set `force_col_wise=true` to remove the overhead.
[LightGBM] [Info] Total Bins 7226
[LightGBM] [Info] Number of data points in the train set: 95249, number of used features: 35
[LightGBM] [Info] Start training from score 5737.008014
[LightGBM] [Info] Auto-choosing col-wise multi-threading, the overhead of testing was 0.421208 seconds.
You can set `force_col_wise=true` to remove the overhead.
[LightGBM] [Info] Total Bins 7226
[LightGBM] [Info] Number of data points in the train set: 95249, number of used features: 35
[LightGBM] [Info] Start training from score 5736.991096
[LightGBM] [Info] Auto-choosing col-wise multi-threading, the overhead of testing was 0.413611 seconds.
You can set `force_col_wise=true` to remove the overhead.
[LightGBM] [Info] Total Bins 7226
[LightGBM] [Info] Number of data points in the train set: 95249, number of used features: 35
[LightGBM] [Info] Start training from score 5736.971163
[LightGBM] [Info] Auto-choosing col-wise multi-threading, the overhead of testing was 0.462032 seconds.
You can set `force_col_wise=true` to remove the overhead.
[LightGBM] [Info] Total Bins 7226
[LightGBM] [Info] Number of data points in the train set: 95249, number of used features: 35
[LightGBM] [Info] Start training from score 5736.951711
[LightGBM] [Info] Auto-choosing col-wise multi-threading, the overhead of testing was 0.462687 seconds.
You can set `force_col_wise=true` to remove the overhead.
[LightGBM] [Info] Total Bins 7226
[LightGBM] [Info] Number of data points in the train set: 95249, number of used features: 35
[LightGBM] [Info] Start training from score 5736.928583
[LightGBM] [Info] Auto-choosing col-wise multi-threading, the overhead of testing was 0.440926 seconds.
You can set `force_col_wise=true` to remove the overhead.
[LightGBM] [Info] Total Bins 7226
[LightGBM] [Info] Number of data points in the train set: 95249, number of used features: 35
[LightGBM] [Info] Start training from score 5736.904377
[LightGBM] [Info] Auto-choosing col-wise multi-threading, the overhead of testing was 0.328830 seconds.
You can set `force_col_wise=true` to remove the overhead.
[LightGBM] [Info] Total Bins 7226
[LightGBM] [Info] Number of data points in the train set: 95249, number of used features: 35
[LightGBM] [Info] Start training from score 5736.880884
[LightGBM] [Info] Auto-choosing col-wise multi-threading, the overhead of testing was 0.445219 seconds.
You can set `force_col_wise=true` to remove the overhead.
[LightGBM] [Info] Total Bins 7226
[LightGBM] [Info] Number of data points in the train set: 95249, number of used features: 35
[LightGBM] [Info] Start training from score 5736.862155
   [fit] key=2025-W48 cutoff=2025-11-24 11:00:00  (block 56/61)
   [done] 61 blocks σε 2180.6s

📊 RESULT | MAE=144.8577 MW | RMSE=213.1353 | sMAPE=2.7706% | n=1463
💾 saved: runs/load_direct/octnov_lgbm_dirw_g12_dense.json
--- [2026-07-17 08:33:39] OK  runs/load_direct/octnov_lgbm_dirw_g12_dense.json  (2193s)

=== [2026-07-17 08:33:40] RUN -> runs/load_direct/octnov_lgbm_dirw_g12_genlags.json
[LightGBM] [Info] Auto-choosing col-wise multi-threading, the overhead of testing was 0.520707 seconds.
You can set `force_col_wise=true` to remove the overhead.
[LightGBM] [Info] Total Bins 7226
[LightGBM] [Info] Number of data points in the train set: 93930, number of used features: 35
[LightGBM] [Info] Start training from score 5747.286723
[LightGBM] [Info] Auto-choosing row-wise multi-threading, the overhead of testing was 0.206735 seconds.
You can set `force_row_wise=true` to remove the overhead.
And if memory is not enough, you can set `force_col_wise=true`.
[LightGBM] [Info] Total Bins 7226
[LightGBM] [Info] Number of data points in the train set: 93930, number of used features: 35
[LightGBM] [Info] Start training from score 5747.307100
[LightGBM] [Info] Auto-choosing col-wise multi-threading, the overhead of testing was 0.545207 seconds.
You can set `force_col_wise=true` to remove the overhead.
[LightGBM] [Info] Total Bins 7226
[LightGBM] [Info] Number of data points in the train set: 93930, number of used features: 35
[LightGBM] [Info] Auto-choosing col-wise multi-threading, the overhead of testing was 0.453989 seconds.
You can set `force_col_wise=true` to remove the overhead.
[LightGBM] [Info] Total Bins 7226
[LightGBM] [Info] Start training from score 5747.067509
[LightGBM] [Info] Number of data points in the train set: 93930, number of used features: 35
[LightGBM] [Info] Start training from score 5747.328341
[LightGBM] [Info] Auto-choosing col-wise multi-threading, the overhead of testing was 0.374267 seconds.
You can set `force_col_wise=true` to remove the overhead.
[LightGBM] [Info] Total Bins 7226
[LightGBM] [Info] Number of data points in the train set: 93930, number of used features: 35
[LightGBM] [Info] Start training from score 5747.036020
[LightGBM] [Info] Auto-choosing col-wise multi-threading, the overhead of testing was 0.366131 seconds.
You can set `force_col_wise=true` to remove the overhead.
[LightGBM] [Info] Total Bins 7226
[LightGBM] [Info] Number of data points in the train set: 93930, number of used features: 35
[LightGBM] [Info] Start training from score 5747.267916
[LightGBM] [Info] Auto-choosing col-wise multi-threading, the overhead of testing was 0.396934 seconds.
You can set `force_col_wise=true` to remove the overhead.
[LightGBM] [Info] Auto-choosing col-wise multi-threading, the overhead of testing was 0.386653 seconds.
You can set `force_col_wise=true` to remove the overhead.
[LightGBM] [Info] Total Bins 7226
[LightGBM] [Info] Total Bins 7226
[LightGBM] [Info] Auto-choosing col-wise multi-threading, the overhead of testing was 0.383395 seconds.
You can set `force_col_wise=true` to remove the overhead.
[LightGBM] [Info] Total Bins 7226
[LightGBM] [Info] Auto-choosing col-wise multi-threading, the overhead of testing was 0.389663 seconds.
You can set `force_col_wise=true` to remove the overhead.
[LightGBM] [Info] Total Bins 7226
[LightGBM] [Info] Number of data points in the train set: 93930, number of used features: 35
[LightGBM] [Info] Number of data points in the train set: 93930, number of used features: 35
[LightGBM] [Info] Number of data points in the train set: 93930, number of used features: 35
[LightGBM] [Info] Start training from score 5747.250126
[LightGBM] [Info] Start training from score 5747.098025
[LightGBM] [Info] Number of data points in the train set: 93930, number of used features: 35
[LightGBM] [Info] Start training from score 5747.209664
[LightGBM] [Info] Auto-choosing col-wise multi-threading, the overhead of testing was 0.389869 seconds.
You can set `force_col_wise=true` to remove the overhead.
[LightGBM] [Info] Total Bins 7226
[LightGBM] [Info] Start training from score 5747.006407
[LightGBM] [Info] Number of data points in the train set: 93930, number of used features: 35
[LightGBM] [Info] Start training from score 5747.127953
[LightGBM] [Info] Auto-choosing col-wise multi-threading, the overhead of testing was 0.402078 seconds.
You can set `force_col_wise=true` to remove the overhead.
[LightGBM] [Info] Total Bins 7226
[LightGBM] [Info] Number of data points in the train set: 93930, number of used features: 35
[LightGBM] [Info] Auto-choosing col-wise multi-threading, the overhead of testing was 0.402290 seconds.
You can set `force_col_wise=true` to remove the overhead.
[LightGBM] [Info] Start training from score 5747.157926
[LightGBM] [Info] Total Bins 7226
[LightGBM] [Info] Number of data points in the train set: 93930, number of used features: 35
[LightGBM] [Info] Start training from score 5747.185276
[LightGBM] [Info] Auto-choosing col-wise multi-threading, the overhead of testing was 0.424442 seconds.
You can set `force_col_wise=true` to remove the overhead.
[LightGBM] [Info] Total Bins 7226
[LightGBM] [Info] Auto-choosing col-wise multi-threading, the overhead of testing was 0.444443 seconds.
You can set `force_col_wise=true` to remove the overhead.
[LightGBM] [Info] Auto-choosing col-wise multi-threading, the overhead of testing was 0.412026 seconds.
You can set `force_col_wise=true` to remove the overhead.
[LightGBM] [Info] Total Bins 7226
[LightGBM] [Info] Total Bins 7226
[LightGBM] [Info] Number of data points in the train set: 93930, number of used features: 35
[LightGBM] [Info] Number of data points in the train set: 93930, number of used features: 35
[LightGBM] [Info] Start training from score 5747.231909
[LightGBM] [Info] Number of data points in the train set: 93930, number of used features: 35
[LightGBM] [Info] Start training from score 5746.938863
[LightGBM] [Info] Start training from score 5746.973232
[LightGBM] [Info] Auto-choosing col-wise multi-threading, the overhead of testing was 0.550086 seconds.
You can set `force_col_wise=true` to remove the overhead.
[LightGBM] [Info] Total Bins 7226
[LightGBM] [Info] Number of data points in the train set: 93930, number of used features: 35
[LightGBM] [Info] Start training from score 5746.902656
[LightGBM] [Info] Auto-choosing col-wise multi-threading, the overhead of testing was 0.368039 seconds.
You can set `force_col_wise=true` to remove the overhead.
[LightGBM] [Info] Total Bins 7226
[LightGBM] [Info] Number of data points in the train set: 93930, number of used features: 35
[LightGBM] [Info] Start training from score 5746.861093
[LightGBM] [Info] Auto-choosing col-wise multi-threading, the overhead of testing was 0.355166 seconds.
You can set `force_col_wise=true` to remove the overhead.
[LightGBM] [Info] Total Bins 7226
[LightGBM] [Info] Number of data points in the train set: 93930, number of used features: 35
[LightGBM] [Info] Start training from score 5746.823626
[LightGBM] [Info] Auto-choosing row-wise multi-threading, the overhead of testing was 0.222413 seconds.
You can set `force_row_wise=true` to remove the overhead.
And if memory is not enough, you can set `force_col_wise=true`.
[LightGBM] [Info] Total Bins 7226
[LightGBM] [Info] Auto-choosing col-wise multi-threading, the overhead of testing was 0.544795 seconds.
You can set `force_col_wise=true` to remove the overhead.
[LightGBM] [Info] Total Bins 7226
[LightGBM] [Info] Number of data points in the train set: 93930, number of used features: 35
[LightGBM] [Info] Start training from score 5746.789663
[LightGBM] [Info] Number of data points in the train set: 93930, number of used features: 35
[LightGBM] [Info] Start training from score 5746.759135
[LightGBM] [Info] Auto-choosing col-wise multi-threading, the overhead of testing was 0.377967 seconds.
You can set `force_col_wise=true` to remove the overhead.
[LightGBM] [Info] Total Bins 7226
[LightGBM] [Info] Number of data points in the train set: 93930, number of used features: 35
[LightGBM] [Info] Start training from score 5746.685057
[LightGBM] [Info] Auto-choosing col-wise multi-threading, the overhead of testing was 0.386094 seconds.
You can set `force_col_wise=true` to remove the overhead.
[LightGBM] [Info] Total Bins 7226
[LightGBM] [Info] Auto-choosing col-wise multi-threading, the overhead of testing was 0.380388 seconds.
You can set `force_col_wise=true` to remove the overhead.
[LightGBM] [Info] Total Bins 7226
[LightGBM] [Info] Number of data points in the train set: 93930, number of used features: 35
[LightGBM] [Info] Start training from score 5746.706770
[LightGBM] [Info] Number of data points in the train set: 93930, number of used features: 35
[LightGBM] [Info] Start training from score 5746.731841
[LightGBM] [Info] Auto-choosing col-wise multi-threading, the overhead of testing was 0.555822 seconds.
You can set `force_col_wise=true` to remove the overhead.
[LightGBM] [Info] Total Bins 7226
[LightGBM] [Info] Number of data points in the train set: 93930, number of used features: 35
[LightGBM] [Info] Start training from score 5746.667310
[LightGBM] [Info] Auto-choosing col-wise multi-threading, the overhead of testing was 0.584005 seconds.
You can set `force_col_wise=true` to remove the overhead.
[LightGBM] [Info] Total Bins 7226
[LightGBM] [Info] Number of data points in the train set: 93930, number of used features: 35
[LightGBM] [Info] Start training from score 5746.649233
[LightGBM] [Info] Auto-choosing col-wise multi-threading, the overhead of testing was 0.480805 seconds.
You can set `force_col_wise=true` to remove the overhead.
[LightGBM] [Info] Auto-choosing col-wise multi-threading, the overhead of testing was 0.483327 seconds.
You can set `force_col_wise=true` to remove the overhead.
[LightGBM] [Info] Total Bins 7226
[LightGBM] [Info] Total Bins 7226
[LightGBM] [Info] Number of data points in the train set: 93930, number of used features: 35
[LightGBM] [Info] Start training from score 5746.617647
[LightGBM] [Info] Number of data points in the train set: 93930, number of used features: 35
[LightGBM] [Info] Start training from score 5746.632789
[LightGBM] [Info] Auto-choosing col-wise multi-threading, the overhead of testing was 0.389060 seconds.
You can set `force_col_wise=true` to remove the overhead.
[LightGBM] [Info] Total Bins 7226
[LightGBM] [Info] Number of data points in the train set: 93930, number of used features: 35
[LightGBM] [Info] Start training from score 5746.603455
[LightGBM] [Info] Auto-choosing col-wise multi-threading, the overhead of testing was 0.411378 seconds.
You can set `force_col_wise=true` to remove the overhead.
[LightGBM] [Info] Total Bins 7226
[LightGBM] [Info] Number of data points in the train set: 93930, number of used features: 35
[LightGBM] [Info] Start training from score 5746.589076
[LightGBM] [Info] Auto-choosing col-wise multi-threading, the overhead of testing was 0.420739 seconds.
You can set `force_col_wise=true` to remove the overhead.
[LightGBM] [Info] Total Bins 7226
[LightGBM] [Info] Number of data points in the train set: 93930, number of used features: 35
[LightGBM] [Info] Start training from score 5746.569015
[LightGBM] [Info] Auto-choosing col-wise multi-threading, the overhead of testing was 0.532135 seconds.
You can set `force_col_wise=true` to remove the overhead.
[LightGBM] [Info] Total Bins 7226
[LightGBM] [Info] Number of data points in the train set: 93930, number of used features: 35
[LightGBM] [Info] Start training from score 5746.546325
[LightGBM] [Info] Auto-choosing col-wise multi-threading, the overhead of testing was 0.309294 seconds.
You can set `force_col_wise=true` to remove the overhead.
[LightGBM] [Info] Total Bins 7226
[LightGBM] [Info] Number of data points in the train set: 93930, number of used features: 35
[LightGBM] [Info] Start training from score 5746.520003
[LightGBM] [Info] Auto-choosing row-wise multi-threading, the overhead of testing was 0.135296 seconds.
You can set `force_row_wise=true` to remove the overhead.
And if memory is not enough, you can set `force_col_wise=true`.
[LightGBM] [Info] Total Bins 7226
[LightGBM] [Info] Auto-choosing row-wise multi-threading, the overhead of testing was 0.145910 seconds.
You can set `force_row_wise=true` to remove the overhead.
And if memory is not enough, you can set `force_col_wise=true`.
[LightGBM] [Info] Total Bins 7226
[LightGBM] [Info] Number of data points in the train set: 93930, number of used features: 35
[LightGBM] [Info] Start training from score 5746.494693
[LightGBM] [Info] Number of data points in the train set: 93930, number of used features: 35
[LightGBM] [Info] Start training from score 5746.469957
[LightGBM] [Info] Auto-choosing col-wise multi-threading, the overhead of testing was 0.166377 seconds.
You can set `force_col_wise=true` to remove the overhead.
[LightGBM] [Info] Total Bins 7226
[LightGBM] [Info] Number of data points in the train set: 93930, number of used features: 35
[LightGBM] [Info] Start training from score 5746.445969
==============================================================================
MASTER FORECAST | algo=lgbm task=load strategy=direct
  market=dam task=load gate=strict delay_override=None → gap=12h (crosslag_gap=12h) | horizon=24 stride=24 retrain=weekly
  groups=['calendar', 'lags', 'roll', 'genlags']  (#features=35)
  test=[2025-10-01 00:00:00 .. 2025-11-30 23:00:00]  train_end=None
==============================================================================
  AEL crosslag_mode=freeze (crosslag_gap=12h)
   [fit] key=2025-W40 cutoff=2025-09-30 11:00:00  (block 1/61)
[LightGBM] [Info] Auto-choosing col-wise multi-threading, the overhead of testing was 0.452624 seconds.
You can set `force_col_wise=true` to remove the overhead.
[LightGBM] [Info] Total Bins 7226
[LightGBM] [Info] Number of data points in the train set: 94074, number of used features: 35
[LightGBM] [Info] Auto-choosing col-wise multi-threading, the overhead of testing was 0.408923 seconds.
You can set `force_col_wise=true` to remove the overhead.
[LightGBM] [Info] Total Bins 7226
[LightGBM] [Info] Start training from score 5746.306843
[LightGBM] [Info] Number of data points in the train set: 94074, number of used features: 35
[LightGBM] [Info] Start training from score 5746.268888
[LightGBM] [Info] Auto-choosing col-wise multi-threading, the overhead of testing was 0.399435 seconds.
You can set `force_col_wise=true` to remove the overhead.
[LightGBM] [Info] Auto-choosing col-wise multi-threading, the overhead of testing was 0.393257 seconds.
You can set `force_col_wise=true` to remove the overhead.
[LightGBM] [Info] Total Bins 7226
[LightGBM] [Info] Total Bins 7226
[LightGBM] [Info] Number of data points in the train set: 94074, number of used features: 35
[LightGBM] [Info] Number of data points in the train set: 94074, number of used features: 35
[LightGBM] [Info] Auto-choosing col-wise multi-threading, the overhead of testing was 0.385075 seconds.
You can set `force_col_wise=true` to remove the overhead.
[LightGBM] [Info] Start training from score 5746.326933
[LightGBM] [Info] Start training from score 5745.901064
[LightGBM] [Info] Total Bins 7226
[LightGBM] [Info] Number of data points in the train set: 94074, number of used features: 35
[LightGBM] [Info] Start training from score 5746.062520
[LightGBM] [Info] Auto-choosing col-wise multi-threading, the overhead of testing was 0.443844 seconds.
You can set `force_col_wise=true` to remove the overhead.
[LightGBM] [Info] Total Bins 7226
[LightGBM] [Info] Auto-choosing col-wise multi-threading, the overhead of testing was 0.452367 seconds.
You can set `force_col_wise=true` to remove the overhead.
[LightGBM] [Info] Total Bins 7226
[LightGBM] [Info] Number of data points in the train set: 94074, number of used features: 35
[LightGBM] [Info] Number of data points in the train set: 94074, number of used features: 35
[LightGBM] [Info] Start training from score 5746.023505
[LightGBM] [Info] Start training from score 5745.944329
[LightGBM] [Info] Auto-choosing col-wise multi-threading, the overhead of testing was 0.486799 seconds.
You can set `force_col_wise=true` to remove the overhead.
[LightGBM] [Info] Total Bins 7226
[LightGBM] [Info] Number of data points in the train set: 94074, number of used features: 35
[LightGBM] [Info] Start training from score 5746.141728
[LightGBM] [Info] Auto-choosing col-wise multi-threading, the overhead of testing was 0.478243 seconds.
You can set `force_col_wise=true` to remove the overhead.
[LightGBM] [Info] Total Bins 7226
[LightGBM] [Info] Number of data points in the train set: 94074, number of used features: 35
[LightGBM] [Info] Start training from score 5746.101554
[LightGBM] [Info] Auto-choosing col-wise multi-threading, the overhead of testing was 0.509200 seconds.
You can set `force_col_wise=true` to remove the overhead.
[LightGBM] [Info] Total Bins 7226
[LightGBM] [Info] Auto-choosing col-wise multi-threading, the overhead of testing was 0.494807 seconds.
You can set `force_col_wise=true` to remove the overhead.
[LightGBM] [Info] Auto-choosing col-wise multi-threading, the overhead of testing was 0.523745 seconds.
You can set `force_col_wise=true` to remove the overhead.
[LightGBM] [Info] Total Bins 7226
[LightGBM] [Info] Total Bins 7226
[LightGBM] [Info] Auto-choosing col-wise multi-threading, the overhead of testing was 0.490034 seconds.
You can set `force_col_wise=true` to remove the overhead.
[LightGBM] [Info] Number of data points in the train set: 94074, number of used features: 35
[LightGBM] [Info] Total Bins 7226
[LightGBM] [Info] Start training from score 5745.983920
[LightGBM] [Info] Auto-choosing col-wise multi-threading, the overhead of testing was 0.496307 seconds.
You can set `force_col_wise=true` to remove the overhead.
[LightGBM] [Info] Number of data points in the train set: 94074, number of used features: 35
[LightGBM] [Info] Number of data points in the train set: 94074, number of used features: 35
[LightGBM] [Info] Total Bins 7226
[LightGBM] [Info] Start training from score 5746.287671
[LightGBM] [Info] Start training from score 5745.858499
[LightGBM] [Info] Auto-choosing col-wise multi-threading, the overhead of testing was 0.491743 seconds.
You can set `force_col_wise=true` to remove the overhead.
[LightGBM] [Info] Total Bins 7226
[LightGBM] [Info] Number of data points in the train set: 94074, number of used features: 35
[LightGBM] [Info] Start training from score 5746.214797
[LightGBM] [Info] Auto-choosing col-wise multi-threading, the overhead of testing was 0.532658 seconds.
You can set `force_col_wise=true` to remove the overhead.
[LightGBM] [Info] Number of data points in the train set: 94074, number of used features: 35
[LightGBM] [Info] Total Bins 7226
[LightGBM] [Info] Start training from score 5746.347472
[LightGBM] [Info] Number of data points in the train set: 94074, number of used features: 35
[LightGBM] [Info] Start training from score 5746.180103
[LightGBM] [Info] Number of data points in the train set: 94074, number of used features: 35
[LightGBM] [Info] Start training from score 5746.246340
[LightGBM] [Info] Auto-choosing col-wise multi-threading, the overhead of testing was 0.406604 seconds.
You can set `force_col_wise=true` to remove the overhead.
[LightGBM] [Info] Total Bins 7226
[LightGBM] [Info] Number of data points in the train set: 94074, number of used features: 35
[LightGBM] [Info] Start training from score 5745.815544
[LightGBM] [Info] Auto-choosing col-wise multi-threading, the overhead of testing was 0.576169 seconds.
You can set `force_col_wise=true` to remove the overhead.
[LightGBM] [Info] Total Bins 7226
[LightGBM] [Info] Number of data points in the train set: 94074, number of used features: 35
[LightGBM] [Info] Start training from score 5745.767900
[LightGBM] [Info] Auto-choosing col-wise multi-threading, the overhead of testing was 0.379441 seconds.
You can set `force_col_wise=true` to remove the overhead.
[LightGBM] [Info] Total Bins 7226
[LightGBM] [Info] Number of data points in the train set: 94074, number of used features: 35
[LightGBM] [Info] Start training from score 5745.724687
[LightGBM] [Info] Auto-choosing col-wise multi-threading, the overhead of testing was 0.384850 seconds.
You can set `force_col_wise=true` to remove the overhead.
[LightGBM] [Info] Total Bins 7226
[LightGBM] [Info] Number of data points in the train set: 94074, number of used features: 35
[LightGBM] [Info] Start training from score 5745.650579
[LightGBM] [Info] Auto-choosing col-wise multi-threading, the overhead of testing was 0.405580 seconds.
You can set `force_col_wise=true` to remove the overhead.
[LightGBM] [Info] Total Bins 7226
[LightGBM] [Info] Number of data points in the train set: 94074, number of used features: 35
[LightGBM] [Info] Start training from score 5745.685344
[LightGBM] [Info] Auto-choosing col-wise multi-threading, the overhead of testing was 0.464622 seconds.
You can set `force_col_wise=true` to remove the overhead.
[LightGBM] [Info] Auto-choosing col-wise multi-threading, the overhead of testing was 0.512306 seconds.
You can set `force_col_wise=true` to remove the overhead.
[LightGBM] [Info] Total Bins 7226
[LightGBM] [Info] Total Bins 7226
[LightGBM] [Info] Number of data points in the train set: 94074, number of used features: 35
[LightGBM] [Info] Number of data points in the train set: 94074, number of used features: 35
[LightGBM] [Info] Start training from score 5745.592905
[LightGBM] [Info] Start training from score 5745.620446
[LightGBM] [Info] Auto-choosing col-wise multi-threading, the overhead of testing was 0.423867 seconds.
You can set `force_col_wise=true` to remove the overhead.
[LightGBM] [Info] Total Bins 7226
[LightGBM] [Info] Auto-choosing col-wise multi-threading, the overhead of testing was 0.424663 seconds.
You can set `force_col_wise=true` to remove the overhead.
[LightGBM] [Info] Total Bins 7226
[LightGBM] [Info] Number of data points in the train set: 94074, number of used features: 35
[LightGBM] [Info] Start training from score 5745.569025
[LightGBM] [Info] Number of data points in the train set: 94074, number of used features: 35
[LightGBM] [Info] Start training from score 5745.548711
[LightGBM] [Info] Auto-choosing col-wise multi-threading, the overhead of testing was 0.404528 seconds.
You can set `force_col_wise=true` to remove the overhead.
[LightGBM] [Info] Total Bins 7226
[LightGBM] [Info] Number of data points in the train set: 94074, number of used features: 35
[LightGBM] [Info] Start training from score 5745.527387
[LightGBM] [Info] Auto-choosing col-wise multi-threading, the overhead of testing was 0.421774 seconds.
You can set `force_col_wise=true` to remove the overhead.
[LightGBM] [Info] Total Bins 7226
[LightGBM] [Info] Number of data points in the train set: 94074, number of used features: 35
[LightGBM] [Info] Start training from score 5745.507907
[LightGBM] [Info] Auto-choosing col-wise multi-threading, the overhead of testing was 0.428344 seconds.
You can set `force_col_wise=true` to remove the overhead.
[LightGBM] [Info] Total Bins 7226
[LightGBM] [Info] Number of data points in the train set: 94074, number of used features: 35
[LightGBM] [Info] Start training from score 5745.489355
[LightGBM] [Info] Auto-choosing col-wise multi-threading, the overhead of testing was 0.376747 seconds.
You can set `force_col_wise=true` to remove the overhead.
[LightGBM] [Info] Total Bins 7226
[LightGBM] [Info] Number of data points in the train set: 94074, number of used features: 35
[LightGBM] [Info] Start training from score 5745.472113
[LightGBM] [Info] Auto-choosing col-wise multi-threading, the overhead of testing was 0.480442 seconds.
You can set `force_col_wise=true` to remove the overhead.
[LightGBM] [Info] Total Bins 7226
[LightGBM] [Info] Number of data points in the train set: 94074, number of used features: 35
[LightGBM] [Info] Start training from score 5745.454493
[LightGBM] [Info] Auto-choosing col-wise multi-threading, the overhead of testing was 0.405193 seconds.
You can set `force_col_wise=true` to remove the overhead.
[LightGBM] [Info] Total Bins 7226
[LightGBM] [Info] Number of data points in the train set: 94074, number of used features: 35
[LightGBM] [Info] Start training from score 5745.432921
[LightGBM] [Info] Auto-choosing col-wise multi-threading, the overhead of testing was 0.396440 seconds.
You can set `force_col_wise=true` to remove the overhead.
[LightGBM] [Info] Total Bins 7226
[LightGBM] [Info] Number of data points in the train set: 94074, number of used features: 35
[LightGBM] [Info] Start training from score 5745.410531
[LightGBM] [Info] Auto-choosing col-wise multi-threading, the overhead of testing was 0.301020 seconds.
You can set `force_col_wise=true` to remove the overhead.
[LightGBM] [Info] Total Bins 7226
[LightGBM] [Info] Number of data points in the train set: 94074, number of used features: 35
[LightGBM] [Info] Start training from score 5745.386025
[LightGBM] [Info] Auto-choosing col-wise multi-threading, the overhead of testing was 0.364288 seconds.
You can set `force_col_wise=true` to remove the overhead.
[LightGBM] [Info] Total Bins 7226
[LightGBM] [Info] Number of data points in the train set: 94074, number of used features: 35
[LightGBM] [Info] Start training from score 5745.361753
[LightGBM] [Info] Auto-choosing col-wise multi-threading, the overhead of testing was 0.391447 seconds.
You can set `force_col_wise=true` to remove the overhead.
[LightGBM] [Info] Total Bins 7226
[LightGBM] [Info] Number of data points in the train set: 94074, number of used features: 35
[LightGBM] [Info] Start training from score 5745.339776
[LightGBM] [Info] Auto-choosing col-wise multi-threading, the overhead of testing was 0.186927 seconds.
You can set `force_col_wise=true` to remove the overhead.
[LightGBM] [Info] Total Bins 7226
[LightGBM] [Info] Number of data points in the train set: 94074, number of used features: 35
[LightGBM] [Info] Start training from score 5745.319163
   [fit] key=2025-W41 cutoff=2025-10-06 11:00:00  (block 7/61)
[LightGBM] [Info] Auto-choosing row-wise multi-threading, the overhead of testing was 0.029749 seconds.
You can set `force_row_wise=true` to remove the overhead.
And if memory is not enough, you can set `force_col_wise=true`.
[LightGBM] [Info] Total Bins 7226
[LightGBM] [Info] Number of data points in the train set: 94242, number of used features: 35
[LightGBM] [Info] Start training from score 5744.946881
[LightGBM] [Info] Auto-choosing row-wise multi-threading, the overhead of testing was 0.044354 seconds.
You can set `force_row_wise=true` to remove the overhead.
And if memory is not enough, you can set `force_col_wise=true`.
[LightGBM] [Info] Auto-choosing col-wise multi-threading, the overhead of testing was 0.148758 seconds.
You can set `force_col_wise=true` to remove the overhead.
[LightGBM] [Info] Total Bins 7226
[LightGBM] [Info] Total Bins 7226
[LightGBM] [Info] Number of data points in the train set: 94242, number of used features: 35
[LightGBM] [Info] Number of data points in the train set: 94242, number of used features: 35
[LightGBM] [Info] Start training from score 5744.987415
[LightGBM] [Info] Start training from score 5745.023692
[LightGBM] [Info] Auto-choosing col-wise multi-threading, the overhead of testing was 0.152505 seconds.
You can set `force_col_wise=true` to remove the overhead.
[LightGBM] [Info] Total Bins 7226
[LightGBM] [Info] Number of data points in the train set: 94242, number of used features: 35
[LightGBM] [Info] Start training from score 5745.139554
[LightGBM] [Info] Auto-choosing col-wise multi-threading, the overhead of testing was 0.140068 seconds.
You can set `force_col_wise=true` to remove the overhead.
[LightGBM] [Info] Total Bins 7226
[LightGBM] [Info] Number of data points in the train set: 94242, number of used features: 35
[LightGBM] [Info] Start training from score 5745.161532
[LightGBM] [Info] Auto-choosing col-wise multi-threading, the overhead of testing was 0.142554 seconds.
You can set `force_col_wise=true` to remove the overhead.
[LightGBM] [Info] Total Bins 7226
[LightGBM] [Info] Number of data points in the train set: 94242, number of used features: 35
[LightGBM] [Info] Auto-choosing col-wise multi-threading, the overhead of testing was 0.132639 seconds.
You can set `force_col_wise=true` to remove the overhead.
[LightGBM] [Info] Total Bins 7226
[LightGBM] [Info] Start training from score 5745.118757
[LightGBM] [Info] Number of data points in the train set: 94242, number of used features: 35
[LightGBM] [Info] Start training from score 5745.055954
[LightGBM] [Info] Auto-choosing col-wise multi-threading, the overhead of testing was 0.141666 seconds.
You can set `force_col_wise=true` to remove the overhead.
[LightGBM] [Info] Auto-choosing col-wise multi-threading, the overhead of testing was 0.118459 seconds.
You can set `force_col_wise=true` to remove the overhead.
[LightGBM] [Info] Total Bins 7226
[LightGBM] [Info] Auto-choosing col-wise multi-threading, the overhead of testing was 0.149229 seconds.
You can set `force_col_wise=true` to remove the overhead.
[LightGBM] [Info] Total Bins 7226
[LightGBM] [Info] Total Bins 7226
[LightGBM] [Info] Number of data points in the train set: 94242, number of used features: 35
[LightGBM] [Info] Start training from score 5744.824050
[LightGBM] [Info] Number of data points in the train set: 94242, number of used features: 35
[LightGBM] [Info] Number of data points in the train set: 94242, number of used features: 35
[LightGBM] [Info] Start training from score 5745.098877
[LightGBM] [Info] Start training from score 5745.079374
[LightGBM] [Info] Auto-choosing col-wise multi-threading, the overhead of testing was 0.131885 seconds.
You can set `force_col_wise=true` to remove the overhead.
[LightGBM] [Info] Total Bins 7226
[LightGBM] [Info] Number of data points in the train set: 94242, number of used features: 35
[LightGBM] [Info] Start training from score 5744.904487
[LightGBM] [Info] Auto-choosing col-wise multi-threading, the overhead of testing was 0.147668 seconds.
You can set `force_col_wise=true` to remove the overhead.
[LightGBM] [Info] Total Bins 7226
[LightGBM] [Info] Number of data points in the train set: 94242, number of used features: 35
[LightGBM] [Info] Start training from score 5744.863739
[LightGBM] [Info] Auto-choosing col-wise multi-threading, the overhead of testing was 0.137435 seconds.
You can set `force_col_wise=true` to remove the overhead.
[LightGBM] [Info] Total Bins 7226
[LightGBM] [Info] Number of data points in the train set: 94242, number of used features: 35
[LightGBM] [Info] Start training from score 5744.784028
[LightGBM] [Info] Auto-choosing col-wise multi-threading, the overhead of testing was 0.134238 seconds.
You can set `force_col_wise=true` to remove the overhead.
[LightGBM] [Info] Total Bins 7226
[LightGBM] [Info] Number of data points in the train set: 94242, number of used features: 35
[LightGBM] [Info] Start training from score 5744.744252
[LightGBM] [Info] Auto-choosing col-wise multi-threading, the overhead of testing was 0.129402 seconds.
You can set `force_col_wise=true` to remove the overhead.
[LightGBM] [Info] Total Bins 7226
[LightGBM] [Info] Number of data points in the train set: 94242, number of used features: 35
[LightGBM] [Info] Start training from score 5744.657079
[LightGBM] [Info] Auto-choosing col-wise multi-threading, the overhead of testing was 0.139155 seconds.
You can set `force_col_wise=true` to remove the overhead.
[LightGBM] [Info] Total Bins 7226
[LightGBM] [Info] Number of data points in the train set: 94242, number of used features: 35
[LightGBM] [Info] Start training from score 5744.700852
[LightGBM] [Info] Auto-choosing col-wise multi-threading, the overhead of testing was 0.111738 seconds.
You can set `force_col_wise=true` to remove the overhead.
[LightGBM] [Info] Total Bins 7226
[LightGBM] [Info] Number of data points in the train set: 94242, number of used features: 35
[LightGBM] [Info] Start training from score 5744.612620
[LightGBM] [Info] Auto-choosing col-wise multi-threading, the overhead of testing was 0.119815 seconds.
You can set `force_col_wise=true` to remove the overhead.
[LightGBM] [Info] Total Bins 7226
[LightGBM] [Info] Number of data points in the train set: 94242, number of used features: 35
[LightGBM] [Info] Start training from score 5744.564159
[LightGBM] [Info] Auto-choosing col-wise multi-threading, the overhead of testing was 0.117212 seconds.
You can set `force_col_wise=true` to remove the overhead.
[LightGBM] [Info] Total Bins 7226
[LightGBM] [Info] Number of data points in the train set: 94242, number of used features: 35
[LightGBM] [Info] Start training from score 5744.480169
[LightGBM] [Info] Auto-choosing row-wise multi-threading, the overhead of testing was 0.050075 seconds.
You can set `force_row_wise=true` to remove the overhead.
And if memory is not enough, you can set `force_col_wise=true`.
[LightGBM] [Info] Total Bins 7226
[LightGBM] [Info] Number of data points in the train set: 94242, number of used features: 35
[LightGBM] [Info] Start training from score 5744.520980
[LightGBM] [Info] Auto-choosing col-wise multi-threading, the overhead of testing was 0.118487 seconds.
You can set `force_col_wise=true` to remove the overhead.
[LightGBM] [Info] Total Bins 7226
[LightGBM] [Info] Number of data points in the train set: 94242, number of used features: 35
[LightGBM] [Info] Start training from score 5744.444659
[LightGBM] [Info] Auto-choosing col-wise multi-threading, the overhead of testing was 0.139311 seconds.
You can set `force_col_wise=true` to remove the overhead.
[LightGBM] [Info] Total Bins 7226
[LightGBM] [Info] Number of data points in the train set: 94242, number of used features: 35
[LightGBM] [Info] Start training from score 5744.413656
[LightGBM] [Info] Auto-choosing row-wise multi-threading, the overhead of testing was 0.036401 seconds.
You can set `force_row_wise=true` to remove the overhead.
And if memory is not enough, you can set `force_col_wise=true`.
[LightGBM] [Info] Total Bins 7226
[LightGBM] [Info] Number of data points in the train set: 94242, number of used features: 35
[LightGBM] [Info] Start training from score 5744.360077
[LightGBM] [Info] Auto-choosing col-wise multi-threading, the overhead of testing was 0.161760 seconds.
You can set `force_col_wise=true` to remove the overhead.
[LightGBM] [Info] Total Bins 7226
[LightGBM] [Info] Number of data points in the train set: 94242, number of used features: 35
[LightGBM] [Info] Start training from score 5744.384828
[LightGBM] [Info] Auto-choosing col-wise multi-threading, the overhead of testing was 0.137115 seconds.
You can set `force_col_wise=true` to remove the overhead.
[LightGBM] [Info] Total Bins 7226
[LightGBM] [Info] Number of data points in the train set: 94242, number of used features: 35
[LightGBM] [Info] Start training from score 5744.339216
[LightGBM] [Info] Auto-choosing col-wise multi-threading, the overhead of testing was 0.135370 seconds.
You can set `force_col_wise=true` to remove the overhead.
[LightGBM] [Info] Total Bins 7226
[LightGBM] [Info] Number of data points in the train set: 94242, number of used features: 35
[LightGBM] [Info] Start training from score 5744.317835
[LightGBM] [Info] Auto-choosing col-wise multi-threading, the overhead of testing was 0.116701 seconds.
You can set `force_col_wise=true` to remove the overhead.
[LightGBM] [Info] Total Bins 7226
[LightGBM] [Info] Number of data points in the train set: 94242, number of used features: 35
[LightGBM] [Info] Start training from score 5744.279001
[LightGBM] [Info] Auto-choosing col-wise multi-threading, the overhead of testing was 0.128263 seconds.
You can set `force_col_wise=true` to remove the overhead.
[LightGBM] [Info] Total Bins 7226
[LightGBM] [Info] Number of data points in the train set: 94242, number of used features: 35
[LightGBM] [Info] Start training from score 5744.260983
[LightGBM] [Info] Auto-choosing col-wise multi-threading, the overhead of testing was 0.137479 seconds.
You can set `force_col_wise=true` to remove the overhead.
[LightGBM] [Info] Total Bins 7226
[LightGBM] [Info] Number of data points in the train set: 94242, number of used features: 35
[LightGBM] [Info] Start training from score 5744.297902
[LightGBM] [Info] Auto-choosing col-wise multi-threading, the overhead of testing was 0.155792 seconds.
You can set `force_col_wise=true` to remove the overhead.
[LightGBM] [Info] Total Bins 7226
[LightGBM] [Info] Number of data points in the train set: 94242, number of used features: 35
[LightGBM] [Info] Start training from score 5744.243023
[LightGBM] [Info] Auto-choosing col-wise multi-threading, the overhead of testing was 0.123472 seconds.
You can set `force_col_wise=true` to remove the overhead.
[LightGBM] [Info] Total Bins 7226
[LightGBM] [Info] Number of data points in the train set: 94242, number of used features: 35
[LightGBM] [Info] Start training from score 5744.220895
[LightGBM] [Info] Auto-choosing col-wise multi-threading, the overhead of testing was 0.126265 seconds.
You can set `force_col_wise=true` to remove the overhead.
[LightGBM] [Info] Total Bins 7226
[LightGBM] [Info] Number of data points in the train set: 94242, number of used features: 35
[LightGBM] [Info] Start training from score 5744.197633
[LightGBM] [Info] Auto-choosing col-wise multi-threading, the overhead of testing was 0.157748 seconds.
You can set `force_col_wise=true` to remove the overhead.
[LightGBM] [Info] Total Bins 7226
[LightGBM] [Info] Number of data points in the train set: 94242, number of used features: 35
[LightGBM] [Info] Start training from score 5744.171271
[LightGBM] [Info] Auto-choosing col-wise multi-threading, the overhead of testing was 0.144422 seconds.
You can set `force_col_wise=true` to remove the overhead.
[LightGBM] [Info] Total Bins 7226
[LightGBM] [Info] Number of data points in the train set: 94242, number of used features: 35
[LightGBM] [Info] Start training from score 5744.143965
[LightGBM] [Info] Auto-choosing col-wise multi-threading, the overhead of testing was 0.150719 seconds.
You can set `force_col_wise=true` to remove the overhead.
[LightGBM] [Info] Total Bins 7226
[LightGBM] [Info] Number of data points in the train set: 94242, number of used features: 35
[LightGBM] [Info] Start training from score 5744.117390
[LightGBM] [Info] Auto-choosing col-wise multi-threading, the overhead of testing was 0.141392 seconds.
You can set `force_col_wise=true` to remove the overhead.
[LightGBM] [Info] Total Bins 7226
[LightGBM] [Info] Number of data points in the train set: 94242, number of used features: 35
[LightGBM] [Info] Start training from score 5744.091901
   [fit] key=2025-W42 cutoff=2025-10-13 11:00:00  (block 14/61)
[LightGBM] [Info] Auto-choosing col-wise multi-threading, the overhead of testing was 0.622933 seconds.
You can set `force_col_wise=true` to remove the overhead.
[LightGBM] [Info] Total Bins 7226
[LightGBM] [Info] Auto-choosing col-wise multi-threading, the overhead of testing was 0.699616 seconds.
You can set `force_col_wise=true` to remove the overhead.
[LightGBM] [Info] Total Bins 7226
[LightGBM] [Info] Number of data points in the train set: 94410, number of used features: 35
[LightGBM] [Info] Start training from score 5743.886912
[LightGBM] [Info] Number of data points in the train set: 94410, number of used features: 35
[LightGBM] [Info] Auto-choosing col-wise multi-threading, the overhead of testing was 0.796092 seconds.
You can set `force_col_wise=true` to remove the overhead.
[LightGBM] [Info] Total Bins 7226
[LightGBM] [Info] Auto-choosing row-wise multi-threading, the overhead of testing was 0.332164 seconds.
You can set `force_row_wise=true` to remove the overhead.
And if memory is not enough, you can set `force_col_wise=true`.
[LightGBM] [Info] Auto-choosing col-wise multi-threading, the overhead of testing was 0.737739 seconds.
You can set `force_col_wise=true` to remove the overhead.
[LightGBM] [Info] Total Bins 7226
[LightGBM] [Info] Total Bins 7226
[LightGBM] [Info] Start training from score 5743.869509
[LightGBM] [Info] Auto-choosing row-wise multi-threading, the overhead of testing was 0.287193 seconds.
You can set `force_row_wise=true` to remove the overhead.
And if memory is not enough, you can set `force_col_wise=true`.
[LightGBM] [Info] Total Bins 7226
[LightGBM] [Info] Number of data points in the train set: 94410, number of used features: 35
[LightGBM] [Info] Number of data points in the train set: 94410, number of used features: 35
[LightGBM] [Info] [LightGBM] [Info] Number of data points in the train set: 94410, number of used features: 35
Number of data points in the train set: 94410, number of used features: 35
[LightGBM] [Info] [LightGBM] [Info] Start training from score 5743.923513
[LightGBM] [Info] Start training from score 5743.848429
[LightGBM] [Info] Auto-choosing col-wise multi-threading, the overhead of testing was 0.745244 seconds.
You can set `force_col_wise=true` to remove the overhead.
Start training from score 5743.749009
[LightGBM] [Info] Total Bins 7226
[LightGBM] [Info] Start training from score 5743.784906
[LightGBM] [Info] Auto-choosing col-wise multi-threading, the overhead of testing was 0.846745 seconds.
You can set `force_col_wise=true` to remove the overhead.
[LightGBM] [Info] Total Bins 7226
[LightGBM] [Info] Number of data points in the train set: 94410, number of used features: 35
[LightGBM] [Info] Number of data points in the train set: 94410, number of used features: 35
[LightGBM] [Info] Start training from score 5743.713088
[LightGBM] [Info] Auto-choosing col-wise multi-threading, the overhead of testing was 0.892144 seconds.
You can set `force_col_wise=true` to remove the overhead.
[LightGBM] [Info] Start training from score 5743.818460
[LightGBM] [Info] Total Bins 7226
[LightGBM] [Info] Auto-choosing col-wise multi-threading, the overhead of testing was 0.957285 seconds.
You can set `force_col_wise=true` to remove the overhead.
[LightGBM] [Info] Total Bins 7226
[LightGBM] [Info] Auto-choosing row-wise multi-threading, the overhead of testing was 0.378348 seconds.
You can set `force_row_wise=true` to remove the overhead.
And if memory is not enough, you can set `force_col_wise=true`.
[LightGBM] [Info] Total Bins 7226
[LightGBM] [Info] Auto-choosing row-wise multi-threading, the overhead of testing was 0.311288 seconds.
You can set `force_row_wise=true` to remove the overhead.
And if memory is not enough, you can set `force_col_wise=true`.
[LightGBM] [Info] Total Bins 7226
[LightGBM] [Info] Number of data points in the train set: 94410, number of used features: 35
[LightGBM] [Info] Start training from score 5743.508954
[LightGBM] [Info] Number of data points in the train set: 94410, number of used features: 35
[LightGBM] [Info] Auto-choosing col-wise multi-threading, the overhead of testing was 0.881882 seconds.
You can set `force_col_wise=true` to remove the overhead.
[LightGBM] [Info] Total Bins 7226
[LightGBM] [Info] Start training from score 5743.617533
[LightGBM] [Info] Number of data points in the train set: 94410, number of used features: 35
[LightGBM] [Info] Number of data points in the train set: 94410, number of used features: 35
[LightGBM] [Info] Start training from score 5743.584968
[LightGBM] [Info] Start training from score 5743.547577
[LightGBM] [Info] Number of data points in the train set: 94410, number of used features: 35
[LightGBM] [Info] Auto-choosing col-wise multi-threading, the overhead of testing was 0.880153 seconds.
You can set `force_col_wise=true` to remove the overhead.
[LightGBM] [Info] Total Bins 7226
[LightGBM] [Info] Start training from score 5743.942623
[LightGBM] [Info] Auto-choosing col-wise multi-threading, the overhead of testing was 0.871090 seconds.
You can set `force_col_wise=true` to remove the overhead.
[LightGBM] [Info] Total Bins 7226
[LightGBM] [Info] Number of data points in the train set: 94410, number of used features: 35
[LightGBM] [Info] Start training from score 5743.904787
[LightGBM] [Info] Auto-choosing col-wise multi-threading, the overhead of testing was 0.846088 seconds.
You can set `force_col_wise=true` to remove the overhead.
[LightGBM] [Info] Total Bins 7226
[LightGBM] [Info] Number of data points in the train set: 94410, number of used features: 35
[LightGBM] [Info] Start training from score 5743.648958
[LightGBM] [Info] Number of data points in the train set: 94410, number of used features: 35
[LightGBM] [Info] Start training from score 5743.680114
[LightGBM] [Info] Auto-choosing col-wise multi-threading, the overhead of testing was 0.450086 seconds.
You can set `force_col_wise=true` to remove the overhead.
[LightGBM] [Info] Total Bins 7226
[LightGBM] [Info] Number of data points in the train set: 94410, number of used features: 35
[LightGBM] [Info] Start training from score 5743.469585
[LightGBM] [Info] Auto-choosing col-wise multi-threading, the overhead of testing was 0.383572 seconds.
You can set `force_col_wise=true` to remove the overhead.
[LightGBM] [Info] Total Bins 7226
[LightGBM] [Info] Number of data points in the train set: 94410, number of used features: 35
[LightGBM] [Info] Start training from score 5743.426093
[LightGBM] [Info] Auto-choosing col-wise multi-threading, the overhead of testing was 0.430591 seconds.
You can set `force_col_wise=true` to remove the overhead.
[LightGBM] [Info] Total Bins 7226
[LightGBM] [Info] Number of data points in the train set: 94410, number of used features: 35
[LightGBM] [Info] Start training from score 5743.386454
[LightGBM] [Info] Auto-choosing col-wise multi-threading, the overhead of testing was 0.503161 seconds.
You can set `force_col_wise=true` to remove the overhead.
[LightGBM] [Info] Total Bins 7226
[LightGBM] [Info] Number of data points in the train set: 94410, number of used features: 35
[LightGBM] [Info] Start training from score 5743.348406
[LightGBM] [Info] Auto-choosing col-wise multi-threading, the overhead of testing was 0.441342 seconds.
You can set `force_col_wise=true` to remove the overhead.
[LightGBM] [Info] Total Bins 7226
[LightGBM] [Info] Number of data points in the train set: 94410, number of used features: 35
[LightGBM] [Info] Start training from score 5743.314347
[LightGBM] [Info] Auto-choosing col-wise multi-threading, the overhead of testing was 0.475876 seconds.
You can set `force_col_wise=true` to remove the overhead.
[LightGBM] [Info] Total Bins 7226
[LightGBM] [Info] Number of data points in the train set: 94410, number of used features: 35
[LightGBM] [Info] Start training from score 5743.285497
[LightGBM] [Info] Auto-choosing col-wise multi-threading, the overhead of testing was 0.481301 seconds.
You can set `force_col_wise=true` to remove the overhead.
[LightGBM] [Info] Total Bins 7226
[LightGBM] [Info] Number of data points in the train set: 94410, number of used features: 35
[LightGBM] [Info] Start training from score 5743.258658
[LightGBM] [Info] Auto-choosing col-wise multi-threading, the overhead of testing was 0.540698 seconds.
You can set `force_col_wise=true` to remove the overhead.
[LightGBM] [Info] Total Bins 7226
[LightGBM] [Info] Number of data points in the train set: 94410, number of used features: 35
[LightGBM] [Info] Start training from score 5743.235509
[LightGBM] [Info] Auto-choosing col-wise multi-threading, the overhead of testing was 0.562555 seconds.
You can set `force_col_wise=true` to remove the overhead.
[LightGBM] [Info] Total Bins 7226
[LightGBM] [Info] Number of data points in the train set: 94410, number of used features: 35
[LightGBM] [Info] Start training from score 5743.216072
[LightGBM] [Info] Auto-choosing col-wise multi-threading, the overhead of testing was 0.397165 seconds.
You can set `force_col_wise=true` to remove the overhead.
[LightGBM] [Info] Total Bins 7226
[LightGBM] [Info] Number of data points in the train set: 94410, number of used features: 35
[LightGBM] [Info] Start training from score 5743.195895
[LightGBM] [Info] Auto-choosing col-wise multi-threading, the overhead of testing was 0.396136 seconds.
You can set `force_col_wise=true` to remove the overhead.
[LightGBM] [Info] Total Bins 7226
[LightGBM] [Info] Number of data points in the train set: 94410, number of used features: 35
[LightGBM] [Info] Start training from score 5743.177173
[LightGBM] [Info] Auto-choosing col-wise multi-threading, the overhead of testing was 0.460855 seconds.
You can set `force_col_wise=true` to remove the overhead.
[LightGBM] [Info] Total Bins 7226
[LightGBM] [Info] Number of data points in the train set: 94410, number of used features: 35
[LightGBM] [Info] Start training from score 5743.159322
[LightGBM] [Info] Auto-choosing col-wise multi-threading, the overhead of testing was 0.665025 seconds.
You can set `force_col_wise=true` to remove the overhead.
[LightGBM] [Info] Total Bins 7226
[LightGBM] [Info] Number of data points in the train set: 94410, number of used features: 35
[LightGBM] [Info] Start training from score 5743.142406
[LightGBM] [Info] Auto-choosing col-wise multi-threading, the overhead of testing was 0.712072 seconds.
You can set `force_col_wise=true` to remove the overhead.
[LightGBM] [Info] Total Bins 7226
[LightGBM] [Info] Number of data points in the train set: 94410, number of used features: 35
[LightGBM] [Info] Start training from score 5743.125547
[LightGBM] [Info] Auto-choosing col-wise multi-threading, the overhead of testing was 0.685495 seconds.
You can set `force_col_wise=true` to remove the overhead.
[LightGBM] [Info] Total Bins 7226
[LightGBM] [Info] Number of data points in the train set: 94410, number of used features: 35
[LightGBM] [Info] Start training from score 5743.105143
[LightGBM] [Info] Auto-choosing col-wise multi-threading, the overhead of testing was 0.532068 seconds.
You can set `force_col_wise=true` to remove the overhead.
[LightGBM] [Info] Total Bins 7226
[LightGBM] [Info] Number of data points in the train set: 94410, number of used features: 35
[LightGBM] [Info] Start training from score 5743.083702
[LightGBM] [Info] Auto-choosing col-wise multi-threading, the overhead of testing was 0.204130 seconds.
You can set `force_col_wise=true` to remove the overhead.
[LightGBM] [Info] Total Bins 7226
[LightGBM] [Info] Number of data points in the train set: 94410, number of used features: 35
[LightGBM] [Info] Start training from score 5743.059590
[LightGBM] [Info] Auto-choosing col-wise multi-threading, the overhead of testing was 0.223570 seconds.
You can set `force_col_wise=true` to remove the overhead.
[LightGBM] [Info] Total Bins 7226
[LightGBM] [Info] Number of data points in the train set: 94410, number of used features: 35
[LightGBM] [Info] Start training from score 5743.035267
[LightGBM] [Info] Auto-choosing col-wise multi-threading, the overhead of testing was 0.232610 seconds.
You can set `force_col_wise=true` to remove the overhead.
[LightGBM] [Info] Total Bins 7226
[LightGBM] [Info] Number of data points in the train set: 94410, number of used features: 35
[LightGBM] [Info] Start training from score 5743.013156
[LightGBM] [Info] Auto-choosing col-wise multi-threading, the overhead of testing was 0.180035 seconds.
You can set `force_col_wise=true` to remove the overhead.
[LightGBM] [Info] Total Bins 7226
[LightGBM] [Info] Number of data points in the train set: 94410, number of used features: 35
[LightGBM] [Info] Start training from score 5742.992351
   [fit] key=2025-W43 cutoff=2025-10-20 11:00:00  (block 21/61)
[LightGBM] [Info] Auto-choosing col-wise multi-threading, the overhead of testing was 0.148421 seconds.
You can set `force_col_wise=true` to remove the overhead.
[LightGBM] [Info] Total Bins 7226
[LightGBM] [Info] Number of data points in the train set: 94577, number of used features: 35
[LightGBM] [Info] Start training from score 5742.799348
[LightGBM] [Info] Auto-choosing col-wise multi-threading, the overhead of testing was 0.165365 seconds.
You can set `force_col_wise=true` to remove the overhead.
[LightGBM] [Info] Total Bins 7226
[LightGBM] [Info] Number of data points in the train set: 94577, number of used features: 35
[LightGBM] [Info] Start training from score 5742.818020
[LightGBM] [Info] Auto-choosing col-wise multi-threading, the overhead of testing was 0.162072 seconds.
You can set `force_col_wise=true` to remove the overhead.
[LightGBM] [Info] Total Bins 7226
[LightGBM] [Info] Number of data points in the train set: 94577, number of used features: 35
[LightGBM] [Info] Start training from score 5742.780257
[LightGBM] [Info] Auto-choosing col-wise multi-threading, the overhead of testing was 0.169656 seconds.
You can set `force_col_wise=true` to remove the overhead.
[LightGBM] [Info] Total Bins 7226
[LightGBM] [Info] Number of data points in the train set: 94577, number of used features: 35
[LightGBM] [Info] Start training from score 5742.761648
[LightGBM] [Info] Auto-choosing row-wise multi-threading, the overhead of testing was 0.056005 seconds.
You can set `force_row_wise=true` to remove the overhead.
And if memory is not enough, you can set `force_col_wise=true`.
[LightGBM] [Info] Total Bins 7226
[LightGBM] [Info] Number of data points in the train set: 94577, number of used features: 35
[LightGBM] [Info] Start training from score 5742.836694
[LightGBM] [Info] Auto-choosing col-wise multi-threading, the overhead of testing was 0.180321 seconds.
You can set `force_col_wise=true` to remove the overhead.
[LightGBM] [Info] Total Bins 7226
[LightGBM] [Info] Number of data points in the train set: 94577, number of used features: 35
[LightGBM] [Info] Start training from score 5742.367391
[LightGBM] [Info] Auto-choosing col-wise multi-threading, the overhead of testing was 0.204765 seconds.
You can set `force_col_wise=true` to remove the overhead.
[LightGBM] [Info] Total Bins 7226
[LightGBM] [Info] Number of data points in the train set: 94577, number of used features: 35
[LightGBM] [Info] Start training from score 5742.739030
[LightGBM] [Info] Auto-choosing col-wise multi-threading, the overhead of testing was 0.199235 seconds.
You can set `force_col_wise=true` to remove the overhead.
[LightGBM] [Info] Total Bins 7226
[LightGBM] [Info] Number of data points in the train set: 94577, number of used features: 35
[LightGBM] [Info] Start training from score 5742.671579
[LightGBM] [Info] Auto-choosing col-wise multi-threading, the overhead of testing was 0.209488 seconds.
You can set `force_col_wise=true` to remove the overhead.
[LightGBM] [Info] Total Bins 7226
[LightGBM] [Info] Number of data points in the train set: 94577, number of used features: 35
[LightGBM] [Info] Start training from score 5742.629666
[LightGBM] [Info] Auto-choosing col-wise multi-threading, the overhead of testing was 0.218124 seconds.
You can set `force_col_wise=true` to remove the overhead.
[LightGBM] [Info] Total Bins 7226
[LightGBM] [Info] Number of data points in the train set: 94577, number of used features: 35
[LightGBM] [Info] Start training from score 5742.541015
[LightGBM] [Info] Auto-choosing col-wise multi-threading, the overhead of testing was 0.218225 seconds.
You can set `force_col_wise=true` to remove the overhead.
[LightGBM] [Info] Total Bins 7226
[LightGBM] [Info] Number of data points in the train set: 94577, number of used features: 35
[LightGBM] [Info] Auto-choosing row-wise multi-threading, the overhead of testing was 0.069464 seconds.
You can set `force_row_wise=true` to remove the overhead.
And if memory is not enough, you can set `force_col_wise=true`.
[LightGBM] [Info] Total Bins 7226
[LightGBM] [Info] Start training from score 5742.585022
[LightGBM] [Info] Number of data points in the train set: 94577, number of used features: 35
[LightGBM] [Info] Start training from score 5742.497565
[LightGBM] [Info] Auto-choosing col-wise multi-threading, the overhead of testing was 0.195835 seconds.
You can set `force_col_wise=true` to remove the overhead.
[LightGBM] [Info] Total Bins 7226
[LightGBM] [Info] Number of data points in the train set: 94577, number of used features: 35
[LightGBM] [Info] Start training from score 5742.707886
[LightGBM] [Info] Auto-choosing col-wise multi-threading, the overhead of testing was 0.208172 seconds.
You can set `force_col_wise=true` to remove the overhead.
[LightGBM] [Info] Total Bins 7226
[LightGBM] [Info] Number of data points in the train set: 94577, number of used features: 35
[LightGBM] [Info] Auto-choosing col-wise multi-threading, the overhead of testing was 0.196176 seconds.
You can set `force_col_wise=true` to remove the overhead.
[LightGBM] [Info] Total Bins 7226
[LightGBM] [Info] Start training from score 5742.454226
[LightGBM] [Info] Number of data points in the train set: 94577, number of used features: 35
[LightGBM] [Info] Start training from score 5742.411694
[LightGBM] [Info] Auto-choosing col-wise multi-threading, the overhead of testing was 0.191207 seconds.
You can set `force_col_wise=true` to remove the overhead.
[LightGBM] [Info] Total Bins 7226
[LightGBM] [Info] Number of data points in the train set: 94577, number of used features: 35
[LightGBM] [Info] Start training from score 5742.325940
[LightGBM] [Info] Auto-choosing col-wise multi-threading, the overhead of testing was 0.212648 seconds.
You can set `force_col_wise=true` to remove the overhead.
[LightGBM] [Info] Total Bins 7226
[LightGBM] [Info] Number of data points in the train set: 94577, number of used features: 35
[LightGBM] [Info] Start training from score 5742.286312
[LightGBM] [Info] Auto-choosing col-wise multi-threading, the overhead of testing was 0.266731 seconds.
You can set `force_col_wise=true` to remove the overhead.
[LightGBM] [Info] Total Bins 7226
[LightGBM] [Info] Number of data points in the train set: 94577, number of used features: 35
[LightGBM] [Info] Start training from score 5742.243119
[LightGBM] [Info] Auto-choosing col-wise multi-threading, the overhead of testing was 0.176397 seconds.
You can set `force_col_wise=true` to remove the overhead.
[LightGBM] [Info] Total Bins 7226
[LightGBM] [Info] Number of data points in the train set: 94577, number of used features: 35
[LightGBM] [Info] Start training from score 5742.199712
[LightGBM] [Info] Auto-choosing col-wise multi-threading, the overhead of testing was 0.167160 seconds.
You can set `force_col_wise=true` to remove the overhead.
[LightGBM] [Info] Total Bins 7226
[LightGBM] [Info] Auto-choosing col-wise multi-threading, the overhead of testing was 0.160743 seconds.
You can set `force_col_wise=true` to remove the overhead.
[LightGBM] [Info] Total Bins 7226
[LightGBM] [Info] Number of data points in the train set: 94577, number of used features: 35
[LightGBM] [Info] Start training from score 5742.156846
[LightGBM] [Info] Number of data points in the train set: 94577, number of used features: 35
[LightGBM] [Info] Start training from score 5742.118882
[LightGBM] [Info] Auto-choosing col-wise multi-threading, the overhead of testing was 0.186081 seconds.
You can set `force_col_wise=true` to remove the overhead.
[LightGBM] [Info] Total Bins 7226
[LightGBM] [Info] Number of data points in the train set: 94577, number of used features: 35
[LightGBM] [Info] Start training from score 5742.086340
[LightGBM] [Info] Auto-choosing col-wise multi-threading, the overhead of testing was 0.203760 seconds.
You can set `force_col_wise=true` to remove the overhead.
[LightGBM] [Info] Total Bins 7226
[LightGBM] [Info] Number of data points in the train set: 94577, number of used features: 35
[LightGBM] [Info] Start training from score 5742.056916
[LightGBM] [Info] Auto-choosing col-wise multi-threading, the overhead of testing was 0.258021 seconds.
You can set `force_col_wise=true` to remove the overhead.
[LightGBM] [Info] Total Bins 7226
[LightGBM] [Info] Number of data points in the train set: 94577, number of used features: 35
[LightGBM] [Info] Start training from score 5742.032211
[LightGBM] [Info] Auto-choosing col-wise multi-threading, the overhead of testing was 0.174942 seconds.
You can set `force_col_wise=true` to remove the overhead.
[LightGBM] [Info] Total Bins 7226
[LightGBM] [Info] Number of data points in the train set: 94577, number of used features: 35
[LightGBM] [Info] Start training from score 5742.011529
[LightGBM] [Info] Auto-choosing col-wise multi-threading, the overhead of testing was 0.172348 seconds.
You can set `force_col_wise=true` to remove the overhead.
[LightGBM] [Info] Total Bins 7226
[LightGBM] [Info] Number of data points in the train set: 94577, number of used features: 35
[LightGBM] [Info] Start training from score 5741.990732
[LightGBM] [Info] Auto-choosing col-wise multi-threading, the overhead of testing was 0.159995 seconds.
You can set `force_col_wise=true` to remove the overhead.
[LightGBM] [Info] Total Bins 7226
[LightGBM] [Info] Number of data points in the train set: 94577, number of used features: 35
[LightGBM] [Info] Start training from score 5741.971133
[LightGBM] [Info] Auto-choosing col-wise multi-threading, the overhead of testing was 0.166963 seconds.
You can set `force_col_wise=true` to remove the overhead.
[LightGBM] [Info] Total Bins 7226
[LightGBM] [Info] Number of data points in the train set: 94577, number of used features: 35
[LightGBM] [Info] Start training from score 5741.934694
[LightGBM] [Info] Auto-choosing col-wise multi-threading, the overhead of testing was 0.172870 seconds.
You can set `force_col_wise=true` to remove the overhead.
[LightGBM] [Info] Total Bins 7226
[LightGBM] [Info] Number of data points in the train set: 94577, number of used features: 35
[LightGBM] [Info] Start training from score 5741.952458
[LightGBM] [Info] Auto-choosing row-wise multi-threading, the overhead of testing was 0.089050 seconds.
You can set `force_row_wise=true` to remove the overhead.
And if memory is not enough, you can set `force_col_wise=true`.
[LightGBM] [Info] Total Bins 7226
[LightGBM] [Info] Number of data points in the train set: 94577, number of used features: 35
[LightGBM] [Info] Start training from score 5741.915994
[LightGBM] [Info] Auto-choosing col-wise multi-threading, the overhead of testing was 0.193728 seconds.
You can set `force_col_wise=true` to remove the overhead.
[LightGBM] [Info] Total Bins 7226
[LightGBM] [Info] Number of data points in the train set: 94577, number of used features: 35
[LightGBM] [Info] Start training from score 5741.891819
[LightGBM] [Info] Auto-choosing col-wise multi-threading, the overhead of testing was 0.201128 seconds.
You can set `force_col_wise=true` to remove the overhead.
[LightGBM] [Info] Total Bins 7226
[LightGBM] [Info] Number of data points in the train set: 94577, number of used features: 35
[LightGBM] [Info] Start training from score 5741.866229
[LightGBM] [Info] Auto-choosing col-wise multi-threading, the overhead of testing was 0.221423 seconds.
You can set `force_col_wise=true` to remove the overhead.
[LightGBM] [Info] Total Bins 7226
[LightGBM] [Info] Number of data points in the train set: 94577, number of used features: 35
[LightGBM] [Info] Start training from score 5741.837549
[LightGBM] [Info] Auto-choosing col-wise multi-threading, the overhead of testing was 0.129291 seconds.
You can set `force_col_wise=true` to remove the overhead.
[LightGBM] [Info] Total Bins 7226
[LightGBM] [Info] Number of data points in the train set: 94577, number of used features: 35
[LightGBM] [Info] Start training from score 5741.809589
[LightGBM] [Info] Auto-choosing col-wise multi-threading, the overhead of testing was 0.125638 seconds.
You can set `force_col_wise=true` to remove the overhead.
[LightGBM] [Info] Total Bins 7226
[LightGBM] [Info] Number of data points in the train set: 94577, number of used features: 35
[LightGBM] [Info] Start training from score 5741.784378
[LightGBM] [Info] Auto-choosing col-wise multi-threading, the overhead of testing was 0.074684 seconds.
You can set `force_col_wise=true` to remove the overhead.
[LightGBM] [Info] Total Bins 7226
[LightGBM] [Info] Number of data points in the train set: 94577, number of used features: 35
[LightGBM] [Info] Start training from score 5741.761252
   [fit] key=2025-W44 cutoff=2025-10-27 11:00:00  (block 28/61)
[LightGBM] [Info] Auto-choosing col-wise multi-threading, the overhead of testing was 0.181639 seconds.
You can set `force_col_wise=true` to remove the overhead.
[LightGBM] [Info] Auto-choosing col-wise multi-threading, the overhead of testing was 0.172162 seconds.
You can set `force_col_wise=true` to remove the overhead.
[LightGBM] [Info] Total Bins 7226
[LightGBM] [Info] Total Bins 7226
[LightGBM] [Info] Number of data points in the train set: 94745, number of used features: 35
[LightGBM] [Info] Number of data points in the train set: 94745, number of used features: 35
[LightGBM] [Info] Start training from score 5741.292406
[LightGBM] [Info] Start training from score 5741.271179
[LightGBM] [Info] Auto-choosing col-wise multi-threading, the overhead of testing was 0.186472 seconds.
You can set `force_col_wise=true` to remove the overhead.
[LightGBM] [Info] Total Bins 7226
[LightGBM] [Info] Number of data points in the train set: 94745, number of used features: 35
[LightGBM] [Info] Start training from score 5741.250767
[LightGBM] [Info] Auto-choosing col-wise multi-threading, the overhead of testing was 0.186866 seconds.
You can set `force_col_wise=true` to remove the overhead.
[LightGBM] [Info] Total Bins 7226
[LightGBM] [Info] Number of data points in the train set: 94745, number of used features: 35
[LightGBM] [Info] Start training from score 5741.211941
[LightGBM] [Info] Auto-choosing col-wise multi-threading, the overhead of testing was 0.183388 seconds.
You can set `force_col_wise=true` to remove the overhead.
[LightGBM] [Info] Total Bins 7226
[LightGBM] [Info] Number of data points in the train set: 94745, number of used features: 35
[LightGBM] [Info] Auto-choosing col-wise multi-threading, the overhead of testing was 0.205281 seconds.
You can set `force_col_wise=true` to remove the overhead.
[LightGBM] [Info] Total Bins 7226
[LightGBM] [Info] Number of data points in the train set: 94745, number of used features: 35
[LightGBM] [Info] Start training from score 5741.188202
[LightGBM] [Info] Start training from score 5741.042827
[LightGBM] [Info] Auto-choosing col-wise multi-threading, the overhead of testing was 0.168559 seconds.
You can set `force_col_wise=true` to remove the overhead.
[LightGBM] [Info] Total Bins 7226
[LightGBM] [Info] Number of data points in the train set: 94745, number of used features: 35
[LightGBM] [Info] Start training from score 5740.890525
[LightGBM] [Info] Auto-choosing col-wise multi-threading, the overhead of testing was 0.169184 seconds.
You can set `force_col_wise=true` to remove the overhead.
[LightGBM] [Info] Total Bins 7226
[LightGBM] [Info] Number of data points in the train set: 94745, number of used features: 35
[LightGBM] [Info] Start training from score 5741.156059
[LightGBM] [Info] Auto-choosing col-wise multi-threading, the overhead of testing was 0.174136 seconds.
You can set `force_col_wise=true` to remove the overhead.
[LightGBM] [Info] Total Bins 7226
[LightGBM] [Info] Number of data points in the train set: 94745, number of used features: 35
[LightGBM] [Info] Start training from score 5741.231361
[LightGBM] [Info] Auto-choosing col-wise multi-threading, the overhead of testing was 0.162666 seconds.
You can set `force_col_wise=true` to remove the overhead.
[LightGBM] [Info] Total Bins 7226
[LightGBM] [Info] Number of data points in the train set: 94745, number of used features: 35
[LightGBM] [Info] Start training from score 5740.965868
[LightGBM] [Info] Auto-choosing col-wise multi-threading, the overhead of testing was 0.173400 seconds.
You can set `force_col_wise=true` to remove the overhead.
[LightGBM] [Info] Total Bins 7226
[LightGBM] [Info] Number of data points in the train set: 94745, number of used features: 35
[LightGBM] [Info] Auto-choosing col-wise multi-threading, the overhead of testing was 0.172477 seconds.
You can set `force_col_wise=true` to remove the overhead.
[LightGBM] [Info] Total Bins 7226
[LightGBM] [Info] Start training from score 5741.121072
[LightGBM] [Info] Number of data points in the train set: 94745, number of used features: 35
[LightGBM] [Info] Start training from score 5740.850163
[LightGBM] [Info] Auto-choosing col-wise multi-threading, the overhead of testing was 0.184871 seconds.
You can set `force_col_wise=true` to remove the overhead.
[LightGBM] [Info] Total Bins 7226
[LightGBM] [Info] Auto-choosing col-wise multi-threading, the overhead of testing was 0.193699 seconds.
You can set `force_col_wise=true` to remove the overhead.
[LightGBM] [Info] Total Bins 7226
[LightGBM] [Info] Number of data points in the train set: 94745, number of used features: 35
[LightGBM] [Info] Number of data points in the train set: 94745, number of used features: 35
[LightGBM] [Info] Start training from score 5741.003658
[LightGBM] [Info] Auto-choosing col-wise multi-threading, the overhead of testing was 0.159896 seconds.
You can set `force_col_wise=true` to remove the overhead.
[LightGBM] [Info] Start training from score 5740.927768
[LightGBM] [Info] Total Bins 7226
[LightGBM] [Info] Number of data points in the train set: 94745, number of used features: 35
[LightGBM] [Info] Auto-choosing col-wise multi-threading, the overhead of testing was 0.184869 seconds.
You can set `force_col_wise=true` to remove the overhead.
[LightGBM] [Info] Total Bins 7226
[LightGBM] [Info] Start training from score 5740.810379
[LightGBM] [Info] Number of data points in the train set: 94745, number of used features: 35
[LightGBM] [Info] Start training from score 5741.082463
[LightGBM] [Info] Auto-choosing col-wise multi-threading, the overhead of testing was 0.202181 seconds.
You can set `force_col_wise=true` to remove the overhead.
[LightGBM] [Info] Total Bins 7226
[LightGBM] [Info] Number of data points in the train set: 94745, number of used features: 35
[LightGBM] [Info] Start training from score 5740.772173
[LightGBM] [Info] Auto-choosing col-wise multi-threading, the overhead of testing was 0.171143 seconds.
You can set `force_col_wise=true` to remove the overhead.
[LightGBM] [Info] Total Bins 7226
[LightGBM] [Info] Number of data points in the train set: 94745, number of used features: 35
[LightGBM] [Info] Start training from score 5740.731516
[LightGBM] [Info] Auto-choosing col-wise multi-threading, the overhead of testing was 0.197333 seconds.
You can set `force_col_wise=true` to remove the overhead.
[LightGBM] [Info] Total Bins 7226
[LightGBM] [Info] Number of data points in the train set: 94745, number of used features: 35
[LightGBM] [Info] Start training from score 5740.690444
[LightGBM] [Info] Auto-choosing col-wise multi-threading, the overhead of testing was 0.176319 seconds.
You can set `force_col_wise=true` to remove the overhead.
[LightGBM] [Info] Total Bins 7226
[LightGBM] [Info] Number of data points in the train set: 94745, number of used features: 35
[LightGBM] [Info] Start training from score 5740.613716
[LightGBM] [Info] Auto-choosing col-wise multi-threading, the overhead of testing was 0.190719 seconds.
You can set `force_col_wise=true` to remove the overhead.
[LightGBM] [Info] Total Bins 7226
[LightGBM] [Info] Number of data points in the train set: 94745, number of used features: 35
[LightGBM] [Info] Start training from score 5740.649977
[LightGBM] [Info] Auto-choosing col-wise multi-threading, the overhead of testing was 0.191286 seconds.
You can set `force_col_wise=true` to remove the overhead.
[LightGBM] [Info] Total Bins 7226
[LightGBM] [Info] Number of data points in the train set: 94745, number of used features: 35
[LightGBM] [Info] Start training from score 5740.582308
[LightGBM] [Info] Auto-choosing col-wise multi-threading, the overhead of testing was 0.188139 seconds.
You can set `force_col_wise=true` to remove the overhead.
[LightGBM] [Info] Total Bins 7226
[LightGBM] [Info] Number of data points in the train set: 94745, number of used features: 35
[LightGBM] [Info] Start training from score 5740.553738
[LightGBM] [Info] Auto-choosing col-wise multi-threading, the overhead of testing was 0.266327 seconds.
You can set `force_col_wise=true` to remove the overhead.
[LightGBM] [Info] Total Bins 7226
[LightGBM] [Info] Number of data points in the train set: 94745, number of used features: 35
[LightGBM] [Info] Start training from score 5740.529119
[LightGBM] [Info] Auto-choosing col-wise multi-threading, the overhead of testing was 0.267706 seconds.
You can set `force_col_wise=true` to remove the overhead.
[LightGBM] [Info] Total Bins 7226
[LightGBM] [Info] Number of data points in the train set: 94745, number of used features: 35
[LightGBM] [Info] Start training from score 5740.508010
[LightGBM] [Info] Auto-choosing col-wise multi-threading, the overhead of testing was 0.179628 seconds.
You can set `force_col_wise=true` to remove the overhead.
[LightGBM] [Info] Total Bins 7226
[LightGBM] [Info] Number of data points in the train set: 94745, number of used features: 35
[LightGBM] [Info] Start training from score 5740.486542
[LightGBM] [Info] Auto-choosing col-wise multi-threading, the overhead of testing was 0.192414 seconds.
You can set `force_col_wise=true` to remove the overhead.
[LightGBM] [Info] Total Bins 7226
[LightGBM] [Info] Number of data points in the train set: 94745, number of used features: 35
[LightGBM] [Info] Start training from score 5740.466419
[LightGBM] [Info] Auto-choosing col-wise multi-threading, the overhead of testing was 0.214970 seconds.
You can set `force_col_wise=true` to remove the overhead.
[LightGBM] [Info] Total Bins 7226
[LightGBM] [Info] Number of data points in the train set: 94745, number of used features: 35
[LightGBM] [Info] Start training from score 5740.447312
[LightGBM] [Info] Auto-choosing col-wise multi-threading, the overhead of testing was 0.284922 seconds.
You can set `force_col_wise=true` to remove the overhead.
[LightGBM] [Info] Total Bins 7226
[LightGBM] [Info] Number of data points in the train set: 94745, number of used features: 35
[LightGBM] [Info] Auto-choosing col-wise multi-threading, the overhead of testing was 0.231187 seconds.
You can set `force_col_wise=true` to remove the overhead.
[LightGBM] [Info] Total Bins 7226
[LightGBM] [Info] Number of data points in the train set: 94745, number of used features: 35
[LightGBM] [Info] Start training from score 5740.429210
[LightGBM] [Info] Start training from score 5740.388892
[LightGBM] [Info] Auto-choosing col-wise multi-threading, the overhead of testing was 0.217254 seconds.
You can set `force_col_wise=true` to remove the overhead.
[LightGBM] [Info] Total Bins 7226
[LightGBM] [Info] Number of data points in the train set: 94745, number of used features: 35
[LightGBM] [Info] Start training from score 5740.411092
[LightGBM] [Info] Auto-choosing col-wise multi-threading, the overhead of testing was 0.213434 seconds.
You can set `force_col_wise=true` to remove the overhead.
[LightGBM] [Info] Total Bins 7226
[LightGBM] [Info] Number of data points in the train set: 94745, number of used features: 35
[LightGBM] [Info] Start training from score 5740.365215
[LightGBM] [Info] Auto-choosing col-wise multi-threading, the overhead of testing was 0.156481 seconds.
You can set `force_col_wise=true` to remove the overhead.
[LightGBM] [Info] Total Bins 7226
[LightGBM] [Info] Number of data points in the train set: 94745, number of used features: 35
[LightGBM] [Info] Start training from score 5740.337642
[LightGBM] [Info] Auto-choosing col-wise multi-threading, the overhead of testing was 0.159799 seconds.
You can set `force_col_wise=true` to remove the overhead.
[LightGBM] [Info] Total Bins 7226
[LightGBM] [Info] Number of data points in the train set: 94745, number of used features: 35
[LightGBM] [Info] Start training from score 5740.309573
[LightGBM] [Info] Auto-choosing col-wise multi-threading, the overhead of testing was 0.156386 seconds.
You can set `force_col_wise=true` to remove the overhead.
[LightGBM] [Info] Total Bins 7226
[LightGBM] [Info] Number of data points in the train set: 94745, number of used features: 35
[LightGBM] [Info] Start training from score 5740.282179
[LightGBM] [Info] Auto-choosing col-wise multi-threading, the overhead of testing was 0.089165 seconds.
You can set `force_col_wise=true` to remove the overhead.
[LightGBM] [Info] Total Bins 7226
[LightGBM] [Info] Number of data points in the train set: 94745, number of used features: 35
[LightGBM] [Info] Start training from score 5740.256192
   [fit] key=2025-W45 cutoff=2025-11-03 11:00:00  (block 35/61)
[LightGBM] [Info] Auto-choosing col-wise multi-threading, the overhead of testing was 0.167846 seconds.
You can set `force_col_wise=true` to remove the overhead.
[LightGBM] [Info] Total Bins 7226
[LightGBM] [Info] Number of data points in the train set: 94913, number of used features: 35
[LightGBM] [Info] Start training from score 5740.094596
[LightGBM] [Info] Auto-choosing col-wise multi-threading, the overhead of testing was 0.180554 seconds.
You can set `force_col_wise=true` to remove the overhead.
[LightGBM] [Info] Total Bins 7226
[LightGBM] [Info] Auto-choosing col-wise multi-threading, the overhead of testing was 0.181186 seconds.
You can set `force_col_wise=true` to remove the overhead.
[LightGBM] [Info] Total Bins 7226
[LightGBM] [Info] Number of data points in the train set: 94913, number of used features: 35
[LightGBM] [Info] Start training from score 5740.153971
[LightGBM] [Info] Number of data points in the train set: 94913, number of used features: 35
[LightGBM] [Info] Start training from score 5740.113950
[LightGBM] [Info] Auto-choosing col-wise multi-threading, the overhead of testing was 0.188265 seconds.
You can set `force_col_wise=true` to remove the overhead.
[LightGBM] [Info] Total Bins 7226
[LightGBM] [Info] Number of data points in the train set: 94913, number of used features: 35
[LightGBM] [Info] Start training from score 5740.133427
[LightGBM] [Info] Auto-choosing col-wise multi-threading, the overhead of testing was 0.182227 seconds.
You can set `force_col_wise=true` to remove the overhead.
[LightGBM] [Info] Total Bins 7226
[LightGBM] [Info] Number of data points in the train set: 94913, number of used features: 35
[LightGBM] [Info] Start training from score 5739.966400
[LightGBM] [Info] Auto-choosing col-wise multi-threading, the overhead of testing was 0.182281 seconds.
You can set `force_col_wise=true` to remove the overhead.
[LightGBM] [Info] Total Bins 7226
[LightGBM] [Info] Auto-choosing col-wise multi-threading, the overhead of testing was 0.173125 seconds.
You can set `force_col_wise=true` to remove the overhead.
[LightGBM] [Info] Total Bins 7226
[LightGBM] [Info] Number of data points in the train set: 94913, number of used features: 35
[LightGBM] [Info] Start training from score 5739.740138
[LightGBM] [Info] Number of data points in the train set: 94913, number of used features: 35
[LightGBM] [Info] Start training from score 5740.039360
[LightGBM] [Info] Auto-choosing col-wise multi-threading, the overhead of testing was 0.177109 seconds.
You can set `force_col_wise=true` to remove the overhead.
[LightGBM] [Info] Total Bins 7226
[LightGBM] [Info] Auto-choosing col-wise multi-threading, the overhead of testing was 0.177112 seconds.
You can set `force_col_wise=true` to remove the overhead.
[LightGBM] [Info] Total Bins 7226
[LightGBM] [Info] Number of data points in the train set: 94913, number of used features: 35
[LightGBM] [Info] Start training from score 5739.778869
[LightGBM] [Info] Number of data points in the train set: 94913, number of used features: 35
[LightGBM] [Info] Auto-choosing col-wise multi-threading, the overhead of testing was 0.184240 seconds.
You can set `force_col_wise=true` to remove the overhead.
[LightGBM] [Info] Start training from score 5739.814571
[LightGBM] [Info] Total Bins 7226
[LightGBM] [Info] Number of data points in the train set: 94913, number of used features: 35
[LightGBM] [Info] Start training from score 5740.071362
[LightGBM] [Info] Auto-choosing col-wise multi-threading, the overhead of testing was 0.189936 seconds.
You can set `force_col_wise=true` to remove the overhead.
[LightGBM] [Info] Total Bins 7226
[LightGBM] [Info] Auto-choosing col-wise multi-threading, the overhead of testing was 0.193821 seconds.
You can set `force_col_wise=true` to remove the overhead.
[LightGBM] [Info] Total Bins 7226
[LightGBM] [Info] Auto-choosing col-wise multi-threading, the overhead of testing was 0.156353 seconds.
You can set `force_col_wise=true` to remove the overhead.
[LightGBM] [Info] Total Bins 7226
[LightGBM] [Info] Number of data points in the train set: 94913, number of used features: 35
[LightGBM] [Info] Number of data points in the train set: 94913, number of used features: 35
[LightGBM] [Info] Start training from score 5740.174550
[LightGBM] [Info] Start training from score 5739.926898
[LightGBM] [Info] Number of data points in the train set: 94913, number of used features: 35
[LightGBM] [Info] Start training from score 5740.004773
[LightGBM] [Info] Auto-choosing col-wise multi-threading, the overhead of testing was 0.177477 seconds.
You can set `force_col_wise=true` to remove the overhead.
[LightGBM] [Info] Total Bins 7226
[LightGBM] [Info] Number of data points in the train set: 94913, number of used features: 35
[LightGBM] [Info] Start training from score 5739.851803
[LightGBM] [Info] Auto-choosing col-wise multi-threading, the overhead of testing was 0.182350 seconds.
You can set `force_col_wise=true` to remove the overhead.
[LightGBM] [Info] Total Bins 7226
[LightGBM] [Info] Number of data points in the train set: 94913, number of used features: 35
[LightGBM] [Info] Start training from score 5739.888482
[LightGBM] [Info] Auto-choosing col-wise multi-threading, the overhead of testing was 0.192679 seconds.
You can set `force_col_wise=true` to remove the overhead.
[LightGBM] [Info] Total Bins 7226
[LightGBM] [Info] Number of data points in the train set: 94913, number of used features: 35
[LightGBM] [Info] Start training from score 5739.701678
[LightGBM] [Info] Auto-choosing col-wise multi-threading, the overhead of testing was 0.161430 seconds.
You can set `force_col_wise=true` to remove the overhead.
[LightGBM] [Info] Total Bins 7226
[LightGBM] [Info] Number of data points in the train set: 94913, number of used features: 35
[LightGBM] [Info] Start training from score 5739.665678
[LightGBM] [Info] Auto-choosing col-wise multi-threading, the overhead of testing was 0.186718 seconds.
You can set `force_col_wise=true` to remove the overhead.
[LightGBM] [Info] Total Bins 7226
[LightGBM] [Info] Number of data points in the train set: 94913, number of used features: 35
[LightGBM] [Info] Start training from score 5739.625968
[LightGBM] [Info] Auto-choosing col-wise multi-threading, the overhead of testing was 0.163379 seconds.
You can set `force_col_wise=true` to remove the overhead.
[LightGBM] [Info] Total Bins 7226
[LightGBM] [Info] Number of data points in the train set: 94913, number of used features: 35
[LightGBM] [Info] Start training from score 5739.545648
[LightGBM] [Info] Auto-choosing col-wise multi-threading, the overhead of testing was 0.174654 seconds.
You can set `force_col_wise=true` to remove the overhead.
[LightGBM] [Info] Total Bins 7226
[LightGBM] [Info] Number of data points in the train set: 94913, number of used features: 35
[LightGBM] [Info] Start training from score 5739.585022
[LightGBM] [Info] Auto-choosing col-wise multi-threading, the overhead of testing was 0.171820 seconds.
You can set `force_col_wise=true` to remove the overhead.
[LightGBM] [Info] Total Bins 7226
[LightGBM] [Info] Number of data points in the train set: 94913, number of used features: 35
[LightGBM] [Info] Start training from score 5739.479479
[LightGBM] [Info] Auto-choosing col-wise multi-threading, the overhead of testing was 0.176957 seconds.
You can set `force_col_wise=true` to remove the overhead.
[LightGBM] [Info] Total Bins 7226
[LightGBM] [Info] Number of data points in the train set: 94913, number of used features: 35
[LightGBM] [Info] Start training from score 5739.510241
[LightGBM] [Info] Auto-choosing col-wise multi-threading, the overhead of testing was 0.177007 seconds.
You can set `force_col_wise=true` to remove the overhead.
[LightGBM] [Info] Total Bins 7226
[LightGBM] [Info] Number of data points in the train set: 94913, number of used features: 35
[LightGBM] [Info] Start training from score 5739.451391
[LightGBM] [Info] Auto-choosing col-wise multi-threading, the overhead of testing was 0.198806 seconds.
You can set `force_col_wise=true` to remove the overhead.
[LightGBM] [Info] Total Bins 7226
[LightGBM] [Info] Number of data points in the train set: 94913, number of used features: 35
[LightGBM] [Info] Start training from score 5739.426827
[LightGBM] [Info] Auto-choosing col-wise multi-threading, the overhead of testing was 0.211002 seconds.
You can set `force_col_wise=true` to remove the overhead.
[LightGBM] [Info] Total Bins 7226
[LightGBM] [Info] Number of data points in the train set: 94913, number of used features: 35
[LightGBM] [Info] Start training from score 5739.384398
[LightGBM] [Info] Auto-choosing col-wise multi-threading, the overhead of testing was 0.210200 seconds.
You can set `force_col_wise=true` to remove the overhead.
[LightGBM] [Info] Total Bins 7226
[LightGBM] [Info] Number of data points in the train set: 94913, number of used features: 35
[LightGBM] [Info] Start training from score 5739.405797
[LightGBM] [Info] Auto-choosing col-wise multi-threading, the overhead of testing was 0.184961 seconds.
You can set `force_col_wise=true` to remove the overhead.
[LightGBM] [Info] Total Bins 7226
[LightGBM] [Info] Number of data points in the train set: 94913, number of used features: 35
[LightGBM] [Info] Start training from score 5739.364775
[LightGBM] [Info] Auto-choosing col-wise multi-threading, the overhead of testing was 0.252808 seconds.
You can set `force_col_wise=true` to remove the overhead.
[LightGBM] [Info] Total Bins 7226
[LightGBM] [Info] Number of data points in the train set: 94913, number of used features: 35
[LightGBM] [Info] Start training from score 5739.346197
[LightGBM] [Info] Auto-choosing col-wise multi-threading, the overhead of testing was 0.188851 seconds.
You can set `force_col_wise=true` to remove the overhead.
[LightGBM] [Info] Total Bins 7226
[LightGBM] [Info] Number of data points in the train set: 94913, number of used features: 35
[LightGBM] [Info] Start training from score 5739.286690
[LightGBM] [Info] Auto-choosing col-wise multi-threading, the overhead of testing was 0.190780 seconds.
You can set `force_col_wise=true` to remove the overhead.
[LightGBM] [Info] Total Bins 7226
[LightGBM] [Info] Number of data points in the train set: 94913, number of used features: 35
[LightGBM] [Info] Start training from score 5739.328454
[LightGBM] [Info] Auto-choosing col-wise multi-threading, the overhead of testing was 0.172187 seconds.
You can set `force_col_wise=true` to remove the overhead.
[LightGBM] [Info] Total Bins 7226
[LightGBM] [Info] Number of data points in the train set: 94913, number of used features: 35
[LightGBM] [Info] Start training from score 5739.310178
[LightGBM] [Info] Auto-choosing col-wise multi-threading, the overhead of testing was 0.186535 seconds.
You can set `force_col_wise=true` to remove the overhead.
[LightGBM] [Info] Total Bins 7226
[LightGBM] [Info] Number of data points in the train set: 94913, number of used features: 35
[LightGBM] [Info] Start training from score 5739.262338
[LightGBM] [Info] Auto-choosing col-wise multi-threading, the overhead of testing was 0.130639 seconds.
You can set `force_col_wise=true` to remove the overhead.
[LightGBM] [Info] Total Bins 7226
[LightGBM] [Info] Number of data points in the train set: 94913, number of used features: 35
[LightGBM] [Info] Start training from score 5739.236531
[LightGBM] [Info] Auto-choosing col-wise multi-threading, the overhead of testing was 0.187457 seconds.
You can set `force_col_wise=true` to remove the overhead.
[LightGBM] [Info] Total Bins 7226
[LightGBM] [Info] Auto-choosing col-wise multi-threading, the overhead of testing was 0.164228 seconds.
You can set `force_col_wise=true` to remove the overhead.
[LightGBM] [Info] Total Bins 7226
[LightGBM] [Info] Number of data points in the train set: 94913, number of used features: 35
[LightGBM] [Info] Start training from score 5739.188542
[LightGBM] [Info] Number of data points in the train set: 94913, number of used features: 35
[LightGBM] [Info] Start training from score 5739.211610
[LightGBM] [Info] Auto-choosing col-wise multi-threading, the overhead of testing was 0.072146 seconds.
You can set `force_col_wise=true` to remove the overhead.
[LightGBM] [Info] Total Bins 7226
[LightGBM] [Info] Number of data points in the train set: 94913, number of used features: 35
[LightGBM] [Info] Start training from score 5739.166804
   [fit] key=2025-W46 cutoff=2025-11-10 11:00:00  (block 42/61)
[LightGBM] [Info] Auto-choosing col-wise multi-threading, the overhead of testing was 0.174127 seconds.
You can set `force_col_wise=true` to remove the overhead.
[LightGBM] [Info] Total Bins 7226
[LightGBM] [Info] Number of data points in the train set: 95081, number of used features: 35
[LightGBM] [Info] Start training from score 5738.935877
[LightGBM] [Info] Auto-choosing col-wise multi-threading, the overhead of testing was 0.159752 seconds.
You can set `force_col_wise=true` to remove the overhead.
[LightGBM] [Info] Total Bins 7226
[LightGBM] [Info] Number of data points in the train set: 95081, number of used features: 35
[LightGBM] [Info] Start training from score 5738.755816
[LightGBM] [Info] Auto-choosing col-wise multi-threading, the overhead of testing was 0.160299 seconds.
You can set `force_col_wise=true` to remove the overhead.
[LightGBM] [Info] Total Bins 7226
[LightGBM] [Info] Number of data points in the train set: 95081, number of used features: 35
[LightGBM] [Info] Auto-choosing col-wise multi-threading, the overhead of testing was 0.170641 seconds.
You can set `force_col_wise=true` to remove the overhead.
[LightGBM] [Info] Total Bins 7226
[LightGBM] [Info] Number of data points in the train set: 95081, number of used features: 35
[LightGBM] [Info] Auto-choosing row-wise multi-threading, the overhead of testing was 0.045314 seconds.
You can set `force_row_wise=true` to remove the overhead.
And if memory is not enough, you can set `force_col_wise=true`.
[LightGBM] [Info] Total Bins 7226
[LightGBM] [Info] Number of data points in the train set: 95081, number of used features: 35
[LightGBM] [Info] Start training from score 5738.794754
[LightGBM] [Info] Start training from score 5738.954847
[LightGBM] [Info] Start training from score 5738.599684
[LightGBM] [Info] Auto-choosing col-wise multi-threading, the overhead of testing was 0.173063 seconds.
You can set `force_col_wise=true` to remove the overhead.
[LightGBM] [Info] Total Bins 7226
[LightGBM] [Info] Number of data points in the train set: 95081, number of used features: 35
[LightGBM] [Info] Start training from score 5738.637571
[LightGBM] [Info] Auto-choosing col-wise multi-threading, the overhead of testing was 0.189067 seconds.
You can set `force_col_wise=true` to remove the overhead.
[LightGBM] [Info] Total Bins 7226
[LightGBM] [Info] Number of data points in the train set: 95081, number of used features: 35
[LightGBM] [Info] Start training from score 5738.917238
[LightGBM] [Info] Auto-choosing col-wise multi-threading, the overhead of testing was 0.200961 seconds.
You can set `force_col_wise=true` to remove the overhead.
[LightGBM] [Info] Auto-choosing col-wise multi-threading, the overhead of testing was 0.202297 seconds.
You can set `force_col_wise=true` to remove the overhead.
[LightGBM] [Info] Total Bins 7226
[LightGBM] [Info] Total Bins 7226
[LightGBM] [Info] Number of data points in the train set: 95081, number of used features: 35
[LightGBM] [Info] Number of data points in the train set: 95081, number of used features: 35
[LightGBM] [Info] Start training from score 5738.715444
[LightGBM] [Info] Start training from score 5738.899597
[LightGBM] [Info] Auto-choosing col-wise multi-threading, the overhead of testing was 0.203662 seconds.
You can set `force_col_wise=true` to remove the overhead.
[LightGBM] [Info] Total Bins 7226
[LightGBM] [Info] Number of data points in the train set: 95081, number of used features: 35
[LightGBM] [Info] Start training from score 5738.562629
[LightGBM] [Info] Auto-choosing col-wise multi-threading, the overhead of testing was 0.220917 seconds.
You can set `force_col_wise=true` to remove the overhead.
[LightGBM] [Info] Total Bins 7226
[LightGBM] [Info] Auto-choosing col-wise multi-threading, the overhead of testing was 0.211927 seconds.
You can set `force_col_wise=true` to remove the overhead.
[LightGBM] [Info] Total Bins 7226
[LightGBM] [Info] Number of data points in the train set: 95081, number of used features: 35
[LightGBM] [Info] Number of data points in the train set: 95081, number of used features: 35
[LightGBM] [Info] Start training from score 5738.881747
[LightGBM] [Info] Start training from score 5738.829275
[LightGBM] [Info] Auto-choosing col-wise multi-threading, the overhead of testing was 0.210794 seconds.
You can set `force_col_wise=true` to remove the overhead.
[LightGBM] [Info] Total Bins 7226
[LightGBM] [Info] Auto-choosing col-wise multi-threading, the overhead of testing was 0.210191 seconds.
You can set `force_col_wise=true` to remove the overhead.
[LightGBM] [Info] Total Bins 7226
[LightGBM] [Info] Number of data points in the train set: 95081, number of used features: 35
[LightGBM] [Info] Number of data points in the train set: 95081, number of used features: 35
[LightGBM] [Info] Start training from score 5738.522196
[LightGBM] [Info] Start training from score 5738.860013
[LightGBM] [Info] Auto-choosing col-wise multi-threading, the overhead of testing was 0.210888 seconds.
You can set `force_col_wise=true` to remove the overhead.
[LightGBM] [Info] Total Bins 7226
[LightGBM] [Info] Auto-choosing col-wise multi-threading, the overhead of testing was 0.195190 seconds.
You can set `force_col_wise=true` to remove the overhead.
[LightGBM] [Info] Total Bins 7226
[LightGBM] [Info] Number of data points in the train set: 95081, number of used features: 35
[LightGBM] [Info] Start training from score 5738.675914
[LightGBM] [Info] Number of data points in the train set: 95081, number of used features: 35
[LightGBM] [Info] Start training from score 5738.482979
[LightGBM] [Info] Auto-choosing col-wise multi-threading, the overhead of testing was 0.157941 seconds.
You can set `force_col_wise=true` to remove the overhead.
[LightGBM] [Info] Total Bins 7226
[LightGBM] [Info] Number of data points in the train set: 95081, number of used features: 35
[LightGBM] [Info] Start training from score 5738.445113
[LightGBM] [Info] Auto-choosing col-wise multi-threading, the overhead of testing was 0.164574 seconds.
You can set `force_col_wise=true` to remove the overhead.
[LightGBM] [Info] Total Bins 7226
[LightGBM] [Info] Number of data points in the train set: 95081, number of used features: 35
[LightGBM] [Info] Start training from score 5738.405144
[LightGBM] [Info] Auto-choosing col-wise multi-threading, the overhead of testing was 0.218508 seconds.
You can set `force_col_wise=true` to remove the overhead.
[LightGBM] [Info] Total Bins 7226
[LightGBM] [Info] Number of data points in the train set: 95081, number of used features: 35
[LightGBM] [Info] Start training from score 5738.365401
[LightGBM] [Info] Auto-choosing row-wise multi-threading, the overhead of testing was 0.062788 seconds.
You can set `force_row_wise=true` to remove the overhead.
And if memory is not enough, you can set `force_col_wise=true`.
[LightGBM] [Info] Total Bins 7226
[LightGBM] [Info] Number of data points in the train set: 95081, number of used features: 35
[LightGBM] [Info] Start training from score 5738.326793
[LightGBM] [Info] Auto-choosing col-wise multi-threading, the overhead of testing was 0.214521 seconds.
You can set `force_col_wise=true` to remove the overhead.
[LightGBM] [Info] Total Bins 7226
[LightGBM] [Info] Number of data points in the train set: 95081, number of used features: 35
[LightGBM] [Info] Start training from score 5738.293908
[LightGBM] [Info] Auto-choosing row-wise multi-threading, the overhead of testing was 0.069226 seconds.
You can set `force_row_wise=true` to remove the overhead.
And if memory is not enough, you can set `force_col_wise=true`.
[LightGBM] [Info] Total Bins 7226
[LightGBM] [Info] Number of data points in the train set: 95081, number of used features: 35
[LightGBM] [Info] Start training from score 5738.265982
[LightGBM] [Info] Auto-choosing col-wise multi-threading, the overhead of testing was 0.208114 seconds.
You can set `force_col_wise=true` to remove the overhead.
[LightGBM] [Info] Total Bins 7226
[LightGBM] [Info] Number of data points in the train set: 95081, number of used features: 35
[LightGBM] [Info] Start training from score 5738.240515
[LightGBM] [Info] Auto-choosing col-wise multi-threading, the overhead of testing was 0.168170 seconds.
You can set `force_col_wise=true` to remove the overhead.
[LightGBM] [Info] Total Bins 7226
[LightGBM] [Info] Number of data points in the train set: 95081, number of used features: 35
[LightGBM] [Info] Start training from score 5738.215897
[LightGBM] [Info] Auto-choosing col-wise multi-threading, the overhead of testing was 0.187797 seconds.
You can set `force_col_wise=true` to remove the overhead.
[LightGBM] [Info] Total Bins 7226
[LightGBM] [Info] Number of data points in the train set: 95081, number of used features: 35
[LightGBM] [Info] Start training from score 5738.195240
[LightGBM] [Info] Auto-choosing col-wise multi-threading, the overhead of testing was 0.173844 seconds.
You can set `force_col_wise=true` to remove the overhead.
[LightGBM] [Info] Total Bins 7226
[LightGBM] [Info] Number of data points in the train set: 95081, number of used features: 35
[LightGBM] [Info] Start training from score 5738.174101
[LightGBM] [Info] Auto-choosing col-wise multi-threading, the overhead of testing was 0.178790 seconds.
You can set `force_col_wise=true` to remove the overhead.
[LightGBM] [Info] Total Bins 7226
[LightGBM] [Info] Number of data points in the train set: 95081, number of used features: 35
[LightGBM] [Info] Start training from score 5738.153786
[LightGBM] [Info] Auto-choosing col-wise multi-threading, the overhead of testing was 0.215806 seconds.
You can set `force_col_wise=true` to remove the overhead.
[LightGBM] [Info] Total Bins 7226
[LightGBM] [Info] Number of data points in the train set: 95081, number of used features: 35
[LightGBM] [Info] Start training from score 5738.134247
[LightGBM] [Info] Auto-choosing col-wise multi-threading, the overhead of testing was 0.197902 seconds.
You can set `force_col_wise=true` to remove the overhead.
[LightGBM] [Info] Total Bins 7226
[LightGBM] [Info] Number of data points in the train set: 95081, number of used features: 35
[LightGBM] [Info] Start training from score 5738.115378
[LightGBM] [Info] Auto-choosing col-wise multi-threading, the overhead of testing was 0.173952 seconds.
You can set `force_col_wise=true` to remove the overhead.
[LightGBM] [Info] Total Bins 7226
[LightGBM] [Info] Number of data points in the train set: 95081, number of used features: 35
[LightGBM] [Info] Start training from score 5738.096496
[LightGBM] [Info] Auto-choosing col-wise multi-threading, the overhead of testing was 0.204955 seconds.
You can set `force_col_wise=true` to remove the overhead.
[LightGBM] [Info] Total Bins 7226
[LightGBM] [Info] Number of data points in the train set: 95081, number of used features: 35
[LightGBM] [Info] Start training from score 5738.074290
[LightGBM] [Info] Auto-choosing col-wise multi-threading, the overhead of testing was 0.206384 seconds.
You can set `force_col_wise=true` to remove the overhead.
[LightGBM] [Info] Total Bins 7226
[LightGBM] [Info] Number of data points in the train set: 95081, number of used features: 35
[LightGBM] [Info] Start training from score 5738.052616
[LightGBM] [Info] Auto-choosing col-wise multi-threading, the overhead of testing was 0.148600 seconds.
You can set `force_col_wise=true` to remove the overhead.
[LightGBM] [Info] Total Bins 7226
[LightGBM] [Info] Number of data points in the train set: 95081, number of used features: 35
[LightGBM] [Info] Start training from score 5738.029376
[LightGBM] [Info] Auto-choosing col-wise multi-threading, the overhead of testing was 0.181591 seconds.
You can set `force_col_wise=true` to remove the overhead.
[LightGBM] [Info] Total Bins 7226
[LightGBM] [Info] Number of data points in the train set: 95081, number of used features: 35
[LightGBM] [Info] Start training from score 5738.008443
[LightGBM] [Info] Auto-choosing col-wise multi-threading, the overhead of testing was 0.120515 seconds.
You can set `force_col_wise=true` to remove the overhead.
[LightGBM] [Info] Total Bins 7226
[LightGBM] [Info] Number of data points in the train set: 95081, number of used features: 35
[LightGBM] [Info] Start training from score 5737.991387
[LightGBM] [Info] Auto-choosing col-wise multi-threading, the overhead of testing was 0.123657 seconds.
You can set `force_col_wise=true` to remove the overhead.
[LightGBM] [Info] Total Bins 7226
[LightGBM] [Info] Number of data points in the train set: 95081, number of used features: 35
[LightGBM] [Info] Start training from score 5737.978162
   [fit] key=2025-W47 cutoff=2025-11-17 11:00:00  (block 49/61)
[LightGBM] [Info] Auto-choosing col-wise multi-threading, the overhead of testing was 0.174678 seconds.
You can set `force_col_wise=true` to remove the overhead.
[LightGBM] [Info] Total Bins 7226
[LightGBM] [Info] Number of data points in the train set: 95249, number of used features: 35
[LightGBM] [Info] Start training from score 5737.759665
[LightGBM] [Info] Auto-choosing col-wise multi-threading, the overhead of testing was 0.169701 seconds.
You can set `force_col_wise=true` to remove the overhead.
[LightGBM] [Info] Total Bins 7226
[LightGBM] [Info] Number of data points in the train set: 95249, number of used features: 35
[LightGBM] [Info] Start training from score 5737.736816
[LightGBM] [Info] Auto-choosing col-wise multi-threading, the overhead of testing was 0.168295 seconds.
You can set `force_col_wise=true` to remove the overhead.
[LightGBM] [Info] Total Bins 7226
[LightGBM] [Info] Auto-choosing col-wise multi-threading, the overhead of testing was 0.161057 seconds.
You can set `force_col_wise=true` to remove the overhead.
[LightGBM] [Info] Total Bins 7226
[LightGBM] [Info] Number of data points in the train set: 95249, number of used features: 35
[LightGBM] [Info] Start training from score 5737.778689
[LightGBM] [Info] Number of data points in the train set: 95249, number of used features: 35
[LightGBM] [Info] Start training from score 5737.817309
[LightGBM] [Info] Auto-choosing col-wise multi-threading, the overhead of testing was 0.174212 seconds.
You can set `force_col_wise=true` to remove the overhead.
[LightGBM] [Info] Total Bins 7226
[LightGBM] [Info] Auto-choosing col-wise multi-threading, the overhead of testing was 0.175184 seconds.
You can set `force_col_wise=true` to remove the overhead.
[LightGBM] [Info] Total Bins 7226
[LightGBM] [Info] Number of data points in the train set: 95249, number of used features: 35
[LightGBM] [Info] Number of data points in the train set: 95249, number of used features: 35
[LightGBM] [Info] Start training from score 5737.671162
[LightGBM] [Info] Start training from score 5737.450682
[LightGBM] [Info] Auto-choosing col-wise multi-threading, the overhead of testing was 0.203426 seconds.
You can set `force_col_wise=true` to remove the overhead.
[LightGBM] [Info] Total Bins 7226
[LightGBM] [Info] Number of data points in the train set: 95249, number of used features: 35
[LightGBM] [Info] Start training from score 5737.797569
[LightGBM] [Info] Auto-choosing col-wise multi-threading, the overhead of testing was 0.205928 seconds.
You can set `force_col_wise=true` to remove the overhead.
[LightGBM] [Info] Total Bins 7226
[LightGBM] [Info] Number of data points in the train set: 95249, number of used features: 35
[LightGBM] [Info] Start training from score 5737.557009
[LightGBM] [Info] Auto-choosing col-wise multi-threading, the overhead of testing was 0.209091 seconds.
You can set `force_col_wise=true` to remove the overhead.
[LightGBM] [Info] Total Bins 7226
[LightGBM] [Info] Auto-choosing row-wise multi-threading, the overhead of testing was 0.063598 seconds.
You can set `force_row_wise=true` to remove the overhead.
And if memory is not enough, you can set `force_col_wise=true`.
[LightGBM] [Info] Auto-choosing col-wise multi-threading, the overhead of testing was 0.210740 seconds.
You can set `force_col_wise=true` to remove the overhead.
[LightGBM] [Info] Total Bins 7226
[LightGBM] [Info] Total Bins 7226
[LightGBM] [Info] Number of data points in the train set: 95249, number of used features: 35
[LightGBM] [Info] Start training from score 5737.594616
[LightGBM] [Info] Number of data points in the train set: 95249, number of used features: 35
[LightGBM] [Info] Number of data points in the train set: 95249, number of used features: 35
[LightGBM] [Info] Start training from score 5737.705706
[LightGBM] [Info] Start training from score 5737.837978
[LightGBM] [Info] Auto-choosing col-wise multi-threading, the overhead of testing was 0.207222 seconds.
You can set `force_col_wise=true` to remove the overhead.
[LightGBM] [Info] Total Bins 7226
[LightGBM] [Info] Number of data points in the train set: 95249, number of used features: 35
[LightGBM] [Info] Start training from score 5737.411573
[LightGBM] [Info] Auto-choosing col-wise multi-threading, the overhead of testing was 0.185679 seconds.
You can set `force_col_wise=true` to remove the overhead.
[LightGBM] [Info] Total Bins 7226
[LightGBM] [Info] Number of data points in the train set: 95249, number of used features: 35
[LightGBM] [Info] Start training from score 5737.372585
[LightGBM] [Info] Auto-choosing col-wise multi-threading, the overhead of testing was 0.205111 seconds.
You can set `force_col_wise=true` to remove the overhead.
[LightGBM] [Info] Total Bins 7226
[LightGBM] [Info] Auto-choosing col-wise multi-threading, the overhead of testing was 0.184372 seconds.
You can set `force_col_wise=true` to remove the overhead.
[LightGBM] [Info] Total Bins 7226
[LightGBM] [Info] Auto-choosing col-wise multi-threading, the overhead of testing was 0.184460 seconds.
You can set `force_col_wise=true` to remove the overhead.
[LightGBM] [Info] Total Bins 7226
[LightGBM] [Info] Number of data points in the train set: 95249, number of used features: 35
[LightGBM] [Info] Start training from score 5737.521254
[LightGBM] [Info] Number of data points in the train set: 95249, number of used features: 35
[LightGBM] [Info] Start training from score 5737.485901
[LightGBM] [Info] Number of data points in the train set: 95249, number of used features: 35
[LightGBM] [Info] Start training from score 5737.633221
[LightGBM] [Info] Auto-choosing col-wise multi-threading, the overhead of testing was 0.173475 seconds.
You can set `force_col_wise=true` to remove the overhead.
[LightGBM] [Info] Total Bins 7226
[LightGBM] [Info] Number of data points in the train set: 95249, number of used features: 35
[LightGBM] [Info] Start training from score 5737.335324
[LightGBM] [Info] Auto-choosing col-wise multi-threading, the overhead of testing was 0.198692 seconds.
You can set `force_col_wise=true` to remove the overhead.
[LightGBM] [Info] Total Bins 7226
[LightGBM] [Info] Number of data points in the train set: 95249, number of used features: 35
[LightGBM] [Info] Start training from score 5737.296005
[LightGBM] [Info] Auto-choosing col-wise multi-threading, the overhead of testing was 0.161149 seconds.
You can set `force_col_wise=true` to remove the overhead.
[LightGBM] [Info] Total Bins 7226
[LightGBM] [Info] Auto-choosing col-wise multi-threading, the overhead of testing was 0.178793 seconds.
You can set `force_col_wise=true` to remove the overhead.
[LightGBM] [Info] Total Bins 7226
[LightGBM] [Info] Number of data points in the train set: 95249, number of used features: 35
[LightGBM] [Info] Number of data points in the train set: 95249, number of used features: 35
[LightGBM] [Info] Start training from score 5737.217772
[LightGBM] [Info] Start training from score 5737.156960
[LightGBM] [Info] Auto-choosing col-wise multi-threading, the overhead of testing was 0.173704 seconds.
You can set `force_col_wise=true` to remove the overhead.
[LightGBM] [Info] Total Bins 7226
[LightGBM] [Info] Number of data points in the train set: 95249, number of used features: 35
[LightGBM] [Info] Start training from score 5737.130958
[LightGBM] [Info] Auto-choosing col-wise multi-threading, the overhead of testing was 0.188651 seconds.
You can set `force_col_wise=true` to remove the overhead.
[LightGBM] [Info] Total Bins 7226
[LightGBM] [Info] Number of data points in the train set: 95249, number of used features: 35
[LightGBM] [Info] Start training from score 5737.255910
[LightGBM] [Info] Auto-choosing col-wise multi-threading, the overhead of testing was 0.171178 seconds.
You can set `force_col_wise=true` to remove the overhead.
[LightGBM] [Info] Total Bins 7226
[LightGBM] [Info] Number of data points in the train set: 95249, number of used features: 35
[LightGBM] [Info] Start training from score 5737.184753
[LightGBM] [Info] Auto-choosing col-wise multi-threading, the overhead of testing was 0.210049 seconds.
You can set `force_col_wise=true` to remove the overhead.
[LightGBM] [Info] Total Bins 7226
[LightGBM] [Info] Number of data points in the train set: 95249, number of used features: 35
[LightGBM] [Info] Start training from score 5737.084811
[LightGBM] [Info] Auto-choosing col-wise multi-threading, the overhead of testing was 0.159249 seconds.
You can set `force_col_wise=true` to remove the overhead.
[LightGBM] [Info] Total Bins 7226
[LightGBM] [Info] Number of data points in the train set: 95249, number of used features: 35
[LightGBM] [Info] Start training from score 5737.105929
[LightGBM] [Info] Auto-choosing col-wise multi-threading, the overhead of testing was 0.179963 seconds.
You can set `force_col_wise=true` to remove the overhead.
[LightGBM] [Info] Total Bins 7226
[LightGBM] [Info] Number of data points in the train set: 95249, number of used features: 35
[LightGBM] [Info] Auto-choosing col-wise multi-threading, the overhead of testing was 0.163378 seconds.
You can set `force_col_wise=true` to remove the overhead.
[LightGBM] [Info] Total Bins 7226
[LightGBM] [Info] Start training from score 5737.063603
[LightGBM] [Info] Number of data points in the train set: 95249, number of used features: 35
[LightGBM] [Info] Start training from score 5737.043970
[LightGBM] [Info] Auto-choosing col-wise multi-threading, the overhead of testing was 0.171128 seconds.
You can set `force_col_wise=true` to remove the overhead.
[LightGBM] [Info] Total Bins 7226
[LightGBM] [Info] Number of data points in the train set: 95249, number of used features: 35
[LightGBM] [Info] Start training from score 5737.025471
[LightGBM] [Info] Auto-choosing col-wise multi-threading, the overhead of testing was 0.168185 seconds.
You can set `force_col_wise=true` to remove the overhead.
[LightGBM] [Info] Total Bins 7226
[LightGBM] [Info] Number of data points in the train set: 95249, number of used features: 35
[LightGBM] [Info] Start training from score 5737.008014
[LightGBM] [Info] Auto-choosing col-wise multi-threading, the overhead of testing was 0.197874 seconds.
You can set `force_col_wise=true` to remove the overhead.
[LightGBM] [Info] Total Bins 7226
[LightGBM] [Info] Number of data points in the train set: 95249, number of used features: 35
[LightGBM] [Info] Start training from score 5736.991096
[LightGBM] [Info] Auto-choosing col-wise multi-threading, the overhead of testing was 0.202618 seconds.
You can set `force_col_wise=true` to remove the overhead.
[LightGBM] [Info] Total Bins 7226
[LightGBM] [Info] Number of data points in the train set: 95249, number of used features: 35
[LightGBM] [Info] Start training from score 5736.971163
[LightGBM] [Info] Auto-choosing col-wise multi-threading, the overhead of testing was 0.169272 seconds.
You can set `force_col_wise=true` to remove the overhead.
[LightGBM] [Info] Total Bins 7226
[LightGBM] [Info] Number of data points in the train set: 95249, number of used features: 35
[LightGBM] [Info] Start training from score 5736.951711
[LightGBM] [Info] Auto-choosing col-wise multi-threading, the overhead of testing was 0.157573 seconds.
You can set `force_col_wise=true` to remove the overhead.
[LightGBM] [Info] Total Bins 7226
[LightGBM] [Info] Number of data points in the train set: 95249, number of used features: 35
[LightGBM] [Info] Start training from score 5736.928583
[LightGBM] [Info] Auto-choosing col-wise multi-threading, the overhead of testing was 0.162900 seconds.
You can set `force_col_wise=true` to remove the overhead.
[LightGBM] [Info] Total Bins 7226
[LightGBM] [Info] Number of data points in the train set: 95249, number of used features: 35
[LightGBM] [Info] Start training from score 5736.904377
[LightGBM] [Info] Auto-choosing col-wise multi-threading, the overhead of testing was 0.124456 seconds.
You can set `force_col_wise=true` to remove the overhead.
[LightGBM] [Info] Total Bins 7226
[LightGBM] [Info] Number of data points in the train set: 95249, number of used features: 35
[LightGBM] [Info] Start training from score 5736.880884
[LightGBM] [Info] Auto-choosing col-wise multi-threading, the overhead of testing was 0.066203 seconds.
You can set `force_col_wise=true` to remove the overhead.
[LightGBM] [Info] Total Bins 7226
[LightGBM] [Info] Number of data points in the train set: 95249, number of used features: 35
[LightGBM] [Info] Start training from score 5736.862155
   [fit] key=2025-W48 cutoff=2025-11-24 11:00:00  (block 56/61)
   [done] 61 blocks σε 3667.0s

📊 RESULT | MAE=193.6359 MW | RMSE=273.2847 | sMAPE=3.7276% | n=1463
💾 saved: runs/load_direct/octnov_lgbm_dirw_g12_genlags.json
--- [2026-07-17 09:34:55] OK  runs/load_direct/octnov_lgbm_dirw_g12_genlags.json  (3675s)

=== [2026-07-17 09:34:55] RUN -> runs/load_direct/octnov_lgbm_dirw_g12_noroll.json
[LightGBM] [Info] Auto-choosing row-wise multi-threading, the overhead of testing was 0.027671 seconds.
You can set `force_row_wise=true` to remove the overhead.
And if memory is not enough, you can set `force_col_wise=true`.
[LightGBM] [Info] Total Bins 2126
[LightGBM] [Info] Number of data points in the train set: 93930, number of used features: 15
[LightGBM] [Info] Start training from score 5747.250126
[LightGBM] [Info] Auto-choosing col-wise multi-threading, the overhead of testing was 0.086576 seconds.
You can set `force_col_wise=true` to remove the overhead.
[LightGBM] [Info] Total Bins 2126
[LightGBM] [Info] Number of data points in the train set: 93930, number of used features: 15
[LightGBM] [Info] Start training from score 5747.231909
[LightGBM] [Info] Auto-choosing col-wise multi-threading, the overhead of testing was 0.081797 seconds.
You can set `force_col_wise=true` to remove the overhead.
[LightGBM] [Info] Total Bins 2126
[LightGBM] [Info] Number of data points in the train set: 93930, number of used features: 15
[LightGBM] [Info] Start training from score 5747.328341
[LightGBM] [Info] Auto-choosing col-wise multi-threading, the overhead of testing was 0.063554 seconds.
You can set `force_col_wise=true` to remove the overhead.
[LightGBM] [Info] Total Bins 2126
[LightGBM] [Info] Number of data points in the train set: 93930, number of used features: 15
[LightGBM] [Info] Start training from score 5747.267916
[LightGBM] [Info] Auto-choosing col-wise multi-threading, the overhead of testing was 0.071153 seconds.
You can set `force_col_wise=true` to remove the overhead.
[LightGBM] [Info] Total Bins 2126
[LightGBM] [Info] Number of data points in the train set: 93930, number of used features: 15
[LightGBM] [Info] Auto-choosing col-wise multi-threading, the overhead of testing was 0.066939 seconds.
You can set `force_col_wise=true` to remove the overhead.
[LightGBM] [Info] Total Bins 2126
[LightGBM] [Info] Start training from score 5747.307100
[LightGBM] [Info] Number of data points in the train set: 93930, number of used features: 15
[LightGBM] [Info] Start training from score 5747.127953
[LightGBM] [Info] Auto-choosing col-wise multi-threading, the overhead of testing was 0.070391 seconds.
You can set `force_col_wise=true` to remove the overhead.
[LightGBM] [Info] Total Bins 2126
[LightGBM] [Info] Number of data points in the train set: 93930, number of used features: 15
[LightGBM] [Info] Start training from score 5747.209664
[LightGBM] [Info] Auto-choosing row-wise multi-threading, the overhead of testing was 0.028525 seconds.
You can set `force_row_wise=true` to remove the overhead.
And if memory is not enough, you can set `force_col_wise=true`.
[LightGBM] [Info] Total Bins 2126
[LightGBM] [Info] Auto-choosing col-wise multi-threading, the overhead of testing was 0.069939 seconds.
You can set `force_col_wise=true` to remove the overhead.
[LightGBM] [Info] Total Bins 2126
[LightGBM] [Info] Number of data points in the train set: 93930, number of used features: 15
[LightGBM] [Info] Number of data points in the train set: 93930, number of used features: 15
[LightGBM] [Info] Start training from score 5747.157926
[LightGBM] [Info] Start training from score 5747.286723
[LightGBM] [Info] Auto-choosing row-wise multi-threading, the overhead of testing was 0.028818 seconds.
You can set `force_row_wise=true` to remove the overhead.
And if memory is not enough, you can set `force_col_wise=true`.
[LightGBM] [Info] Total Bins 2126
[LightGBM] [Info] Number of data points in the train set: 93930, number of used features: 15
[LightGBM] [Info] Start training from score 5747.036020
[LightGBM] [Info] Auto-choosing col-wise multi-threading, the overhead of testing was 0.078622 seconds.
You can set `force_col_wise=true` to remove the overhead.
[LightGBM] [Info] Total Bins 2126
[LightGBM] [Info] Number of data points in the train set: 93930, number of used features: 15
[LightGBM] [Info] Start training from score 5746.973232
[LightGBM] [Info] Auto-choosing col-wise multi-threading, the overhead of testing was 0.082005 seconds.
You can set `force_col_wise=true` to remove the overhead.
[LightGBM] [Info] Total Bins 2126
[LightGBM] [Info] Number of data points in the train set: 93930, number of used features: 15
[LightGBM] [Info] Start training from score 5747.006407
[LightGBM] [Info] Auto-choosing col-wise multi-threading, the overhead of testing was 0.082674 seconds.
You can set `force_col_wise=true` to remove the overhead.
[LightGBM] [Info] Total Bins 2126
[LightGBM] [Info] Number of data points in the train set: 93930, number of used features: 15
[LightGBM] [Info] Auto-choosing col-wise multi-threading, the overhead of testing was 0.068577 seconds.
You can set `force_col_wise=true` to remove the overhead.
[LightGBM] [Info] Total Bins 2126
[LightGBM] [Info] Start training from score 5747.185276
[LightGBM] [Info] Number of data points in the train set: 93930, number of used features: 15
[LightGBM] [Info] Start training from score 5747.098025
[LightGBM] [Info] Auto-choosing row-wise multi-threading, the overhead of testing was 0.031108 seconds.
You can set `force_row_wise=true` to remove the overhead.
And if memory is not enough, you can set `force_col_wise=true`.
[LightGBM] [Info] Total Bins 2126
[LightGBM] [Info] Number of data points in the train set: 93930, number of used features: 15
[LightGBM] [Info] Start training from score 5747.067509
[LightGBM] [Info] Auto-choosing col-wise multi-threading, the overhead of testing was 0.075741 seconds.
You can set `force_col_wise=true` to remove the overhead.
[LightGBM] [Info] Total Bins 2126
[LightGBM] [Info] Number of data points in the train set: 93930, number of used features: 15
[LightGBM] [Info] Start training from score 5746.938863
[LightGBM] [Info] Auto-choosing col-wise multi-threading, the overhead of testing was 0.065969 seconds.
You can set `force_col_wise=true` to remove the overhead.
[LightGBM] [Info] Total Bins 2126
[LightGBM] [Info] Number of data points in the train set: 93930, number of used features: 15
[LightGBM] [Info] Start training from score 5746.902656
[LightGBM] [Info] Auto-choosing row-wise multi-threading, the overhead of testing was 0.022053 seconds.
You can set `force_row_wise=true` to remove the overhead.
And if memory is not enough, you can set `force_col_wise=true`.
[LightGBM] [Info] Total Bins 2126
[LightGBM] [Info] Number of data points in the train set: 93930, number of used features: 15
[LightGBM] [Info] Start training from score 5746.861093
[LightGBM] [Info] Auto-choosing col-wise multi-threading, the overhead of testing was 0.064627 seconds.
You can set `force_col_wise=true` to remove the overhead.
[LightGBM] [Info] Total Bins 2126
[LightGBM] [Info] Number of data points in the train set: 93930, number of used features: 15
[LightGBM] [Info] Start training from score 5746.823626
[LightGBM] [Info] Auto-choosing col-wise multi-threading, the overhead of testing was 0.087783 seconds.
You can set `force_col_wise=true` to remove the overhead.
[LightGBM] [Info] Total Bins 2126
[LightGBM] [Info] Number of data points in the train set: 93930, number of used features: 15
[LightGBM] [Info] Start training from score 5746.789663
[LightGBM] [Info] Auto-choosing col-wise multi-threading, the overhead of testing was 0.067541 seconds.
You can set `force_col_wise=true` to remove the overhead.
[LightGBM] [Info] Total Bins 2126
[LightGBM] [Info] Number of data points in the train set: 93930, number of used features: 15
[LightGBM] [Info] Start training from score 5746.759135
[LightGBM] [Info] Auto-choosing row-wise multi-threading, the overhead of testing was 0.020129 seconds.
You can set `force_row_wise=true` to remove the overhead.
And if memory is not enough, you can set `force_col_wise=true`.
[LightGBM] [Info] Total Bins 2126
[LightGBM] [Info] Number of data points in the train set: 93930, number of used features: 15
[LightGBM] [Info] Start training from score 5746.731841
[LightGBM] [Info] Auto-choosing col-wise multi-threading, the overhead of testing was 0.061546 seconds.
You can set `force_col_wise=true` to remove the overhead.
[LightGBM] [Info] Total Bins 2126
[LightGBM] [Info] Number of data points in the train set: 93930, number of used features: 15
[LightGBM] [Info] Start training from score 5746.706770
[LightGBM] [Info] Auto-choosing col-wise multi-threading, the overhead of testing was 0.071849 seconds.
You can set `force_col_wise=true` to remove the overhead.
[LightGBM] [Info] Total Bins 2126
[LightGBM] [Info] Number of data points in the train set: 93930, number of used features: 15
[LightGBM] [Info] Start training from score 5746.685057
[LightGBM] [Info] Auto-choosing row-wise multi-threading, the overhead of testing was 0.024833 seconds.
You can set `force_row_wise=true` to remove the overhead.
And if memory is not enough, you can set `force_col_wise=true`.
[LightGBM] [Info] Total Bins 2126
[LightGBM] [Info] Number of data points in the train set: 93930, number of used features: 15
[LightGBM] [Info] Start training from score 5746.667310
[LightGBM] [Info] Auto-choosing col-wise multi-threading, the overhead of testing was 0.084174 seconds.
You can set `force_col_wise=true` to remove the overhead.
[LightGBM] [Info] Total Bins 2126
[LightGBM] [Info] Number of data points in the train set: 93930, number of used features: 15
[LightGBM] [Info] Start training from score 5746.649233
[LightGBM] [Info] Auto-choosing col-wise multi-threading, the overhead of testing was 0.089032 seconds.
You can set `force_col_wise=true` to remove the overhead.
[LightGBM] [Info] Total Bins 2126
[LightGBM] [Info] Number of data points in the train set: 93930, number of used features: 15
[LightGBM] [Info] Start training from score 5746.632789
[LightGBM] [Info] Auto-choosing row-wise multi-threading, the overhead of testing was 0.020648 seconds.
You can set `force_row_wise=true` to remove the overhead.
And if memory is not enough, you can set `force_col_wise=true`.
[LightGBM] [Info] Total Bins 2126
[LightGBM] [Info] Number of data points in the train set: 93930, number of used features: 15
[LightGBM] [Info] Start training from score 5746.617647
[LightGBM] [Info] Auto-choosing row-wise multi-threading, the overhead of testing was 0.023825 seconds.
You can set `force_row_wise=true` to remove the overhead.
And if memory is not enough, you can set `force_col_wise=true`.
[LightGBM] [Info] Total Bins 2126
[LightGBM] [Info] Number of data points in the train set: 93930, number of used features: 15
[LightGBM] [Info] Auto-choosing row-wise multi-threading, the overhead of testing was 0.024332 seconds.
You can set `force_row_wise=true` to remove the overhead.
And if memory is not enough, you can set `force_col_wise=true`.
[LightGBM] [Info] Total Bins 2126
[LightGBM] [Info] Number of data points in the train set: 93930, number of used features: 15
[LightGBM] [Info] Start training from score 5746.603455
[LightGBM] [Info] Start training from score 5746.589076
[LightGBM] [Info] Auto-choosing col-wise multi-threading, the overhead of testing was 0.068477 seconds.
You can set `force_col_wise=true` to remove the overhead.
[LightGBM] [Info] Total Bins 2126
[LightGBM] [Info] Number of data points in the train set: 93930, number of used features: 15
[LightGBM] [Info] Start training from score 5746.569015
[LightGBM] [Info] Auto-choosing row-wise multi-threading, the overhead of testing was 0.024142 seconds.
You can set `force_row_wise=true` to remove the overhead.
And if memory is not enough, you can set `force_col_wise=true`.
[LightGBM] [Info] Total Bins 2126
[LightGBM] [Info] Number of data points in the train set: 93930, number of used features: 15
[LightGBM] [Info] Start training from score 5746.546325
[LightGBM] [Info] Auto-choosing row-wise multi-threading, the overhead of testing was 0.017011 seconds.
You can set `force_row_wise=true` to remove the overhead.
And if memory is not enough, you can set `force_col_wise=true`.
[LightGBM] [Info] Total Bins 2126
[LightGBM] [Info] Number of data points in the train set: 93930, number of used features: 15
[LightGBM] [Info] Start training from score 5746.520003
[LightGBM] [Info] Auto-choosing col-wise multi-threading, the overhead of testing was 0.059265 seconds.
You can set `force_col_wise=true` to remove the overhead.
[LightGBM] [Info] Total Bins 2126
[LightGBM] [Info] Number of data points in the train set: 93930, number of used features: 15
[LightGBM] [Info] Start training from score 5746.494693
[LightGBM] [Info] Auto-choosing col-wise multi-threading, the overhead of testing was 0.056849 seconds.
You can set `force_col_wise=true` to remove the overhead.
[LightGBM] [Info] Total Bins 2126
[LightGBM] [Info] Number of data points in the train set: 93930, number of used features: 15
[LightGBM] [Info] Start training from score 5746.469957
[LightGBM] [Info] Auto-choosing col-wise multi-threading, the overhead of testing was 0.052605 seconds.
You can set `force_col_wise=true` to remove the overhead.
[LightGBM] [Info] Total Bins 2126
[LightGBM] [Info] Number of data points in the train set: 93930, number of used features: 15
[LightGBM] [Info] Start training from score 5746.445969
==============================================================================
MASTER FORECAST | algo=lgbm task=load strategy=direct
  market=dam task=load gate=strict delay_override=None → gap=12h (crosslag_gap=12h) | horizon=24 stride=24 retrain=weekly
  groups=['calendar', 'lags']  (#features=15)
  test=[2025-10-01 00:00:00 .. 2025-11-30 23:00:00]  train_end=None
==============================================================================
  AEL crosslag_mode=freeze (crosslag_gap=12h)
   [fit] key=2025-W40 cutoff=2025-09-30 11:00:00  (block 1/61)
[LightGBM] [Info] Auto-choosing row-wise multi-threading, the overhead of testing was 0.023574 seconds.
You can set `force_row_wise=true` to remove the overhead.
And if memory is not enough, you can set `force_col_wise=true`.
[LightGBM] [Info] Total Bins 2126
[LightGBM] [Info] Number of data points in the train set: 94074, number of used features: 15
[LightGBM] [Info] Start training from score 5746.347472
[LightGBM] [Info] Auto-choosing row-wise multi-threading, the overhead of testing was 0.034424 seconds.
You can set `force_row_wise=true` to remove the overhead.
And if memory is not enough, you can set `force_col_wise=true`.
[LightGBM] [Info] Total Bins 2126
[LightGBM] [Info] Number of data points in the train set: 94074, number of used features: 15
[LightGBM] [Info] Start training from score 5746.268888
[LightGBM] [Info] Auto-choosing col-wise multi-threading, the overhead of testing was 0.090910 seconds.
You can set `force_col_wise=true` to remove the overhead.
[LightGBM] [Info] Total Bins 2126
[LightGBM] [Info] Number of data points in the train set: 94074, number of used features: 15
[LightGBM] [Info] Start training from score 5746.326933
[LightGBM] [Info] Auto-choosing col-wise multi-threading, the overhead of testing was 0.086955 seconds.
You can set `force_col_wise=true` to remove the overhead.
[LightGBM] [Info] Total Bins 2126
[LightGBM] [Info] Auto-choosing col-wise multi-threading, the overhead of testing was 0.088713 seconds.
You can set `force_col_wise=true` to remove the overhead.
[LightGBM] [Info] Total Bins 2126
[LightGBM] [Info] Number of data points in the train set: 94074, number of used features: 15
[LightGBM] [Info] Number of data points in the train set: 94074, number of used features: 15
[LightGBM] [Info] Start training from score 5746.180103
[LightGBM] [Info] Start training from score 5746.141728
[LightGBM] [Info] Auto-choosing row-wise multi-threading, the overhead of testing was 0.038394 seconds.
You can set `force_row_wise=true` to remove the overhead.
And if memory is not enough, you can set `force_col_wise=true`.
[LightGBM] [Info] Total Bins 2126
[LightGBM] [Info] Auto-choosing row-wise multi-threading, the overhead of testing was 0.021996 seconds.
You can set `force_row_wise=true` to remove the overhead.
And if memory is not enough, you can set `force_col_wise=true`.
[LightGBM] [Info] Total Bins 2126
[LightGBM] [Info] Number of data points in the train set: 94074, number of used features: 15
[LightGBM] [Info] Number of data points in the train set: 94074, number of used features: 15
[LightGBM] [Info] Start training from score 5746.287671
[LightGBM] [Info] Start training from score 5746.214797
[LightGBM] [Info] Auto-choosing row-wise multi-threading, the overhead of testing was 0.023847 seconds.
You can set `force_row_wise=true` to remove the overhead.
And if memory is not enough, you can set `force_col_wise=true`.
[LightGBM] [Info] Total Bins 2126
[LightGBM] [Info] Auto-choosing row-wise multi-threading, the overhead of testing was 0.034100 seconds.
You can set `force_row_wise=true` to remove the overhead.
And if memory is not enough, you can set `force_col_wise=true`.
[LightGBM] [Info] Total Bins 2126
[LightGBM] [Info] Number of data points in the train set: 94074, number of used features: 15
[LightGBM] [Info] Start training from score 5745.983920
[LightGBM] [Info] Number of data points in the train set: 94074, number of used features: 15
[LightGBM] [Info] Start training from score 5746.023505
[LightGBM] [Info] Auto-choosing row-wise multi-threading, the overhead of testing was 0.031882 seconds.
You can set `force_row_wise=true` to remove the overhead.
And if memory is not enough, you can set `force_col_wise=true`.
[LightGBM] [Info] Total Bins 2126
[LightGBM] [Info] Number of data points in the train set: 94074, number of used features: 15
[LightGBM] [Info] Start training from score 5746.101554
[LightGBM] [Info] Auto-choosing col-wise multi-threading, the overhead of testing was 0.081386 seconds.
You can set `force_col_wise=true` to remove the overhead.
[LightGBM] [Info] Total Bins 2126
[LightGBM] [Info] Auto-choosing row-wise multi-threading, the overhead of testing was 0.035182 seconds.
You can set `force_row_wise=true` to remove the overhead.
And if memory is not enough, you can set `force_col_wise=true`.
[LightGBM] [Info] Auto-choosing col-wise multi-threading, the overhead of testing was 0.101534 seconds.
You can set `force_col_wise=true` to remove the overhead.
[LightGBM] [Info] Auto-choosing col-wise multi-threading, the overhead of testing was 0.101893 seconds.
You can set `force_col_wise=true` to remove the overhead.
[LightGBM] [Info] Total Bins 2126
[LightGBM] [Info] Auto-choosing row-wise multi-threading, the overhead of testing was 0.034628 seconds.
You can set `force_row_wise=true` to remove the overhead.
And if memory is not enough, you can set `force_col_wise=true`.[LightGBM] [Info] 
[LightGBM] [Info] Auto-choosing row-wise multi-threading, the overhead of testing was 0.026261 seconds.
You can set `force_row_wise=true` to remove the overhead.
And if memory is not enough, you can set `force_col_wise=true`.
Total Bins 2126
[LightGBM] [Info] Total Bins 2126
[LightGBM] [Info] Total Bins 2126
[LightGBM] [Info] Number of data points in the train set: 94074, number of used features: 15
[LightGBM] [Info] Number of data points in the train set: 94074, number of used features: 15
[LightGBM] [Info] Number of data points in the train set: 94074, number of used features: 15
[LightGBM] [Info] Start training from score 5746.062520
[LightGBM] [Info] Total Bins 2126
[LightGBM] [Info] Start training from score 5746.306843
[LightGBM] [Info] Start training from score 5745.901064
[LightGBM] [Info] Number of data points in the train set: 94074, number of used features: 15
[LightGBM] [Info] Start training from score 5745.944329
[LightGBM] [Info] Number of data points in the train set: 94074, number of used features: 15
[LightGBM] [Info] Number of data points in the train set: 94074, number of used features: 15
[LightGBM] [Info] Start training from score 5745.858499
[LightGBM] [Info] Start training from score 5746.246340
[LightGBM] [Info] Auto-choosing col-wise multi-threading, the overhead of testing was 0.055523 seconds.
You can set `force_col_wise=true` to remove the overhead.
[LightGBM] [Info] Total Bins 2126
[LightGBM] [Info] Number of data points in the train set: 94074, number of used features: 15
[LightGBM] [Info] Start training from score 5745.815544
[LightGBM] [Info] Auto-choosing row-wise multi-threading, the overhead of testing was 0.018858 seconds.
You can set `force_row_wise=true` to remove the overhead.
And if memory is not enough, you can set `force_col_wise=true`.
[LightGBM] [Info] Total Bins 2126
[LightGBM] [Info] Number of data points in the train set: 94074, number of used features: 15
[LightGBM] [Info] Start training from score 5745.767900
[LightGBM] [Info] Auto-choosing col-wise multi-threading, the overhead of testing was 0.068456 seconds.
You can set `force_col_wise=true` to remove the overhead.
[LightGBM] [Info] Total Bins 2126
[LightGBM] [Info] Number of data points in the train set: 94074, number of used features: 15
[LightGBM] [Info] Start training from score 5745.724687
[LightGBM] [Info] Auto-choosing row-wise multi-threading, the overhead of testing was 0.026574 seconds.
You can set `force_row_wise=true` to remove the overhead.
And if memory is not enough, you can set `force_col_wise=true`.
[LightGBM] [Info] Total Bins 2126
[LightGBM] [Info] Number of data points in the train set: 94074, number of used features: 15
[LightGBM] [Info] Start training from score 5745.685344
[LightGBM] [Info] Auto-choosing row-wise multi-threading, the overhead of testing was 0.025558 seconds.
You can set `force_row_wise=true` to remove the overhead.
And if memory is not enough, you can set `force_col_wise=true`.
[LightGBM] [Info] Total Bins 2126
[LightGBM] [Info] Number of data points in the train set: 94074, number of used features: 15
[LightGBM] [Info] Start training from score 5745.650579
[LightGBM] [Info] Auto-choosing col-wise multi-threading, the overhead of testing was 0.095627 seconds.
You can set `force_col_wise=true` to remove the overhead.
[LightGBM] [Info] Total Bins 2126
[LightGBM] [Info] Number of data points in the train set: 94074, number of used features: 15
[LightGBM] [Info] Start training from score 5745.620446
[LightGBM] [Info] Auto-choosing row-wise multi-threading, the overhead of testing was 0.057431 seconds.
You can set `force_row_wise=true` to remove the overhead.
And if memory is not enough, you can set `force_col_wise=true`.
[LightGBM] [Info] Total Bins 2126
[LightGBM] [Info] Number of data points in the train set: 94074, number of used features: 15
[LightGBM] [Info] Start training from score 5745.592905
[LightGBM] [Info] Auto-choosing row-wise multi-threading, the overhead of testing was 0.027996 seconds.
You can set `force_row_wise=true` to remove the overhead.
And if memory is not enough, you can set `force_col_wise=true`.
[LightGBM] [Info] Total Bins 2126
[LightGBM] [Info] Number of data points in the train set: 94074, number of used features: 15
[LightGBM] [Info] Start training from score 5745.569025
[LightGBM] [Info] Auto-choosing col-wise multi-threading, the overhead of testing was 0.083705 seconds.
You can set `force_col_wise=true` to remove the overhead.
[LightGBM] [Info] Total Bins 2126
[LightGBM] [Info] Number of data points in the train set: 94074, number of used features: 15
[LightGBM] [Info] Start training from score 5745.548711
[LightGBM] [Info] Auto-choosing row-wise multi-threading, the overhead of testing was 0.027420 seconds.
You can set `force_row_wise=true` to remove the overhead.
And if memory is not enough, you can set `force_col_wise=true`.
[LightGBM] [Info] Total Bins 2126
[LightGBM] [Info] Number of data points in the train set: 94074, number of used features: 15
[LightGBM] [Info] Start training from score 5745.527387
[LightGBM] [Info] Auto-choosing col-wise multi-threading, the overhead of testing was 0.060762 seconds.
You can set `force_col_wise=true` to remove the overhead.
[LightGBM] [Info] Total Bins 2126
[LightGBM] [Info] Auto-choosing col-wise multi-threading, the overhead of testing was 0.066579 seconds.
You can set `force_col_wise=true` to remove the overhead.
[LightGBM] [Info] Total Bins 2126
[LightGBM] [Info] Number of data points in the train set: 94074, number of used features: 15
[LightGBM] [Info] Number of data points in the train set: 94074, number of used features: 15
[LightGBM] [Info] Start training from score 5745.507907
[LightGBM] [Info] Start training from score 5745.489355
[LightGBM] [Info] Auto-choosing col-wise multi-threading, the overhead of testing was 0.074161 seconds.
You can set `force_col_wise=true` to remove the overhead.
[LightGBM] [Info] Total Bins 2126
[LightGBM] [Info] Number of data points in the train set: 94074, number of used features: 15
[LightGBM] [Info] Start training from score 5745.472113
[LightGBM] [Info] Auto-choosing col-wise multi-threading, the overhead of testing was 0.062499 seconds.
You can set `force_col_wise=true` to remove the overhead.
[LightGBM] [Info] Total Bins 2126
[LightGBM] [Info] Number of data points in the train set: 94074, number of used features: 15
[LightGBM] [Info] Start training from score 5745.454493
[LightGBM] [Info] Auto-choosing col-wise multi-threading, the overhead of testing was 0.081817 seconds.
You can set `force_col_wise=true` to remove the overhead.
[LightGBM] [Info] Total Bins 2126
[LightGBM] [Info] Number of data points in the train set: 94074, number of used features: 15
[LightGBM] [Info] Start training from score 5745.432921
[LightGBM] [Info] Auto-choosing col-wise multi-threading, the overhead of testing was 0.070962 seconds.
You can set `force_col_wise=true` to remove the overhead.
[LightGBM] [Info] Total Bins 2126
[LightGBM] [Info] Number of data points in the train set: 94074, number of used features: 15
[LightGBM] [Info] Start training from score 5745.410531
[LightGBM] [Info] Auto-choosing row-wise multi-threading, the overhead of testing was 0.024924 seconds.
You can set `force_row_wise=true` to remove the overhead.
And if memory is not enough, you can set `force_col_wise=true`.
[LightGBM] [Info] Total Bins 2126
[LightGBM] [Info] Number of data points in the train set: 94074, number of used features: 15
[LightGBM] [Info] Start training from score 5745.386025
[LightGBM] [Info] Auto-choosing row-wise multi-threading, the overhead of testing was 0.018550 seconds.
You can set `force_row_wise=true` to remove the overhead.
And if memory is not enough, you can set `force_col_wise=true`.
[LightGBM] [Info] Total Bins 2126
[LightGBM] [Info] Number of data points in the train set: 94074, number of used features: 15
[LightGBM] [Info] Start training from score 5745.361753
[LightGBM] [Info] Auto-choosing row-wise multi-threading, the overhead of testing was 0.015436 seconds.
You can set `force_row_wise=true` to remove the overhead.
And if memory is not enough, you can set `force_col_wise=true`.
[LightGBM] [Info] Total Bins 2126
[LightGBM] [Info] Number of data points in the train set: 94074, number of used features: 15
[LightGBM] [Info] Start training from score 5745.339776
[LightGBM] [Info] Auto-choosing row-wise multi-threading, the overhead of testing was 0.007544 seconds.
You can set `force_row_wise=true` to remove the overhead.
And if memory is not enough, you can set `force_col_wise=true`.
[LightGBM] [Info] Total Bins 2126
[LightGBM] [Info] Number of data points in the train set: 94074, number of used features: 15
[LightGBM] [Info] Start training from score 5745.319163
   [fit] key=2025-W41 cutoff=2025-10-06 11:00:00  (block 7/61)
[LightGBM] [Info] Auto-choosing col-wise multi-threading, the overhead of testing was 0.069240 seconds.
You can set `force_col_wise=true` to remove the overhead.
[LightGBM] [Info] Total Bins 2126
[LightGBM] [Info] Number of data points in the train set: 94242, number of used features: 15
[LightGBM] [Info] Start training from score 5745.161532
[LightGBM] [Info] Auto-choosing row-wise multi-threading, the overhead of testing was 0.017924 seconds.
You can set `force_row_wise=true` to remove the overhead.
And if memory is not enough, you can set `force_col_wise=true`.
[LightGBM] [Info] Auto-choosing col-wise multi-threading, the overhead of testing was 0.073454 seconds.
You can set `force_col_wise=true` to remove the overhead.
[LightGBM] [Info] Total Bins 2126
[LightGBM] [Info] Total Bins 2126
[LightGBM] [Info] Number of data points in the train set: 94242, number of used features: 15
[LightGBM] [Info] Number of data points in the train set: 94242, number of used features: 15
[LightGBM] [Info] Start training from score 5745.079374
[LightGBM] [Info] Start training from score 5745.118757
[LightGBM] [Info] Auto-choosing col-wise multi-threading, the overhead of testing was 0.068661 seconds.
You can set `force_col_wise=true` to remove the overhead.
[LightGBM] [Info] Total Bins 2126
[LightGBM] [Info] Auto-choosing col-wise multi-threading, the overhead of testing was 0.068870 seconds.
You can set `force_col_wise=true` to remove the overhead.
[LightGBM] [Info] Total Bins 2126
[LightGBM] [Info] Number of data points in the train set: 94242, number of used features: 15
[LightGBM] [Info] Number of data points in the train set: 94242, number of used features: 15
[LightGBM] [Info] Start training from score 5745.098877
[LightGBM] [Info] Start training from score 5745.139554
[LightGBM] [Info] Auto-choosing row-wise multi-threading, the overhead of testing was 0.021264 seconds.
You can set `force_row_wise=true` to remove the overhead.
And if memory is not enough, you can set `force_col_wise=true`.
[LightGBM] [Info] Total Bins 2126
[LightGBM] [Info] Number of data points in the train set: 94242, number of used features: 15
[LightGBM] [Info] Start training from score 5745.023692
[LightGBM] [Info] Auto-choosing col-wise multi-threading, the overhead of testing was 0.079439 seconds.
You can set `force_col_wise=true` to remove the overhead.
[LightGBM] [Info] Total Bins 2126
[LightGBM] [Info] Number of data points in the train set: 94242, number of used features: 15
[LightGBM] [Info] Start training from score 5745.055954
[LightGBM] [Info] Auto-choosing row-wise multi-threading, the overhead of testing was 0.016289 seconds.
You can set `force_row_wise=true` to remove the overhead.
And if memory is not enough, you can set `force_col_wise=true`.
[LightGBM] [Info] Total Bins 2126
[LightGBM] [Info] Number of data points in the train set: 94242, number of used features: 15
[LightGBM] [Info] Start training from score 5744.824050
[LightGBM] [Info] Auto-choosing row-wise multi-threading, the overhead of testing was 0.018308 seconds.
You can set `force_row_wise=true` to remove the overhead.
And if memory is not enough, you can set `force_col_wise=true`.
[LightGBM] [Info] Total Bins 2126
[LightGBM] [Info] Number of data points in the train set: 94242, number of used features: 15
[LightGBM] [Info] Start training from score 5744.744252
[LightGBM] [Info] Auto-choosing row-wise multi-threading, the overhead of testing was 0.018686 seconds.
You can set `force_row_wise=true` to remove the overhead.
And if memory is not enough, you can set `force_col_wise=true`.
[LightGBM] [Info] Total Bins 2126
[LightGBM] [Info] Number of data points in the train set: 94242, number of used features: 15
[LightGBM] [Info] Start training from score 5744.863739
[LightGBM] [Info] Auto-choosing row-wise multi-threading, the overhead of testing was 0.019588 seconds.
You can set `force_row_wise=true` to remove the overhead.
And if memory is not enough, you can set `force_col_wise=true`.
[LightGBM] [Info] Total Bins 2126
[LightGBM] [Info] Number of data points in the train set: 94242, number of used features: 15
[LightGBM] [Info] [LightGBM] [Info] Start training from score 5744.657079
Auto-choosing row-wise multi-threading, the overhead of testing was 0.018491 seconds.
You can set `force_row_wise=true` to remove the overhead.
And if memory is not enough, you can set `force_col_wise=true`.
[LightGBM] [Info] Total Bins 2126
[LightGBM] [Info] Number of data points in the train set: 94242, number of used features: 15
[LightGBM] [Info] Auto-choosing col-wise multi-threading, the overhead of testing was 0.069190 seconds.
You can set `force_col_wise=true` to remove the overhead.
[LightGBM] [Info] Total Bins 2126
[LightGBM] [Info] Start training from score 5744.946881
[LightGBM] [Info] Number of data points in the train set: 94242, number of used features: 15
[LightGBM] [Info] Auto-choosing col-wise multi-threading, the overhead of testing was 0.063306 seconds.
You can set `force_col_wise=true` to remove the overhead.
[LightGBM] [Info] Total Bins 2126
[LightGBM] [Info] Start training from score 5744.904487
[LightGBM] [Info] Number of data points in the train set: 94242, number of used features: 15
[LightGBM] [Info] Start training from score 5744.987415
[LightGBM] [Info] Auto-choosing col-wise multi-threading, the overhead of testing was 0.073106 seconds.
You can set `force_col_wise=true` to remove the overhead.
[LightGBM] [Info] Total Bins 2126
[LightGBM] [Info] Number of data points in the train set: 94242, number of used features: 15
[LightGBM] [Info] Auto-choosing row-wise multi-threading, the overhead of testing was 0.022236 seconds.
You can set `force_row_wise=true` to remove the overhead.
And if memory is not enough, you can set `force_col_wise=true`.
[LightGBM] [Info] Start training from score 5744.784028
[LightGBM] [Info] Total Bins 2126
[LightGBM] [Info] Number of data points in the train set: 94242, number of used features: 15
[LightGBM] [Info] Start training from score 5744.700852
[LightGBM] [Info] Auto-choosing col-wise multi-threading, the overhead of testing was 0.102731 seconds.
You can set `force_col_wise=true` to remove the overhead.
[LightGBM] [Info] Total Bins 2126
[LightGBM] [Info] Number of data points in the train set: 94242, number of used features: 15
[LightGBM] [Info] Start training from score 5744.564159
[LightGBM] [Info] Auto-choosing col-wise multi-threading, the overhead of testing was 0.103967 seconds.
You can set `force_col_wise=true` to remove the overhead.
[LightGBM] [Info] Total Bins 2126
[LightGBM] [Info] Number of data points in the train set: 94242, number of used features: 15
[LightGBM] [Info] Start training from score 5744.520980
[LightGBM] [Info] Auto-choosing col-wise multi-threading, the overhead of testing was 0.100321 seconds.
You can set `force_col_wise=true` to remove the overhead.
[LightGBM] [Info] Total Bins 2126
[LightGBM] [Info] Number of data points in the train set: 94242, number of used features: 15
[LightGBM] [Info] Start training from score 5744.612620
[LightGBM] [Info] Auto-choosing col-wise multi-threading, the overhead of testing was 0.079219 seconds.
You can set `force_col_wise=true` to remove the overhead.
[LightGBM] [Info] Total Bins 2126
[LightGBM] [Info] Number of data points in the train set: 94242, number of used features: 15
[LightGBM] [Info] Start training from score 5744.480169
[LightGBM] [Info] Auto-choosing row-wise multi-threading, the overhead of testing was 0.025729 seconds.
You can set `force_row_wise=true` to remove the overhead.
And if memory is not enough, you can set `force_col_wise=true`.
[LightGBM] [Info] Total Bins 2126
[LightGBM] [Info] Number of data points in the train set: 94242, number of used features: 15
[LightGBM] [Info] Start training from score 5744.444659
[LightGBM] [Info] Auto-choosing row-wise multi-threading, the overhead of testing was 0.029163 seconds.
You can set `force_row_wise=true` to remove the overhead.
And if memory is not enough, you can set `force_col_wise=true`.
[LightGBM] [Info] Total Bins 2126
[LightGBM] [Info] Number of data points in the train set: 94242, number of used features: 15
[LightGBM] [Info] Start training from score 5744.413656
[LightGBM] [Info] Auto-choosing col-wise multi-threading, the overhead of testing was 0.064450 seconds.
You can set `force_col_wise=true` to remove the overhead.
[LightGBM] [Info] Total Bins 2126
[LightGBM] [Info] Number of data points in the train set: 94242, number of used features: 15
[LightGBM] [Info] Start training from score 5744.384828
[LightGBM] [Info] Auto-choosing col-wise multi-threading, the overhead of testing was 0.064654 seconds.
You can set `force_col_wise=true` to remove the overhead.
[LightGBM] [Info] Total Bins 2126
[LightGBM] [Info] Number of data points in the train set: 94242, number of used features: 15
[LightGBM] [Info] Start training from score 5744.339216
[LightGBM] [Info] Auto-choosing row-wise multi-threading, the overhead of testing was 0.023304 seconds.
You can set `force_row_wise=true` to remove the overhead.
And if memory is not enough, you can set `force_col_wise=true`.
[LightGBM] [Info] Total Bins 2126
[LightGBM] [Info] Number of data points in the train set: 94242, number of used features: 15
[LightGBM] [Info] Start training from score 5744.360077
[LightGBM] [Info] Auto-choosing col-wise multi-threading, the overhead of testing was 0.072094 seconds.
You can set `force_col_wise=true` to remove the overhead.
[LightGBM] [Info] Total Bins 2126
[LightGBM] [Info] Number of data points in the train set: 94242, number of used features: 15
[LightGBM] [Info] Start training from score 5744.317835
[LightGBM] [Info] Auto-choosing col-wise multi-threading, the overhead of testing was 0.078634 seconds.
You can set `force_col_wise=true` to remove the overhead.
[LightGBM] [Info] Total Bins 2126
[LightGBM] [Info] Number of data points in the train set: 94242, number of used features: 15
[LightGBM] [Info] Start training from score 5744.297902
[LightGBM] [Info] Auto-choosing row-wise multi-threading, the overhead of testing was 0.025741 seconds.
You can set `force_row_wise=true` to remove the overhead.
And if memory is not enough, you can set `force_col_wise=true`.
[LightGBM] [Info] Total Bins 2126
[LightGBM] [Info] Number of data points in the train set: 94242, number of used features: 15
[LightGBM] [Info] Start training from score 5744.279001
[LightGBM] [Info] Auto-choosing col-wise multi-threading, the overhead of testing was 0.072053 seconds.
You can set `force_col_wise=true` to remove the overhead.
[LightGBM] [Info] Total Bins 2126
[LightGBM] [Info] Number of data points in the train set: 94242, number of used features: 15
[LightGBM] [Info] Start training from score 5744.260983
[LightGBM] [Info] Auto-choosing col-wise multi-threading, the overhead of testing was 0.065397 seconds.
You can set `force_col_wise=true` to remove the overhead.
[LightGBM] [Info] Total Bins 2126
[LightGBM] [Info] Number of data points in the train set: 94242, number of used features: 15
[LightGBM] [Info] Start training from score 5744.243023
[LightGBM] [Info] Auto-choosing col-wise multi-threading, the overhead of testing was 0.073607 seconds.
You can set `force_col_wise=true` to remove the overhead.
[LightGBM] [Info] Total Bins 2126
[LightGBM] [Info] Number of data points in the train set: 94242, number of used features: 15
[LightGBM] [Info] Start training from score 5744.220895
[LightGBM] [Info] Auto-choosing row-wise multi-threading, the overhead of testing was 0.024377 seconds.
You can set `force_row_wise=true` to remove the overhead.
And if memory is not enough, you can set `force_col_wise=true`.
[LightGBM] [Info] Total Bins 2126
[LightGBM] [Info] Number of data points in the train set: 94242, number of used features: 15
[LightGBM] [Info] Start training from score 5744.197633
[LightGBM] [Info] Auto-choosing col-wise multi-threading, the overhead of testing was 0.065063 seconds.
You can set `force_col_wise=true` to remove the overhead.
[LightGBM] [Info] Total Bins 2126
[LightGBM] [Info] Number of data points in the train set: 94242, number of used features: 15
[LightGBM] [Info] Start training from score 5744.171271
[LightGBM] [Info] Auto-choosing col-wise multi-threading, the overhead of testing was 0.051491 seconds.
You can set `force_col_wise=true` to remove the overhead.
[LightGBM] [Info] Total Bins 2126
[LightGBM] [Info] Number of data points in the train set: 94242, number of used features: 15
[LightGBM] [Info] Start training from score 5744.143965
[LightGBM] [Info] Auto-choosing row-wise multi-threading, the overhead of testing was 0.018633 seconds.
You can set `force_row_wise=true` to remove the overhead.
And if memory is not enough, you can set `force_col_wise=true`.
[LightGBM] [Info] Total Bins 2126
[LightGBM] [Info] Number of data points in the train set: 94242, number of used features: 15
[LightGBM] [Info] Start training from score 5744.117390
[LightGBM] [Info] Auto-choosing col-wise multi-threading, the overhead of testing was 0.049574 seconds.
You can set `force_col_wise=true` to remove the overhead.
[LightGBM] [Info] Total Bins 2126
[LightGBM] [Info] Number of data points in the train set: 94242, number of used features: 15
[LightGBM] [Info] Start training from score 5744.091901
   [fit] key=2025-W42 cutoff=2025-10-13 11:00:00  (block 14/61)
[LightGBM] [Info] Auto-choosing col-wise multi-threading, the overhead of testing was 0.066347 seconds.
You can set `force_col_wise=true` to remove the overhead.
[LightGBM] [Info] Total Bins 2126
[LightGBM] [Info] Number of data points in the train set: 94410, number of used features: 15
[LightGBM] [Info] Auto-choosing col-wise multi-threading, the overhead of testing was 0.066060 seconds.
You can set `force_col_wise=true` to remove the overhead.
[LightGBM] [Info] Total Bins 2126
[LightGBM] [Info] Number of data points in the train set: 94410, number of used features: 15
[LightGBM] [Info] Auto-choosing col-wise multi-threading, the overhead of testing was 0.070728 seconds.
You can set `force_col_wise=true` to remove the overhead.
[LightGBM] [Info] Total Bins 2126
[LightGBM] [Info] Number of data points in the train set: 94410, number of used features: 15
[LightGBM] [Info] Start training from score 5743.923513
[LightGBM] [Info] Start training from score 5743.942623
[LightGBM] [Info] Start training from score 5743.869509
[LightGBM] [Info] Auto-choosing col-wise multi-threading, the overhead of testing was 0.066229 seconds.
You can set `force_col_wise=true` to remove the overhead.
[LightGBM] [Info] Total Bins 2126
[LightGBM] [Info] Number of data points in the train set: 94410, number of used features: 15
[LightGBM] [Info] Start training from score 5743.818460
[LightGBM] [Info] Auto-choosing row-wise multi-threading, the overhead of testing was 0.017174 seconds.
You can set `force_row_wise=true` to remove the overhead.
And if memory is not enough, you can set `force_col_wise=true`.
[LightGBM] [Info] Total Bins 2126
[LightGBM] [Info] Auto-choosing row-wise multi-threading, the overhead of testing was 0.025677 seconds.
You can set `force_row_wise=true` to remove the overhead.
And if memory is not enough, you can set `force_col_wise=true`.
[LightGBM] [Info] Number of data points in the train set: 94410, number of used features: 15
[LightGBM] [Info] Total Bins 2126
[LightGBM] [Info] Number of data points in the train set: 94410, number of used features: 15
[LightGBM] [Info] Auto-choosing row-wise multi-threading, the overhead of testing was 0.025854 seconds.
You can set `force_row_wise=true` to remove the overhead.
And if memory is not enough, you can set `force_col_wise=true`.
[LightGBM] [Info] Total Bins 2126
[LightGBM] [Info] Number of data points in the train set: 94410, number of used features: 15
[LightGBM] [Info] Start training from score 5743.886912
[LightGBM] [Info] Start training from score 5743.848429
[LightGBM] [Info] Start training from score 5743.584968
[LightGBM] [Info] Auto-choosing col-wise multi-threading, the overhead of testing was 0.079296 seconds.
You can set `force_col_wise=true` to remove the overhead.
[LightGBM] [Info] Total Bins 2126
[LightGBM] [Info] Number of data points in the train set: 94410, number of used features: 15
[LightGBM] [Info] Start training from score 5743.648958
[LightGBM] [Info] Auto-choosing col-wise multi-threading, the overhead of testing was 0.077867 seconds.
You can set `force_col_wise=true` to remove the overhead.
[LightGBM] [Info] Total Bins 2126
[LightGBM] [Info] Number of data points in the train set: 94410, number of used features: 15
[LightGBM] [Info] Start training from score 5743.904787
[LightGBM] [Info] Auto-choosing col-wise multi-threading, the overhead of testing was 0.070675 seconds.
You can set `force_col_wise=true` to remove the overhead.
[LightGBM] [Info] Total Bins 2126
[LightGBM] [Info] Number of data points in the train set: 94410, number of used features: 15
[LightGBM] [Info] Start training from score 5743.680114
[LightGBM] [Info] Auto-choosing row-wise multi-threading, the overhead of testing was 0.020058 seconds.
You can set `force_row_wise=true` to remove the overhead.
And if memory is not enough, you can set `force_col_wise=true`.
[LightGBM] [Info] Total Bins 2126
[LightGBM] [Info] Number of data points in the train set: 94410, number of used features: 15
[LightGBM] [Info] Start training from score 5743.784906
[LightGBM] [Info] Auto-choosing row-wise multi-threading, the overhead of testing was 0.020553 seconds.
You can set `force_row_wise=true` to remove the overhead.
And if memory is not enough, you can set `force_col_wise=true`.
[LightGBM] [Info] Auto-choosing row-wise multi-threading, the overhead of testing was 0.027919 seconds.
You can set `force_row_wise=true` to remove the overhead.
And if memory is not enough, you can set `force_col_wise=true`.
[LightGBM] [Info] Auto-choosing col-wise multi-threading, the overhead of testing was 0.063326 seconds.
You can set `force_col_wise=true` to remove the overhead.
[LightGBM] [Info] Total Bins 2126
[LightGBM] [Info] Total Bins 2126
[LightGBM] [Info] Number of data points in the train set: 94410, number of used features: 15
[LightGBM] [Info] Number of data points in the train set: 94410, number of used features: 15
[LightGBM] [Info] Start training from score 5743.713088
[LightGBM] [Info] Start training from score 5743.547577
[LightGBM] [Info] Auto-choosing row-wise multi-threading, the overhead of testing was 0.016314 seconds.
You can set `force_row_wise=true` to remove the overhead.
And if memory is not enough, you can set `force_col_wise=true`.
[LightGBM] [Info] Total Bins 2126
[LightGBM] [Info] Number of data points in the train set: 94410, number of used features: 15
[LightGBM] [Info] Total Bins 2126
[LightGBM] [Info] Start training from score 5743.617533
[LightGBM] [Info] Number of data points in the train set: 94410, number of used features: 15
[LightGBM] [Info] Start training from score 5743.508954
[LightGBM] [Info] Auto-choosing row-wise multi-threading, the overhead of testing was 0.037322 seconds.
You can set `force_row_wise=true` to remove the overhead.
And if memory is not enough, you can set `force_col_wise=true`.
[LightGBM] [Info] Total Bins 2126
[LightGBM] [Info] Number of data points in the train set: 94410, number of used features: 15
[LightGBM] [Info] Start training from score 5743.749009
[LightGBM] [Info] Auto-choosing col-wise multi-threading, the overhead of testing was 0.060445 seconds.
You can set `force_col_wise=true` to remove the overhead.
[LightGBM] [Info] Total Bins 2126
[LightGBM] [Info] Number of data points in the train set: 94410, number of used features: 15
[LightGBM] [Info] Start training from score 5743.469585
[LightGBM] [Info] Auto-choosing row-wise multi-threading, the overhead of testing was 0.023285 seconds.
You can set `force_row_wise=true` to remove the overhead.
And if memory is not enough, you can set `force_col_wise=true`.
[LightGBM] [Info] Total Bins 2126
[LightGBM] [Info] Number of data points in the train set: 94410, number of used features: 15
[LightGBM] [Info] Start training from score 5743.426093
[LightGBM] [Info] Auto-choosing col-wise multi-threading, the overhead of testing was 0.063218 seconds.
You can set `force_col_wise=true` to remove the overhead.
[LightGBM] [Info] Total Bins 2126
[LightGBM] [Info] Number of data points in the train set: 94410, number of used features: 15
[LightGBM] [Info] Start training from score 5743.386454
[LightGBM] [Info] Auto-choosing col-wise multi-threading, the overhead of testing was 0.065784 seconds.
You can set `force_col_wise=true` to remove the overhead.
[LightGBM] [Info] Total Bins 2126
[LightGBM] [Info] Number of data points in the train set: 94410, number of used features: 15
[LightGBM] [Info] Start training from score 5743.348406
[LightGBM] [Info] Auto-choosing row-wise multi-threading, the overhead of testing was 0.022934 seconds.
You can set `force_row_wise=true` to remove the overhead.
And if memory is not enough, you can set `force_col_wise=true`.
[LightGBM] [Info] Total Bins 2126
[LightGBM] [Info] Number of data points in the train set: 94410, number of used features: 15
[LightGBM] [Info] Start training from score 5743.314347
[LightGBM] [Info] Auto-choosing col-wise multi-threading, the overhead of testing was 0.059713 seconds.
You can set `force_col_wise=true` to remove the overhead.
[LightGBM] [Info] Total Bins 2126
[LightGBM] [Info] Number of data points in the train set: 94410, number of used features: 15
[LightGBM] [Info] Start training from score 5743.285497
[LightGBM] [Info] Auto-choosing col-wise multi-threading, the overhead of testing was 0.060503 seconds.
You can set `force_col_wise=true` to remove the overhead.
[LightGBM] [Info] Total Bins 2126
[LightGBM] [Info] Number of data points in the train set: 94410, number of used features: 15
[LightGBM] [Info] Start training from score 5743.235509
[LightGBM] [Info] Auto-choosing col-wise multi-threading, the overhead of testing was 0.076734 seconds.
You can set `force_col_wise=true` to remove the overhead.
[LightGBM] [Info] Total Bins 2126
[LightGBM] [Info] Number of data points in the train set: 94410, number of used features: 15
[LightGBM] [Info] Start training from score 5743.258658
[LightGBM] [Info] Auto-choosing row-wise multi-threading, the overhead of testing was 0.025988 seconds.
You can set `force_row_wise=true` to remove the overhead.
And if memory is not enough, you can set `force_col_wise=true`.
[LightGBM] [Info] Total Bins 2126
[LightGBM] [Info] Number of data points in the train set: 94410, number of used features: 15
[LightGBM] [Info] Start training from score 5743.216072
[LightGBM] [Info] Auto-choosing col-wise multi-threading, the overhead of testing was 0.074432 seconds.
You can set `force_col_wise=true` to remove the overhead.
[LightGBM] [Info] Total Bins 2126
[LightGBM] [Info] Number of data points in the train set: 94410, number of used features: 15
[LightGBM] [Info] Start training from score 5743.195895
[LightGBM] [Info] Auto-choosing row-wise multi-threading, the overhead of testing was 0.018603 seconds.
You can set `force_row_wise=true` to remove the overhead.
And if memory is not enough, you can set `force_col_wise=true`.
[LightGBM] [Info] Total Bins 2126
[LightGBM] [Info] Number of data points in the train set: 94410, number of used features: 15
[LightGBM] [Info] Start training from score 5743.177173
[LightGBM] [Info] Auto-choosing col-wise multi-threading, the overhead of testing was 0.083013 seconds.
You can set `force_col_wise=true` to remove the overhead.
[LightGBM] [Info] Total Bins 2126
[LightGBM] [Info] Number of data points in the train set: 94410, number of used features: 15
[LightGBM] [Info] Start training from score 5743.159322
[LightGBM] [Info] Auto-choosing row-wise multi-threading, the overhead of testing was 0.025005 seconds.
You can set `force_row_wise=true` to remove the overhead.
And if memory is not enough, you can set `force_col_wise=true`.
[LightGBM] [Info] Total Bins 2126
[LightGBM] [Info] Number of data points in the train set: 94410, number of used features: 15
[LightGBM] [Info] Start training from score 5743.142406
[LightGBM] [Info] Auto-choosing row-wise multi-threading, the overhead of testing was 0.019400 seconds.
You can set `force_row_wise=true` to remove the overhead.
And if memory is not enough, you can set `force_col_wise=true`.
[LightGBM] [Info] Total Bins 2126
[LightGBM] [Info] Number of data points in the train set: 94410, number of used features: 15
[LightGBM] [Info] Start training from score 5743.125547
[LightGBM] [Info] Auto-choosing col-wise multi-threading, the overhead of testing was 0.079261 seconds.
You can set `force_col_wise=true` to remove the overhead.
[LightGBM] [Info] Total Bins 2126
[LightGBM] [Info] Number of data points in the train set: 94410, number of used features: 15
[LightGBM] [Info] Start training from score 5743.105143
[LightGBM] [Info] Auto-choosing col-wise multi-threading, the overhead of testing was 0.081801 seconds.
You can set `force_col_wise=true` to remove the overhead.
[LightGBM] [Info] Total Bins 2126
[LightGBM] [Info] Number of data points in the train set: 94410, number of used features: 15
[LightGBM] [Info] Start training from score 5743.083702
[LightGBM] [Info] Auto-choosing col-wise multi-threading, the overhead of testing was 0.060342 seconds.
You can set `force_col_wise=true` to remove the overhead.
[LightGBM] [Info] Total Bins 2126
[LightGBM] [Info] Number of data points in the train set: 94410, number of used features: 15
[LightGBM] [Info] Start training from score 5743.059590
[LightGBM] [Info] Auto-choosing col-wise multi-threading, the overhead of testing was 0.087795 seconds.
You can set `force_col_wise=true` to remove the overhead.
[LightGBM] [Info] Total Bins 2126
[LightGBM] [Info] Number of data points in the train set: 94410, number of used features: 15
[LightGBM] [Info] Start training from score 5743.035267
[LightGBM] [Info] Auto-choosing col-wise multi-threading, the overhead of testing was 0.056458 seconds.
You can set `force_col_wise=true` to remove the overhead.
[LightGBM] [Info] Total Bins 2126
[LightGBM] [Info] Number of data points in the train set: 94410, number of used features: 15
[LightGBM] [Info] Start training from score 5743.013156
[LightGBM] [Info] Auto-choosing row-wise multi-threading, the overhead of testing was 0.017784 seconds.
You can set `force_row_wise=true` to remove the overhead.
And if memory is not enough, you can set `force_col_wise=true`.
[LightGBM] [Info] Total Bins 2126
[LightGBM] [Info] Number of data points in the train set: 94410, number of used features: 15
[LightGBM] [Info] Start training from score 5742.992351
   [fit] key=2025-W43 cutoff=2025-10-20 11:00:00  (block 21/61)
[LightGBM] [Info] Auto-choosing col-wise multi-threading, the overhead of testing was 0.067779 seconds.
You can set `force_col_wise=true` to remove the overhead.
[LightGBM] [Info] Total Bins 2126
[LightGBM] [Info] Number of data points in the train set: 94577, number of used features: 15
[LightGBM] [Info] Start training from score 5742.818020
[LightGBM] [Info] Auto-choosing col-wise multi-threading, the overhead of testing was 0.060787 seconds.
You can set `force_col_wise=true` to remove the overhead.
[LightGBM] [Info] Total Bins 2126
[LightGBM] [Info] Auto-choosing row-wise multi-threading, the overhead of testing was 0.021897 seconds.
You can set `force_row_wise=true` to remove the overhead.
And if memory is not enough, you can set `force_col_wise=true`.
[LightGBM] [Info] Number of data points in the train set: 94577, number of used features: 15
[LightGBM] [Info] Total Bins 2126
[LightGBM] [Info] Number of data points in the train set: 94577, number of used features: 15
[LightGBM] [Info] Start training from score 5742.761648
[LightGBM] [Info] Start training from score 5742.799348
[LightGBM] [Info] Auto-choosing row-wise multi-threading, the overhead of testing was 0.019357 seconds.
You can set `force_row_wise=true` to remove the overhead.
And if memory is not enough, you can set `force_col_wise=true`.
[LightGBM] [Info] Total Bins 2126
[LightGBM] [Info] Number of data points in the train set: 94577, number of used features: 15
[LightGBM] [Info] Start training from score 5742.739030
[LightGBM] [Info] Auto-choosing row-wise multi-threading, the overhead of testing was 0.018059 seconds.
You can set `force_row_wise=true` to remove the overhead.
And if memory is not enough, you can set `force_col_wise=true`.
[LightGBM] [Info] Total Bins 2126
[LightGBM] [Info] Number of data points in the train set: 94577, number of used features: 15
[LightGBM] [Info] Auto-choosing col-wise multi-threading, the overhead of testing was 0.065098 seconds.
You can set `force_col_wise=true` to remove the overhead.
[LightGBM] [Info] Total Bins 2126
[LightGBM] [Info] Number of data points in the train set: 94577, number of used features: 15
[LightGBM] [Info] Start training from score 5742.780257
[LightGBM] [Info] Start training from score 5742.497565
[LightGBM] [Info] Auto-choosing col-wise multi-threading, the overhead of testing was 0.069399 seconds.
You can set `force_col_wise=true` to remove the overhead.
[LightGBM] [Info] Total Bins 2126
[LightGBM] [Info] Number of data points in the train set: 94577, number of used features: 15
[LightGBM] [Info] Start training from score 5742.541015
[LightGBM] [Info] Auto-choosing col-wise multi-threading, the overhead of testing was 0.076183 seconds.
You can set `force_col_wise=true` to remove the overhead.
[LightGBM] [Info] Total Bins 2126
[LightGBM] [Info] Number of data points in the train set: 94577, number of used features: 15
[LightGBM] [Info] Auto-choosing col-wise multi-threading, the overhead of testing was 0.066969 seconds.
You can set `force_col_wise=true` to remove the overhead.
[LightGBM] [Info] Start training from score 5742.367391
[LightGBM] [Info] Total Bins 2126
[LightGBM] [Info] Number of data points in the train set: 94577, number of used features: 15
[LightGBM] [Info] Start training from score 5742.629666
[LightGBM] [Info] Auto-choosing row-wise multi-threading, the overhead of testing was 0.029681 seconds.
You can set `force_row_wise=true` to remove the overhead.
And if memory is not enough, you can set `force_col_wise=true`.
[LightGBM] [Info] Total Bins 2126
[LightGBM] [Info] Number of data points in the train set: 94577, number of used features: 15
[LightGBM] [Info] Start training from score 5742.836694
[LightGBM] [Info] Auto-choosing col-wise multi-threading, the overhead of testing was 0.070370 seconds.
You can set `force_col_wise=true` to remove the overhead.
[LightGBM] [Info] Auto-choosing col-wise multi-threading, the overhead of testing was 0.090576 seconds.
You can set `force_col_wise=true` to remove the overhead.
[LightGBM] [Info] Total Bins 2126
[LightGBM] [Info] Total Bins 2126
[LightGBM] [Info] Auto-choosing row-wise multi-threading, the overhead of testing was 0.026487 seconds.
You can set `force_row_wise=true` to remove the overhead.
And if memory is not enough, you can set `force_col_wise=true`.
[LightGBM] [Info] Number of data points in the train set: 94577, number of used features: 15
[LightGBM] [Info] Number of data points in the train set: 94577, number of used features: 15
[LightGBM] [Info] Auto-choosing col-wise multi-threading, the overhead of testing was 0.082000 seconds.
You can set `force_col_wise=true` to remove the overhead.
[LightGBM] [Info] Total Bins 2126
[LightGBM] [Info] Start training from score 5742.707886
[LightGBM] [Info] Number of data points in the train set: 94577, number of used features: 15
[LightGBM] [Info] Total Bins 2126
[LightGBM] [Info] Number of data points in the train set: 94577, number of used features: 15
[LightGBM] [Info] Start training from score 5742.585022
[LightGBM] [Info] Start training from score 5742.671579
[LightGBM] [Info] Start training from score 5742.325940
[LightGBM] [Info] Auto-choosing row-wise multi-threading, the overhead of testing was 0.034948 seconds.
You can set `force_row_wise=true` to remove the overhead.
And if memory is not enough, you can set `force_col_wise=true`.
[LightGBM] [Info] Total Bins 2126
[LightGBM] [Info] Number of data points in the train set: 94577, number of used features: 15
[LightGBM] [Info] Start training from score 5742.411694
[LightGBM] [Info] Auto-choosing col-wise multi-threading, the overhead of testing was 0.101483 seconds.
You can set `force_col_wise=true` to remove the overhead.
[LightGBM] [Info] Total Bins 2126
[LightGBM] [Info] Number of data points in the train set: 94577, number of used features: 15
[LightGBM] [Info] Start training from score 5742.454226
[LightGBM] [Info] Auto-choosing col-wise multi-threading, the overhead of testing was 0.067377 seconds.
You can set `force_col_wise=true` to remove the overhead.
[LightGBM] [Info] Total Bins 2126
[LightGBM] [Info] Number of data points in the train set: 94577, number of used features: 15
[LightGBM] [Info] Start training from score 5742.243119
[LightGBM] [Info] Auto-choosing col-wise multi-threading, the overhead of testing was 0.073510 seconds.
You can set `force_col_wise=true` to remove the overhead.
[LightGBM] [Info] Auto-choosing col-wise multi-threading, the overhead of testing was 0.074713 seconds.
You can set `force_col_wise=true` to remove the overhead.
[LightGBM] [Info] Total Bins 2126
[LightGBM] [Info] Total Bins 2126
[LightGBM] [Info] Number of data points in the train set: 94577, number of used features: 15
[LightGBM] [Info] Number of data points in the train set: 94577, number of used features: 15
[LightGBM] [Info] Start training from score 5742.199712
[LightGBM] [Info] Start training from score 5742.286312
[LightGBM] [Info] Auto-choosing row-wise multi-threading, the overhead of testing was 0.019208 seconds.
You can set `force_row_wise=true` to remove the overhead.
And if memory is not enough, you can set `force_col_wise=true`.
[LightGBM] [Info] Total Bins 2126
[LightGBM] [Info] Number of data points in the train set: 94577, number of used features: 15
[LightGBM] [Info] Start training from score 5742.156846
[LightGBM] [Info] Auto-choosing col-wise multi-threading, the overhead of testing was 0.065487 seconds.
You can set `force_col_wise=true` to remove the overhead.
[LightGBM] [Info] Total Bins 2126
[LightGBM] [Info] Number of data points in the train set: 94577, number of used features: 15
[LightGBM] [Info] Start training from score 5742.118882
[LightGBM] [Info] Auto-choosing col-wise multi-threading, the overhead of testing was 0.089369 seconds.
You can set `force_col_wise=true` to remove the overhead.
[LightGBM] [Info] Total Bins 2126
[LightGBM] [Info] Number of data points in the train set: 94577, number of used features: 15
[LightGBM] [Info] Start training from score 5742.086340
[LightGBM] [Info] Auto-choosing col-wise multi-threading, the overhead of testing was 0.091387 seconds.
You can set `force_col_wise=true` to remove the overhead.
[LightGBM] [Info] Total Bins 2126
[LightGBM] [Info] Number of data points in the train set: 94577, number of used features: 15
[LightGBM] [Info] Start training from score 5742.056916
[LightGBM] [Info] Auto-choosing col-wise multi-threading, the overhead of testing was 0.083125 seconds.
You can set `force_col_wise=true` to remove the overhead.
[LightGBM] [Info] Total Bins 2126
[LightGBM] [Info] Number of data points in the train set: 94577, number of used features: 15
[LightGBM] [Info] Start training from score 5742.032211
[LightGBM] [Info] Auto-choosing col-wise multi-threading, the overhead of testing was 0.067773 seconds.
You can set `force_col_wise=true` to remove the overhead.
[LightGBM] [Info] Total Bins 2126
[LightGBM] [Info] Number of data points in the train set: 94577, number of used features: 15
[LightGBM] [Info] Start training from score 5742.011529
[LightGBM] [Info] Auto-choosing row-wise multi-threading, the overhead of testing was 0.017599 seconds.
You can set `force_row_wise=true` to remove the overhead.
And if memory is not enough, you can set `force_col_wise=true`.
[LightGBM] [Info] Total Bins 2126
[LightGBM] [Info] Number of data points in the train set: 94577, number of used features: 15
[LightGBM] [Info] Start training from score 5741.990732
[LightGBM] [Info] Auto-choosing col-wise multi-threading, the overhead of testing was 0.076931 seconds.
You can set `force_col_wise=true` to remove the overhead.
[LightGBM] [Info] Total Bins 2126
[LightGBM] [Info] Number of data points in the train set: 94577, number of used features: 15
[LightGBM] [Info] Start training from score 5741.952458
[LightGBM] [Info] Auto-choosing col-wise multi-threading, the overhead of testing was 0.072632 seconds.
You can set `force_col_wise=true` to remove the overhead.
[LightGBM] [Info] Total Bins 2126
[LightGBM] [Info] Number of data points in the train set: 94577, number of used features: 15
[LightGBM] [Info] Start training from score 5741.971133
[LightGBM] [Info] Auto-choosing col-wise multi-threading, the overhead of testing was 0.073008 seconds.
You can set `force_col_wise=true` to remove the overhead.
[LightGBM] [Info] Total Bins 2126
[LightGBM] [Info] Number of data points in the train set: 94577, number of used features: 15
[LightGBM] [Info] Start training from score 5741.934694
[LightGBM] [Info] Auto-choosing col-wise multi-threading, the overhead of testing was 0.075617 seconds.
You can set `force_col_wise=true` to remove the overhead.
[LightGBM] [Info] Total Bins 2126
[LightGBM] [Info] Number of data points in the train set: 94577, number of used features: 15
[LightGBM] [Info] Start training from score 5741.915994
[LightGBM] [Info] Auto-choosing col-wise multi-threading, the overhead of testing was 0.072973 seconds.
You can set `force_col_wise=true` to remove the overhead.
[LightGBM] [Info] Total Bins 2126
[LightGBM] [Info] Number of data points in the train set: 94577, number of used features: 15
[LightGBM] [Info] Start training from score 5741.891819
[LightGBM] [Info] Auto-choosing row-wise multi-threading, the overhead of testing was 0.022419 seconds.
You can set `force_row_wise=true` to remove the overhead.
And if memory is not enough, you can set `force_col_wise=true`.
[LightGBM] [Info] Total Bins 2126
[LightGBM] [Info] Number of data points in the train set: 94577, number of used features: 15
[LightGBM] [Info] Start training from score 5741.866229
[LightGBM] [Info] Auto-choosing row-wise multi-threading, the overhead of testing was 0.021843 seconds.
You can set `force_row_wise=true` to remove the overhead.
And if memory is not enough, you can set `force_col_wise=true`.
[LightGBM] [Info] Total Bins 2126
[LightGBM] [Info] Number of data points in the train set: 94577, number of used features: 15
[LightGBM] [Info] Start training from score 5741.837549
[LightGBM] [Info] Auto-choosing col-wise multi-threading, the overhead of testing was 0.059729 seconds.
You can set `force_col_wise=true` to remove the overhead.
[LightGBM] [Info] Total Bins 2126
[LightGBM] [Info] Number of data points in the train set: 94577, number of used features: 15
[LightGBM] [Info] Start training from score 5741.809589
[LightGBM] [Info] Auto-choosing col-wise multi-threading, the overhead of testing was 0.061694 seconds.
You can set `force_col_wise=true` to remove the overhead.
[LightGBM] [Info] Total Bins 2126
[LightGBM] [Info] Number of data points in the train set: 94577, number of used features: 15
[LightGBM] [Info] Start training from score 5741.784378
[LightGBM] [Info] Auto-choosing col-wise multi-threading, the overhead of testing was 0.053170 seconds.
You can set `force_col_wise=true` to remove the overhead.
[LightGBM] [Info] Total Bins 2126
[LightGBM] [Info] Number of data points in the train set: 94577, number of used features: 15
[LightGBM] [Info] Start training from score 5741.761252
   [fit] key=2025-W44 cutoff=2025-10-27 11:00:00  (block 28/61)
[LightGBM] [Info] Auto-choosing col-wise multi-threading, the overhead of testing was 0.068639 seconds.
You can set `force_col_wise=true` to remove the overhead.
[LightGBM] [Info] Total Bins 2126
[LightGBM] [Info] Auto-choosing col-wise multi-threading, the overhead of testing was 0.068923 seconds.
You can set `force_col_wise=true` to remove the overhead.
[LightGBM] [Info] Total Bins 2126
[LightGBM] [Info] Number of data points in the train set: 94745, number of used features: 15
[LightGBM] [Info] Number of data points in the train set: 94745, number of used features: 15
[LightGBM] [Info] Start training from score 5741.271179
[LightGBM] [Info] Start training from score 5741.156059
[LightGBM] [Info] Auto-choosing col-wise multi-threading, the overhead of testing was 0.063393 seconds.
You can set `force_col_wise=true` to remove the overhead.
[LightGBM] [Info] Total Bins 2126
[LightGBM] [Info] Number of data points in the train set: 94745, number of used features: 15
[LightGBM] [Info] Auto-choosing row-wise multi-threading, the overhead of testing was 0.025971 seconds.
You can set `force_row_wise=true` to remove the overhead.
And if memory is not enough, you can set `force_col_wise=true`.
[LightGBM] [Info] Total Bins 2126
[LightGBM] [Info] Start training from score 5741.292406
[LightGBM] [Info] Number of data points in the train set: 94745, number of used features: 15
[LightGBM] [Info] Start training from score 5741.250767
[LightGBM] [Info] Auto-choosing col-wise multi-threading, the overhead of testing was 0.078754 seconds.
You can set `force_col_wise=true` to remove the overhead.
[LightGBM] [Info] Total Bins 2126
[LightGBM] [Info] Number of data points in the train set: 94745, number of used features: 15
[LightGBM] [Info] Start training from score 5741.231361
[LightGBM] [Info] Auto-choosing col-wise multi-threading, the overhead of testing was 0.065071 seconds.
You can set `force_col_wise=true` to remove the overhead.
[LightGBM] [Info] Total Bins 2126
[LightGBM] [Info] Number of data points in the train set: 94745, number of used features: 15
[LightGBM] [Info] Start training from score 5741.188202
[LightGBM] [Info] Auto-choosing row-wise multi-threading, the overhead of testing was 0.017319 seconds.
You can set `force_row_wise=true` to remove the overhead.
And if memory is not enough, you can set `force_col_wise=true`.
[LightGBM] [Info] Total Bins 2126
[LightGBM] [Info] Number of data points in the train set: 94745, number of used features: 15
[LightGBM] [Info] Start training from score 5741.211941
[LightGBM] [Info] Auto-choosing col-wise multi-threading, the overhead of testing was 0.078302 seconds.
You can set `force_col_wise=true` to remove the overhead.
[LightGBM] [Info] Total Bins 2126
[LightGBM] [Info] Number of data points in the train set: 94745, number of used features: 15
[LightGBM] [Info] Start training from score 5741.121072
[LightGBM] [Info] Auto-choosing row-wise multi-threading, the overhead of testing was 0.026220 seconds.
You can set `force_row_wise=true` to remove the overhead.
And if memory is not enough, you can set `force_col_wise=true`.
[LightGBM] [Info] Total Bins 2126
[LightGBM] [Info] Number of data points in the train set: 94745, number of used features: 15
[LightGBM] [Info] Start training from score 5740.965868
[LightGBM] [Info] Auto-choosing col-wise multi-threading, the overhead of testing was 0.071146 seconds.
You can set `force_col_wise=true` to remove the overhead.
[LightGBM] [Info] Total Bins 2126
[LightGBM] [Info] Number of data points in the train set: 94745, number of used features: 15
[LightGBM] [Info] Start training from score 5741.082463
[LightGBM] [Info] Auto-choosing row-wise multi-threading, the overhead of testing was 0.025735 seconds.
You can set `force_row_wise=true` to remove the overhead.
And if memory is not enough, you can set `force_col_wise=true`.
[LightGBM] [Info] Total Bins 2126
[LightGBM] [Info] Number of data points in the train set: 94745, number of used features: 15
[LightGBM] [Info] Start training from score 5741.003658
[LightGBM] [Info] Auto-choosing col-wise multi-threading, the overhead of testing was 0.063720 seconds.
You can set `force_col_wise=true` to remove the overhead.
[LightGBM] [Info] Total Bins 2126
[LightGBM] [Info] Number of data points in the train set: 94745, number of used features: 15
[LightGBM] [Info] Start training from score 5740.890525
[LightGBM] [Info] Auto-choosing col-wise multi-threading, the overhead of testing was 0.080457 seconds.
You can set `force_col_wise=true` to remove the overhead.
[LightGBM] [Info] Total Bins 2126
[LightGBM] [Info] Number of data points in the train set: 94745, number of used features: 15
[LightGBM] [Info] Start training from score 5740.810379
[LightGBM] [Info] Auto-choosing row-wise multi-threading, the overhead of testing was 0.027259 seconds.
You can set `force_row_wise=true` to remove the overhead.
And if memory is not enough, you can set `force_col_wise=true`.
[LightGBM] [Info] Total Bins 2126
[LightGBM] [Info] Number of data points in the train set: 94745, number of used features: 15
[LightGBM] [Info] Start training from score 5741.042827
[LightGBM] [Info] Auto-choosing row-wise multi-threading, the overhead of testing was 0.026623 seconds.
You can set `force_row_wise=true` to remove the overhead.
And if memory is not enough, you can set `force_col_wise=true`.
[LightGBM] [Info] Total Bins 2126
[LightGBM] [Info] Number of data points in the train set: 94745, number of used features: 15
[LightGBM] [Info] Start training from score 5740.927768
[LightGBM] [Info] Auto-choosing col-wise multi-threading, the overhead of testing was 0.065205 seconds.
You can set `force_col_wise=true` to remove the overhead.
[LightGBM] [Info] Total Bins 2126
[LightGBM] [Info] Number of data points in the train set: 94745, number of used features: 15
[LightGBM] [Info] Start training from score 5740.850163
[LightGBM] [Info] Auto-choosing col-wise multi-threading, the overhead of testing was 0.069857 seconds.
You can set `force_col_wise=true` to remove the overhead.
[LightGBM] [Info] Total Bins 2126
[LightGBM] [Info] Number of data points in the train set: 94745, number of used features: 15
[LightGBM] [Info] Start training from score 5740.772173
[LightGBM] [Info] Auto-choosing col-wise multi-threading, the overhead of testing was 0.076324 seconds.
You can set `force_col_wise=true` to remove the overhead.
[LightGBM] [Info] Total Bins 2126
[LightGBM] [Info] Number of data points in the train set: 94745, number of used features: 15
[LightGBM] [Info] Start training from score 5740.731516
[LightGBM] [Info] Auto-choosing row-wise multi-threading, the overhead of testing was 0.023781 seconds.
You can set `force_row_wise=true` to remove the overhead.
And if memory is not enough, you can set `force_col_wise=true`.
[LightGBM] [Info] Total Bins 2126
[LightGBM] [Info] Number of data points in the train set: 94745, number of used features: 15
[LightGBM] [Info] Start training from score 5740.690444
[LightGBM] [Info] Auto-choosing col-wise multi-threading, the overhead of testing was 0.061131 seconds.
You can set `force_col_wise=true` to remove the overhead.
[LightGBM] [Info] Total Bins 2126
[LightGBM] [Info] Number of data points in the train set: 94745, number of used features: 15
[LightGBM] [Info] Start training from score 5740.649977
[LightGBM] [Info] Auto-choosing col-wise multi-threading, the overhead of testing was 0.070529 seconds.
You can set `force_col_wise=true` to remove the overhead.
[LightGBM] [Info] Total Bins 2126
[LightGBM] [Info] Number of data points in the train set: 94745, number of used features: 15
[LightGBM] [Info] Start training from score 5740.613716
[LightGBM] [Info] Auto-choosing col-wise multi-threading, the overhead of testing was 0.061574 seconds.
You can set `force_col_wise=true` to remove the overhead.
[LightGBM] [Info] Total Bins 2126
[LightGBM] [Info] Number of data points in the train set: 94745, number of used features: 15
[LightGBM] [Info] Start training from score 5740.582308
[LightGBM] [Info] Auto-choosing row-wise multi-threading, the overhead of testing was 0.021765 seconds.
You can set `force_row_wise=true` to remove the overhead.
And if memory is not enough, you can set `force_col_wise=true`.
[LightGBM] [Info] Total Bins 2126
[LightGBM] [Info] Number of data points in the train set: 94745, number of used features: 15
[LightGBM] [Info] Start training from score 5740.553738
[LightGBM] [Info] Auto-choosing col-wise multi-threading, the overhead of testing was 0.061240 seconds.
You can set `force_col_wise=true` to remove the overhead.
[LightGBM] [Info] Total Bins 2126
[LightGBM] [Info] Number of data points in the train set: 94745, number of used features: 15
[LightGBM] [Info] Start training from score 5740.529119
[LightGBM] [Info] Auto-choosing col-wise multi-threading, the overhead of testing was 0.060704 seconds.
You can set `force_col_wise=true` to remove the overhead.
[LightGBM] [Info] Total Bins 2126
[LightGBM] [Info] Number of data points in the train set: 94745, number of used features: 15
[LightGBM] [Info] Start training from score 5740.508010
[LightGBM] [Info] Auto-choosing row-wise multi-threading, the overhead of testing was 0.018296 seconds.
You can set `force_row_wise=true` to remove the overhead.
And if memory is not enough, you can set `force_col_wise=true`.
[LightGBM] [Info] Total Bins 2126
[LightGBM] [Info] Number of data points in the train set: 94745, number of used features: 15
[LightGBM] [Info] Start training from score 5740.486542
[LightGBM] [Info] Auto-choosing col-wise multi-threading, the overhead of testing was 0.069831 seconds.
You can set `force_col_wise=true` to remove the overhead.
[LightGBM] [Info] Total Bins 2126
[LightGBM] [Info] Number of data points in the train set: 94745, number of used features: 15
[LightGBM] [Info] Auto-choosing col-wise multi-threading, the overhead of testing was 0.067964 seconds.
You can set `force_col_wise=true` to remove the overhead.
[LightGBM] [Info] Total Bins 2126
[LightGBM] [Info] Start training from score 5740.447312
[LightGBM] [Info] Number of data points in the train set: 94745, number of used features: 15
[LightGBM] [Info] Start training from score 5740.466419
[LightGBM] [Info] Auto-choosing col-wise multi-threading, the overhead of testing was 0.060666 seconds.
You can set `force_col_wise=true` to remove the overhead.
[LightGBM] [Info] Total Bins 2126
[LightGBM] [Info] Number of data points in the train set: 94745, number of used features: 15
[LightGBM] [Info] Start training from score 5740.429210
[LightGBM] [Info] Auto-choosing col-wise multi-threading, the overhead of testing was 0.076757 seconds.
You can set `force_col_wise=true` to remove the overhead.
[LightGBM] [Info] Total Bins 2126
[LightGBM] [Info] Number of data points in the train set: 94745, number of used features: 15
[LightGBM] [Info] Start training from score 5740.411092
[LightGBM] [Info] Auto-choosing col-wise multi-threading, the overhead of testing was 0.071860 seconds.
You can set `force_col_wise=true` to remove the overhead.
[LightGBM] [Info] Total Bins 2126
[LightGBM] [Info] Number of data points in the train set: 94745, number of used features: 15
[LightGBM] [Info] Start training from score 5740.388892
[LightGBM] [Info] Auto-choosing col-wise multi-threading, the overhead of testing was 0.066479 seconds.
You can set `force_col_wise=true` to remove the overhead.
[LightGBM] [Info] Total Bins 2126
[LightGBM] [Info] Number of data points in the train set: 94745, number of used features: 15
[LightGBM] [Info] Start training from score 5740.365215
[LightGBM] [Info] Auto-choosing row-wise multi-threading, the overhead of testing was 0.025805 seconds.
You can set `force_row_wise=true` to remove the overhead.
And if memory is not enough, you can set `force_col_wise=true`.
[LightGBM] [Info] Total Bins 2126
[LightGBM] [Info] Number of data points in the train set: 94745, number of used features: 15
[LightGBM] [Info] Start training from score 5740.337642
[LightGBM] [Info] Auto-choosing col-wise multi-threading, the overhead of testing was 0.067614 seconds.
You can set `force_col_wise=true` to remove the overhead.
[LightGBM] [Info] Total Bins 2126
[LightGBM] [Info] Number of data points in the train set: 94745, number of used features: 15
[LightGBM] [Info] Start training from score 5740.309573
[LightGBM] [Info] Auto-choosing col-wise multi-threading, the overhead of testing was 0.057551 seconds.
You can set `force_col_wise=true` to remove the overhead.
[LightGBM] [Info] Total Bins 2126
[LightGBM] [Info] Number of data points in the train set: 94745, number of used features: 15
[LightGBM] [Info] Start training from score 5740.282179
[LightGBM] [Info] Auto-choosing row-wise multi-threading, the overhead of testing was 0.023954 seconds.
You can set `force_row_wise=true` to remove the overhead.
And if memory is not enough, you can set `force_col_wise=true`.
[LightGBM] [Info] Total Bins 2126
[LightGBM] [Info] Number of data points in the train set: 94745, number of used features: 15
[LightGBM] [Info] Start training from score 5740.256192
   [fit] key=2025-W45 cutoff=2025-11-03 11:00:00  (block 35/61)
[LightGBM] [Info] Auto-choosing col-wise multi-threading, the overhead of testing was 0.061956 seconds.
You can set `force_col_wise=true` to remove the overhead.
[LightGBM] [Info] Total Bins 2126
[LightGBM] [Info] Number of data points in the train set: 94913, number of used features: 15
[LightGBM] [Info] Start training from score 5740.153971
[LightGBM] [Info] Auto-choosing row-wise multi-threading, the overhead of testing was 0.024119 seconds.
You can set `force_row_wise=true` to remove the overhead.
And if memory is not enough, you can set `force_col_wise=true`.
[LightGBM] [Info] Total Bins 2126
[LightGBM] [Info] Number of data points in the train set: 94913, number of used features: 15
[LightGBM] [Info] Auto-choosing row-wise multi-threading, the overhead of testing was 0.025263 seconds.
You can set `force_row_wise=true` to remove the overhead.
And if memory is not enough, you can set `force_col_wise=true`.
[LightGBM] [Info] Total Bins 2126
[LightGBM] [Info] Start training from score 5740.174550
[LightGBM] [Info] Number of data points in the train set: 94913, number of used features: 15
[LightGBM] [Info] Start training from score 5740.133427
[LightGBM] [Info] Auto-choosing col-wise multi-threading, the overhead of testing was 0.070502 seconds.
You can set `force_col_wise=true` to remove the overhead.
[LightGBM] [Info] Total Bins 2126
[LightGBM] [Info] Number of data points in the train set: 94913, number of used features: 15
[LightGBM] [Info] Start training from score 5740.113950
[LightGBM] [Info] Auto-choosing col-wise multi-threading, the overhead of testing was 0.065742 seconds.
You can set `force_col_wise=true` to remove the overhead.
[LightGBM] [Info] Total Bins 2126
[LightGBM] [Info] Number of data points in the train set: 94913, number of used features: 15
[LightGBM] [Info] Start training from score 5740.071362
[LightGBM] [Info] Auto-choosing row-wise multi-threading, the overhead of testing was 0.025652 seconds.
You can set `force_row_wise=true` to remove the overhead.
And if memory is not enough, you can set `force_col_wise=true`.
[LightGBM] [Info] Total Bins 2126
[LightGBM] [Info] Number of data points in the train set: 94913, number of used features: 15
[LightGBM] [Info] Start training from score 5739.966400
[LightGBM] [Info] Auto-choosing col-wise multi-threading, the overhead of testing was 0.059615 seconds.
You can set `force_col_wise=true` to remove the overhead.
[LightGBM] [Info] Total Bins 2126
[LightGBM] [Info] Auto-choosing row-wise multi-threading, the overhead of testing was 0.026093 seconds.
You can set `force_row_wise=true` to remove the overhead.
And if memory is not enough, you can set `force_col_wise=true`.
[LightGBM] [Info] Total Bins 2126
[LightGBM] [Info] Number of data points in the train set: 94913, number of used features: 15
[LightGBM] [Info] Number of data points in the train set: 94913, number of used features: 15
[LightGBM] [Info] Start training from score 5739.740138
[LightGBM] [Info] Start training from score 5740.039360
[LightGBM] [Info] Auto-choosing col-wise multi-threading, the overhead of testing was 0.066514 seconds.
You can set `force_col_wise=true` to remove the overhead.
[LightGBM] [Info] Total Bins 2126
[LightGBM] [Info] Number of data points in the train set: 94913, number of used features: 15
[LightGBM] [Info] Start training from score 5739.814571
[LightGBM] [Info] Auto-choosing col-wise multi-threading, the overhead of testing was 0.071539 seconds.
You can set `force_col_wise=true` to remove the overhead.
[LightGBM] [Info] Total Bins 2126
[LightGBM] [Info] Number of data points in the train set: 94913, number of used features: 15
[LightGBM] [Info] Auto-choosing col-wise multi-threading, the overhead of testing was 0.072924 seconds.
You can set `force_col_wise=true` to remove the overhead.
[LightGBM] [Info] Total Bins 2126
[LightGBM] [Info] Number of data points in the train set: 94913, number of used features: 15
[LightGBM] [Info] Start training from score 5740.094596
[LightGBM] [Info] Auto-choosing row-wise multi-threading, the overhead of testing was 0.020436 seconds.
You can set `force_row_wise=true` to remove the overhead.
And if memory is not enough, you can set `force_col_wise=true`.
[LightGBM] [Info] Total Bins 2126
[LightGBM] [Info] Start training from score 5739.926898
[LightGBM] [Info] Number of data points in the train set: 94913, number of used features: 15
[LightGBM] [Info] Start training from score 5740.004773
[LightGBM] [Info] Auto-choosing row-wise multi-threading, the overhead of testing was 0.028813 seconds.
You can set `force_row_wise=true` to remove the overhead.
And if memory is not enough, you can set `force_col_wise=true`.
[LightGBM] [Info] Total Bins 2126
[LightGBM] [Info] Number of data points in the train set: 94913, number of used features: 15
[LightGBM] [Info] Start training from score 5739.778869
[LightGBM] [Info] Auto-choosing col-wise multi-threading, the overhead of testing was 0.083136 seconds.
You can set `force_col_wise=true` to remove the overhead.
[LightGBM] [Info] Total Bins 2126
[LightGBM] [Info] Number of data points in the train set: 94913, number of used features: 15
[LightGBM] [Info] Start training from score 5739.851803
[LightGBM] [Info] Auto-choosing row-wise multi-threading, the overhead of testing was 0.028154 seconds.
You can set `force_row_wise=true` to remove the overhead.
And if memory is not enough, you can set `force_col_wise=true`.
[LightGBM] [Info] Total Bins 2126
[LightGBM] [Info] Number of data points in the train set: 94913, number of used features: 15
[LightGBM] [Info] Start training from score 5739.701678
[LightGBM] [Info] Auto-choosing col-wise multi-threading, the overhead of testing was 0.071485 seconds.
You can set `force_col_wise=true` to remove the overhead.
[LightGBM] [Info] Total Bins 2126
[LightGBM] [Info] Number of data points in the train set: 94913, number of used features: 15
[LightGBM] [Info] Start training from score 5739.888482
[LightGBM] [Info] Auto-choosing col-wise multi-threading, the overhead of testing was 0.082111 seconds.
You can set `force_col_wise=true` to remove the overhead.
[LightGBM] [Info] Total Bins 2126
[LightGBM] [Info] Number of data points in the train set: 94913, number of used features: 15
[LightGBM] [Info] Start training from score 5739.665678
[LightGBM] [Info] Auto-choosing row-wise multi-threading, the overhead of testing was 0.033968 seconds.
You can set `force_row_wise=true` to remove the overhead.
And if memory is not enough, you can set `force_col_wise=true`.
[LightGBM] [Info] Total Bins 2126
[LightGBM] [Info] Number of data points in the train set: 94913, number of used features: 15
[LightGBM] [Info] Start training from score 5739.625968
[LightGBM] [Info] Auto-choosing row-wise multi-threading, the overhead of testing was 0.031868 seconds.
You can set `force_row_wise=true` to remove the overhead.
And if memory is not enough, you can set `force_col_wise=true`.
[LightGBM] [Info] Total Bins 2126
[LightGBM] [Info] Number of data points in the train set: 94913, number of used features: 15
[LightGBM] [Info] Start training from score 5739.585022
[LightGBM] [Info] Auto-choosing col-wise multi-threading, the overhead of testing was 0.061818 seconds.
You can set `force_col_wise=true` to remove the overhead.
[LightGBM] [Info] Total Bins 2126
[LightGBM] [Info] Number of data points in the train set: 94913, number of used features: 15
[LightGBM] [Info] Start training from score 5739.510241
[LightGBM] [Info] Auto-choosing row-wise multi-threading, the overhead of testing was 0.023631 seconds.
You can set `force_row_wise=true` to remove the overhead.
And if memory is not enough, you can set `force_col_wise=true`.
[LightGBM] [Info] Total Bins 2126
[LightGBM] [Info] Number of data points in the train set: 94913, number of used features: 15
[LightGBM] [Info] Start training from score 5739.545648
[LightGBM] [Info] Auto-choosing col-wise multi-threading, the overhead of testing was 0.072217 seconds.
You can set `force_col_wise=true` to remove the overhead.
[LightGBM] [Info] Total Bins 2126
[LightGBM] [Info] Number of data points in the train set: 94913, number of used features: 15
[LightGBM] [Info] Start training from score 5739.479479
[LightGBM] [Info] Auto-choosing col-wise multi-threading, the overhead of testing was 0.076465 seconds.
You can set `force_col_wise=true` to remove the overhead.
[LightGBM] [Info] Total Bins 2126
[LightGBM] [Info] Number of data points in the train set: 94913, number of used features: 15
[LightGBM] [Info] Start training from score 5739.451391
[LightGBM] [Info] Auto-choosing col-wise multi-threading, the overhead of testing was 0.060931 seconds.
You can set `force_col_wise=true` to remove the overhead.
[LightGBM] [Info] Total Bins 2126
[LightGBM] [Info] Number of data points in the train set: 94913, number of used features: 15
[LightGBM] [Info] Start training from score 5739.426827
[LightGBM] [Info] Auto-choosing col-wise multi-threading, the overhead of testing was 0.067492 seconds.
You can set `force_col_wise=true` to remove the overhead.
[LightGBM] [Info] Total Bins 2126
[LightGBM] [Info] Number of data points in the train set: 94913, number of used features: 15
[LightGBM] [Info] Start training from score 5739.405797
[LightGBM] [Info] Auto-choosing row-wise multi-threading, the overhead of testing was 0.025674 seconds.
You can set `force_row_wise=true` to remove the overhead.
And if memory is not enough, you can set `force_col_wise=true`.
[LightGBM] [Info] Total Bins 2126
[LightGBM] [Info] Number of data points in the train set: 94913, number of used features: 15
[LightGBM] [Info] Start training from score 5739.384398
[LightGBM] [Info] Auto-choosing col-wise multi-threading, the overhead of testing was 0.113684 seconds.
You can set `force_col_wise=true` to remove the overhead.
[LightGBM] [Info] Total Bins 2126
[LightGBM] [Info] Number of data points in the train set: 94913, number of used features: 15
[LightGBM] [Info] Start training from score 5739.364775
[LightGBM] [Info] Auto-choosing row-wise multi-threading, the overhead of testing was 0.034798 seconds.
You can set `force_row_wise=true` to remove the overhead.
And if memory is not enough, you can set `force_col_wise=true`.
[LightGBM] [Info] Total Bins 2126
[LightGBM] [Info] Number of data points in the train set: 94913, number of used features: 15
[LightGBM] [Info] Start training from score 5739.346197
[LightGBM] [Info] Auto-choosing col-wise multi-threading, the overhead of testing was 0.068713 seconds.
You can set `force_col_wise=true` to remove the overhead.
[LightGBM] [Info] Total Bins 2126
[LightGBM] [Info] Number of data points in the train set: 94913, number of used features: 15
[LightGBM] [Info] Start training from score 5739.328454
[LightGBM] [Info] Auto-choosing col-wise multi-threading, the overhead of testing was 0.063556 seconds.
You can set `force_col_wise=true` to remove the overhead.
[LightGBM] [Info] Auto-choosing row-wise multi-threading, the overhead of testing was 0.025049 seconds.
You can set `force_row_wise=true` to remove the overhead.
And if memory is not enough, you can set `force_col_wise=true`.
[LightGBM] [Info] Total Bins 2126
[LightGBM] [Info] Total Bins 2126
[LightGBM] [Info] Number of data points in the train set: 94913, number of used features: 15
[LightGBM] [Info] Number of data points in the train set: 94913, number of used features: 15
[LightGBM] [Info] Start training from score 5739.310178
[LightGBM] [Info] Start training from score 5739.286690
[LightGBM] [Info] Auto-choosing col-wise multi-threading, the overhead of testing was 0.074206 seconds.
You can set `force_col_wise=true` to remove the overhead.
[LightGBM] [Info] Total Bins 2126
[LightGBM] [Info] Number of data points in the train set: 94913, number of used features: 15
[LightGBM] [Info] Start training from score 5739.262338
[LightGBM] [Info] Auto-choosing col-wise multi-threading, the overhead of testing was 0.070344 seconds.
You can set `force_col_wise=true` to remove the overhead.
[LightGBM] [Info] Total Bins 2126
[LightGBM] [Info] Number of data points in the train set: 94913, number of used features: 15
[LightGBM] [Info] Start training from score 5739.236531
[LightGBM] [Info] Auto-choosing row-wise multi-threading, the overhead of testing was 0.023894 seconds.
You can set `force_row_wise=true` to remove the overhead.
And if memory is not enough, you can set `force_col_wise=true`.
[LightGBM] [Info] Total Bins 2126
[LightGBM] [Info] Number of data points in the train set: 94913, number of used features: 15
[LightGBM] [Info] Start training from score 5739.211610
[LightGBM] [Info] Auto-choosing col-wise multi-threading, the overhead of testing was 0.068865 seconds.
You can set `force_col_wise=true` to remove the overhead.
[LightGBM] [Info] Total Bins 2126
[LightGBM] [Info] Number of data points in the train set: 94913, number of used features: 15
[LightGBM] [Info] Start training from score 5739.188542
[LightGBM] [Info] Auto-choosing row-wise multi-threading, the overhead of testing was 0.024400 seconds.
You can set `force_row_wise=true` to remove the overhead.
And if memory is not enough, you can set `force_col_wise=true`.
[LightGBM] [Info] Total Bins 2126
[LightGBM] [Info] Number of data points in the train set: 94913, number of used features: 15
[LightGBM] [Info] Start training from score 5739.166804
   [fit] key=2025-W46 cutoff=2025-11-10 11:00:00  (block 42/61)
[LightGBM] [Info] Auto-choosing col-wise multi-threading, the overhead of testing was 0.077554 seconds.
You can set `force_col_wise=true` to remove the overhead.
[LightGBM] [Info] Total Bins 2126
[LightGBM] [Info] Number of data points in the train set: 95081, number of used features: 15
[LightGBM] [Info] Start training from score 5738.935877
[LightGBM] [Info] Auto-choosing col-wise multi-threading, the overhead of testing was 0.065868 seconds.
You can set `force_col_wise=true` to remove the overhead.
[LightGBM] [Info] Total Bins 2126
[LightGBM] [Info] Number of data points in the train set: 95081, number of used features: 15
[LightGBM] [Info] Start training from score 5738.899597
[LightGBM] [Info] Auto-choosing col-wise multi-threading, the overhead of testing was 0.067110 seconds.
You can set `force_col_wise=true` to remove the overhead.
[LightGBM] [Info] Total Bins 2126
[LightGBM] [Info] Number of data points in the train set: 95081, number of used features: 15
[LightGBM] [Info] Start training from score 5738.954847
[LightGBM] [Info] Auto-choosing col-wise multi-threading, the overhead of testing was 0.070698 seconds.
You can set `force_col_wise=true` to remove the overhead.
[LightGBM] [Info] Total Bins 2126
[LightGBM] [Info] Number of data points in the train set: 95081, number of used features: 15
[LightGBM] [Info] Start training from score 5738.881747
[LightGBM] [Info] Auto-choosing row-wise multi-threading, the overhead of testing was 0.020138 seconds.
You can set `force_row_wise=true` to remove the overhead.
And if memory is not enough, you can set `force_col_wise=true`.
[LightGBM] [Info] Total Bins 2126
[LightGBM] [Info] Number of data points in the train set: 95081, number of used features: 15
[LightGBM] [Info] Start training from score 5738.860013
[LightGBM] [Info] Auto-choosing col-wise multi-threading, the overhead of testing was 0.072355 seconds.
You can set `force_col_wise=true` to remove the overhead.
[LightGBM] [Info] Total Bins 2126
[LightGBM] [Info] Auto-choosing col-wise multi-threading, the overhead of testing was 0.082938 seconds.
You can set `force_col_wise=true` to remove the overhead.
[LightGBM] [Info] Number of data points in the train set: 95081, number of used features: 15
[LightGBM] [Info] Total Bins 2126
[LightGBM] [Info] Number of data points in the train set: 95081, number of used features: 15
[LightGBM] [Info] Start training from score 5738.675914
[LightGBM] [Info] Start training from score 5738.829275
[LightGBM] [Info] Auto-choosing row-wise multi-threading, the overhead of testing was 0.022311 seconds.
You can set `force_row_wise=true` to remove the overhead.
And if memory is not enough, you can set `force_col_wise=true`.
[LightGBM] [Info] Total Bins 2126
[LightGBM] [Info] Number of data points in the train set: 95081, number of used features: 15
[LightGBM] [Info] Start training from score 5738.755816
[LightGBM] [Info] Auto-choosing col-wise multi-threading, the overhead of testing was 0.066448 seconds.
You can set `force_col_wise=true` to remove the overhead.
[LightGBM] [Info] Total Bins 2126
[LightGBM] [Info] Number of data points in the train set: 95081, number of used features: 15
[LightGBM] [Info] Auto-choosing row-wise multi-threading, the overhead of testing was 0.019999 seconds.
You can set `force_row_wise=true` to remove the overhead.
And if memory is not enough, you can set `force_col_wise=true`.
[LightGBM] [Info] Start training from score 5738.637571
[LightGBM] [Info] Auto-choosing col-wise multi-threading, the overhead of testing was 0.067823 seconds.
You can set `force_col_wise=true` to remove the overhead.
[LightGBM] [Info] Total Bins 2126
[LightGBM] [Info] Total Bins 2126
[LightGBM] [Info] Number of data points in the train set: 95081, number of used features: 15
[LightGBM] [Info] Auto-choosing col-wise multi-threading, the overhead of testing was 0.083702 seconds.
You can set `force_col_wise=true` to remove the overhead.
[LightGBM] [Info] Number of data points in the train set: 95081, number of used features: 15
[LightGBM] [Info] Total Bins 2126
[LightGBM] [Info] Number of data points in the train set: 95081, number of used features: 15
[LightGBM] [Info] Start training from score 5738.917238
[LightGBM] [Info] Start training from score 5738.794754
[LightGBM] [Info] Start training from score 5738.522196
[LightGBM] [Info] Auto-choosing col-wise multi-threading, the overhead of testing was 0.067261 seconds.
You can set `force_col_wise=true` to remove the overhead.
[LightGBM] [Info] Total Bins 2126
[LightGBM] [Info] Number of data points in the train set: 95081, number of used features: 15
[LightGBM] [Info] Start training from score 5738.482979
[LightGBM] [Info] Auto-choosing row-wise multi-threading, the overhead of testing was 0.020057 seconds.
You can set `force_row_wise=true` to remove the overhead.
And if memory is not enough, you can set `force_col_wise=true`.
[LightGBM] [Info] Total Bins 2126
[LightGBM] [Info] Number of data points in the train set: 95081, number of used features: 15
[LightGBM] [Info] Start training from score 5738.715444
[LightGBM] [Info] Auto-choosing row-wise multi-threading, the overhead of testing was 0.025310 seconds.
You can set `force_row_wise=true` to remove the overhead.
And if memory is not enough, you can set `force_col_wise=true`.
[LightGBM] [Info] Total Bins 2126
[LightGBM] [Info] Number of data points in the train set: 95081, number of used features: 15
[LightGBM] [Info] Start training from score 5738.562629
[LightGBM] [Info] Auto-choosing row-wise multi-threading, the overhead of testing was 0.025858 seconds.
You can set `force_row_wise=true` to remove the overhead.
And if memory is not enough, you can set `force_col_wise=true`.
[LightGBM] [Info] Total Bins 2126
[LightGBM] [Info] Number of data points in the train set: 95081, number of used features: 15
[LightGBM] [Info] Start training from score 5738.599684
[LightGBM] [Info] Auto-choosing row-wise multi-threading, the overhead of testing was 0.019587 seconds.
You can set `force_row_wise=true` to remove the overhead.
And if memory is not enough, you can set `force_col_wise=true`.
[LightGBM] [Info] Total Bins 2126
[LightGBM] [Info] Number of data points in the train set: 95081, number of used features: 15
[LightGBM] [Info] Start training from score 5738.445113
[LightGBM] [Info] Auto-choosing col-wise multi-threading, the overhead of testing was 0.064798 seconds.
You can set `force_col_wise=true` to remove the overhead.
[LightGBM] [Info] Total Bins 2126
[LightGBM] [Info] Number of data points in the train set: 95081, number of used features: 15
[LightGBM] [Info] Start training from score 5738.405144
[LightGBM] [Info] Auto-choosing col-wise multi-threading, the overhead of testing was 0.062834 seconds.
You can set `force_col_wise=true` to remove the overhead.
[LightGBM] [Info] Total Bins 2126
[LightGBM] [Info] Number of data points in the train set: 95081, number of used features: 15
[LightGBM] [Info] Start training from score 5738.365401
[LightGBM] [Info] Auto-choosing row-wise multi-threading, the overhead of testing was 0.021841 seconds.
You can set `force_row_wise=true` to remove the overhead.
And if memory is not enough, you can set `force_col_wise=true`.
[LightGBM] [Info] Total Bins 2126
[LightGBM] [Info] Number of data points in the train set: 95081, number of used features: 15
[LightGBM] [Info] Start training from score 5738.326793
[LightGBM] [Info] Auto-choosing col-wise multi-threading, the overhead of testing was 0.059766 seconds.
You can set `force_col_wise=true` to remove the overhead.
[LightGBM] [Info] Total Bins 2126
[LightGBM] [Info] Number of data points in the train set: 95081, number of used features: 15
[LightGBM] [Info] Start training from score 5738.293908
[LightGBM] [Info] Auto-choosing col-wise multi-threading, the overhead of testing was 0.052460 seconds.
You can set `force_col_wise=true` to remove the overhead.
[LightGBM] [Info] Total Bins 2126
[LightGBM] [Info] Number of data points in the train set: 95081, number of used features: 15
[LightGBM] [Info] Start training from score 5738.265982
[LightGBM] [Info] Auto-choosing row-wise multi-threading, the overhead of testing was 0.023712 seconds.
You can set `force_row_wise=true` to remove the overhead.
And if memory is not enough, you can set `force_col_wise=true`.
[LightGBM] [Info] Total Bins 2126
[LightGBM] [Info] Number of data points in the train set: 95081, number of used features: 15
[LightGBM] [Info] Start training from score 5738.240515
[LightGBM] [Info] Auto-choosing col-wise multi-threading, the overhead of testing was 0.077840 seconds.
You can set `force_col_wise=true` to remove the overhead.
[LightGBM] [Info] Total Bins 2126
[LightGBM] [Info] Number of data points in the train set: 95081, number of used features: 15
[LightGBM] [Info] Start training from score 5738.215897
[LightGBM] [Info] Auto-choosing col-wise multi-threading, the overhead of testing was 0.070972 seconds.
You can set `force_col_wise=true` to remove the overhead.
[LightGBM] [Info] Total Bins 2126
[LightGBM] [Info] Number of data points in the train set: 95081, number of used features: 15
[LightGBM] [Info] Start training from score 5738.195240
[LightGBM] [Info] Auto-choosing col-wise multi-threading, the overhead of testing was 0.073025 seconds.
You can set `force_col_wise=true` to remove the overhead.
[LightGBM] [Info] Total Bins 2126
[LightGBM] [Info] Number of data points in the train set: 95081, number of used features: 15
[LightGBM] [Info] Start training from score 5738.174101
[LightGBM] [Info] Auto-choosing col-wise multi-threading, the overhead of testing was 0.066588 seconds.
You can set `force_col_wise=true` to remove the overhead.
[LightGBM] [Info] Total Bins 2126
[LightGBM] [Info] Number of data points in the train set: 95081, number of used features: 15
[LightGBM] [Info] Auto-choosing col-wise multi-threading, the overhead of testing was 0.068739 seconds.
You can set `force_col_wise=true` to remove the overhead.
[LightGBM] [Info] Total Bins 2126
[LightGBM] [Info] Start training from score 5738.153786
[LightGBM] [Info] Number of data points in the train set: 95081, number of used features: 15
[LightGBM] [Info] Start training from score 5738.134247
[LightGBM] [Info] Auto-choosing col-wise multi-threading, the overhead of testing was 0.075403 seconds.
You can set `force_col_wise=true` to remove the overhead.
[LightGBM] [Info] Total Bins 2126
[LightGBM] [Info] Number of data points in the train set: 95081, number of used features: 15
[LightGBM] [Info] Start training from score 5738.115378
[LightGBM] [Info] Auto-choosing col-wise multi-threading, the overhead of testing was 0.077155 seconds.
You can set `force_col_wise=true` to remove the overhead.
[LightGBM] [Info] Total Bins 2126
[LightGBM] [Info] Number of data points in the train set: 95081, number of used features: 15
[LightGBM] [Info] Start training from score 5738.096496
[LightGBM] [Info] Auto-choosing col-wise multi-threading, the overhead of testing was 0.074918 seconds.
You can set `force_col_wise=true` to remove the overhead.
[LightGBM] [Info] Total Bins 2126
[LightGBM] [Info] Number of data points in the train set: 95081, number of used features: 15
[LightGBM] [Info] Start training from score 5738.074290
[LightGBM] [Info] Auto-choosing row-wise multi-threading, the overhead of testing was 0.025809 seconds.
You can set `force_row_wise=true` to remove the overhead.
And if memory is not enough, you can set `force_col_wise=true`.
[LightGBM] [Info] Total Bins 2126
[LightGBM] [Info] Number of data points in the train set: 95081, number of used features: 15
[LightGBM] [Info] Start training from score 5738.052616
[LightGBM] [Info] Auto-choosing row-wise multi-threading, the overhead of testing was 0.030781 seconds.
You can set `force_row_wise=true` to remove the overhead.
And if memory is not enough, you can set `force_col_wise=true`.
[LightGBM] [Info] Total Bins 2126
[LightGBM] [Info] Number of data points in the train set: 95081, number of used features: 15
[LightGBM] [Info] Start training from score 5738.029376
[LightGBM] [Info] Auto-choosing row-wise multi-threading, the overhead of testing was 0.020967 seconds.
You can set `force_row_wise=true` to remove the overhead.
And if memory is not enough, you can set `force_col_wise=true`.
[LightGBM] [Info] Total Bins 2126
[LightGBM] [Info] Number of data points in the train set: 95081, number of used features: 15
[LightGBM] [Info] Start training from score 5738.008443
[LightGBM] [Info] Auto-choosing row-wise multi-threading, the overhead of testing was 0.023634 seconds.
You can set `force_row_wise=true` to remove the overhead.
And if memory is not enough, you can set `force_col_wise=true`.
[LightGBM] [Info] Total Bins 2126
[LightGBM] [Info] Number of data points in the train set: 95081, number of used features: 15
[LightGBM] [Info] Start training from score 5737.991387
[LightGBM] [Info] Auto-choosing col-wise multi-threading, the overhead of testing was 0.052887 seconds.
You can set `force_col_wise=true` to remove the overhead.
[LightGBM] [Info] Total Bins 2126
[LightGBM] [Info] Number of data points in the train set: 95081, number of used features: 15
[LightGBM] [Info] Start training from score 5737.978162
   [fit] key=2025-W47 cutoff=2025-11-17 11:00:00  (block 49/61)
[LightGBM] [Info] Auto-choosing row-wise multi-threading, the overhead of testing was 0.011697 seconds.
You can set `force_row_wise=true` to remove the overhead.
And if memory is not enough, you can set `force_col_wise=true`.
[LightGBM] [Info] Total Bins 2126
[LightGBM] [Info] Number of data points in the train set: 95249, number of used features: 15
[LightGBM] [Info] Start training from score 5737.671162
[LightGBM] [Info] Auto-choosing col-wise multi-threading, the overhead of testing was 0.062385 seconds.
You can set `force_col_wise=true` to remove the overhead.
[LightGBM] [Info] Auto-choosing row-wise multi-threading, the overhead of testing was 0.023304 seconds.
You can set `force_row_wise=true` to remove the overhead.
And if memory is not enough, you can set `force_col_wise=true`.
[LightGBM] [Info] Total Bins 2126
[LightGBM] [Info] Total Bins 2126
[LightGBM] [Info] Number of data points in the train set: 95249, number of used features: 15
[LightGBM] [Info] Number of data points in the train set: 95249, number of used features: 15
[LightGBM] [Info] Start training from score 5737.633221
[LightGBM] [Info] Start training from score 5737.736816
[LightGBM] [Info] Auto-choosing col-wise multi-threading, the overhead of testing was 0.066956 seconds.
You can set `force_col_wise=true` to remove the overhead.
[LightGBM] [Info] Total Bins 2126
[LightGBM] [Info] Number of data points in the train set: 95249, number of used features: 15
[LightGBM] [Info] Auto-choosing col-wise multi-threading, the overhead of testing was 0.067274 seconds.
You can set `force_col_wise=true` to remove the overhead.
[LightGBM] [Info] Start training from score 5737.705706
[LightGBM] [Info] Total Bins 2126
[LightGBM] [Info] Number of data points in the train set: 95249, number of used features: 15
[LightGBM] [Info] Start training from score 5737.557009
[LightGBM] [Info] Auto-choosing col-wise multi-threading, the overhead of testing was 0.068645 seconds.
You can set `force_col_wise=true` to remove the overhead.
[LightGBM] [Info] Total Bins 2126
[LightGBM] [Info] Number of data points in the train set: 95249, number of used features: 15
[LightGBM] [Info] Start training from score 5737.817309
[LightGBM] [Info] Auto-choosing col-wise multi-threading, the overhead of testing was 0.071721 seconds.
You can set `force_col_wise=true` to remove the overhead.
[LightGBM] [Info] Total Bins 2126
[LightGBM] [Info] Number of data points in the train set: 95249, number of used features: 15
[LightGBM] [Info] Start training from score 5737.485901
[LightGBM] [Info] Auto-choosing row-wise multi-threading, the overhead of testing was 0.029460 seconds.
You can set `force_row_wise=true` to remove the overhead.
And if memory is not enough, you can set `force_col_wise=true`.
[LightGBM] [Info] Total Bins 2126
[LightGBM] [Info] Auto-choosing row-wise multi-threading, the overhead of testing was 0.021789 seconds.
You can set `force_row_wise=true` to remove the overhead.
And if memory is not enough, you can set `force_col_wise=true`.
[LightGBM] [Info] Total Bins 2126
[LightGBM] [Info] Number of data points in the train set: 95249, number of used features: 15
[LightGBM] [Info] Auto-choosing col-wise multi-threading, the overhead of testing was 0.074276 seconds.
You can set `force_col_wise=true` to remove the overhead.
[LightGBM] [Info] Total Bins 2126
[LightGBM] [Info] Number of data points in the train set: 95249, number of used features: 15
[LightGBM] [Info] Start training from score 5737.797569
[LightGBM] [Info] Start training from score 5737.837978
[LightGBM] [Info] Number of data points in the train set: 95249, number of used features: 15
[LightGBM] [Info] Start training from score 5737.778689
[LightGBM] [Info] Auto-choosing row-wise multi-threading, the overhead of testing was 0.017922 seconds.
You can set `force_row_wise=true` to remove the overhead.
And if memory is not enough, you can set `force_col_wise=true`.
[LightGBM] [Info] Total Bins 2126
[LightGBM] [Info] Number of data points in the train set: 95249, number of used features: 15
[LightGBM] [Info] Start training from score 5737.759665
[LightGBM] [Info] Auto-choosing col-wise multi-threading, the overhead of testing was 0.057326 seconds.
You can set `force_col_wise=true` to remove the overhead.
[LightGBM] [Info] Total Bins 2126
[LightGBM] [Info] Number of data points in the train set: 95249, number of used features: 15
[LightGBM] [Info] Auto-choosing col-wise multi-threading, the overhead of testing was 0.074544 seconds.
You can set `force_col_wise=true` to remove the overhead.
[LightGBM] [Info] Start training from score 5737.411573
[LightGBM] [Info] Total Bins 2126
[LightGBM] [Info] Number of data points in the train set: 95249, number of used features: 15
[LightGBM] [Info] Start training from score 5737.594616
[LightGBM] [Info] Auto-choosing col-wise multi-threading, the overhead of testing was 0.076365 seconds.
You can set `force_col_wise=true` to remove the overhead.
[LightGBM] [Info] Total Bins 2126
[LightGBM] [Info] Number of data points in the train set: 95249, number of used features: 15
[LightGBM] [Info] Auto-choosing row-wise multi-threading, the overhead of testing was 0.029748 seconds.
You can set `force_row_wise=true` to remove the overhead.
And if memory is not enough, you can set `force_col_wise=true`.
[LightGBM] [Info] Start training from score 5737.521254
[LightGBM] [Info] Total Bins 2126
[LightGBM] [Info] Auto-choosing col-wise multi-threading, the overhead of testing was 0.075093 seconds.
You can set `force_col_wise=true` to remove the overhead.
[LightGBM] [Info] Number of data points in the train set: 95249, number of used features: 15
[LightGBM] [Info] Total Bins 2126
[LightGBM] [Info] Start training from score 5737.372585
[LightGBM] [Info] Number of data points in the train set: 95249, number of used features: 15
[LightGBM] [Info] Start training from score 5737.450682
[LightGBM] [Info] Auto-choosing row-wise multi-threading, the overhead of testing was 0.026182 seconds.
You can set `force_row_wise=true` to remove the overhead.
And if memory is not enough, you can set `force_col_wise=true`.
[LightGBM] [Info] Total Bins 2126
[LightGBM] [Info] Number of data points in the train set: 95249, number of used features: 15
[LightGBM] [Info] Start training from score 5737.335324
[LightGBM] [Info] Auto-choosing col-wise multi-threading, the overhead of testing was 0.069017 seconds.
You can set `force_col_wise=true` to remove the overhead.
[LightGBM] [Info] Total Bins 2126
[LightGBM] [Info] Number of data points in the train set: 95249, number of used features: 15
[LightGBM] [Info] Auto-choosing row-wise multi-threading, the overhead of testing was 0.012943 seconds.
You can set `force_row_wise=true` to remove the overhead.
And if memory is not enough, you can set `force_col_wise=true`.
[LightGBM] [Info] Start training from score 5737.296005
[LightGBM] [Info] Total Bins 2126
[LightGBM] [Info] Number of data points in the train set: 95249, number of used features: 15
[LightGBM] [Info] Start training from score 5737.255910
[LightGBM] [Info] Auto-choosing col-wise multi-threading, the overhead of testing was 0.063614 seconds.
You can set `force_col_wise=true` to remove the overhead.
[LightGBM] [Info] Total Bins 2126
[LightGBM] [Info] Number of data points in the train set: 95249, number of used features: 15
[LightGBM] [Info] Start training from score 5737.184753
[LightGBM] [Info] Auto-choosing col-wise multi-threading, the overhead of testing was 0.066577 seconds.
You can set `force_col_wise=true` to remove the overhead.
[LightGBM] [Info] Total Bins 2126
[LightGBM] [Info] Number of data points in the train set: 95249, number of used features: 15
[LightGBM] [Info] Start training from score 5737.217772
[LightGBM] [Info] Auto-choosing col-wise multi-threading, the overhead of testing was 0.062461 seconds.
You can set `force_col_wise=true` to remove the overhead.
[LightGBM] [Info] Total Bins 2126
[LightGBM] [Info] Number of data points in the train set: 95249, number of used features: 15
[LightGBM] [Info] Start training from score 5737.156960
[LightGBM] [Info] Auto-choosing row-wise multi-threading, the overhead of testing was 0.023921 seconds.
You can set `force_row_wise=true` to remove the overhead.
And if memory is not enough, you can set `force_col_wise=true`.
[LightGBM] [Info] Total Bins 2126
[LightGBM] [Info] Number of data points in the train set: 95249, number of used features: 15
[LightGBM] [Info] Start training from score 5737.130958
[LightGBM] [Info] Auto-choosing col-wise multi-threading, the overhead of testing was 0.117516 seconds.
You can set `force_col_wise=true` to remove the overhead.
[LightGBM] [Info] Total Bins 2126
[LightGBM] [Info] Number of data points in the train set: 95249, number of used features: 15
[LightGBM] [Info] Start training from score 5737.105929
[LightGBM] [Info] Auto-choosing row-wise multi-threading, the overhead of testing was 0.028124 seconds.
You can set `force_row_wise=true` to remove the overhead.
And if memory is not enough, you can set `force_col_wise=true`.
[LightGBM] [Info] Total Bins 2126
[LightGBM] [Info] Number of data points in the train set: 95249, number of used features: 15
[LightGBM] [Info] Start training from score 5737.084811
[LightGBM] [Info] Auto-choosing row-wise multi-threading, the overhead of testing was 0.018860 seconds.
You can set `force_row_wise=true` to remove the overhead.
And if memory is not enough, you can set `force_col_wise=true`.
[LightGBM] [Info] Total Bins 2126
[LightGBM] [Info] Number of data points in the train set: 95249, number of used features: 15
[LightGBM] [Info] Start training from score 5737.063603
[LightGBM] [Info] Auto-choosing row-wise multi-threading, the overhead of testing was 0.025159 seconds.
You can set `force_row_wise=true` to remove the overhead.
And if memory is not enough, you can set `force_col_wise=true`.
[LightGBM] [Info] Total Bins 2126
[LightGBM] [Info] Number of data points in the train set: 95249, number of used features: 15
[LightGBM] [Info] Start training from score 5737.043970
[LightGBM] [Info] Auto-choosing row-wise multi-threading, the overhead of testing was 0.024601 seconds.
You can set `force_row_wise=true` to remove the overhead.
And if memory is not enough, you can set `force_col_wise=true`.
[LightGBM] [Info] Total Bins 2126
[LightGBM] [Info] Number of data points in the train set: 95249, number of used features: 15
[LightGBM] [Info] Start training from score 5737.025471
[LightGBM] [Info] Auto-choosing col-wise multi-threading, the overhead of testing was 0.067716 seconds.
You can set `force_col_wise=true` to remove the overhead.
[LightGBM] [Info] Total Bins 2126
[LightGBM] [Info] Number of data points in the train set: 95249, number of used features: 15
[LightGBM] [Info] Start training from score 5737.008014
[LightGBM] [Info] Auto-choosing col-wise multi-threading, the overhead of testing was 0.069641 seconds.
You can set `force_col_wise=true` to remove the overhead.
[LightGBM] [Info] Total Bins 2126
[LightGBM] [Info] Number of data points in the train set: 95249, number of used features: 15
[LightGBM] [Info] Start training from score 5736.991096
[LightGBM] [Info] Auto-choosing col-wise multi-threading, the overhead of testing was 0.077507 seconds.
You can set `force_col_wise=true` to remove the overhead.
[LightGBM] [Info] Total Bins 2126
[LightGBM] [Info] Number of data points in the train set: 95249, number of used features: 15
[LightGBM] [Info] Start training from score 5736.971163
[LightGBM] [Info] Auto-choosing row-wise multi-threading, the overhead of testing was 0.039437 seconds.
You can set `force_row_wise=true` to remove the overhead.
And if memory is not enough, you can set `force_col_wise=true`.
[LightGBM] [Info] Total Bins 2126
[LightGBM] [Info] Number of data points in the train set: 95249, number of used features: 15
[LightGBM] [Info] Start training from score 5736.951711
[LightGBM] [Info] Auto-choosing col-wise multi-threading, the overhead of testing was 0.067335 seconds.
You can set `force_col_wise=true` to remove the overhead.
[LightGBM] [Info] Total Bins 2126
[LightGBM] [Info] Number of data points in the train set: 95249, number of used features: 15
[LightGBM] [Info] Start training from score 5736.928583
[LightGBM] [Info] Auto-choosing col-wise multi-threading, the overhead of testing was 0.060665 seconds.
You can set `force_col_wise=true` to remove the overhead.
[LightGBM] [Info] Total Bins 2126
[LightGBM] [Info] Number of data points in the train set: 95249, number of used features: 15
[LightGBM] [Info] Start training from score 5736.904377
[LightGBM] [Info] Auto-choosing col-wise multi-threading, the overhead of testing was 0.052923 seconds.
You can set `force_col_wise=true` to remove the overhead.
[LightGBM] [Info] Total Bins 2126
[LightGBM] [Info] Number of data points in the train set: 95249, number of used features: 15
[LightGBM] [Info] Start training from score 5736.880884
[LightGBM] [Info] Auto-choosing col-wise multi-threading, the overhead of testing was 0.045021 seconds.
You can set `force_col_wise=true` to remove the overhead.
[LightGBM] [Info] Total Bins 2126
[LightGBM] [Info] Number of data points in the train set: 95249, number of used features: 15
[LightGBM] [Info] Start training from score 5736.862155
   [fit] key=2025-W48 cutoff=2025-11-24 11:00:00  (block 56/61)
   [done] 61 blocks σε 850.2s

📊 RESULT | MAE=172.95 MW | RMSE=249.5802 | sMAPE=3.2806% | n=1463
💾 saved: runs/load_direct/octnov_lgbm_dirw_g12_noroll.json
--- [2026-07-17 09:49:13] OK  runs/load_direct/octnov_lgbm_dirw_g12_noroll.json  (857s)

=== [2026-07-17 09:49:13] RUN -> runs/load_direct/octnov_lgbm_dirw_g12_loadfc.json
[LightGBM] [Info] Auto-choosing row-wise multi-threading, the overhead of testing was 0.025985 seconds.
You can set `force_row_wise=true` to remove the overhead.
And if memory is not enough, you can set `force_col_wise=true`.
[LightGBM] [Info] Total Bins 2891
[LightGBM] [Info] Number of data points in the train set: 93930, number of used features: 18
[LightGBM] [Info] Start training from score 5747.328341
[LightGBM] [Info] Auto-choosing col-wise multi-threading, the overhead of testing was 0.084133 seconds.
You can set `force_col_wise=true` to remove the overhead.
[LightGBM] [Info] Total Bins 2891
[LightGBM] [Info] Number of data points in the train set: 93930, number of used features: 18
[LightGBM] [Info] Start training from score 5747.307100
[LightGBM] [Info] Auto-choosing col-wise multi-threading, the overhead of testing was 0.087414 seconds.
You can set `force_col_wise=true` to remove the overhead.
[LightGBM] [Info] Auto-choosing col-wise multi-threading, the overhead of testing was 0.099569 seconds.
You can set `force_col_wise=true` to remove the overhead.
[LightGBM] [Info] Total Bins 2891
[LightGBM] [Info] Total Bins 2891
[LightGBM] [Info] Number of data points in the train set: 93930, number of used features: 18
[LightGBM] [Info] Number of data points in the train set: 93930, number of used features: 18
[LightGBM] [Info] Start training from score 5747.286723
[LightGBM] [Info] Start training from score 5747.267916
[LightGBM] [Info] Auto-choosing col-wise multi-threading, the overhead of testing was 0.089608 seconds.
You can set `force_col_wise=true` to remove the overhead.
[LightGBM] [Info] Total Bins 2891
[LightGBM] [Info] Number of data points in the train set: 93930, number of used features: 18
[LightGBM] [Info] Auto-choosing col-wise multi-threading, the overhead of testing was 0.087187 seconds.
You can set `force_col_wise=true` to remove the overhead.
[LightGBM] [Info] Total Bins 2891
[LightGBM] [Info] Number of data points in the train set: 93930, number of used features: 18
[LightGBM] [Info] Start training from score 5747.250126
[LightGBM] [Info] Start training from score 5747.185276
[LightGBM] [Info] Auto-choosing col-wise multi-threading, the overhead of testing was 0.099204 seconds.
You can set `force_col_wise=true` to remove the overhead.
[LightGBM] [Info] Total Bins 2891
[LightGBM] [Info] Number of data points in the train set: 93930, number of used features: 18
[LightGBM] [Info] Auto-choosing col-wise multi-threading, the overhead of testing was 0.091206 seconds.
You can set `force_col_wise=true` to remove the overhead.
[LightGBM] [Info] Total Bins 2891
[LightGBM] [Info] Start training from score 5747.231909
[LightGBM] [Info] Number of data points in the train set: 93930, number of used features: 18
[LightGBM] [Info] Start training from score 5747.127953
[LightGBM] [Info] Auto-choosing col-wise multi-threading, the overhead of testing was 0.094840 seconds.
You can set `force_col_wise=true` to remove the overhead.
[LightGBM] [Info] Total Bins 2891
[LightGBM] [Info] Number of data points in the train set: 93930, number of used features: 18
[LightGBM] [Info] Start training from score 5747.157926
[LightGBM] [Info] Auto-choosing col-wise multi-threading, the overhead of testing was 0.102259 seconds.
You can set `force_col_wise=true` to remove the overhead.
[LightGBM] [Info] Total Bins 2891
[LightGBM] [Info] Number of data points in the train set: 93930, number of used features: 18
[LightGBM] [Info] Start training from score 5747.209664
[LightGBM] [Info] Auto-choosing row-wise multi-threading, the overhead of testing was 0.035758 seconds.
You can set `force_row_wise=true` to remove the overhead.
And if memory is not enough, you can set `force_col_wise=true`.
[LightGBM] [Info] Total Bins 2891
[LightGBM] [Info] Number of data points in the train set: 93930, number of used features: 18
[LightGBM] [Info] Start training from score 5747.067509
[LightGBM] [Info] Auto-choosing row-wise multi-threading, the overhead of testing was 0.019090 seconds.
You can set `force_row_wise=true` to remove the overhead.
And if memory is not enough, you can set `force_col_wise=true`.
[LightGBM] [Info] Total Bins 2891
[LightGBM] [Info] Number of data points in the train set: 93930, number of used features: 18
[LightGBM] [Info] Start training from score 5747.006407
[LightGBM] [Info] Auto-choosing col-wise multi-threading, the overhead of testing was 0.088438 seconds.
You can set `force_col_wise=true` to remove the overhead.
[LightGBM] [Info] Auto-choosing col-wise multi-threading, the overhead of testing was 0.097200 seconds.
You can set `force_col_wise=true` to remove the overhead.
[LightGBM] [Info] Total Bins 2891
[LightGBM] [Info] Total Bins 2891
[LightGBM] [Info] Number of data points in the train set: 93930, number of used features: 18
[LightGBM] [Info] Number of data points in the train set: 93930, number of used features: 18
[LightGBM] [Info] Start training from score 5747.098025
[LightGBM] [Info] Start training from score 5746.973232
[LightGBM] [Info] Auto-choosing col-wise multi-threading, the overhead of testing was 0.098463 seconds.
You can set `force_col_wise=true` to remove the overhead.
[LightGBM] [Info] Total Bins 2891
[LightGBM] [Info] Number of data points in the train set: 93930, number of used features: 18
[LightGBM] [Info] Start training from score 5746.938863
[LightGBM] [Info] Auto-choosing row-wise multi-threading, the overhead of testing was 0.036067 seconds.
You can set `force_row_wise=true` to remove the overhead.
And if memory is not enough, you can set `force_col_wise=true`.
[LightGBM] [Info] Total Bins 2891
[LightGBM] [Info] Number of data points in the train set: 93930, number of used features: 18
[LightGBM] [Info] Start training from score 5747.036020
[LightGBM] [Info] Auto-choosing col-wise multi-threading, the overhead of testing was 0.087229 seconds.
You can set `force_col_wise=true` to remove the overhead.
[LightGBM] [Info] Total Bins 2891
[LightGBM] [Info] Number of data points in the train set: 93930, number of used features: 18
[LightGBM] [Info] Start training from score 5746.902656
[LightGBM] [Info] Auto-choosing col-wise multi-threading, the overhead of testing was 0.084977 seconds.
You can set `force_col_wise=true` to remove the overhead.
[LightGBM] [Info] Total Bins 2891
[LightGBM] [Info] Number of data points in the train set: 93930, number of used features: 18
[LightGBM] [Info] Start training from score 5746.861093
[LightGBM] [Info] Auto-choosing row-wise multi-threading, the overhead of testing was 0.026011 seconds.
You can set `force_row_wise=true` to remove the overhead.
And if memory is not enough, you can set `force_col_wise=true`.
[LightGBM] [Info] Total Bins 2891
[LightGBM] [Info] Number of data points in the train set: 93930, number of used features: 18
[LightGBM] [Info] Start training from score 5746.823626
[LightGBM] [Info] Auto-choosing col-wise multi-threading, the overhead of testing was 0.081630 seconds.
You can set `force_col_wise=true` to remove the overhead.
[LightGBM] [Info] Total Bins 2891
[LightGBM] [Info] Number of data points in the train set: 93930, number of used features: 18
[LightGBM] [Info] Start training from score 5746.789663
[LightGBM] [Info] Auto-choosing col-wise multi-threading, the overhead of testing was 0.090449 seconds.
You can set `force_col_wise=true` to remove the overhead.
[LightGBM] [Info] Total Bins 2891
[LightGBM] [Info] Number of data points in the train set: 93930, number of used features: 18
[LightGBM] [Info] Start training from score 5746.759135
[LightGBM] [Info] Auto-choosing col-wise multi-threading, the overhead of testing was 0.086308 seconds.
You can set `force_col_wise=true` to remove the overhead.
[LightGBM] [Info] Total Bins 2891
[LightGBM] [Info] Number of data points in the train set: 93930, number of used features: 18
[LightGBM] [Info] Start training from score 5746.731841
[LightGBM] [Info] Auto-choosing col-wise multi-threading, the overhead of testing was 0.089454 seconds.
You can set `force_col_wise=true` to remove the overhead.
[LightGBM] [Info] Total Bins 2891
[LightGBM] [Info] Number of data points in the train set: 93930, number of used features: 18
[LightGBM] [Info] Start training from score 5746.706770
[LightGBM] [Info] Auto-choosing col-wise multi-threading, the overhead of testing was 0.149694 seconds.
You can set `force_col_wise=true` to remove the overhead.
[LightGBM] [Info] Total Bins 2891
[LightGBM] [Info] Number of data points in the train set: 93930, number of used features: 18
[LightGBM] [Info] Start training from score 5746.685057
[LightGBM] [Info] Auto-choosing col-wise multi-threading, the overhead of testing was 0.093322 seconds.
You can set `force_col_wise=true` to remove the overhead.
[LightGBM] [Info] Total Bins 2891
[LightGBM] [Info] Number of data points in the train set: 93930, number of used features: 18
[LightGBM] [Info] Start training from score 5746.667310
[LightGBM] [Info] Auto-choosing col-wise multi-threading, the overhead of testing was 0.080263 seconds.
You can set `force_col_wise=true` to remove the overhead.
[LightGBM] [Info] Total Bins 2891
[LightGBM] [Info] Number of data points in the train set: 93930, number of used features: 18
[LightGBM] [Info] Start training from score 5746.649233
[LightGBM] [Info] Auto-choosing col-wise multi-threading, the overhead of testing was 0.094795 seconds.
You can set `force_col_wise=true` to remove the overhead.
[LightGBM] [Info] Total Bins 2891
[LightGBM] [Info] Number of data points in the train set: 93930, number of used features: 18
[LightGBM] [Info] Start training from score 5746.632789
[LightGBM] [Info] Auto-choosing col-wise multi-threading, the overhead of testing was 0.094606 seconds.
You can set `force_col_wise=true` to remove the overhead.
[LightGBM] [Info] Total Bins 2891
[LightGBM] [Info] Number of data points in the train set: 93930, number of used features: 18
[LightGBM] [Info] Start training from score 5746.617647
[LightGBM] [Info] Auto-choosing col-wise multi-threading, the overhead of testing was 0.158298 seconds.
You can set `force_col_wise=true` to remove the overhead.
[LightGBM] [Info] Total Bins 2891
[LightGBM] [Info] Number of data points in the train set: 93930, number of used features: 18
[LightGBM] [Info] Start training from score 5746.603455
[LightGBM] [Info] Auto-choosing row-wise multi-threading, the overhead of testing was 0.025894 seconds.
You can set `force_row_wise=true` to remove the overhead.
And if memory is not enough, you can set `force_col_wise=true`.
[LightGBM] [Info] Total Bins 2891
[LightGBM] [Info] Number of data points in the train set: 93930, number of used features: 18
[LightGBM] [Info] Start training from score 5746.589076
[LightGBM] [Info] Auto-choosing col-wise multi-threading, the overhead of testing was 0.077091 seconds.
You can set `force_col_wise=true` to remove the overhead.
[LightGBM] [Info] Total Bins 2891
[LightGBM] [Info] Number of data points in the train set: 93930, number of used features: 18
[LightGBM] [Info] Start training from score 5746.569015
[LightGBM] [Info] Auto-choosing col-wise multi-threading, the overhead of testing was 0.093609 seconds.
You can set `force_col_wise=true` to remove the overhead.
[LightGBM] [Info] Total Bins 2891
[LightGBM] [Info] Number of data points in the train set: 93930, number of used features: 18
[LightGBM] [Info] Start training from score 5746.546325
[LightGBM] [Info] Auto-choosing col-wise multi-threading, the overhead of testing was 0.065990 seconds.
You can set `force_col_wise=true` to remove the overhead.
[LightGBM] [Info] Total Bins 2891
[LightGBM] [Info] Number of data points in the train set: 93930, number of used features: 18
[LightGBM] [Info] Start training from score 5746.520003
[LightGBM] [Info] Auto-choosing row-wise multi-threading, the overhead of testing was 0.026040 seconds.
You can set `force_row_wise=true` to remove the overhead.
And if memory is not enough, you can set `force_col_wise=true`.
[LightGBM] [Info] Total Bins 2891
[LightGBM] [Info] Number of data points in the train set: 93930, number of used features: 18
[LightGBM] [Info] Start training from score 5746.494693
[LightGBM] [Info] Auto-choosing col-wise multi-threading, the overhead of testing was 0.069693 seconds.
You can set `force_col_wise=true` to remove the overhead.
[LightGBM] [Info] Total Bins 2891
[LightGBM] [Info] Number of data points in the train set: 93930, number of used features: 18
[LightGBM] [Info] Start training from score 5746.469957
[LightGBM] [Info] Auto-choosing col-wise multi-threading, the overhead of testing was 0.109302 seconds.
You can set `force_col_wise=true` to remove the overhead.
[LightGBM] [Info] Total Bins 2891
[LightGBM] [Info] Number of data points in the train set: 93930, number of used features: 18
[LightGBM] [Info] Start training from score 5746.445969
==============================================================================
MASTER FORECAST | algo=lgbm task=load strategy=direct
  market=dam task=load gate=strict delay_override=None → gap=12h (crosslag_gap=12h) | horizon=24 stride=24 retrain=weekly
  groups=['calendar', 'lags', 'roll', 'loadfc']  (#features=18)
  test=[2025-10-01 00:00:00 .. 2025-11-30 23:00:00]  train_end=None
==============================================================================
  AEL crosslag_mode=freeze (crosslag_gap=12h)
   [fit] key=2025-W40 cutoff=2025-09-30 11:00:00  (block 1/61)
[LightGBM] [Info] Auto-choosing col-wise multi-threading, the overhead of testing was 0.096983 seconds.
You can set `force_col_wise=true` to remove the overhead.
[LightGBM] [Info] Total Bins 2891
[LightGBM] [Info] Number of data points in the train set: 94074, number of used features: 18
[LightGBM] [Info] Start training from score 5746.347472
[LightGBM] [Info] Auto-choosing col-wise multi-threading, the overhead of testing was 0.098434 seconds.
You can set `force_col_wise=true` to remove the overhead.
[LightGBM] [Info] Total Bins 2891
[LightGBM] [Info] Auto-choosing col-wise multi-threading, the overhead of testing was 0.091104 seconds.
You can set `force_col_wise=true` to remove the overhead.
[LightGBM] [Info] Total Bins 2891
[LightGBM] [Info] Number of data points in the train set: 94074, number of used features: 18
[LightGBM] [Info] Number of data points in the train set: 94074, number of used features: 18
[LightGBM] [Info] Auto-choosing col-wise multi-threading, the overhead of testing was 0.083964 seconds.
You can set `force_col_wise=true` to remove the overhead.
[LightGBM] [Info] Total Bins 2891
[LightGBM] [Info] Start training from score 5746.268888
[LightGBM] [Info] Start training from score 5746.326933
[LightGBM] [Info] Number of data points in the train set: 94074, number of used features: 18
[LightGBM] [Info] Start training from score 5746.062520
[LightGBM] [Info] Auto-choosing row-wise multi-threading, the overhead of testing was 0.028531 seconds.
You can set `force_row_wise=true` to remove the overhead.
And if memory is not enough, you can set `force_col_wise=true`.
[LightGBM] [Info] Total Bins 2891
[LightGBM] [Info] Number of data points in the train set: 94074, number of used features: 18
[LightGBM] [Info] Start training from score 5746.287671
[LightGBM] [Info] Auto-choosing row-wise multi-threading, the overhead of testing was 0.019520 seconds.
You can set `force_row_wise=true` to remove the overhead.
And if memory is not enough, you can set `force_col_wise=true`.
[LightGBM] [Info] Total Bins 2891
[LightGBM] [Info] Number of data points in the train set: 94074, number of used features: 18
[LightGBM] [Info] Auto-choosing col-wise multi-threading, the overhead of testing was 0.078389 seconds.
You can set `force_col_wise=true` to remove the overhead.
[LightGBM] [Info] Total Bins 2891
[LightGBM] [Info] Start training from score 5746.306843
[LightGBM] [Info] Number of data points in the train set: 94074, number of used features: 18
[LightGBM] [Info] Auto-choosing row-wise multi-threading, the overhead of testing was 0.017728 seconds.
You can set `force_row_wise=true` to remove the overhead.
And if memory is not enough, you can set `force_col_wise=true`.
[LightGBM] [Info] Auto-choosing row-wise multi-threading, the overhead of testing was 0.023931 seconds.
You can set `force_row_wise=true` to remove the overhead.
And if memory is not enough, you can set `force_col_wise=true`.
[LightGBM] [Info] Total Bins 2891
[LightGBM] [Info] Total Bins 2891
[LightGBM] [Info] Start training from score 5746.101554
[LightGBM] [Info] Number of data points in the train set: 94074, number of used features: 18
[LightGBM] [Info] Start training from score 5745.858499
[LightGBM] [Info] Auto-choosing row-wise multi-threading, the overhead of testing was 0.023508 seconds.
You can set `force_row_wise=true` to remove the overhead.
And if memory is not enough, you can set `force_col_wise=true`.
[LightGBM] [Info] Total Bins 2891
[LightGBM] [Info] Number of data points in the train set: 94074, number of used features: 18
[LightGBM] [Info] Auto-choosing col-wise multi-threading, the overhead of testing was 0.086528 seconds.
You can set `force_col_wise=true` to remove the overhead.
[LightGBM] [Info] Total Bins 2891
[LightGBM] [Info] Start training from score 5745.983920
[LightGBM] [Info] Number of data points in the train set: 94074, number of used features: 18
[LightGBM] [Info] Start training from score 5746.180103
[LightGBM] [Info] Auto-choosing col-wise multi-threading, the overhead of testing was 0.069898 seconds.
You can set `force_col_wise=true` to remove the overhead.
[LightGBM] [Info] Total Bins 2891
[LightGBM] [Info] Number of data points in the train set: 94074, number of used features: 18
[LightGBM] [Info] Number of data points in the train set: 94074, number of used features: 18
[LightGBM] [Info] Start training from score 5746.023505
[LightGBM] [Info] Start training from score 5746.246340
[LightGBM] [Info] Auto-choosing row-wise multi-threading, the overhead of testing was 0.035458 seconds.
You can set `force_row_wise=true` to remove the overhead.
And if memory is not enough, you can set `force_col_wise=true`.
[LightGBM] [Info] Total Bins 2891
[LightGBM] [Info] Number of data points in the train set: 94074, number of used features: 18
[LightGBM] [Info] Auto-choosing col-wise multi-threading, the overhead of testing was 0.096687 seconds.
You can set `force_col_wise=true` to remove the overhead.
[LightGBM] [Info] Total Bins 2891
[LightGBM] [Info] Start training from score 5746.214797
[LightGBM] [Info] Number of data points in the train set: 94074, number of used features: 18
[LightGBM] [Info] Start training from score 5745.901064
[LightGBM] [Info] Auto-choosing col-wise multi-threading, the overhead of testing was 0.089619 seconds.
You can set `force_col_wise=true` to remove the overhead.
[LightGBM] [Info] Total Bins 2891
[LightGBM] [Info] Number of data points in the train set: 94074, number of used features: 18
[LightGBM] [Info] Auto-choosing col-wise multi-threading, the overhead of testing was 0.096045 seconds.
You can set `force_col_wise=true` to remove the overhead.
[LightGBM] [Info] Total Bins 2891
[LightGBM] [Info] Start training from score 5746.141728
[LightGBM] [Info] Number of data points in the train set: 94074, number of used features: 18
[LightGBM] [Info] Start training from score 5745.944329
[LightGBM] [Info] Auto-choosing col-wise multi-threading, the overhead of testing was 0.156830 seconds.
You can set `force_col_wise=true` to remove the overhead.
[LightGBM] [Info] Total Bins 2891
[LightGBM] [Info] Number of data points in the train set: 94074, number of used features: 18
[LightGBM] [Info] Start training from score 5745.815544
[LightGBM] [Info] Auto-choosing col-wise multi-threading, the overhead of testing was 0.127788 seconds.
You can set `force_col_wise=true` to remove the overhead.
[LightGBM] [Info] Total Bins 2891
[LightGBM] [Info] Number of data points in the train set: 94074, number of used features: 18
[LightGBM] [Info] Start training from score 5745.724687
[LightGBM] [Info] Auto-choosing col-wise multi-threading, the overhead of testing was 0.123665 seconds.
You can set `force_col_wise=true` to remove the overhead.
[LightGBM] [Info] Total Bins 2891
[LightGBM] [Info] Number of data points in the train set: 94074, number of used features: 18
[LightGBM] [Info] Start training from score 5745.685344
[LightGBM] [Info] Auto-choosing col-wise multi-threading, the overhead of testing was 0.114069 seconds.
You can set `force_col_wise=true` to remove the overhead.
[LightGBM] [Info] Total Bins 2891
[LightGBM] [Info] Number of data points in the train set: 94074, number of used features: 18
[LightGBM] [Info] Start training from score 5745.767900
[LightGBM] [Info] Auto-choosing col-wise multi-threading, the overhead of testing was 0.123397 seconds.
You can set `force_col_wise=true` to remove the overhead.
[LightGBM] [Info] Total Bins 2891
[LightGBM] [Info] Number of data points in the train set: 94074, number of used features: 18
[LightGBM] [Info] Start training from score 5745.650579
[LightGBM] [Info] Auto-choosing col-wise multi-threading, the overhead of testing was 0.096987 seconds.
You can set `force_col_wise=true` to remove the overhead.
[LightGBM] [Info] Total Bins 2891
[LightGBM] [Info] Number of data points in the train set: 94074, number of used features: 18
[LightGBM] [Info] Start training from score 5745.620446
[LightGBM] [Info] Auto-choosing col-wise multi-threading, the overhead of testing was 0.086557 seconds.
You can set `force_col_wise=true` to remove the overhead.
[LightGBM] [Info] Total Bins 2891
[LightGBM] [Info] Number of data points in the train set: 94074, number of used features: 18
[LightGBM] [Info] Start training from score 5745.592905
[LightGBM] [Info] Auto-choosing col-wise multi-threading, the overhead of testing was 0.087276 seconds.
You can set `force_col_wise=true` to remove the overhead.
[LightGBM] [Info] Total Bins 2891
[LightGBM] [Info] Number of data points in the train set: 94074, number of used features: 18
[LightGBM] [Info] Start training from score 5745.569025
[LightGBM] [Info] Auto-choosing col-wise multi-threading, the overhead of testing was 0.092530 seconds.
You can set `force_col_wise=true` to remove the overhead.
[LightGBM] [Info] Total Bins 2891
[LightGBM] [Info] Number of data points in the train set: 94074, number of used features: 18
[LightGBM] [Info] Start training from score 5745.548711
[LightGBM] [Info] Auto-choosing col-wise multi-threading, the overhead of testing was 0.125357 seconds.
You can set `force_col_wise=true` to remove the overhead.
[LightGBM] [Info] Total Bins 2891
[LightGBM] [Info] Number of data points in the train set: 94074, number of used features: 18
[LightGBM] [Info] Start training from score 5745.527387
[LightGBM] [Info] Auto-choosing col-wise multi-threading, the overhead of testing was 0.095750 seconds.
You can set `force_col_wise=true` to remove the overhead.
[LightGBM] [Info] Total Bins 2891
[LightGBM] [Info] Number of data points in the train set: 94074, number of used features: 18
[LightGBM] [Info] Start training from score 5745.507907
[LightGBM] [Info] Auto-choosing col-wise multi-threading, the overhead of testing was 0.098208 seconds.
You can set `force_col_wise=true` to remove the overhead.
[LightGBM] [Info] Total Bins 2891
[LightGBM] [Info] Number of data points in the train set: 94074, number of used features: 18
[LightGBM] [Info] Start training from score 5745.489355
[LightGBM] [Info] Auto-choosing col-wise multi-threading, the overhead of testing was 0.092284 seconds.
You can set `force_col_wise=true` to remove the overhead.
[LightGBM] [Info] Total Bins 2891
[LightGBM] [Info] Number of data points in the train set: 94074, number of used features: 18
[LightGBM] [Info] Start training from score 5745.472113
[LightGBM] [Info] Auto-choosing col-wise multi-threading, the overhead of testing was 0.091939 seconds.
You can set `force_col_wise=true` to remove the overhead.
[LightGBM] [Info] Total Bins 2891
[LightGBM] [Info] Number of data points in the train set: 94074, number of used features: 18
[LightGBM] [Info] Start training from score 5745.432921
[LightGBM] [Info] Auto-choosing col-wise multi-threading, the overhead of testing was 0.093803 seconds.
You can set `force_col_wise=true` to remove the overhead.
[LightGBM] [Info] Total Bins 2891
[LightGBM] [Info] Number of data points in the train set: 94074, number of used features: 18
[LightGBM] [Info] Start training from score 5745.454493
[LightGBM] [Info] Auto-choosing col-wise multi-threading, the overhead of testing was 0.092847 seconds.
You can set `force_col_wise=true` to remove the overhead.
[LightGBM] [Info] Total Bins 2891
[LightGBM] [Info] Number of data points in the train set: 94074, number of used features: 18
[LightGBM] [Info] Start training from score 5745.410531
[LightGBM] [Info] Auto-choosing row-wise multi-threading, the overhead of testing was 0.020892 seconds.
You can set `force_row_wise=true` to remove the overhead.
And if memory is not enough, you can set `force_col_wise=true`.
[LightGBM] [Info] Total Bins 2891
[LightGBM] [Info] Number of data points in the train set: 94074, number of used features: 18
[LightGBM] [Info] Start training from score 5745.386025
[LightGBM] [Info] Auto-choosing col-wise multi-threading, the overhead of testing was 0.057856 seconds.
You can set `force_col_wise=true` to remove the overhead.
[LightGBM] [Info] Total Bins 2891
[LightGBM] [Info] Number of data points in the train set: 94074, number of used features: 18
[LightGBM] [Info] Start training from score 5745.361753
[LightGBM] [Info] Auto-choosing col-wise multi-threading, the overhead of testing was 0.060080 seconds.
You can set `force_col_wise=true` to remove the overhead.
[LightGBM] [Info] Total Bins 2891
[LightGBM] [Info] Number of data points in the train set: 94074, number of used features: 18
[LightGBM] [Info] Start training from score 5745.339776
[LightGBM] [Info] Auto-choosing row-wise multi-threading, the overhead of testing was 0.015693 seconds.
You can set `force_row_wise=true` to remove the overhead.
And if memory is not enough, you can set `force_col_wise=true`.
[LightGBM] [Info] Total Bins 2891
[LightGBM] [Info] Number of data points in the train set: 94074, number of used features: 18
[LightGBM] [Info] Start training from score 5745.319163
   [fit] key=2025-W41 cutoff=2025-10-06 11:00:00  (block 7/61)
[LightGBM] [Info] Auto-choosing col-wise multi-threading, the overhead of testing was 0.076218 seconds.
You can set `force_col_wise=true` to remove the overhead.
[LightGBM] [Info] Total Bins 2891
[LightGBM] [Info] Number of data points in the train set: 94242, number of used features: 18
[LightGBM] [Info] Start training from score 5745.161532
[LightGBM] [Info] Auto-choosing col-wise multi-threading, the overhead of testing was 0.084803 seconds.
You can set `force_col_wise=true` to remove the overhead.
[LightGBM] [Info] Total Bins 2891
[LightGBM] [Info] Number of data points in the train set: 94242, number of used features: 18
[LightGBM] [Info] Start training from score 5745.055954
[LightGBM] [Info] Auto-choosing col-wise multi-threading, the overhead of testing was 0.079443 seconds.
You can set `force_col_wise=true` to remove the overhead.
[LightGBM] [Info] Total Bins 2891
[LightGBM] [Info] Number of data points in the train set: 94242, number of used features: 18
[LightGBM] [Info] Start training from score 5745.139554
[LightGBM] [Info] Auto-choosing col-wise multi-threading, the overhead of testing was 0.079291 seconds.
You can set `force_col_wise=true` to remove the overhead.
[LightGBM] [Info] Total Bins 2891
[LightGBM] [Info] Number of data points in the train set: 94242, number of used features: 18
[LightGBM] [Info] Start training from score 5745.098877
[LightGBM] [Info] Auto-choosing col-wise multi-threading, the overhead of testing was 0.082090 seconds.
You can set `force_col_wise=true` to remove the overhead.
[LightGBM] [Info] Total Bins 2891
[LightGBM] [Info] Number of data points in the train set: 94242, number of used features: 18
[LightGBM] [Info] Start training from score 5745.079374
[LightGBM] [Info] Auto-choosing row-wise multi-threading, the overhead of testing was 0.026764 seconds.
You can set `force_row_wise=true` to remove the overhead.
And if memory is not enough, you can set `force_col_wise=true`.
[LightGBM] [Info] Total Bins 2891
[LightGBM] [Info] Number of data points in the train set: 94242, number of used features: 18
[LightGBM] [Info] Start training from score 5745.118757
[LightGBM] [Info] Auto-choosing col-wise multi-threading, the overhead of testing was 0.070634 seconds.
You can set `force_col_wise=true` to remove the overhead.
[LightGBM] [Info] Total Bins 2891
[LightGBM] [Info] Number of data points in the train set: 94242, number of used features: 18
[LightGBM] [Info] Start training from score 5744.904487
[LightGBM] [Info] Auto-choosing col-wise multi-threading, the overhead of testing was 0.073538 seconds.
You can set `force_col_wise=true` to remove the overhead.
[LightGBM] [Info] Auto-choosing col-wise multi-threading, the overhead of testing was 0.074374 seconds.
You can set `force_col_wise=true` to remove the overhead.
[LightGBM] [Info] Auto-choosing row-wise multi-threading, the overhead of testing was 0.028623 seconds.
You can set `force_row_wise=true` to remove the overhead.
And if memory is not enough, you can set `force_col_wise=true`.
[LightGBM] [Info] Auto-choosing row-wise multi-threading, the overhead of testing was 0.028237 seconds.
You can set `force_row_wise=true` to remove the overhead.
And if memory is not enough, you can set `force_col_wise=true`.
[LightGBM] [Info] Total Bins 2891
[LightGBM] [Info] Total Bins 2891
[LightGBM] [Info] Total Bins 2891
[LightGBM] [Info] Total Bins 2891
[LightGBM] [Info] Number of data points in the train set: 94242, number of used features: 18
[LightGBM] [Info] Number of data points in the train set: 94242, number of used features: 18
[LightGBM] [Info] Start training from score 5744.784028
[LightGBM] [Info] Number of data points in the train set: 94242, number of used features: 18
[LightGBM] [Info] Start training from score 5744.824050
[LightGBM] [Info] Start training from score 5744.863739
[LightGBM] [Info] Number of data points in the train set: 94242, number of used features: 18
[LightGBM] [Info] Start training from score 5744.946881
[LightGBM] [Info] Auto-choosing row-wise multi-threading, the overhead of testing was 0.026326 seconds.
You can set `force_row_wise=true` to remove the overhead.
And if memory is not enough, you can set `force_col_wise=true`.
[LightGBM] [Info] Total Bins 2891
[LightGBM] [Info] Number of data points in the train set: 94242, number of used features: 18
[LightGBM] [Info] Auto-choosing row-wise multi-threading, the overhead of testing was 0.022333 seconds.
You can set `force_row_wise=true` to remove the overhead.
And if memory is not enough, you can set `force_col_wise=true`.
[LightGBM] [Info] Start training from score 5744.744252
[LightGBM] [Info] Total Bins 2891
[LightGBM] [Info] Number of data points in the train set: 94242, number of used features: 18
[LightGBM] [Info] Start training from score 5745.023692
[LightGBM] [Info] Auto-choosing col-wise multi-threading, the overhead of testing was 0.084558 seconds.
You can set `force_col_wise=true` to remove the overhead.
[LightGBM] [Info] Total Bins 2891
[LightGBM] [Info] Number of data points in the train set: 94242, number of used features: 18
[LightGBM] [Info] Auto-choosing row-wise multi-threading, the overhead of testing was 0.034070 seconds.
You can set `force_row_wise=true` to remove the overhead.
And if memory is not enough, you can set `force_col_wise=true`.
[LightGBM] [Info] Total Bins 2891
[LightGBM] [Info] Start training from score 5744.657079
[LightGBM] [Info] Number of data points in the train set: 94242, number of used features: 18
[LightGBM] [Info] Start training from score 5744.700852
[LightGBM] [Info] Auto-choosing row-wise multi-threading, the overhead of testing was 0.030679 seconds.
You can set `force_row_wise=true` to remove the overhead.
And if memory is not enough, you can set `force_col_wise=true`.
[LightGBM] [Info] Total Bins 2891
[LightGBM] [Info] Number of data points in the train set: 94242, number of used features: 18
[LightGBM] [Info] Start training from score 5744.987415
[LightGBM] [Info] Auto-choosing col-wise multi-threading, the overhead of testing was 0.085280 seconds.
You can set `force_col_wise=true` to remove the overhead.
[LightGBM] [Info] Total Bins 2891
[LightGBM] [Info] Number of data points in the train set: 94242, number of used features: 18
[LightGBM] [Info] Start training from score 5744.612620
[LightGBM] [Info] Auto-choosing row-wise multi-threading, the overhead of testing was 0.026620 seconds.
You can set `force_row_wise=true` to remove the overhead.
And if memory is not enough, you can set `force_col_wise=true`.
[LightGBM] [Info] Total Bins 2891
[LightGBM] [Info] Number of data points in the train set: 94242, number of used features: 18
[LightGBM] [Info] Start training from score 5744.564159
[LightGBM] [Info] Auto-choosing row-wise multi-threading, the overhead of testing was 0.025162 seconds.
You can set `force_row_wise=true` to remove the overhead.
And if memory is not enough, you can set `force_col_wise=true`.
[LightGBM] [Info] Total Bins 2891
[LightGBM] [Info] Number of data points in the train set: 94242, number of used features: 18
[LightGBM] [Info] Start training from score 5744.520980
[LightGBM] [Info] Auto-choosing row-wise multi-threading, the overhead of testing was 0.026521 seconds.
You can set `force_row_wise=true` to remove the overhead.
And if memory is not enough, you can set `force_col_wise=true`.
[LightGBM] [Info] Total Bins 2891
[LightGBM] [Info] Number of data points in the train set: 94242, number of used features: 18
[LightGBM] [Info] Start training from score 5744.480169
[LightGBM] [Info] Auto-choosing col-wise multi-threading, the overhead of testing was 0.089888 seconds.
You can set `force_col_wise=true` to remove the overhead.
[LightGBM] [Info] Total Bins 2891
[LightGBM] [Info] Number of data points in the train set: 94242, number of used features: 18
[LightGBM] [Info] Start training from score 5744.444659
[LightGBM] [Info] Auto-choosing row-wise multi-threading, the overhead of testing was 0.026959 seconds.
You can set `force_row_wise=true` to remove the overhead.
And if memory is not enough, you can set `force_col_wise=true`.
[LightGBM] [Info] Total Bins 2891
[LightGBM] [Info] Number of data points in the train set: 94242, number of used features: 18
[LightGBM] [Info] Start training from score 5744.413656
[LightGBM] [Info] Auto-choosing col-wise multi-threading, the overhead of testing was 0.128571 seconds.
You can set `force_col_wise=true` to remove the overhead.
[LightGBM] [Info] Total Bins 2891
[LightGBM] [Info] Number of data points in the train set: 94242, number of used features: 18
[LightGBM] [Info] Start training from score 5744.360077
[LightGBM] [Info] Auto-choosing col-wise multi-threading, the overhead of testing was 0.109427 seconds.
You can set `force_col_wise=true` to remove the overhead.
[LightGBM] [Info] Total Bins 2891
[LightGBM] [Info] Number of data points in the train set: 94242, number of used features: 18
[LightGBM] [Info] Start training from score 5744.384828
[LightGBM] [Info] Auto-choosing col-wise multi-threading, the overhead of testing was 0.082276 seconds.
You can set `force_col_wise=true` to remove the overhead.
[LightGBM] [Info] Total Bins 2891
[LightGBM] [Info] Number of data points in the train set: 94242, number of used features: 18
[LightGBM] [Info] Start training from score 5744.339216
[LightGBM] [Info] Auto-choosing row-wise multi-threading, the overhead of testing was 0.035647 seconds.
You can set `force_row_wise=true` to remove the overhead.
And if memory is not enough, you can set `force_col_wise=true`.
[LightGBM] [Info] Total Bins 2891
[LightGBM] [Info] Number of data points in the train set: 94242, number of used features: 18
[LightGBM] [Info] Start training from score 5744.317835
[LightGBM] [Info] Auto-choosing row-wise multi-threading, the overhead of testing was 0.036502 seconds.
You can set `force_row_wise=true` to remove the overhead.
And if memory is not enough, you can set `force_col_wise=true`.
[LightGBM] [Info] Total Bins 2891
[LightGBM] [Info] Number of data points in the train set: 94242, number of used features: 18
[LightGBM] [Info] Start training from score 5744.297902
[LightGBM] [Info] Auto-choosing col-wise multi-threading, the overhead of testing was 0.091777 seconds.
You can set `force_col_wise=true` to remove the overhead.
[LightGBM] [Info] Total Bins 2891
[LightGBM] [Info] Number of data points in the train set: 94242, number of used features: 18
[LightGBM] [Info] Start training from score 5744.279001
[LightGBM] [Info] Auto-choosing row-wise multi-threading, the overhead of testing was 0.023013 seconds.
You can set `force_row_wise=true` to remove the overhead.
And if memory is not enough, you can set `force_col_wise=true`.
[LightGBM] [Info] Total Bins 2891
[LightGBM] [Info] Number of data points in the train set: 94242, number of used features: 18
[LightGBM] [Info] Start training from score 5744.260983
[LightGBM] [Info] Auto-choosing col-wise multi-threading, the overhead of testing was 0.096519 seconds.
You can set `force_col_wise=true` to remove the overhead.
[LightGBM] [Info] Total Bins 2891
[LightGBM] [Info] Number of data points in the train set: 94242, number of used features: 18
[LightGBM] [Info] Start training from score 5744.243023
[LightGBM] [Info] Auto-choosing row-wise multi-threading, the overhead of testing was 0.029631 seconds.
You can set `force_row_wise=true` to remove the overhead.
And if memory is not enough, you can set `force_col_wise=true`.
[LightGBM] [Info] Total Bins 2891
[LightGBM] [Info] Number of data points in the train set: 94242, number of used features: 18
[LightGBM] [Info] Start training from score 5744.220895
[LightGBM] [Info] Auto-choosing col-wise multi-threading, the overhead of testing was 0.084594 seconds.
You can set `force_col_wise=true` to remove the overhead.
[LightGBM] [Info] Total Bins 2891
[LightGBM] [Info] Number of data points in the train set: 94242, number of used features: 18
[LightGBM] [Info] Start training from score 5744.197633
[LightGBM] [Info] Auto-choosing col-wise multi-threading, the overhead of testing was 0.088500 seconds.
You can set `force_col_wise=true` to remove the overhead.
[LightGBM] [Info] Total Bins 2891
[LightGBM] [Info] Number of data points in the train set: 94242, number of used features: 18
[LightGBM] [Info] Start training from score 5744.171271
[LightGBM] [Info] Auto-choosing col-wise multi-threading, the overhead of testing was 0.079425 seconds.
You can set `force_col_wise=true` to remove the overhead.
[LightGBM] [Info] Total Bins 2891
[LightGBM] [Info] Number of data points in the train set: 94242, number of used features: 18
[LightGBM] [Info] Start training from score 5744.143965
[LightGBM] [Info] Auto-choosing col-wise multi-threading, the overhead of testing was 0.074293 seconds.
You can set `force_col_wise=true` to remove the overhead.
[LightGBM] [Info] Total Bins 2891
[LightGBM] [Info] Number of data points in the train set: 94242, number of used features: 18
[LightGBM] [Info] Start training from score 5744.117390
[LightGBM] [Info] Auto-choosing col-wise multi-threading, the overhead of testing was 0.053946 seconds.
You can set `force_col_wise=true` to remove the overhead.
[LightGBM] [Info] Total Bins 2891
[LightGBM] [Info] Number of data points in the train set: 94242, number of used features: 18
[LightGBM] [Info] Start training from score 5744.091901
   [fit] key=2025-W42 cutoff=2025-10-13 11:00:00  (block 14/61)
[LightGBM] [Info] Auto-choosing row-wise multi-threading, the overhead of testing was 0.024643 seconds.
You can set `force_row_wise=true` to remove the overhead.
And if memory is not enough, you can set `force_col_wise=true`.
[LightGBM] [Info] Total Bins 2891
[LightGBM] [Info] Number of data points in the train set: 94410, number of used features: 18
[LightGBM] [Info] Start training from score 5743.923513
[LightGBM] [Info] Auto-choosing col-wise multi-threading, the overhead of testing was 0.083942 seconds.
You can set `force_col_wise=true` to remove the overhead.
[LightGBM] [Info] Total Bins 2891
[LightGBM] [Info] Number of data points in the train set: 94410, number of used features: 18
[LightGBM] [Info] Start training from score 5743.942623
[LightGBM] [Info] Auto-choosing row-wise multi-threading, the overhead of testing was 0.037085 seconds.
You can set `force_row_wise=true` to remove the overhead.
And if memory is not enough, you can set `force_col_wise=true`.
[LightGBM] [Info] Total Bins 2891
[LightGBM] [Info] Auto-choosing row-wise multi-threading, the overhead of testing was 0.033498 seconds.
You can set `force_row_wise=true` to remove the overhead.
And if memory is not enough, you can set `force_col_wise=true`.
[LightGBM] [Info] Auto-choosing row-wise multi-threading, the overhead of testing was 0.033502 seconds.
You can set `force_row_wise=true` to remove the overhead.
And if memory is not enough, you can set `force_col_wise=true`.
[LightGBM] [Info] Total Bins 2891
[LightGBM] [Info] Total Bins 2891
[LightGBM] [Info] Number of data points in the train set: 94410, number of used features: 18
[LightGBM] [Info] Number of data points in the train set: 94410, number of used features: 18
[LightGBM] [Info] Start training from score 5743.904787
[LightGBM] [Info] Auto-choosing row-wise multi-threading, the overhead of testing was 0.024685 seconds.
You can set `force_row_wise=true` to remove the overhead.
And if memory is not enough, you can set `force_col_wise=true`.
[LightGBM] [Info] Total Bins 2891
[LightGBM] [Info] Start training from score 5743.713088
[LightGBM] [Info] Number of data points in the train set: 94410, number of used features: 18
[LightGBM] [Info] Start training from score 5743.818460
[LightGBM] [Info] Number of data points in the train set: 94410, number of used features: 18
[LightGBM] [Info] Start training from score 5743.886912
[LightGBM] [Info] Auto-choosing row-wise multi-threading, the overhead of testing was 0.029845 seconds.
You can set `force_row_wise=true` to remove the overhead.
And if memory is not enough, you can set `force_col_wise=true`.
[LightGBM] [Info] Auto-choosing row-wise multi-threading, the overhead of testing was 0.027702 seconds.
You can set `force_row_wise=true` to remove the overhead.
And if memory is not enough, you can set `force_col_wise=true`.
[LightGBM] [Info] Total Bins 2891
[LightGBM] [Info] Total Bins 2891
[LightGBM] [Info] Number of data points in the train set: 94410, number of used features: 18
[LightGBM] [Info] Number of data points in the train set: 94410, number of used features: 18
[LightGBM] [Info] Start training from score 5743.749009
[LightGBM] [Info] Start training from score 5743.869509
[LightGBM] [Info] Auto-choosing row-wise multi-threading, the overhead of testing was 0.025301 seconds.
You can set `force_row_wise=true` to remove the overhead.
And if memory is not enough, you can set `force_col_wise=true`.
[LightGBM] [Info] Total Bins 2891
[LightGBM] [Info] Auto-choosing col-wise multi-threading, the overhead of testing was 0.076431 seconds.
You can set `force_col_wise=true` to remove the overhead.
[LightGBM] [Info] Total Bins 2891
[LightGBM] [Info] Number of data points in the train set: 94410, number of used features: 18
[LightGBM] [Info] Number of data points in the train set: 94410, number of used features: 18
[LightGBM] [Info] Start training from score 5743.547577
[LightGBM] [Info] Start training from score 5743.584968
[LightGBM] [Info] Auto-choosing row-wise multi-threading, the overhead of testing was 0.028846 seconds.
You can set `force_row_wise=true` to remove the overhead.
And if memory is not enough, you can set `force_col_wise=true`.
[LightGBM] [Info] Auto-choosing col-wise multi-threading, the overhead of testing was 0.079991 seconds.
You can set `force_col_wise=true` to remove the overhead.
[LightGBM] [Info] Total Bins 2891
[LightGBM] [Info] Total Bins 2891
[LightGBM] [Info] Number of data points in the train set: 94410, number of used features: 18
[LightGBM] [Info] Number of data points in the train set: 94410, number of used features: 18
[LightGBM] [Info] Start training from score 5743.508954
[LightGBM] [Info] Start training from score 5743.848429
[LightGBM] [Info] Auto-choosing col-wise multi-threading, the overhead of testing was 0.091666 seconds.
You can set `force_col_wise=true` to remove the overhead.
[LightGBM] [Info] Total Bins 2891
[LightGBM] [Info] Number of data points in the train set: 94410, number of used features: 18
[LightGBM] [Info] Start training from score 5743.617533
[LightGBM] [Info] Auto-choosing row-wise multi-threading, the overhead of testing was 0.029571 seconds.
You can set `force_row_wise=true` to remove the overhead.
And if memory is not enough, you can set `force_col_wise=true`.
[LightGBM] [Info] Total Bins 2891
[LightGBM] [Info] Number of data points in the train set: 94410, number of used features: 18
[LightGBM] [Info] Start training from score 5743.784906
[LightGBM] [Info] Auto-choosing col-wise multi-threading, the overhead of testing was 0.078277 seconds.
You can set `force_col_wise=true` to remove the overhead.
[LightGBM] [Info] Total Bins 2891
[LightGBM] [Info] Number of data points in the train set: 94410, number of used features: 18
[LightGBM] [Info] Start training from score 5743.648958
[LightGBM] [Info] Auto-choosing col-wise multi-threading, the overhead of testing was 0.082314 seconds.
You can set `force_col_wise=true` to remove the overhead.
[LightGBM] [Info] Total Bins 2891
[LightGBM] [Info] Number of data points in the train set: 94410, number of used features: 18
[LightGBM] [Info] Start training from score 5743.680114
[LightGBM] [Info] Auto-choosing col-wise multi-threading, the overhead of testing was 0.086267 seconds.
You can set `force_col_wise=true` to remove the overhead.
[LightGBM] [Info] Total Bins 2891
[LightGBM] [Info] Number of data points in the train set: 94410, number of used features: 18
[LightGBM] [Info] Start training from score 5743.469585
[LightGBM] [Info] Auto-choosing col-wise multi-threading, the overhead of testing was 0.081553 seconds.
You can set `force_col_wise=true` to remove the overhead.
[LightGBM] [Info] Total Bins 2891
[LightGBM] [Info] Number of data points in the train set: 94410, number of used features: 18
[LightGBM] [Info] Start training from score 5743.426093
[LightGBM] [Info] Auto-choosing col-wise multi-threading, the overhead of testing was 0.085046 seconds.
You can set `force_col_wise=true` to remove the overhead.
[LightGBM] [Info] Total Bins 2891
[LightGBM] [Info] Number of data points in the train set: 94410, number of used features: 18
[LightGBM] [Info] Start training from score 5743.386454
[LightGBM] [Info] Auto-choosing col-wise multi-threading, the overhead of testing was 0.083345 seconds.
You can set `force_col_wise=true` to remove the overhead.
[LightGBM] [Info] Total Bins 2891
[LightGBM] [Info] Number of data points in the train set: 94410, number of used features: 18
[LightGBM] [Info] Start training from score 5743.348406
[LightGBM] [Info] Auto-choosing row-wise multi-threading, the overhead of testing was 0.032839 seconds.
You can set `force_row_wise=true` to remove the overhead.
And if memory is not enough, you can set `force_col_wise=true`.
[LightGBM] [Info] Total Bins 2891
[LightGBM] [Info] Number of data points in the train set: 94410, number of used features: 18
[LightGBM] [Info] Start training from score 5743.314347
[LightGBM] [Info] Auto-choosing col-wise multi-threading, the overhead of testing was 0.098458 seconds.
You can set `force_col_wise=true` to remove the overhead.
[LightGBM] [Info] Total Bins 2891
[LightGBM] [Info] Number of data points in the train set: 94410, number of used features: 18
[LightGBM] [Info] Start training from score 5743.285497
[LightGBM] [Info] Auto-choosing row-wise multi-threading, the overhead of testing was 0.024847 seconds.
You can set `force_row_wise=true` to remove the overhead.
And if memory is not enough, you can set `force_col_wise=true`.
[LightGBM] [Info] Total Bins 2891
[LightGBM] [Info] Number of data points in the train set: 94410, number of used features: 18
[LightGBM] [Info] Start training from score 5743.258658
[LightGBM] [Info] Auto-choosing col-wise multi-threading, the overhead of testing was 0.068537 seconds.
You can set `force_col_wise=true` to remove the overhead.
[LightGBM] [Info] Total Bins 2891
[LightGBM] [Info] Number of data points in the train set: 94410, number of used features: 18
[LightGBM] [Info] Start training from score 5743.235509
[LightGBM] [Info] Auto-choosing row-wise multi-threading, the overhead of testing was 0.018961 seconds.
You can set `force_row_wise=true` to remove the overhead.
And if memory is not enough, you can set `force_col_wise=true`.
[LightGBM] [Info] Total Bins 2891
[LightGBM] [Info] Number of data points in the train set: 94410, number of used features: 18
[LightGBM] [Info] Start training from score 5743.216072
[LightGBM] [Info] Auto-choosing col-wise multi-threading, the overhead of testing was 0.090940 seconds.
You can set `force_col_wise=true` to remove the overhead.
[LightGBM] [Info] Total Bins 2891
[LightGBM] [Info] Number of data points in the train set: 94410, number of used features: 18
[LightGBM] [Info] Start training from score 5743.195895
[LightGBM] [Info] Auto-choosing row-wise multi-threading, the overhead of testing was 0.039163 seconds.
You can set `force_row_wise=true` to remove the overhead.
And if memory is not enough, you can set `force_col_wise=true`.
[LightGBM] [Info] Total Bins 2891
[LightGBM] [Info] Number of data points in the train set: 94410, number of used features: 18
[LightGBM] [Info] Start training from score 5743.177173
[LightGBM] [Info] Auto-choosing col-wise multi-threading, the overhead of testing was 0.076488 seconds.
You can set `force_col_wise=true` to remove the overhead.
[LightGBM] [Info] Total Bins 2891
[LightGBM] [Info] Number of data points in the train set: 94410, number of used features: 18
[LightGBM] [Info] Start training from score 5743.125547
[LightGBM] [Info] Auto-choosing col-wise multi-threading, the overhead of testing was 0.076186 seconds.
You can set `force_col_wise=true` to remove the overhead.
[LightGBM] [Info] Total Bins 2891
[LightGBM] [Info] Number of data points in the train set: 94410, number of used features: 18
[LightGBM] [Info] Start training from score 5743.142406
[LightGBM] [Info] Auto-choosing col-wise multi-threading, the overhead of testing was 0.088994 seconds.
You can set `force_col_wise=true` to remove the overhead.
[LightGBM] [Info] Total Bins 2891
[LightGBM] [Info] Number of data points in the train set: 94410, number of used features: 18
[LightGBM] [Info] Start training from score 5743.159322
[LightGBM] [Info] Auto-choosing row-wise multi-threading, the overhead of testing was 0.022328 seconds.
You can set `force_row_wise=true` to remove the overhead.
And if memory is not enough, you can set `force_col_wise=true`.
[LightGBM] [Info] Total Bins 2891
[LightGBM] [Info] Number of data points in the train set: 94410, number of used features: 18
[LightGBM] [Info] Start training from score 5743.105143
[LightGBM] [Info] Auto-choosing col-wise multi-threading, the overhead of testing was 0.092260 seconds.
You can set `force_col_wise=true` to remove the overhead.
[LightGBM] [Info] Total Bins 2891
[LightGBM] [Info] Number of data points in the train set: 94410, number of used features: 18
[LightGBM] [Info] Start training from score 5743.083702
[LightGBM] [Info] Auto-choosing col-wise multi-threading, the overhead of testing was 0.215612 seconds.
You can set `force_col_wise=true` to remove the overhead.
[LightGBM] [Info] Total Bins 2891
[LightGBM] [Info] Number of data points in the train set: 94410, number of used features: 18
[LightGBM] [Info] Start training from score 5743.059590
[LightGBM] [Info] Auto-choosing col-wise multi-threading, the overhead of testing was 0.257762 seconds.
You can set `force_col_wise=true` to remove the overhead.
[LightGBM] [Info] Total Bins 2891
[LightGBM] [Info] Number of data points in the train set: 94410, number of used features: 18
[LightGBM] [Info] Start training from score 5743.035267
[LightGBM] [Info] Auto-choosing col-wise multi-threading, the overhead of testing was 0.201379 seconds.
You can set `force_col_wise=true` to remove the overhead.
[LightGBM] [Info] Total Bins 2891
[LightGBM] [Info] Number of data points in the train set: 94410, number of used features: 18
[LightGBM] [Info] Start training from score 5742.992351
[LightGBM] [Info] Auto-choosing col-wise multi-threading, the overhead of testing was 0.228029 seconds.
You can set `force_col_wise=true` to remove the overhead.
[LightGBM] [Info] Total Bins 2891
[LightGBM] [Info] Number of data points in the train set: 94410, number of used features: 18
[LightGBM] [Info] Start training from score 5743.013156
   [fit] key=2025-W43 cutoff=2025-10-20 11:00:00  (block 21/61)
[LightGBM] [Info] Auto-choosing row-wise multi-threading, the overhead of testing was 0.251407 seconds.
You can set `force_row_wise=true` to remove the overhead.
And if memory is not enough, you can set `force_col_wise=true`.
[LightGBM] [Info] Total Bins 2891
[LightGBM] [Info] Number of data points in the train set: 94577, number of used features: 18
[LightGBM] [Info] Start training from score 5742.671579
[LightGBM] [Info] Auto-choosing col-wise multi-threading, the overhead of testing was 0.626409 seconds.
You can set `force_col_wise=true` to remove the overhead.
[LightGBM] [Info] Total Bins 2891
[LightGBM] [Info] Number of data points in the train set: 94577, number of used features: 18
[LightGBM] [Info] Start training from score 5742.836694
[LightGBM] [Info] Auto-choosing row-wise multi-threading, the overhead of testing was 0.263192 seconds.
You can set `force_row_wise=true` to remove the overhead.
And if memory is not enough, you can set `force_col_wise=true`.
[LightGBM] [Info] Total Bins 2891
[LightGBM] [Info] Number of data points in the train set: 94577, number of used features: 18
[LightGBM] [Info] Start training from score 5742.761648
[LightGBM] [Info] Auto-choosing row-wise multi-threading, the overhead of testing was 0.108995 seconds.
You can set `force_row_wise=true` to remove the overhead.
And if memory is not enough, you can set `force_col_wise=true`.
[LightGBM] [Info] Auto-choosing col-wise multi-threading, the overhead of testing was 0.625213 seconds.
You can set `force_col_wise=true` to remove the overhead.
[LightGBM] [Info] Total Bins 2891
[LightGBM] [Info] Total Bins 2891
[LightGBM] [Info] Number of data points in the train set: 94577, number of used features: 18
[LightGBM] [Info] Number of data points in the train set: 94577, number of used features: 18
[LightGBM] [Info] Auto-choosing col-wise multi-threading, the overhead of testing was 0.593711 seconds.
You can set `force_col_wise=true` to remove the overhead.
[LightGBM] [Info] Auto-choosing col-wise multi-threading, the overhead of testing was 0.600411 seconds.
You can set `force_col_wise=true` to remove the overhead.
[LightGBM] [Info] Total Bins 2891
[LightGBM] [Info] [LightGBM] [Info] Total Bins 2891
[LightGBM] [Info] Number of data points in the train set: 94577, number of used features: 18
[LightGBM] [Info] Start training from score 5742.799348
[LightGBM] [Info] Number of data points in the train set: 94577, number of used features: 18
Start training from score 5742.780257
[LightGBM] [Info] Start training from score 5742.707886
[LightGBM] [Info] Auto-choosing row-wise multi-threading, the overhead of testing was 0.095309 seconds.
You can set `force_row_wise=true` to remove the overhead.
And if memory is not enough, you can set `force_col_wise=true`.
[LightGBM] [Info] Total Bins 2891
[LightGBM] [Info] Start training from score 5742.818020
[LightGBM] [Info] Number of data points in the train set: 94577, number of used features: 18
[LightGBM] [Info] Start training from score 5742.629666
[LightGBM] [Info] Auto-choosing col-wise multi-threading, the overhead of testing was 0.345497 seconds.
You can set `force_col_wise=true` to remove the overhead.
[LightGBM] [Info] Auto-choosing col-wise multi-threading, the overhead of testing was 0.318786 seconds.
You can set `force_col_wise=true` to remove the overhead.
[LightGBM] [Info] Total Bins 2891
[LightGBM] [Info] Total Bins 2891
[LightGBM] [Info] Number of data points in the train set: 94577, number of used features: 18
[LightGBM] [Info] Start training from score 5742.454226
[LightGBM] [Info] Number of data points in the train set: 94577, number of used features: 18
[LightGBM] [Info] Start training from score 5742.497565
[LightGBM] [Info] Auto-choosing col-wise multi-threading, the overhead of testing was 0.379111 seconds.
You can set `force_col_wise=true` to remove the overhead.
[LightGBM] [Info] Total Bins 2891
[LightGBM] [Info] Number of data points in the train set: 94577, number of used features: 18
[LightGBM] [Info] Start training from score 5742.367391
[LightGBM] [Info] Auto-choosing col-wise multi-threading, the overhead of testing was 0.484081 seconds.
You can set `force_col_wise=true` to remove the overhead.
[LightGBM] [Info] Total Bins 2891
[LightGBM] [Info] Number of data points in the train set: 94577, number of used features: 18
[LightGBM] [Info] Start training from score 5742.739030
[LightGBM] [Info] Auto-choosing col-wise multi-threading, the overhead of testing was 0.594716 seconds.
You can set `force_col_wise=true` to remove the overhead.
[LightGBM] [Info] Total Bins 2891
[LightGBM] [Info] Number of data points in the train set: 94577, number of used features: 18
[LightGBM] [Info] Start training from score 5742.411694
[LightGBM] [Info] Auto-choosing row-wise multi-threading, the overhead of testing was 0.258142 seconds.
You can set `force_row_wise=true` to remove the overhead.
And if memory is not enough, you can set `force_col_wise=true`.
[LightGBM] [Info] Total Bins 2891
[LightGBM] [Info] Number of data points in the train set: 94577, number of used features: 18
[LightGBM] [Info] Start training from score 5742.325940
[LightGBM] [Info] Auto-choosing row-wise multi-threading, the overhead of testing was 0.250238 seconds.
You can set `force_row_wise=true` to remove the overhead.
And if memory is not enough, you can set `force_col_wise=true`.
[LightGBM] [Info] Total Bins 2891
[LightGBM] [Info] Number of data points in the train set: 94577, number of used features: 18
[LightGBM] [Info] Auto-choosing col-wise multi-threading, the overhead of testing was 0.669716 seconds.
You can set `force_col_wise=true` to remove the overhead.
[LightGBM] [Info] Total Bins 2891
[LightGBM] [Info] Number of data points in the train set: 94577, number of used features: 18
[LightGBM] [Info] Start training from score 5742.585022
[LightGBM] [Info] Start training from score 5742.541015
[LightGBM] [Info] Auto-choosing row-wise multi-threading, the overhead of testing was 0.046783 seconds.
You can set `force_row_wise=true` to remove the overhead.
And if memory is not enough, you can set `force_col_wise=true`.
[LightGBM] [Info] Total Bins 2891
[LightGBM] [Info] Number of data points in the train set: 94577, number of used features: 18
[LightGBM] [Info] Start training from score 5742.286312
[LightGBM] [Info] Auto-choosing col-wise multi-threading, the overhead of testing was 0.264211 seconds.
You can set `force_col_wise=true` to remove the overhead.
[LightGBM] [Info] Total Bins 2891
[LightGBM] [Info] Number of data points in the train set: 94577, number of used features: 18
[LightGBM] [Info] Start training from score 5742.243119
[LightGBM] [Info] Auto-choosing col-wise multi-threading, the overhead of testing was 0.249980 seconds.
You can set `force_col_wise=true` to remove the overhead.
[LightGBM] [Info] Total Bins 2891
[LightGBM] [Info] Number of data points in the train set: 94577, number of used features: 18
[LightGBM] [Info] Start training from score 5742.199712
[LightGBM] [Info] Auto-choosing row-wise multi-threading, the overhead of testing was 0.079117 seconds.
You can set `force_row_wise=true` to remove the overhead.
And if memory is not enough, you can set `force_col_wise=true`.
[LightGBM] [Info] Total Bins 2891
[LightGBM] [Info] Number of data points in the train set: 94577, number of used features: 18
[LightGBM] [Info] Start training from score 5742.156846
[LightGBM] [Info] Auto-choosing col-wise multi-threading, the overhead of testing was 0.217289 seconds.
You can set `force_col_wise=true` to remove the overhead.
[LightGBM] [Info] Total Bins 2891
[LightGBM] [Info] Number of data points in the train set: 94577, number of used features: 18
[LightGBM] [Info] Start training from score 5742.118882
[LightGBM] [Info] Auto-choosing col-wise multi-threading, the overhead of testing was 0.187001 seconds.
You can set `force_col_wise=true` to remove the overhead.
[LightGBM] [Info] Total Bins 2891
[LightGBM] [Info] Number of data points in the train set: 94577, number of used features: 18
[LightGBM] [Info] Start training from score 5742.086340
[LightGBM] [Info] Auto-choosing col-wise multi-threading, the overhead of testing was 0.200320 seconds.
You can set `force_col_wise=true` to remove the overhead.
[LightGBM] [Info] Total Bins 2891
[LightGBM] [Info] Number of data points in the train set: 94577, number of used features: 18
[LightGBM] [Info] Start training from score 5742.056916
[LightGBM] [Info] Auto-choosing col-wise multi-threading, the overhead of testing was 0.279584 seconds.
You can set `force_col_wise=true` to remove the overhead.
[LightGBM] [Info] Total Bins 2891
[LightGBM] [Info] Number of data points in the train set: 94577, number of used features: 18
[LightGBM] [Info] Start training from score 5742.032211
[LightGBM] [Info] Auto-choosing row-wise multi-threading, the overhead of testing was 0.067321 seconds.
You can set `force_row_wise=true` to remove the overhead.
And if memory is not enough, you can set `force_col_wise=true`.
[LightGBM] [Info] Total Bins 2891
[LightGBM] [Info] Number of data points in the train set: 94577, number of used features: 18
[LightGBM] [Info] Start training from score 5742.011529
[LightGBM] [Info] Auto-choosing col-wise multi-threading, the overhead of testing was 0.178274 seconds.
You can set `force_col_wise=true` to remove the overhead.
[LightGBM] [Info] Total Bins 2891
[LightGBM] [Info] Number of data points in the train set: 94577, number of used features: 18
[LightGBM] [Info] Start training from score 5741.990732
[LightGBM] [Info] Auto-choosing row-wise multi-threading, the overhead of testing was 0.055644 seconds.
You can set `force_row_wise=true` to remove the overhead.
And if memory is not enough, you can set `force_col_wise=true`.
[LightGBM] [Info] Total Bins 2891
[LightGBM] [Info] Number of data points in the train set: 94577, number of used features: 18
[LightGBM] [Info] Start training from score 5741.971133
[LightGBM] [Info] Auto-choosing row-wise multi-threading, the overhead of testing was 0.056578 seconds.
You can set `force_row_wise=true` to remove the overhead.
And if memory is not enough, you can set `force_col_wise=true`.
[LightGBM] [Info] Total Bins 2891
[LightGBM] [Info] Number of data points in the train set: 94577, number of used features: 18
[LightGBM] [Info] Start training from score 5741.952458
[LightGBM] [Info] Auto-choosing row-wise multi-threading, the overhead of testing was 0.064188 seconds.
You can set `force_row_wise=true` to remove the overhead.
And if memory is not enough, you can set `force_col_wise=true`.
[LightGBM] [Info] Total Bins 2891
[LightGBM] [Info] Number of data points in the train set: 94577, number of used features: 18
[LightGBM] [Info] Start training from score 5741.934694
[LightGBM] [Info] Auto-choosing col-wise multi-threading, the overhead of testing was 0.184447 seconds.
You can set `force_col_wise=true` to remove the overhead.
[LightGBM] [Info] Total Bins 2891
[LightGBM] [Info] Number of data points in the train set: 94577, number of used features: 18
[LightGBM] [Info] Start training from score 5741.915994
[LightGBM] [Info] Auto-choosing col-wise multi-threading, the overhead of testing was 0.221573 seconds.
You can set `force_col_wise=true` to remove the overhead.
[LightGBM] [Info] Total Bins 2891
[LightGBM] [Info] Number of data points in the train set: 94577, number of used features: 18
[LightGBM] [Info] Start training from score 5741.891819
[LightGBM] [Info] Auto-choosing row-wise multi-threading, the overhead of testing was 0.074893 seconds.
You can set `force_row_wise=true` to remove the overhead.
And if memory is not enough, you can set `force_col_wise=true`.
[LightGBM] [Info] Total Bins 2891
[LightGBM] [Info] Number of data points in the train set: 94577, number of used features: 18
[LightGBM] [Info] Start training from score 5741.866229
[LightGBM] [Info] Auto-choosing row-wise multi-threading, the overhead of testing was 0.064561 seconds.
You can set `force_row_wise=true` to remove the overhead.
And if memory is not enough, you can set `force_col_wise=true`.
[LightGBM] [Info] Total Bins 2891
[LightGBM] [Info] Number of data points in the train set: 94577, number of used features: 18
[LightGBM] [Info] Start training from score 5741.837549
[LightGBM] [Info] Auto-choosing col-wise multi-threading, the overhead of testing was 0.247955 seconds.
You can set `force_col_wise=true` to remove the overhead.
[LightGBM] [Info] Total Bins 2891
[LightGBM] [Info] Number of data points in the train set: 94577, number of used features: 18
[LightGBM] [Info] Start training from score 5741.809589
[LightGBM] [Info] Auto-choosing row-wise multi-threading, the overhead of testing was 0.100541 seconds.
You can set `force_row_wise=true` to remove the overhead.
And if memory is not enough, you can set `force_col_wise=true`.
[LightGBM] [Info] Total Bins 2891
[LightGBM] [Info] Number of data points in the train set: 94577, number of used features: 18
[LightGBM] [Info] Start training from score 5741.784378
[LightGBM] [Info] Auto-choosing col-wise multi-threading, the overhead of testing was 0.169048 seconds.
You can set `force_col_wise=true` to remove the overhead.
[LightGBM] [Info] Total Bins 2891
[LightGBM] [Info] Number of data points in the train set: 94577, number of used features: 18
[LightGBM] [Info] Start training from score 5741.761252
   [fit] key=2025-W44 cutoff=2025-10-27 11:00:00  (block 28/61)
[LightGBM] [Info] Auto-choosing row-wise multi-threading, the overhead of testing was 0.053289 seconds.
You can set `force_row_wise=true` to remove the overhead.
And if memory is not enough, you can set `force_col_wise=true`.
[LightGBM] [Info] Total Bins 2891
[LightGBM] [Info] Number of data points in the train set: 94745, number of used features: 18
[LightGBM] [Info] Auto-choosing col-wise multi-threading, the overhead of testing was 0.186723 seconds.
You can set `force_col_wise=true` to remove the overhead.
[LightGBM] [Info] Total Bins 2891
[LightGBM] [Info] Number of data points in the train set: 94745, number of used features: 18
[LightGBM] [Info] Start training from score 5741.271179
[LightGBM] [Info] Start training from score 5741.250767
[LightGBM] [Info] Auto-choosing col-wise multi-threading, the overhead of testing was 0.171940 seconds.
You can set `force_col_wise=true` to remove the overhead.
[LightGBM] [Info] Total Bins 2891
[LightGBM] [Info] Number of data points in the train set: 94745, number of used features: 18
[LightGBM] [Info] Start training from score 5741.292406
[LightGBM] [Info] Auto-choosing col-wise multi-threading, the overhead of testing was 0.180060 seconds.
You can set `force_col_wise=true` to remove the overhead.
[LightGBM] [Info] Total Bins 2891
[LightGBM] [Info] Number of data points in the train set: 94745, number of used features: 18
[LightGBM] [Info] Start training from score 5741.211941
[LightGBM] [Info] Auto-choosing col-wise multi-threading, the overhead of testing was 0.179959 seconds.
You can set `force_col_wise=true` to remove the overhead.
[LightGBM] [Info] Total Bins 2891
[LightGBM] [Info] Number of data points in the train set: 94745, number of used features: 18
[LightGBM] [Info] Start training from score 5741.231361
[LightGBM] [Info] Auto-choosing row-wise multi-threading, the overhead of testing was 0.056295 seconds.
You can set `force_row_wise=true` to remove the overhead.
And if memory is not enough, you can set `force_col_wise=true`.
[LightGBM] [Info] Total Bins 2891
[LightGBM] [Info] Number of data points in the train set: 94745, number of used features: 18
[LightGBM] [Info] Start training from score 5741.003658
[LightGBM] [Info] Auto-choosing col-wise multi-threading, the overhead of testing was 0.202924 seconds.
You can set `force_col_wise=true` to remove the overhead.
[LightGBM] [Info] Total Bins 2891
[LightGBM] [Info] Number of data points in the train set: 94745, number of used features: 18
[LightGBM] [Info] Start training from score 5740.850163
[LightGBM] [Info] Auto-choosing col-wise multi-threading, the overhead of testing was 0.239459 seconds.
You can set `force_col_wise=true` to remove the overhead.
[LightGBM] [Info] Total Bins 2891
[LightGBM] [Info] Number of data points in the train set: 94745, number of used features: 18
[LightGBM] [Info] Start training from score 5741.121072
[LightGBM] [Info] Auto-choosing col-wise multi-threading, the overhead of testing was 0.270478 seconds.
You can set `force_col_wise=true` to remove the overhead.
[LightGBM] [Info] Total Bins 2891
[LightGBM] [Info] Number of data points in the train set: 94745, number of used features: 18
[LightGBM] [Info] Start training from score 5741.188202
[LightGBM] [Info] Auto-choosing row-wise multi-threading, the overhead of testing was 0.120314 seconds.
You can set `force_row_wise=true` to remove the overhead.
And if memory is not enough, you can set `force_col_wise=true`.
[LightGBM] [Info] Auto-choosing row-wise multi-threading, the overhead of testing was 0.125972 seconds.
You can set `force_row_wise=true` to remove the overhead.
And if memory is not enough, you can set `force_col_wise=true`.
[LightGBM] [Info] Total Bins 2891
[LightGBM] [Info] Total Bins 2891
[LightGBM] [Info] Number of data points in the train set: 94745, number of used features: 18
[LightGBM] [Info] Start training from score 5740.810379
[LightGBM] [Info] Auto-choosing row-wise multi-threading, the overhead of testing was 0.127214 seconds.
You can set `force_row_wise=true` to remove the overhead.
And if memory is not enough, you can set `force_col_wise=true`.
[LightGBM] [Info] Number of data points in the train set: 94745, number of used features: 18
[LightGBM] [Info] Total Bins 2891
[LightGBM] [Info] Number of data points in the train set: 94745, number of used features: 18
[LightGBM] [Info] Auto-choosing col-wise multi-threading, the overhead of testing was 0.328412 seconds.
You can set `force_col_wise=true` to remove the overhead.
[LightGBM] [Info] Total Bins 2891
[LightGBM] [Info] Start training from score 5740.965868
[LightGBM] [Info] Number of data points in the train set: 94745, number of used features: 18
[LightGBM] [Info] Start training from score 5741.042827
[LightGBM] [Info] Start training from score 5741.156059
[LightGBM] [Info] Auto-choosing row-wise multi-threading, the overhead of testing was 0.116932 seconds.
You can set `force_row_wise=true` to remove the overhead.
And if memory is not enough, you can set `force_col_wise=true`.
[LightGBM] [Info] Total Bins 2891
[LightGBM] [Info] Number of data points in the train set: 94745, number of used features: 18
[LightGBM] [Info] Start training from score 5741.082463
[LightGBM] [Info] Auto-choosing row-wise multi-threading, the overhead of testing was 0.096579 seconds.
You can set `force_row_wise=true` to remove the overhead.
And if memory is not enough, you can set `force_col_wise=true`.
[LightGBM] [Info] Total Bins 2891
[LightGBM] [Info] Auto-choosing col-wise multi-threading, the overhead of testing was 0.309612 seconds.
You can set `force_col_wise=true` to remove the overhead.
[LightGBM] [Info] Number of data points in the train set: 94745, number of used features: 18
[LightGBM] [Info] Total Bins 2891
[LightGBM] [Info] Number of data points in the train set: 94745, number of used features: 18
[LightGBM] [Info] Start training from score 5740.927768
[LightGBM] [Info] Start training from score 5740.890525
[LightGBM] [Info] Auto-choosing col-wise multi-threading, the overhead of testing was 0.193326 seconds.
You can set `force_col_wise=true` to remove the overhead.
[LightGBM] [Info] Total Bins 2891
[LightGBM] [Info] Number of data points in the train set: 94745, number of used features: 18
[LightGBM] [Info] Start training from score 5740.772173
[LightGBM] [Info] Auto-choosing row-wise multi-threading, the overhead of testing was 0.059399 seconds.
You can set `force_row_wise=true` to remove the overhead.
And if memory is not enough, you can set `force_col_wise=true`.
[LightGBM] [Info] Total Bins 2891
[LightGBM] [Info] Number of data points in the train set: 94745, number of used features: 18
[LightGBM] [Info] Start training from score 5740.731516
[LightGBM] [Info] Auto-choosing col-wise multi-threading, the overhead of testing was 0.225677 seconds.
You can set `force_col_wise=true` to remove the overhead.
[LightGBM] [Info] Total Bins 2891
[LightGBM] [Info] Number of data points in the train set: 94745, number of used features: 18
[LightGBM] [Info] Start training from score 5740.690444
[LightGBM] [Info] Auto-choosing col-wise multi-threading, the overhead of testing was 0.208987 seconds.
You can set `force_col_wise=true` to remove the overhead.
[LightGBM] [Info] Total Bins 2891
[LightGBM] [Info] Number of data points in the train set: 94745, number of used features: 18
[LightGBM] [Info] Start training from score 5740.649977
[LightGBM] [Info] Auto-choosing col-wise multi-threading, the overhead of testing was 0.186912 seconds.
You can set `force_col_wise=true` to remove the overhead.
[LightGBM] [Info] Total Bins 2891
[LightGBM] [Info] Number of data points in the train set: 94745, number of used features: 18
[LightGBM] [Info] Start training from score 5740.613716
[LightGBM] [Info] Auto-choosing col-wise multi-threading, the overhead of testing was 0.187980 seconds.
You can set `force_col_wise=true` to remove the overhead.
[LightGBM] [Info] Total Bins 2891
[LightGBM] [Info] Number of data points in the train set: 94745, number of used features: 18
[LightGBM] [Info] Start training from score 5740.582308
[LightGBM] [Info] Auto-choosing row-wise multi-threading, the overhead of testing was 0.081279 seconds.
You can set `force_row_wise=true` to remove the overhead.
And if memory is not enough, you can set `force_col_wise=true`.
[LightGBM] [Info] Total Bins 2891
[LightGBM] [Info] Number of data points in the train set: 94745, number of used features: 18
[LightGBM] [Info] Start training from score 5740.529119
[LightGBM] [Info] Auto-choosing row-wise multi-threading, the overhead of testing was 0.069746 seconds.
You can set `force_row_wise=true` to remove the overhead.
And if memory is not enough, you can set `force_col_wise=true`.
[LightGBM] [Info] Total Bins 2891
[LightGBM] [Info] Number of data points in the train set: 94745, number of used features: 18
[LightGBM] [Info] Start training from score 5740.553738
[LightGBM] [Info] Auto-choosing col-wise multi-threading, the overhead of testing was 0.225437 seconds.
You can set `force_col_wise=true` to remove the overhead.
[LightGBM] [Info] Total Bins 2891
[LightGBM] [Info] Number of data points in the train set: 94745, number of used features: 18
[LightGBM] [Info] Start training from score 5740.508010
[LightGBM] [Info] Auto-choosing col-wise multi-threading, the overhead of testing was 0.215236 seconds.
You can set `force_col_wise=true` to remove the overhead.
[LightGBM] [Info] Total Bins 2891
[LightGBM] [Info] Number of data points in the train set: 94745, number of used features: 18
[LightGBM] [Info] Start training from score 5740.486542
[LightGBM] [Info] Auto-choosing col-wise multi-threading, the overhead of testing was 0.201339 seconds.
You can set `force_col_wise=true` to remove the overhead.
[LightGBM] [Info] Total Bins 2891
[LightGBM] [Info] Number of data points in the train set: 94745, number of used features: 18
[LightGBM] [Info] Start training from score 5740.466419
[LightGBM] [Info] Auto-choosing col-wise multi-threading, the overhead of testing was 0.244009 seconds.
You can set `force_col_wise=true` to remove the overhead.
[LightGBM] [Info] Total Bins 2891
[LightGBM] [Info] Number of data points in the train set: 94745, number of used features: 18
[LightGBM] [Info] Start training from score 5740.447312
[LightGBM] [Info] Auto-choosing col-wise multi-threading, the overhead of testing was 0.278828 seconds.
You can set `force_col_wise=true` to remove the overhead.
[LightGBM] [Info] Total Bins 2891
[LightGBM] [Info] Number of data points in the train set: 94745, number of used features: 18
[LightGBM] [Info] Start training from score 5740.429210
[LightGBM] [Info] Auto-choosing row-wise multi-threading, the overhead of testing was 0.066724 seconds.
You can set `force_row_wise=true` to remove the overhead.
And if memory is not enough, you can set `force_col_wise=true`.
[LightGBM] [Info] Total Bins 2891
[LightGBM] [Info] Number of data points in the train set: 94745, number of used features: 18
[LightGBM] [Info] Start training from score 5740.411092
[LightGBM] [Info] Auto-choosing row-wise multi-threading, the overhead of testing was 0.063653 seconds.
You can set `force_row_wise=true` to remove the overhead.
And if memory is not enough, you can set `force_col_wise=true`.
[LightGBM] [Info] Total Bins 2891
[LightGBM] [Info] Number of data points in the train set: 94745, number of used features: 18
[LightGBM] [Info] Start training from score 5740.388892
[LightGBM] [Info] Auto-choosing col-wise multi-threading, the overhead of testing was 0.287590 seconds.
You can set `force_col_wise=true` to remove the overhead.
[LightGBM] [Info] Total Bins 2891
[LightGBM] [Info] Number of data points in the train set: 94745, number of used features: 18
[LightGBM] [Info] Start training from score 5740.365215
[LightGBM] [Info] Auto-choosing row-wise multi-threading, the overhead of testing was 0.059219 seconds.
You can set `force_row_wise=true` to remove the overhead.
And if memory is not enough, you can set `force_col_wise=true`.
[LightGBM] [Info] Total Bins 2891
[LightGBM] [Info] Number of data points in the train set: 94745, number of used features: 18
[LightGBM] [Info] Start training from score 5740.337642
[LightGBM] [Info] Auto-choosing col-wise multi-threading, the overhead of testing was 0.200807 seconds.
You can set `force_col_wise=true` to remove the overhead.
[LightGBM] [Info] Total Bins 2891
[LightGBM] [Info] Number of data points in the train set: 94745, number of used features: 18
[LightGBM] [Info] Start training from score 5740.309573
[LightGBM] [Info] Auto-choosing col-wise multi-threading, the overhead of testing was 0.179444 seconds.
You can set `force_col_wise=true` to remove the overhead.
[LightGBM] [Info] Total Bins 2891
[LightGBM] [Info] Number of data points in the train set: 94745, number of used features: 18
[LightGBM] [Info] Start training from score 5740.282179
[LightGBM] [Info] Auto-choosing col-wise multi-threading, the overhead of testing was 0.162602 seconds.
You can set `force_col_wise=true` to remove the overhead.
[LightGBM] [Info] Total Bins 2891
[LightGBM] [Info] Number of data points in the train set: 94745, number of used features: 18
[LightGBM] [Info] Start training from score 5740.256192
   [fit] key=2025-W45 cutoff=2025-11-03 11:00:00  (block 35/61)
[LightGBM] [Info] Auto-choosing row-wise multi-threading, the overhead of testing was 0.067000 seconds.
You can set `force_row_wise=true` to remove the overhead.
And if memory is not enough, you can set `force_col_wise=true`.
[LightGBM] [Info] Total Bins 2891
[LightGBM] [Info] Number of data points in the train set: 94913, number of used features: 18
[LightGBM] [Info] Start training from score 5740.174550
[LightGBM] [Info] Auto-choosing col-wise multi-threading, the overhead of testing was 0.285313 seconds.
You can set `force_col_wise=true` to remove the overhead.
[LightGBM] [Info] Total Bins 2891
[LightGBM] [Info] Number of data points in the train set: 94913, number of used features: 18
[LightGBM] [Info] Start training from score 5740.153971
[LightGBM] [Info] Auto-choosing col-wise multi-threading, the overhead of testing was 0.340626 seconds.
You can set `force_col_wise=true` to remove the overhead.
[LightGBM] [Info] Total Bins 2891
[LightGBM] [Info] Number of data points in the train set: 94913, number of used features: 18
[LightGBM] [Info] Auto-choosing col-wise multi-threading, the overhead of testing was 0.371190 seconds.
You can set `force_col_wise=true` to remove the overhead.
[LightGBM] [Info] Total Bins 2891
[LightGBM] [Info] Auto-choosing col-wise multi-threading, the overhead of testing was 0.366636 seconds.
You can set `force_col_wise=true` to remove the overhead.
[LightGBM] [Info] Total Bins 2891
[LightGBM] [Info] Number of data points in the train set: 94913, number of used features: 18
[LightGBM] [Info] Number of data points in the train set: 94913, number of used features: 18
[LightGBM] [Info] Start training from score 5740.133427
[LightGBM] [Info] Start training from score 5740.113950
[LightGBM] [Info] Start training from score 5740.094596
[LightGBM] [Info] Auto-choosing col-wise multi-threading, the overhead of testing was 0.265531 seconds.
You can set `force_col_wise=true` to remove the overhead.
[LightGBM] [Info] Total Bins 2891
[LightGBM] [Info] Number of data points in the train set: 94913, number of used features: 18
[LightGBM] [Info] Start training from score 5740.039360
[LightGBM] [Info] Auto-choosing col-wise multi-threading, the overhead of testing was 0.224948 seconds.
You can set `force_col_wise=true` to remove the overhead.
[LightGBM] [Info] Total Bins 2891
[LightGBM] [Info] Number of data points in the train set: 94913, number of used features: 18
[LightGBM] [Info] Auto-choosing row-wise multi-threading, the overhead of testing was 0.067371 seconds.
You can set `force_row_wise=true` to remove the overhead.
And if memory is not enough, you can set `force_col_wise=true`.
[LightGBM] [Info] Total Bins 2891
[LightGBM] [Info] Number of data points in the train set: 94913, number of used features: 18
[LightGBM] [Info] Start training from score 5739.888482
[LightGBM] [Info] Start training from score 5740.004773
[LightGBM] [Info] Auto-choosing col-wise multi-threading, the overhead of testing was 0.211786 seconds.
You can set `force_col_wise=true` to remove the overhead.
[LightGBM] [Info] Total Bins 2891
[LightGBM] [Info] Number of data points in the train set: 94913, number of used features: 18
[LightGBM] [Info] Start training from score 5739.778869
[LightGBM] [Info] Auto-choosing col-wise multi-threading, the overhead of testing was 0.209473 seconds.
You can set `force_col_wise=true` to remove the overhead.
[LightGBM] [Info] Total Bins 2891
[LightGBM] [Info] Number of data points in the train set: 94913, number of used features: 18
[LightGBM] [Info] Start training from score 5740.071362
[LightGBM] [Info] Auto-choosing row-wise multi-threading, the overhead of testing was 0.061047 seconds.
You can set `force_row_wise=true` to remove the overhead.
And if memory is not enough, you can set `force_col_wise=true`.
[LightGBM] [Info] Total Bins 2891
[LightGBM] [Info] Number of data points in the train set: 94913, number of used features: 18
[LightGBM] [Info] Start training from score 5739.814571
[LightGBM] [Info] Auto-choosing col-wise multi-threading, the overhead of testing was 0.174174 seconds.
You can set `force_col_wise=true` to remove the overhead.
[LightGBM] [Info] Total Bins 2891
[LightGBM] [Info] Number of data points in the train set: 94913, number of used features: 18
[LightGBM] [Info] Start training from score 5739.740138
[LightGBM] [Info] Auto-choosing col-wise multi-threading, the overhead of testing was 0.217522 seconds.
You can set `force_col_wise=true` to remove the overhead.
[LightGBM] [Info] Total Bins 2891
[LightGBM] [Info] Number of data points in the train set: 94913, number of used features: 18
[LightGBM] [Info] Start training from score 5739.701678
[LightGBM] [Info] Auto-choosing col-wise multi-threading, the overhead of testing was 0.223257 seconds.
You can set `force_col_wise=true` to remove the overhead.
[LightGBM] [Info] Total Bins 2891
[LightGBM] [Info] Number of data points in the train set: 94913, number of used features: 18[LightGBM] [Info] 
Auto-choosing row-wise multi-threading, the overhead of testing was 0.068625 seconds.
You can set `force_row_wise=true` to remove the overhead.
And if memory is not enough, you can set `force_col_wise=true`.
[LightGBM] [Info] Total Bins 2891
[LightGBM] [Info] Auto-choosing col-wise multi-threading, the overhead of testing was 0.203559 seconds.
You can set `force_col_wise=true` to remove the overhead.
[LightGBM] [Info] Total Bins 2891
[LightGBM] [Info] Start training from score 5739.851803
[LightGBM] [Info] Number of data points in the train set: 94913, number of used features: 18
[LightGBM] [Info] Number of data points in the train set: 94913, number of used features: 18
[LightGBM] [Info] Start training from score 5739.926898
[LightGBM] [Info] Start training from score 5739.966400
[LightGBM] [Info] Auto-choosing col-wise multi-threading, the overhead of testing was 0.215087 seconds.
You can set `force_col_wise=true` to remove the overhead.
[LightGBM] [Info] Total Bins 2891
[LightGBM] [Info] Number of data points in the train set: 94913, number of used features: 18
[LightGBM] [Info] Start training from score 5739.665678
[LightGBM] [Info] Auto-choosing col-wise multi-threading, the overhead of testing was 0.289351 seconds.
You can set `force_col_wise=true` to remove the overhead.
[LightGBM] [Info] Total Bins 2891
[LightGBM] [Info] Number of data points in the train set: 94913, number of used features: 18
[LightGBM] [Info] Start training from score 5739.625968
[LightGBM] [Info] Auto-choosing col-wise multi-threading, the overhead of testing was 0.221554 seconds.
You can set `force_col_wise=true` to remove the overhead.
[LightGBM] [Info] Total Bins 2891
[LightGBM] [Info] Number of data points in the train set: 94913, number of used features: 18
[LightGBM] [Info] Start training from score 5739.585022
[LightGBM] [Info] Auto-choosing col-wise multi-threading, the overhead of testing was 0.225585 seconds.
You can set `force_col_wise=true` to remove the overhead.
[LightGBM] [Info] Total Bins 2891
[LightGBM] [Info] Number of data points in the train set: 94913, number of used features: 18
[LightGBM] [Info] Start training from score 5739.545648
[LightGBM] [Info] Auto-choosing col-wise multi-threading, the overhead of testing was 0.277196 seconds.
You can set `force_col_wise=true` to remove the overhead.
[LightGBM] [Info] Auto-choosing col-wise multi-threading, the overhead of testing was 0.276598 seconds.
You can set `force_col_wise=true` to remove the overhead.
[LightGBM] [Info] Total Bins 2891
[LightGBM] [Info] Total Bins 2891
[LightGBM] [Info] Number of data points in the train set: 94913, number of used features: 18
[LightGBM] [Info] Number of data points in the train set: 94913, number of used features: 18
[LightGBM] [Info] Start training from score 5739.510241
[LightGBM] [Info] Start training from score 5739.479479
[LightGBM] [Info] Auto-choosing col-wise multi-threading, the overhead of testing was 0.207918 seconds.
You can set `force_col_wise=true` to remove the overhead.
[LightGBM] [Info] Total Bins 2891
[LightGBM] [Info] Number of data points in the train set: 94913, number of used features: 18
[LightGBM] [Info] Start training from score 5739.451391
[LightGBM] [Info] Auto-choosing col-wise multi-threading, the overhead of testing was 0.211586 seconds.
You can set `force_col_wise=true` to remove the overhead.
[LightGBM] [Info] Total Bins 2891
[LightGBM] [Info] Number of data points in the train set: 94913, number of used features: 18
[LightGBM] [Info] Start training from score 5739.426827
[LightGBM] [Info] Auto-choosing row-wise multi-threading, the overhead of testing was 0.088456 seconds.
You can set `force_row_wise=true` to remove the overhead.
And if memory is not enough, you can set `force_col_wise=true`.
[LightGBM] [Info] Total Bins 2891
[LightGBM] [Info] Number of data points in the train set: 94913, number of used features: 18
[LightGBM] [Info] Start training from score 5739.405797
[LightGBM] [Info] Auto-choosing col-wise multi-threading, the overhead of testing was 0.323645 seconds.
You can set `force_col_wise=true` to remove the overhead.
[LightGBM] [Info] Total Bins 2891
[LightGBM] [Info] Number of data points in the train set: 94913, number of used features: 18
[LightGBM] [Info] Start training from score 5739.384398
[LightGBM] [Info] Auto-choosing row-wise multi-threading, the overhead of testing was 0.053381 seconds.
You can set `force_row_wise=true` to remove the overhead.
And if memory is not enough, you can set `force_col_wise=true`.
[LightGBM] [Info] Total Bins 2891
[LightGBM] [Info] Number of data points in the train set: 94913, number of used features: 18
[LightGBM] [Info] Start training from score 5739.364775
[LightGBM] [Info] Auto-choosing col-wise multi-threading, the overhead of testing was 0.290157 seconds.
You can set `force_col_wise=true` to remove the overhead.
[LightGBM] [Info] Total Bins 2891
[LightGBM] [Info] Number of data points in the train set: 94913, number of used features: 18
[LightGBM] [Info] Start training from score 5739.346197
[LightGBM] [Info] Auto-choosing row-wise multi-threading, the overhead of testing was 0.103145 seconds.
You can set `force_row_wise=true` to remove the overhead.
And if memory is not enough, you can set `force_col_wise=true`.
[LightGBM] [Info] Total Bins 2891
[LightGBM] [Info] Number of data points in the train set: 94913, number of used features: 18
[LightGBM] [Info] Start training from score 5739.328454
[LightGBM] [Info] Auto-choosing col-wise multi-threading, the overhead of testing was 0.208622 seconds.
You can set `force_col_wise=true` to remove the overhead.
[LightGBM] [Info] Total Bins 2891
[LightGBM] [Info] Number of data points in the train set: 94913, number of used features: 18
[LightGBM] [Info] Start training from score 5739.310178
[LightGBM] [Info] Auto-choosing row-wise multi-threading, the overhead of testing was 0.071221 seconds.
You can set `force_row_wise=true` to remove the overhead.
And if memory is not enough, you can set `force_col_wise=true`.
[LightGBM] [Info] Total Bins 2891
[LightGBM] [Info] Number of data points in the train set: 94913, number of used features: 18
[LightGBM] [Info] Start training from score 5739.286690
[LightGBM] [Info] Auto-choosing col-wise multi-threading, the overhead of testing was 0.238999 seconds.
You can set `force_col_wise=true` to remove the overhead.
[LightGBM] [Info] Total Bins 2891
[LightGBM] [Info] Number of data points in the train set: 94913, number of used features: 18
[LightGBM] [Info] Start training from score 5739.262338
[LightGBM] [Info] Auto-choosing row-wise multi-threading, the overhead of testing was 0.072202 seconds.
You can set `force_row_wise=true` to remove the overhead.
And if memory is not enough, you can set `force_col_wise=true`.
[LightGBM] [Info] Total Bins 2891
[LightGBM] [Info] Number of data points in the train set: 94913, number of used features: 18
[LightGBM] [Info] Start training from score 5739.236531
[LightGBM] [Info] Auto-choosing col-wise multi-threading, the overhead of testing was 0.262111 seconds.
You can set `force_col_wise=true` to remove the overhead.
[LightGBM] [Info] Total Bins 2891
[LightGBM] [Info] Number of data points in the train set: 94913, number of used features: 18
[LightGBM] [Info] Start training from score 5739.211610
[LightGBM] [Info] Auto-choosing col-wise multi-threading, the overhead of testing was 0.158407 seconds.
You can set `force_col_wise=true` to remove the overhead.
[LightGBM] [Info] Total Bins 2891
[LightGBM] [Info] Number of data points in the train set: 94913, number of used features: 18
[LightGBM] [Info] Start training from score 5739.188542
[LightGBM] [Info] Auto-choosing col-wise multi-threading, the overhead of testing was 0.178850 seconds.
You can set `force_col_wise=true` to remove the overhead.
[LightGBM] [Info] Total Bins 2891
[LightGBM] [Info] Number of data points in the train set: 94913, number of used features: 18
[LightGBM] [Info] Start training from score 5739.166804
   [fit] key=2025-W46 cutoff=2025-11-10 11:00:00  (block 42/61)
[LightGBM] [Info] Auto-choosing row-wise multi-threading, the overhead of testing was 0.068737 seconds.
You can set `force_row_wise=true` to remove the overhead.
And if memory is not enough, you can set `force_col_wise=true`.
[LightGBM] [Info] Total Bins 2891
[LightGBM] [Info] Number of data points in the train set: 95081, number of used features: 18
[LightGBM] [Info] Start training from score 5738.917238
[LightGBM] [Info] Auto-choosing row-wise multi-threading, the overhead of testing was 0.071527 seconds.
You can set `force_row_wise=true` to remove the overhead.
And if memory is not enough, you can set `force_col_wise=true`.
[LightGBM] [Info] Total Bins 2891
[LightGBM] [Info] Auto-choosing row-wise multi-threading, the overhead of testing was 0.063276 seconds.
You can set `force_row_wise=true` to remove the overhead.
And if memory is not enough, you can set `force_col_wise=true`.
[LightGBM] [Info] Total Bins 2891
[LightGBM] [Info] Number of data points in the train set: 95081, number of used features: 18
[LightGBM] [Info] Number of data points in the train set: 95081, number of used features: 18
[LightGBM] [Info] Auto-choosing col-wise multi-threading, the overhead of testing was 0.197236 seconds.
You can set `force_col_wise=true` to remove the overhead.
[LightGBM] [Info] Total Bins 2891
[LightGBM] [Info] Start training from score 5738.954847
[LightGBM] [Info] Number of data points in the train set: 95081, number of used features: 18
[LightGBM] [Info] Start training from score 5738.935877
[LightGBM] [Info] Start training from score 5738.755816
[LightGBM] [Info] Auto-choosing row-wise multi-threading, the overhead of testing was 0.071194 seconds.
You can set `force_row_wise=true` to remove the overhead.
And if memory is not enough, you can set `force_col_wise=true`.
[LightGBM] [Info] Total Bins 2891
[LightGBM] [Info] Number of data points in the train set: 95081, number of used features: 18
[LightGBM] [Info] Start training from score 5738.899597
[LightGBM] [Info] Auto-choosing row-wise multi-threading, the overhead of testing was 0.065441 seconds.
You can set `force_row_wise=true` to remove the overhead.
And if memory is not enough, you can set `force_col_wise=true`.
[LightGBM] [Info] Total Bins 2891
[LightGBM] [Info] Number of data points in the train set: 95081, number of used features: 18
[LightGBM] [Info] Start training from score 5738.829275
[LightGBM] [Info] Auto-choosing row-wise multi-threading, the overhead of testing was 0.079660 seconds.
You can set `force_row_wise=true` to remove the overhead.
And if memory is not enough, you can set `force_col_wise=true`.
[LightGBM] [Info] Total Bins 2891
[LightGBM] [Info] Number of data points in the train set: 95081, number of used features: 18
[LightGBM] [Info] Start training from score 5738.675914
[LightGBM] [Info] Auto-choosing col-wise multi-threading, the overhead of testing was 0.215160 seconds.
You can set `force_col_wise=true` to remove the overhead.
[LightGBM] [Info] Total Bins 2891
[LightGBM] [Info] Auto-choosing col-wise multi-threading, the overhead of testing was 0.215343 seconds.
You can set `force_col_wise=true` to remove the overhead.
[LightGBM] [Info] Total Bins 2891
[LightGBM] [Info] Number of data points in the train set: 95081, number of used features: 18
[LightGBM] [Info] Number of data points in the train set: 95081, number of used features: 18
[LightGBM] [Info] Auto-choosing row-wise multi-threading, the overhead of testing was 0.071940 seconds.
You can set `force_row_wise=true` to remove the overhead.
And if memory is not enough, you can set `force_col_wise=true`.
[LightGBM] [Info] Total Bins 2891
[LightGBM] [Info] Start training from score 5738.599684
[LightGBM] [Info] Start training from score 5738.715444
[LightGBM] [Info] Number of data points in the train set: 95081, number of used features: 18
[LightGBM] [Info] Auto-choosing row-wise multi-threading, the overhead of testing was 0.070148 seconds.
You can set `force_row_wise=true` to remove the overhead.
And if memory is not enough, you can set `force_col_wise=true`.
[LightGBM] [Info] Start training from score 5738.860013
[LightGBM] [Info] Total Bins 2891
[LightGBM] [Info] Auto-choosing col-wise multi-threading, the overhead of testing was 0.204757 seconds.
You can set `force_col_wise=true` to remove the overhead.
[LightGBM] [Info] Total Bins 2891
[LightGBM] [Info] Number of data points in the train set: 95081, number of used features: 18
[LightGBM] [Info] Start training from score 5738.637571
[LightGBM] [Info] Number of data points in the train set: 95081, number of used features: 18
[LightGBM] [Info] Start training from score 5738.562629
[LightGBM] [Info] Auto-choosing col-wise multi-threading, the overhead of testing was 0.208360 seconds.
You can set `force_col_wise=true` to remove the overhead.
[LightGBM] [Info] Total Bins 2891
[LightGBM] [Info] Number of data points in the train set: 95081, number of used features: 18
[LightGBM] [Info] Start training from score 5738.881747
[LightGBM] [Info] Auto-choosing col-wise multi-threading, the overhead of testing was 0.294065 seconds.
You can set `force_col_wise=true` to remove the overhead.
[LightGBM] [Info] Total Bins 2891
[LightGBM] [Info] Number of data points in the train set: 95081, number of used features: 18
[LightGBM] [Info] Auto-choosing row-wise multi-threading, the overhead of testing was 0.135569 seconds.
You can set `force_row_wise=true` to remove the overhead.
And if memory is not enough, you can set `force_col_wise=true`.
[LightGBM] [Info] Total Bins 2891
[LightGBM] [Info] Start training from score 5738.794754
[LightGBM] [Info] Auto-choosing row-wise multi-threading, the overhead of testing was 0.129647 seconds.
You can set `force_row_wise=true` to remove the overhead.
And if memory is not enough, you can set `force_col_wise=true`.
[LightGBM] [Info] Total Bins 2891
[LightGBM] [Info] Number of data points in the train set: 95081, number of used features: 18
[LightGBM] [Info] Start training from score 5738.482979
[LightGBM] [Info] Number of data points in the train set: 95081, number of used features: 18
[LightGBM] [Info] Start training from score 5738.522196
[LightGBM] [Info] Auto-choosing col-wise multi-threading, the overhead of testing was 0.091992 seconds.
You can set `force_col_wise=true` to remove the overhead.
[LightGBM] [Info] Total Bins 2891
[LightGBM] [Info] Number of data points in the train set: 95081, number of used features: 18
[LightGBM] [Info] Start training from score 5738.445113
[LightGBM] [Info] Auto-choosing col-wise multi-threading, the overhead of testing was 0.187687 seconds.
You can set `force_col_wise=true` to remove the overhead.
[LightGBM] [Info] Total Bins 2891
[LightGBM] [Info] Number of data points in the train set: 95081, number of used features: 18
[LightGBM] [Info] Start training from score 5738.405144
[LightGBM] [Info] Auto-choosing row-wise multi-threading, the overhead of testing was 0.018068 seconds.
You can set `force_row_wise=true` to remove the overhead.
And if memory is not enough, you can set `force_col_wise=true`.
[LightGBM] [Info] Total Bins 2891
[LightGBM] [Info] Auto-choosing row-wise multi-threading, the overhead of testing was 0.038099 seconds.
You can set `force_row_wise=true` to remove the overhead.
And if memory is not enough, you can set `force_col_wise=true`.
[LightGBM] [Info] Total Bins 2891
[LightGBM] [Info] Auto-choosing col-wise multi-threading, the overhead of testing was 12594.296579 seconds.
You can set `force_col_wise=true` to remove the overhead.
[LightGBM] [Info] Auto-choosing row-wise multi-threading, the overhead of testing was 12594.257318 seconds.
You can set `force_row_wise=true` to remove the overhead.
And if memory is not enough, you can set `force_col_wise=true`.
[LightGBM] [Info] [LightGBM] [Info] Total Bins 2891
[LightGBM] [Info] Number of data points in the train set: 95081, number of used features: 18
[LightGBM] [Info] Total Bins 2891
[LightGBM] [Info] Number of data points in the train set: 95081, number of used features: 18
Number of data points in the train set: 95081, number of used features: 18
[LightGBM] [Info] Start training from score 5738.365401
[LightGBM] [Info] Number of data points in the train set: 95081, number of used features: 18
[LightGBM] [Info] Start training from score 5738.326793
[LightGBM] [Info] Start training from score 5738.293908
[LightGBM] [Info] Start training from score 5738.265982
[LightGBM] [Info] Auto-choosing col-wise multi-threading, the overhead of testing was 0.068218 seconds.
You can set `force_col_wise=true` to remove the overhead.
[LightGBM] [Info] Total Bins 2891
[LightGBM] [Info] Number of data points in the train set: 95081, number of used features: 18
[LightGBM] [Info] Start training from score 5738.240515
[LightGBM] [Info] Auto-choosing col-wise multi-threading, the overhead of testing was 0.087090 seconds.
You can set `force_col_wise=true` to remove the overhead.
[LightGBM] [Info] Total Bins 2891
[LightGBM] [Info] Number of data points in the train set: 95081, number of used features: 18
[LightGBM] [Info] Start training from score 5738.215897
[LightGBM] [Info] Auto-choosing col-wise multi-threading, the overhead of testing was 0.069226 seconds.
You can set `force_col_wise=true` to remove the overhead.
[LightGBM] [Info] Total Bins 2891
[LightGBM] [Info] Number of data points in the train set: 95081, number of used features: 18
[LightGBM] [Info] Start training from score 5738.195240
[LightGBM] [Info] Auto-choosing row-wise multi-threading, the overhead of testing was 0.038969 seconds.
You can set `force_row_wise=true` to remove the overhead.
And if memory is not enough, you can set `force_col_wise=true`.
[LightGBM] [Info] Total Bins 2891
[LightGBM] [Info] Number of data points in the train set: 95081, number of used features: 18
[LightGBM] [Info] Start training from score 5738.174101
[LightGBM] [Info] Auto-choosing col-wise multi-threading, the overhead of testing was 0.093682 seconds.
You can set `force_col_wise=true` to remove the overhead.
[LightGBM] [Info] Total Bins 2891
[LightGBM] [Info] Number of data points in the train set: 95081, number of used features: 18
[LightGBM] [Info] Start training from score 5738.153786
[LightGBM] [Info] Auto-choosing row-wise multi-threading, the overhead of testing was 0.168997 seconds.
You can set `force_row_wise=true` to remove the overhead.
And if memory is not enough, you can set `force_col_wise=true`.
[LightGBM] [Info] Total Bins 2891
[LightGBM] [Info] Number of data points in the train set: 95081, number of used features: 18
[LightGBM] [Info] Start training from score 5738.115378
[LightGBM] [Info] Auto-choosing col-wise multi-threading, the overhead of testing was 0.292829 seconds.
You can set `force_col_wise=true` to remove the overhead.
[LightGBM] [Info] Total Bins 2891
[LightGBM] [Info] Number of data points in the train set: 95081, number of used features: 18
[LightGBM] [Info] Start training from score 5738.134247
[LightGBM] [Info] Auto-choosing col-wise multi-threading, the overhead of testing was 0.097414 seconds.
You can set `force_col_wise=true` to remove the overhead.
[LightGBM] [Info] Total Bins 2891
[LightGBM] [Info] Number of data points in the train set: 95081, number of used features: 18
[LightGBM] [Info] Start training from score 5738.096496
[LightGBM] [Info] Auto-choosing col-wise multi-threading, the overhead of testing was 0.076793 seconds.
You can set `force_col_wise=true` to remove the overhead.
[LightGBM] [Info] Total Bins 2891
[LightGBM] [Info] Number of data points in the train set: 95081, number of used features: 18
[LightGBM] [Info] Start training from score 5738.074290
[LightGBM] [Info] Auto-choosing row-wise multi-threading, the overhead of testing was 0.019405 seconds.
You can set `force_row_wise=true` to remove the overhead.
And if memory is not enough, you can set `force_col_wise=true`.
[LightGBM] [Info] Total Bins 2891
[LightGBM] [Info] Number of data points in the train set: 95081, number of used features: 18
[LightGBM] [Info] Start training from score 5738.052616
[LightGBM] [Info] Auto-choosing row-wise multi-threading, the overhead of testing was 0.023183 seconds.
You can set `force_row_wise=true` to remove the overhead.
And if memory is not enough, you can set `force_col_wise=true`.
[LightGBM] [Info] Total Bins 2891
[LightGBM] [Info] Number of data points in the train set: 95081, number of used features: 18
[LightGBM] [Info] Start training from score 5738.029376
[LightGBM] [Info] Auto-choosing row-wise multi-threading, the overhead of testing was 0.023701 seconds.
You can set `force_row_wise=true` to remove the overhead.
And if memory is not enough, you can set `force_col_wise=true`.
[LightGBM] [Info] Total Bins 2891
[LightGBM] [Info] Number of data points in the train set: 95081, number of used features: 18
[LightGBM] [Info] Start training from score 5738.008443
[LightGBM] [Info] Auto-choosing col-wise multi-threading, the overhead of testing was 0.061550 seconds.
You can set `force_col_wise=true` to remove the overhead.
[LightGBM] [Info] Total Bins 2891
[LightGBM] [Info] Number of data points in the train set: 95081, number of used features: 18
[LightGBM] [Info] Start training from score 5737.991387
[LightGBM] [Info] Auto-choosing col-wise multi-threading, the overhead of testing was 0.056904 seconds.
You can set `force_col_wise=true` to remove the overhead.
[LightGBM] [Info] Total Bins 2891
[LightGBM] [Info] Number of data points in the train set: 95081, number of used features: 18
[LightGBM] [Info] Start training from score 5737.978162
   [fit] key=2025-W47 cutoff=2025-11-17 11:00:00  (block 49/61)
[LightGBM] [Info] Auto-choosing col-wise multi-threading, the overhead of testing was 0.060966 seconds.
You can set `force_col_wise=true` to remove the overhead.
[LightGBM] [Info] Total Bins 2891
[LightGBM] [Info] Number of data points in the train set: 95249, number of used features: 18
[LightGBM] [Info] Start training from score 5737.797569
[LightGBM] [Info] Auto-choosing col-wise multi-threading, the overhead of testing was 0.073137 seconds.
You can set `force_col_wise=true` to remove the overhead.
[LightGBM] [Info] Total Bins 2891
[LightGBM] [Info] Number of data points in the train set: 95249, number of used features: 18
[LightGBM] [Info] Start training from score 5737.736816
[LightGBM] [Info] Auto-choosing col-wise multi-threading, the overhead of testing was 0.072294 seconds.
You can set `force_col_wise=true` to remove the overhead.
[LightGBM] [Info] Total Bins 2891
[LightGBM] [Info] Number of data points in the train set: 95249, number of used features: 18
[LightGBM] [Info] Start training from score 5737.705706
[LightGBM] [Info] Auto-choosing row-wise multi-threading, the overhead of testing was 0.027853 seconds.
You can set `force_row_wise=true` to remove the overhead.
And if memory is not enough, you can set `force_col_wise=true`.
[LightGBM] [Info] Total Bins 2891
[LightGBM] [Info] Number of data points in the train set: 95249, number of used features: 18
[LightGBM] [Info] Auto-choosing row-wise multi-threading, the overhead of testing was 0.015758 seconds.
You can set `force_row_wise=true` to remove the overhead.
And if memory is not enough, you can set `force_col_wise=true`.
[LightGBM] [Info] Total Bins 2891
[LightGBM] [Info] Number of data points in the train set: 95249, number of used features: 18
[LightGBM] [Info] Start training from score 5737.837978
[LightGBM] [Info] Start training from score 5737.557009
[LightGBM] [Info] Auto-choosing col-wise multi-threading, the overhead of testing was 0.075392 seconds.
You can set `force_col_wise=true` to remove the overhead.
[LightGBM] [Info] Total Bins 2891
[LightGBM] [Info] Number of data points in the train set: 95249, number of used features: 18
[LightGBM] [Info] Start training from score 5737.817309
[LightGBM] [Info] Auto-choosing row-wise multi-threading, the overhead of testing was 0.024698 seconds.
You can set `force_row_wise=true` to remove the overhead.
And if memory is not enough, you can set `force_col_wise=true`.
[LightGBM] [Info] Total Bins 2891
[LightGBM] [Info] Number of data points in the train set: 95249, number of used features: 18
[LightGBM] [Info] Start training from score 5737.778689
[LightGBM] [Info] Auto-choosing row-wise multi-threading, the overhead of testing was 0.014959 seconds.
You can set `force_row_wise=true` to remove the overhead.
And if memory is not enough, you can set `force_col_wise=true`.
[LightGBM] [Info] Total Bins 2891
[LightGBM] [Info] Number of data points in the train set: 95249, number of used features: 18
[LightGBM] [Info] Start training from score 5737.759665
[LightGBM] [Info] Auto-choosing row-wise multi-threading, the overhead of testing was 0.020447 seconds.
You can set `force_row_wise=true` to remove the overhead.
And if memory is not enough, you can set `force_col_wise=true`.
[LightGBM] [Info] Total Bins 2891
[LightGBM] [Info] Number of data points in the train set: 95249, number of used features: 18
[LightGBM] [Info] Start training from score 5737.521254
[LightGBM] [Info] Auto-choosing col-wise multi-threading, the overhead of testing was 0.070200 seconds.
You can set `force_col_wise=true` to remove the overhead.
[LightGBM] [Info] Total Bins 2891
[LightGBM] [Info] Number of data points in the train set: 95249, number of used features: 18
[LightGBM] [Info] Start training from score 5737.450682
[LightGBM] [Info] Auto-choosing row-wise multi-threading, the overhead of testing was 0.018942 seconds.
You can set `force_row_wise=true` to remove the overhead.
And if memory is not enough, you can set `force_col_wise=true`.
[LightGBM] [Info] Total Bins 2891
[LightGBM] [Info] Number of data points in the train set: 95249, number of used features: 18
[LightGBM] [Info] Start training from score 5737.372585
[LightGBM] [Info] Auto-choosing col-wise multi-threading, the overhead of testing was 0.061235 seconds.
You can set `force_col_wise=true` to remove the overhead.
[LightGBM] [Info] Total Bins 2891
[LightGBM] [Info] Number of data points in the train set: 95249, number of used features: 18
[LightGBM] [Info] Auto-choosing row-wise multi-threading, the overhead of testing was 0.019550 seconds.
You can set `force_row_wise=true` to remove the overhead.
And if memory is not enough, you can set `force_col_wise=true`.
[LightGBM] [Info] Total Bins 2891
[LightGBM] [Info] Start training from score 5737.594616
[LightGBM] [Info] Number of data points in the train set: 95249, number of used features: 18
[LightGBM] [Info] Start training from score 5737.633221
[LightGBM] [Info] Auto-choosing col-wise multi-threading, the overhead of testing was 0.064150 seconds.
You can set `force_col_wise=true` to remove the overhead.
[LightGBM] [Info] Total Bins 2891
[LightGBM] [Info] Number of data points in the train set: 95249, number of used features: 18
[LightGBM] [Info] Start training from score 5737.485901
[LightGBM] [Info] Auto-choosing col-wise multi-threading, the overhead of testing was 0.052303 seconds.
You can set `force_col_wise=true` to remove the overhead.
[LightGBM] [Info] Total Bins 2891
[LightGBM] [Info] Number of data points in the train set: 95249, number of used features: 18
[LightGBM] [Info] Start training from score 5737.671162
[LightGBM] [Info] Auto-choosing col-wise multi-threading, the overhead of testing was 0.063579 seconds.
You can set `force_col_wise=true` to remove the overhead.
[LightGBM] [Info] Total Bins 2891
[LightGBM] [Info] Number of data points in the train set: 95249, number of used features: 18
[LightGBM] [Info] Start training from score 5737.411573
[LightGBM] [Info] Auto-choosing row-wise multi-threading, the overhead of testing was 0.020283 seconds.
You can set `force_row_wise=true` to remove the overhead.
And if memory is not enough, you can set `force_col_wise=true`.
[LightGBM] [Info] Total Bins 2891
[LightGBM] [Info] Number of data points in the train set: 95249, number of used features: 18
[LightGBM] [Info] Start training from score 5737.335324
[LightGBM] [Info] Auto-choosing col-wise multi-threading, the overhead of testing was 0.091962 seconds.
You can set `force_col_wise=true` to remove the overhead.
[LightGBM] [Info] Total Bins 2891
[LightGBM] [Info] Number of data points in the train set: 95249, number of used features: 18
[LightGBM] [Info] Start training from score 5737.296005
[LightGBM] [Info] Auto-choosing row-wise multi-threading, the overhead of testing was 0.023365 seconds.
You can set `force_row_wise=true` to remove the overhead.
And if memory is not enough, you can set `force_col_wise=true`.
[LightGBM] [Info] Total Bins 2891
[LightGBM] [Info] Number of data points in the train set: 95249, number of used features: 18
[LightGBM] [Info] Start training from score 5737.217772
[LightGBM] [Info] Auto-choosing col-wise multi-threading, the overhead of testing was 0.077740 seconds.
You can set `force_col_wise=true` to remove the overhead.
[LightGBM] [Info] Total Bins 2891
[LightGBM] [Info] Number of data points in the train set: 95249, number of used features: 18
[LightGBM] [Info] Start training from score 5737.156960
[LightGBM] [Info] Auto-choosing col-wise multi-threading, the overhead of testing was 0.086338 seconds.
You can set `force_col_wise=true` to remove the overhead.
[LightGBM] [Info] Total Bins 2891
[LightGBM] [Info] Number of data points in the train set: 95249, number of used features: 18
[LightGBM] [Info] Start training from score 5737.255910
[LightGBM] [Info] Auto-choosing col-wise multi-threading, the overhead of testing was 0.094636 seconds.
You can set `force_col_wise=true` to remove the overhead.
[LightGBM] [Info] Total Bins 2891
[LightGBM] [Info] Number of data points in the train set: 95249, number of used features: 18
[LightGBM] [Info] Start training from score 5737.184753
[LightGBM] [Info] Auto-choosing row-wise multi-threading, the overhead of testing was 0.022724 seconds.
You can set `force_row_wise=true` to remove the overhead.
And if memory is not enough, you can set `force_col_wise=true`.
[LightGBM] [Info] Total Bins 2891
[LightGBM] [Info] Number of data points in the train set: 95249, number of used features: 18
[LightGBM] [Info] Start training from score 5737.130958
[LightGBM] [Info] Auto-choosing col-wise multi-threading, the overhead of testing was 0.052449 seconds.
You can set `force_col_wise=true` to remove the overhead.
[LightGBM] [Info] Total Bins 2891
[LightGBM] [Info] Number of data points in the train set: 95249, number of used features: 18
[LightGBM] [Info] Start training from score 5737.105929
[LightGBM] [Info] Auto-choosing row-wise multi-threading, the overhead of testing was 0.014170 seconds.
You can set `force_row_wise=true` to remove the overhead.
And if memory is not enough, you can set `force_col_wise=true`.
[LightGBM] [Info] Total Bins 2891
[LightGBM] [Info] Number of data points in the train set: 95249, number of used features: 18
[LightGBM] [Info] Start training from score 5737.084811
[LightGBM] [Info] Auto-choosing row-wise multi-threading, the overhead of testing was 0.032973 seconds.
You can set `force_row_wise=true` to remove the overhead.
And if memory is not enough, you can set `force_col_wise=true`.
[LightGBM] [Info] Total Bins 2891
[LightGBM] [Info] Number of data points in the train set: 95249, number of used features: 18
[LightGBM] [Info] Start training from score 5737.063603
[LightGBM] [Info] Auto-choosing row-wise multi-threading, the overhead of testing was 0.039468 seconds.
You can set `force_row_wise=true` to remove the overhead.
And if memory is not enough, you can set `force_col_wise=true`.
[LightGBM] [Info] Total Bins 2891
[LightGBM] [Info] Number of data points in the train set: 95249, number of used features: 18
[LightGBM] [Info] Start training from score 5737.043970
[LightGBM] [Info] Auto-choosing col-wise multi-threading, the overhead of testing was 0.063777 seconds.
You can set `force_col_wise=true` to remove the overhead.
[LightGBM] [Info] Total Bins 2891
[LightGBM] [Info] Number of data points in the train set: 95249, number of used features: 18
[LightGBM] [Info] Start training from score 5737.025471
[LightGBM] [Info] Auto-choosing col-wise multi-threading, the overhead of testing was 0.067138 seconds.
You can set `force_col_wise=true` to remove the overhead.
[LightGBM] [Info] Total Bins 2891
[LightGBM] [Info] Number of data points in the train set: 95249, number of used features: 18
[LightGBM] [Info] Start training from score 5737.008014
[LightGBM] [Info] Auto-choosing col-wise multi-threading, the overhead of testing was 0.064471 seconds.
You can set `force_col_wise=true` to remove the overhead.
[LightGBM] [Info] Total Bins 2891
[LightGBM] [Info] Number of data points in the train set: 95249, number of used features: 18
[LightGBM] [Info] Auto-choosing col-wise multi-threading, the overhead of testing was 0.076578 seconds.
You can set `force_col_wise=true` to remove the overhead.
[LightGBM] [Info] Total Bins 2891
[LightGBM] [Info] Number of data points in the train set: 95249, number of used features: 18
[LightGBM] [Info] Start training from score 5736.971163
[LightGBM] [Info] Start training from score 5736.991096
[LightGBM] [Info] Auto-choosing col-wise multi-threading, the overhead of testing was 0.070993 seconds.
You can set `force_col_wise=true` to remove the overhead.
[LightGBM] [Info] Total Bins 2891
[LightGBM] [Info] Number of data points in the train set: 95249, number of used features: 18
[LightGBM] [Info] Start training from score 5736.951711
[LightGBM] [Info] Auto-choosing row-wise multi-threading, the overhead of testing was 0.024974 seconds.
You can set `force_row_wise=true` to remove the overhead.
And if memory is not enough, you can set `force_col_wise=true`.
[LightGBM] [Info] Total Bins 2891
[LightGBM] [Info] Number of data points in the train set: 95249, number of used features: 18
[LightGBM] [Info] Start training from score 5736.928583
[LightGBM] [Info] Auto-choosing col-wise multi-threading, the overhead of testing was 0.112937 seconds.
You can set `force_col_wise=true` to remove the overhead.
[LightGBM] [Info] Total Bins 2891
[LightGBM] [Info] Number of data points in the train set: 95249, number of used features: 18
[LightGBM] [Info] Start training from score 5736.904377
[LightGBM] [Info] Auto-choosing col-wise multi-threading, the overhead of testing was 0.089588 seconds.
You can set `force_col_wise=true` to remove the overhead.
[LightGBM] [Info] Total Bins 2891
[LightGBM] [Info] Number of data points in the train set: 95249, number of used features: 18
[LightGBM] [Info] Start training from score 5736.880884
[LightGBM] [Info] Auto-choosing col-wise multi-threading, the overhead of testing was 0.078511 seconds.
You can set `force_col_wise=true` to remove the overhead.
[LightGBM] [Info] Total Bins 2891
[LightGBM] [Info] Number of data points in the train set: 95249, number of used features: 18
[LightGBM] [Info] Start training from score 5736.862155
   [fit] key=2025-W48 cutoff=2025-11-24 11:00:00  (block 56/61)
   [done] 61 blocks σε 14934.1s

📊 RESULT | MAE=163.5345 MW | RMSE=237.4367 | sMAPE=3.1122% | n=1463
💾 saved: runs/load_direct/octnov_lgbm_dirw_g12_loadfc.json
--- [2026-07-17 13:58:15] OK  runs/load_direct/octnov_lgbm_dirw_g12_loadfc.json  (14942s)
######## STAGE 1/1 DONE [2026-07-17 13:58:15] ########

############ DIRECT LGBM OCTNOV g12 COMPLETE [2026-07-17 13:58:15] ############
Harvest: python scripts/build_run_ledger.py + synthesize-ablation (baseline=octnov_lgbm_dirw_g12_base —
  ΠΟΤΕ συγκριση g14 vs g12 η direct vs recursive αναμεικτα σε αυτο το πινακα, ξεχωριστο βημα).
