############ OVERNIGHT 2026-07-05 START [2026-07-05 04:58:50] ############

######## BLOCK 0 — VALIDITY GATE [2026-07-05 04:58:50] (αναμενόμενο ~5') ########
============================================================
PRE-FLIGHT CHECK (energy-forecast)
============================================================
  ✅ OneDrive.exe τρέχει — αν όχι: Start-Process "$env:PROGRAMFILES\Microsoft OneDrive\OneDrive.exe"
  ✅ hourly.parquet υπάρχει — shape=(80126, 159), τέλος=2026-03-20 23:00:00
  ✅ ΜΟΝΟ lagged xb_* στήλες (same-day = leakage!) — 6 lagged cols OK
  ✅ Βασικές στήλες παρούσες
  ✅ TZ alignment (solar_fc DJF peak = 11:00 CET) — peak=11:00 — αν ≠11 τρέξε solar_shift_check.py (βλ. ABLATION_PLAN §5.9)
  ✅ hourly_load.parquet υπάρχει
------------------------------------------------------------
------------------------------------------------------------
Cross-actuals poisoning self-test (AEL §4.8/§4.10.2) — τρέχει ΟΝΤΩΣ, ~10-20s/strategy:
  $ C:\Users\aggel\miniconda3\envs\epf\python.exe -X utf8 -m src.check_crosslag_fairness --task price --algo lgbm --strategy recursive --market dam --gate strict
 gain, best gain: -inf
[LightGBM] [Warning] No further splits with positive gain, best gain: -inf
[LightGBM] [Warning] No further splits with positive gain, best gain: -inf
[LightGBM] [Warning] No further splits with positive gain, best gain: -inf
[LightGBM] [Warning] No further splits with positive gain, best gain: -inf
[LightGBM] [Warning] No further splits with positive gain, best gain: -inf
[LightGBM] [Warning] No further splits with positive gain, best gain: -inf
[LightGBM] [Warning] No further splits with positive gain, best gain: -inf
[LightGBM] [Warning] No further splits with positive gain, best gain: -inf
[LightGBM] [Warning] No further splits with positive gain, best gain: -inf
[LightGBM] [Warning] No further splits with positive gain, best gain: -inf
[LightGBM] [Warning] No further splits with positive gain, best gain: -inf
[LightGBM] [Warning] No further splits with positive gain, best gain: -inf
[LightGBM] [Warning] No further splits with positive gain, best gain: -inf
[LightGBM] [Warning] No further splits with positive gain, best gain: -inf
[LightGBM] [Warning] No further splits with positive gain, best gain: -inf
[RESULT] B_POISON_SAFE_CROSSLAGS (control): n_poisoned_cells=254 mean_abs_diff=8.038416 max_abs_diff=27.446117
[INFO] Test C: direct έλεγχος training-row freeze (χωρίς poisoning/training)...
[RESULT] C_TRAINING_FREEZE: unsafe_checked=54 safe_checked=36 mismatches=0

=== INTERPRETATION ===
A (unsafe): ~0 αναμενόμενο => AEL σωστά αγνοεί ό,τι δεν ήταν ακόμα δημοσιευμένο (PASS).
            μεγάλο       => LEAK: crosslag actuals μετά το cutoff_F διαρρέουν (FAIL).
B (safe, control): μεγάλο αναμενόμενο => το μοντέλο όντως χρησιμοποιεί αυτά τα features (νομιμοποιεί το Test A). Αν ~0 ΚΙ ΕΔΩ, έλεγξε feature spec.
C (training freeze): PASS => το ίδιο transform που τρέχει πριν το training είναι μαθηματικά σωστό στα πραγματικά δεδομένα.

=== PASS (leak_free=True, control_meaningful=True, training_freeze_ok=True) ===
=== check_crosslag_fairness END ===

  ✅ crosslag poisoning (recursive)
  $ C:\Users\aggel\miniconda3\envs\epf\python.exe -X utf8 -m src.check_crosslag_fairness --task price --algo lgbm --strategy direct --market dam --gate strict
nts in the train set: 2135, number of used features: 123
[LightGBM] [Info] Start training from score 104.131417
[LightGBM] [Info] Auto-choosing col-wise multi-threading, the overhead of testing was 0.004046 seconds.
You can set `force_col_wise=true` to remove the overhead.
[LightGBM] [Info] Total Bins 17431
[LightGBM] [Info] Auto-choosing col-wise multi-threading, the overhead of testing was 0.003476 seconds.
You can set `force_col_wise=true` to remove the overhead.
[LightGBM] [Info] Total Bins 17431
[LightGBM] [Info] Number of data points in the train set: 2135, number of used features: 123
[LightGBM] [Info] Start training from score 104.121770
[LightGBM] [Info] Number of data points in the train set: 2135, number of used features: 123
[LightGBM] [Info] Start training from score 104.124912
[LightGBM] [Info] Auto-choosing col-wise multi-threading, the overhead of testing was 0.003634 seconds.
You can set `force_col_wise=true` to remove the overhead.
[LightGBM] [Info] Total Bins 17431
[LightGBM] [Info] Number of data points in the train set: 2135, number of used features: 123
[LightGBM] [Info] Start training from score 104.126152
[RESULT] B_POISON_SAFE_CROSSLAGS (control): n_poisoned_cells=254 mean_abs_diff=10.179806 max_abs_diff=29.200217
[INFO] Test C: direct έλεγχος training-row freeze (χωρίς poisoning/training)...
[RESULT] C_TRAINING_FREEZE: unsafe_checked=54 safe_checked=36 mismatches=0

=== INTERPRETATION ===
A (unsafe): ~0 αναμενόμενο => AEL σωστά αγνοεί ό,τι δεν ήταν ακόμα δημοσιευμένο (PASS).
            μεγάλο       => LEAK: crosslag actuals μετά το cutoff_F διαρρέουν (FAIL).
B (safe, control): μεγάλο αναμενόμενο => το μοντέλο όντως χρησιμοποιεί αυτά τα features (νομιμοποιεί το Test A). Αν ~0 ΚΙ ΕΔΩ, έλεγξε feature spec.
C (training freeze): PASS => το ίδιο transform που τρέχει πριν το training είναι μαθηματικά σωστό στα πραγματικά δεδομένα.

=== PASS (leak_free=True, control_meaningful=True, training_freeze_ok=True) ===
=== check_crosslag_fairness END ===

  ✅ crosslag poisoning (direct)
ΑΠΟΤΕΛΕΣΜΑ: PASS
=== check_crosslag_fairness START ===
[INFO] task=price algo=lgbm strategy=recursive market=dam gate=strict features=default,dense
[INFO] crosslag cols υπό έλεγχο: 26 από families=['residual_load', 'gen_solar', 'gen_wind', 'load']
[INFO] eval block=[2025-12-01 00:00:00 .. 2025-12-01 23:00:00]  crosslag cutoff_F=2025-11-30 11:00:00
[INFO] Reference run (καθαρό df)...
[LightGBM] [Info] Auto-choosing col-wise multi-threading, the overhead of testing was 0.003114 seconds.
You can set `force_col_wise=true` to remove the overhead.
[LightGBM] [Info] Total Bins 19770
[LightGBM] [Info] Number of data points in the train set: 2159, number of used features: 140
[LightGBM] [Info] Start training from score 104.046264
[LightGBM] [Warning] No further splits with positive gain, best gain: -inf
[LightGBM] [Warning] No further splits with positive gain, best gain: -inf
[LightGBM] [Warning] No further splits with positive gain, best gain: -inf
[LightGBM] [Warning] No further splits with positive gain, best gain: -inf
[LightGBM] [Warning] No further splits with positive gain, best gain: -inf
[LightGBM] [Warning] No further splits with positive gain, best gain: -inf
[LightGBM] [Warning] No further splits with positive gain, best gain: -inf
[LightGBM] [Warning] No further splits with positive gain, best gain: -inf
[LightGBM] [Warning] No further splits with positive gain, best gain: -inf
[LightGBM] [Warning] No further splits with positive gain, best gain: -inf
[LightGBM] [Warning] No further splits with positive gain, best gain: -inf
[LightGBM] [Warning] No further splits with positive gain, best gain: -inf
[LightGBM] [Warning] No further splits with positive gain, best gain: -inf
[LightGBM] [Warning] No further splits with positive gain, best gain: -inf
[LightGBM] [Warning] No further splits with positive gain, best gain: -inf
[LightGBM] [Warning] No further splits with positive gain, best gain: -inf
[LightGBM] [Warning] No further splits with positive gain, best gain: -inf
[LightGBM] [Warning] No further splits with positive gain, best gain: -inf
[LightGBM] [Warning] No further splits with positive gain, best gain: -inf
[LightGBM] [Warning] No further splits with positive gain, best gain: -inf
[LightGBM] [Warning] No further splits with positive gain, best gain: -inf
[LightGBM] [Warning] No further splits with positive gain, best gain: -inf
[LightGBM] [Warning] No further splits with positive gain, best gain: -inf
[LightGBM] [Warning] No further splits with positive gain, best gain: -inf
[LightGBM] [Warning] No further splits with positive gain, best gain: -inf
[LightGBM] [Warning] No further splits with positive gain, best gain: -inf
[LightGBM] [Warning] No further splits with positive gain, best gain: -inf
[LightGBM] [Warning] No further splits with positive gain, best gain: -inf
[LightGBM] [Warning] No further splits with positive gain, best gain: -inf
[LightGBM] [Warning] No further splits with positive gain, best gain: -inf
[LightGBM] [Warning] No further splits with positive gain, best gain: -inf
[LightGBM] [Warning] No further splits with positive gain, best gain: -inf
[LightGBM] [Warning] No further splits with positive gain, best gain: -inf
[LightGBM] [Warning] No further splits with positive gain, best gain: -inf
[LightGBM] [Warning] No further splits with positive gain, best gain: -inf
[LightGBM] [Warning] No further splits with positive gain, best gain: -inf
[LightGBM] [Warning] No further splits with positive gain, best gain: -inf
[LightGBM] [Warning] No further splits with positive gain, best gain: -inf
[LightGBM] [Warning] No further splits with positive gain, best gain: -inf
[LightGBM] [Warning] No further splits with positive gain, best gain: -inf
[LightGBM] [Warning] No further splits with positive gain, best gain: -inf
[LightGBM] [Warning] No further splits with positive gain, best gain: -inf
[LightGBM] [Warning] No further splits with positive gain, best gain: -inf
[LightGBM] [Warning] No further splits with positive gain, best gain: -inf
[LightGBM] [Warning] No further splits with positive gain, best gain: -inf
[LightGBM] [Warning] No further splits with positive gain, best gain: -inf
[LightGBM] [Warning] No further splits with positive gain, best gain: -inf
[LightGBM] [Warning] No further splits with positive gain, best gain: -inf
[LightGBM] [Warning] No further splits with positive gain, best gain: -inf
[LightGBM] [Warning] No further splits with positive gain, best gain: -inf
[LightGBM] [Warning] No further splits with positive gain, best gain: -inf
[LightGBM] [Warning] No further splits with positive gain, best gain: -inf
[LightGBM] [Warning] No further splits with positive gain, best gain: -inf
[LightGBM] [Warning] No further splits with positive gain, best gain: -inf
[LightGBM] [Warning] No further splits with positive gain, best gain: -inf
[LightGBM] [Warning] No further splits with positive gain, best gain: -inf
[LightGBM] [Warning] No further splits with positive gain, best gain: -inf
[LightGBM] [Warning] No further splits with positive gain, best gain: -inf
[LightGBM] [Warning] No further splits with positive gain, best gain: -inf
[LightGBM] [Warning] No further splits with positive gain, best gain: -inf
[LightGBM] [Warning] No further splits with positive gain, best gain: -inf
[LightGBM] [Warning] No further splits with positive gain, best gain: -inf
[LightGBM] [Warning] No further splits with positive gain, best gain: -inf
[LightGBM] [Warning] No further splits with positive gain, best gain: -inf
[LightGBM] [Warning] No further splits with positive gain, best gain: -inf
[LightGBM] [Warning] No further splits with positive gain, best gain: -inf
[LightGBM] [Warning] No further splits with positive gain, best gain: -inf
[LightGBM] [Warning] No further splits with positive gain, best gain: -inf
[LightGBM] [Warning] No further splits with positive gain, best gain: -inf
[LightGBM] [Warning] No further splits with positive gain, best gain: -inf
[LightGBM] [Warning] No further splits with positive gain, best gain: -inf
[LightGBM] [Warning] No further splits with positive gain, best gain: -inf
[LightGBM] [Warning] No further splits with positive gain, best gain: -inf
[LightGBM] [Warning] No further splits with positive gain, best gain: -inf
[LightGBM] [Warning] No further splits with positive gain, best gain: -inf
[LightGBM] [Warning] No further splits with positive gain, best gain: -inf
[LightGBM] [Warning] No further splits with positive gain, best gain: -inf
[LightGBM] [Warning] No further splits with positive gain, best gain: -inf
[LightGBM] [Warning] No further splits with positive gain, best gain: -inf
[LightGBM] [Warning] No further splits with positive gain, best gain: -inf
[LightGBM] [Warning] No further splits with positive gain, best gain: -inf
[LightGBM] [Warning] No further splits with positive gain, best gain: -inf
[LightGBM] [Warning] No further splits with positive gain, best gain: -inf
[LightGBM] [Warning] No further splits with positive gain, best gain: -inf
[LightGBM] [Warning] No further splits with positive gain, best gain: -inf
[LightGBM] [Warning] No further splits with positive gain, best gain: -inf
[LightGBM] [Warning] No further splits with positive gain, best gain: -inf
[LightGBM] [Warning] No further splits with positive gain, best gain: -inf
[LightGBM] [Warning] No further splits with positive gain, best gain: -inf
[LightGBM] [Warning] No further splits with positive gain, best gain: -inf
[LightGBM] [Warning] No further splits with positive gain, best gain: -inf
[LightGBM] [Warning] No further splits with positive gain, best gain: -inf
[LightGBM] [Warning] No further splits with positive gain, best gain: -inf
[LightGBM] [Warning] No further splits with positive gain, best gain: -inf
[LightGBM] [Warning] No further splits with positive gain, best gain: -inf
[LightGBM] [Warning] No further splits with positive gain, best gain: -inf
[LightGBM] [Warning] No further splits with positive gain, best gain: -inf
[LightGBM] [Warning] No further splits with positive gain, best gain: -inf
[LightGBM] [Warning] No further splits with positive gain, best gain: -inf
[LightGBM] [Warning] No further splits with positive gain, best gain: -inf
[LightGBM] [Warning] No further splits with positive gain, best gain: -inf
[LightGBM] [Warning] No further splits with positive gain, best gain: -inf
[LightGBM] [Warning] No further splits with positive gain, best gain: -inf
[LightGBM] [Warning] No further splits with positive gain, best gain: -inf
[LightGBM] [Warning] No further splits with positive gain, best gain: -inf
[LightGBM] [Warning] No further splits with positive gain, best gain: -inf
[LightGBM] [Warning] No further splits with positive gain, best gain: -inf
[LightGBM] [Warning] No further splits with positive gain, best gain: -inf
[LightGBM] [Warning] No further splits with positive gain, best gain: -inf
[LightGBM] [Warning] No further splits with positive gain, best gain: -inf
[LightGBM] [Warning] No further splits with positive gain, best gain: -inf
[LightGBM] [Warning] No further splits with positive gain, best gain: -inf
[LightGBM] [Warning] No further splits with positive gain, best gain: -inf
[LightGBM] [Warning] No further splits with positive gain, best gain: -inf
[LightGBM] [Warning] No further splits with positive gain, best gain: -inf
[LightGBM] [Warning] No further splits with positive gain, best gain: -inf
[LightGBM] [Warning] No further splits with positive gain, best gain: -inf
[LightGBM] [Warning] No further splits with positive gain, best gain: -inf
[LightGBM] [Warning] No further splits with positive gain, best gain: -inf
[LightGBM] [Warning] No further splits with positive gain, best gain: -inf
[LightGBM] [Warning] No further splits with positive gain, best gain: -inf
[LightGBM] [Warning] No further splits with positive gain, best gain: -inf
[LightGBM] [Warning] No further splits with positive gain, best gain: -inf
[LightGBM] [Warning] No further splits with positive gain, best gain: -inf
[LightGBM] [Warning] No further splits with positive gain, best gain: -inf
[LightGBM] [Warning] No further splits with positive gain, best gain: -inf
[LightGBM] [Warning] No further splits with positive gain, best gain: -inf
[LightGBM] [Warning] No further splits with positive gain, best gain: -inf
[LightGBM] [Warning] No further splits with positive gain, best gain: -inf
[LightGBM] [Warning] No further splits with positive gain, best gain: -inf
[LightGBM] [Warning] No further splits with positive gain, best gain: -inf
[LightGBM] [Warning] No further splits with positive gain, best gain: -inf
[LightGBM] [Warning] No further splits with positive gain, best gain: -inf
[LightGBM] [Warning] No further splits with positive gain, best gain: -inf
[LightGBM] [Warning] No further splits with positive gain, best gain: -inf
[LightGBM] [Warning] No further splits with positive gain, best gain: -inf
[LightGBM] [Warning] No further splits with positive gain, best gain: -inf
[LightGBM] [Warning] No further splits with positive gain, best gain: -inf
[LightGBM] [Warning] No further splits with positive gain, best gain: -inf
[LightGBM] [Warning] No further splits with positive gain, best gain: -inf
[LightGBM] [Warning] No further splits with positive gain, best gain: -inf
[LightGBM] [Warning] No further splits with positive gain, best gain: -inf
[LightGBM] [Warning] No further splits with positive gain, best gain: -inf
[LightGBM] [Warning] No further splits with positive gain, best gain: -inf
[LightGBM] [Warning] No further splits with positive gain, best gain: -inf
[LightGBM] [Warning] No further splits with positive gain, best gain: -inf
[LightGBM] [Warning] No further splits with positive gain, best gain: -inf
[LightGBM] [Warning] No further splits with positive gain, best gain: -inf
[LightGBM] [Warning] No further splits with positive gain, best gain: -inf
[LightGBM] [Warning] No further splits with positive gain, best gain: -inf
[LightGBM] [Warning] No further splits with positive gain, best gain: -inf
[LightGBM] [Warning] No further splits with positive gain, best gain: -inf
[LightGBM] [Warning] No further splits with positive gain, best gain: -inf
[LightGBM] [Warning] No further splits with positive gain, best gain: -inf
[LightGBM] [Warning] No further splits with positive gain, best gain: -inf
[LightGBM] [Warning] No further splits with positive gain, best gain: -inf
[LightGBM] [Warning] No further splits with positive gain, best gain: -inf
[LightGBM] [Warning] No further splits with positive gain, best gain: -inf
[LightGBM] [Warning] No further splits with positive gain, best gain: -inf
[LightGBM] [Warning] No further splits with positive gain, best gain: -inf
[LightGBM] [Warning] No further splits with positive gain, best gain: -inf
[LightGBM] [Warning] No further splits with positive gain, best gain: -inf
[LightGBM] [Warning] No further splits with positive gain, best gain: -inf
[LightGBM] [Warning] No further splits with positive gain, best gain: -inf
[LightGBM] [Warning] No further splits with positive gain, best gain: -inf
[LightGBM] [Warning] No further splits with positive gain, best gain: -inf
[LightGBM] [Warning] No further splits with positive gain, best gain: -inf
[LightGBM] [Warning] No further splits with positive gain, best gain: -inf
[LightGBM] [Warning] No further splits with positive gain, best gain: -inf
[LightGBM] [Warning] No further splits with positive gain, best gain: -inf
[LightGBM] [Warning] No further splits with positive gain, best gain: -inf
[LightGBM] [Warning] No further splits with positive gain, best gain: -inf
[LightGBM] [Warning] No further splits with positive gain, best gain: -inf
[LightGBM] [Warning] No further splits with positive gain, best gain: -inf
[LightGBM] [Warning] No further splits with positive gain, best gain: -inf
[LightGBM] [Warning] No further splits with positive gain, best gain: -inf
[LightGBM] [Warning] No further splits with positive gain, best gain: -inf
[LightGBM] [Warning] No further splits with positive gain, best gain: -inf
[LightGBM] [Warning] No further splits with positive gain, best gain: -inf
[LightGBM] [Warning] No further splits with positive gain, best gain: -inf
[LightGBM] [Warning] No further splits with positive gain, best gain: -inf
[LightGBM] [Warning] No further splits with positive gain, best gain: -inf
[LightGBM] [Warning] No further splits with positive gain, best gain: -inf
[LightGBM] [Warning] No further splits with positive gain, best gain: -inf
[LightGBM] [Warning] No further splits with positive gain, best gain: -inf
[LightGBM] [Warning] No further splits with positive gain, best gain: -inf
[LightGBM] [Warning] No further splits with positive gain, best gain: -inf
[LightGBM] [Warning] No further splits with positive gain, best gain: -inf
[LightGBM] [Warning] No further splits with positive gain, best gain: -inf
[LightGBM] [Warning] No further splits with positive gain, best gain: -inf
[LightGBM] [Warning] No further splits with positive gain, best gain: -inf
[LightGBM] [Warning] No further splits with positive gain, best gain: -inf
[LightGBM] [Warning] No further splits with positive gain, best gain: -inf
[LightGBM] [Warning] No further splits with positive gain, best gain: -inf
[LightGBM] [Warning] No further splits with positive gain, best gain: -inf
[LightGBM] [Warning] No further splits with positive gain, best gain: -inf
[LightGBM] [Warning] No further splits with positive gain, best gain: -inf
[LightGBM] [Warning] No further splits with positive gain, best gain: -inf
[LightGBM] [Warning] No further splits with positive gain, best gain: -inf
[LightGBM] [Warning] No further splits with positive gain, best gain: -inf
[INFO] scored n=24  window=[2025-12-01 00:00:00 .. 2025-12-01 23:00:00]
[INFO] Test A: δηλητηρίαση UNSAFE crosslag κελιών (source > cutoff_F)...
[LightGBM] [Info] Auto-choosing col-wise multi-threading, the overhead of testing was 0.002665 seconds.
You can set `force_col_wise=true` to remove the overhead.
[LightGBM] [Info] Total Bins 19770
[LightGBM] [Info] Number of data points in the train set: 2159, number of used features: 140
[LightGBM] [Info] Start training from score 104.046264
[LightGBM] [Warning] No further splits with positive gain, best gain: -inf
[LightGBM] [Warning] No further splits with positive gain, best gain: -inf
[LightGBM] [Warning] No further splits with positive gain, best gain: -inf
[LightGBM] [Warning] No further splits with positive gain, best gain: -inf
[LightGBM] [Warning] No further splits with positive gain, best gain: -inf
[LightGBM] [Warning] No further splits with positive gain, best gain: -inf
[LightGBM] [Warning] No further splits with positive gain, best gain: -inf
[LightGBM] [Warning] No further splits with positive gain, best gain: -inf
[LightGBM] [Warning] No further splits with positive gain, best gain: -inf
[LightGBM] [Warning] No further splits with positive gain, best gain: -inf
[LightGBM] [Warning] No further splits with positive gain, best gain: -inf
[LightGBM] [Warning] No further splits with positive gain, best gain: -inf
[LightGBM] [Warning] No further splits with positive gain, best gain: -inf
[LightGBM] [Warning] No further splits with positive gain, best gain: -inf
[LightGBM] [Warning] No further splits with positive gain, best gain: -inf
[LightGBM] [Warning] No further splits with positive gain, best gain: -inf
[LightGBM] [Warning] No further splits with positive gain, best gain: -inf
[LightGBM] [Warning] No further splits with positive gain, best gain: -inf
[LightGBM] [Warning] No further splits with positive gain, best gain: -inf
[LightGBM] [Warning] No further splits with positive gain, best gain: -inf
[LightGBM] [Warning] No further splits with positive gain, best gain: -inf
[LightGBM] [Warning] No further splits with positive gain, best gain: -inf
[LightGBM] [Warning] No further splits with positive gain, best gain: -inf
[LightGBM] [Warning] No further splits with positive gain, best gain: -inf
[LightGBM] [Warning] No further splits with positive gain, best gain: -inf
[LightGBM] [Warning] No further splits with positive gain, best gain: -inf
[LightGBM] [Warning] No further splits with positive gain, best gain: -inf
[LightGBM] [Warning] No further splits with positive gain, best gain: -inf
[LightGBM] [Warning] No further splits with positive gain, best gain: -inf
[LightGBM] [Warning] No further splits with positive gain, best gain: -inf
[LightGBM] [Warning] No further splits with positive gain, best gain: -inf
[LightGBM] [Warning] No further splits with positive gain, best gain: -inf
[LightGBM] [Warning] No further splits with positive gain, best gain: -inf
[LightGBM] [Warning] No further splits with positive gain, best gain: -inf
[LightGBM] [Warning] No further splits with positive gain, best gain: -inf
[LightGBM] [Warning] No further splits with positive gain, best gain: -inf
[LightGBM] [Warning] No further splits with positive gain, best gain: -inf
[LightGBM] [Warning] No further splits with positive gain, best gain: -inf
[LightGBM] [Warning] No further splits with positive gain, best gain: -inf
[LightGBM] [Warning] No further splits with positive gain, best gain: -inf
[LightGBM] [Warning] No further splits with positive gain, best gain: -inf
[LightGBM] [Warning] No further splits with positive gain, best gain: -inf
[LightGBM] [Warning] No further splits with positive gain, best gain: -inf
[LightGBM] [Warning] No further splits with positive gain, best gain: -inf
[LightGBM] [Warning] No further splits with positive gain, best gain: -inf
[LightGBM] [Warning] No further splits with positive gain, best gain: -inf
[LightGBM] [Warning] No further splits with positive gain, best gain: -inf
[LightGBM] [Warning] No further splits with positive gain, best gain: -inf
[LightGBM] [Warning] No further splits with positive gain, best gain: -inf
[LightGBM] [Warning] No further splits with positive gain, best gain: -inf
[LightGBM] [Warning] No further splits with positive gain, best gain: -inf
[LightGBM] [Warning] No further splits with positive gain, best gain: -inf
[LightGBM] [Warning] No further splits with positive gain, best gain: -inf
[LightGBM] [Warning] No further splits with positive gain, best gain: -inf
[LightGBM] [Warning] No further splits with positive gain, best gain: -inf
[LightGBM] [Warning] No further splits with positive gain, best gain: -inf
[LightGBM] [Warning] No further splits with positive gain, best gain: -inf
[LightGBM] [Warning] No further splits with positive gain, best gain: -inf
[LightGBM] [Warning] No further splits with positive gain, best gain: -inf
[LightGBM] [Warning] No further splits with positive gain, best gain: -inf
[LightGBM] [Warning] No further splits with positive gain, best gain: -inf
[LightGBM] [Warning] No further splits with positive gain, best gain: -inf
[LightGBM] [Warning] No further splits with positive gain, best gain: -inf
[LightGBM] [Warning] No further splits with positive gain, best gain: -inf
[LightGBM] [Warning] No further splits with positive gain, best gain: -inf
[LightGBM] [Warning] No further splits with positive gain, best gain: -inf
[LightGBM] [Warning] No further splits with positive gain, best gain: -inf
[LightGBM] [Warning] No further splits with positive gain, best gain: -inf
[LightGBM] [Warning] No further splits with positive gain, best gain: -inf
[LightGBM] [Warning] No further splits with positive gain, best gain: -inf
[LightGBM] [Warning] No further splits with positive gain, best gain: -inf
[LightGBM] [Warning] No further splits with positive gain, best gain: -inf
[LightGBM] [Warning] No further splits with positive gain, best gain: -inf
[LightGBM] [Warning] No further splits with positive gain, best gain: -inf
[LightGBM] [Warning] No further splits with positive gain, best gain: -inf
[LightGBM] [Warning] No further splits with positive gain, best gain: -inf
[LightGBM] [Warning] No further splits with positive gain, best gain: -inf
[LightGBM] [Warning] No further splits with positive gain, best gain: -inf
[LightGBM] [Warning] No further splits with positive gain, best gain: -inf
[LightGBM] [Warning] No further splits with positive gain, best gain: -inf
[LightGBM] [Warning] No further splits with positive gain, best gain: -inf
[LightGBM] [Warning] No further splits with positive gain, best gain: -inf
[LightGBM] [Warning] No further splits with positive gain, best gain: -inf
[LightGBM] [Warning] No further splits with positive gain, best gain: -inf
[LightGBM] [Warning] No further splits with positive gain, best gain: -inf
[LightGBM] [Warning] No further splits with positive gain, best gain: -inf
[LightGBM] [Warning] No further splits with positive gain, best gain: -inf
[LightGBM] [Warning] No further splits with positive gain, best gain: -inf
[LightGBM] [Warning] No further splits with positive gain, best gain: -inf
[LightGBM] [Warning] No further splits with positive gain, best gain: -inf
[LightGBM] [Warning] No further splits with positive gain, best gain: -inf
[LightGBM] [Warning] No further splits with positive gain, best gain: -inf
[LightGBM] [Warning] No further splits with positive gain, best gain: -inf
[LightGBM] [Warning] No further splits with positive gain, best gain: -inf
[LightGBM] [Warning] No further splits with positive gain, best gain: -inf
[LightGBM] [Warning] No further splits with positive gain, best gain: -inf
[LightGBM] [Warning] No further splits with positive gain, best gain: -inf
[LightGBM] [Warning] No further splits with positive gain, best gain: -inf
[LightGBM] [Warning] No further splits with positive gain, best gain: -inf
[LightGBM] [Warning] No further splits with positive gain, best gain: -inf
[LightGBM] [Warning] No further splits with positive gain, best gain: -inf
[LightGBM] [Warning] No further splits with positive gain, best gain: -inf
[LightGBM] [Warning] No further splits with positive gain, best gain: -inf
[LightGBM] [Warning] No further splits with positive gain, best gain: -inf
[LightGBM] [Warning] No further splits with positive gain, best gain: -inf
[LightGBM] [Warning] No further splits with positive gain, best gain: -inf
[LightGBM] [Warning] No further splits with positive gain, best gain: -inf
[LightGBM] [Warning] No further splits with positive gain, best gain: -inf
[LightGBM] [Warning] No further splits with positive gain, best gain: -inf
[LightGBM] [Warning] No further splits with positive gain, best gain: -inf
[LightGBM] [Warning] No further splits with positive gain, best gain: -inf
[LightGBM] [Warning] No further splits with positive gain, best gain: -inf
[LightGBM] [Warning] No further splits with positive gain, best gain: -inf
[LightGBM] [Warning] No further splits with positive gain, best gain: -inf
[LightGBM] [Warning] No further splits with positive gain, best gain: -inf
[LightGBM] [Warning] No further splits with positive gain, best gain: -inf
[LightGBM] [Warning] No further splits with positive gain, best gain: -inf
[LightGBM] [Warning] No further splits with positive gain, best gain: -inf
[LightGBM] [Warning] No further splits with positive gain, best gain: -inf
[LightGBM] [Warning] No further splits with positive gain, best gain: -inf
[LightGBM] [Warning] No further splits with positive gain, best gain: -inf
[LightGBM] [Warning] No further splits with positive gain, best gain: -inf
[LightGBM] [Warning] No further splits with positive gain, best gain: -inf
[LightGBM] [Warning] No further splits with positive gain, best gain: -inf
[LightGBM] [Warning] No further splits with positive gain, best gain: -inf
[LightGBM] [Warning] No further splits with positive gain, best gain: -inf
[LightGBM] [Warning] No further splits with positive gain, best gain: -inf
[LightGBM] [Warning] No further splits with positive gain, best gain: -inf
[LightGBM] [Warning] No further splits with positive gain, best gain: -inf
[LightGBM] [Warning] No further splits with positive gain, best gain: -inf
[LightGBM] [Warning] No further splits with positive gain, best gain: -inf
[LightGBM] [Warning] No further splits with positive gain, best gain: -inf
[LightGBM] [Warning] No further splits with positive gain, best gain: -inf
[LightGBM] [Warning] No further splits with positive gain, best gain: -inf
[LightGBM] [Warning] No further splits with positive gain, best gain: -inf
[LightGBM] [Warning] No further splits with positive gain, best gain: -inf
[LightGBM] [Warning] No further splits with positive gain, best gain: -inf
[LightGBM] [Warning] No further splits with positive gain, best gain: -inf
[LightGBM] [Warning] No further splits with positive gain, best gain: -inf
[LightGBM] [Warning] No further splits with positive gain, best gain: -inf
[LightGBM] [Warning] No further splits with positive gain, best gain: -inf
[LightGBM] [Warning] No further splits with positive gain, best gain: -inf
[LightGBM] [Warning] No further splits with positive gain, best gain: -inf
[LightGBM] [Warning] No further splits with positive gain, best gain: -inf
[LightGBM] [Warning] No further splits with positive gain, best gain: -inf
[LightGBM] [Warning] No further splits with positive gain, best gain: -inf
[LightGBM] [Warning] No further splits with positive gain, best gain: -inf
[LightGBM] [Warning] No further splits with positive gain, best gain: -inf
[LightGBM] [Warning] No further splits with positive gain, best gain: -inf
[LightGBM] [Warning] No further splits with positive gain, best gain: -inf
[LightGBM] [Warning] No further splits with positive gain, best gain: -inf
[LightGBM] [Warning] No further splits with positive gain, best gain: -inf
[LightGBM] [Warning] No further splits with positive gain, best gain: -inf
[LightGBM] [Warning] No further splits with positive gain, best gain: -inf
[LightGBM] [Warning] No further splits with positive gain, best gain: -inf
[LightGBM] [Warning] No further splits with positive gain, best gain: -inf
[LightGBM] [Warning] No further splits with positive gain, best gain: -inf
[LightGBM] [Warning] No further splits with positive gain, best gain: -inf
[LightGBM] [Warning] No further splits with positive gain, best gain: -inf
[LightGBM] [Warning] No further splits with positive gain, best gain: -inf
[LightGBM] [Warning] No further splits with positive gain, best gain: -inf
[LightGBM] [Warning] No further splits with positive gain, best gain: -inf
[LightGBM] [Warning] No further splits with positive gain, best gain: -inf
[LightGBM] [Warning] No further splits with positive gain, best gain: -inf
[LightGBM] [Warning] No further splits with positive gain, best gain: -inf
[LightGBM] [Warning] No further splits with positive gain, best gain: -inf
[LightGBM] [Warning] No further splits with positive gain, best gain: -inf
[LightGBM] [Warning] No further splits with positive gain, best gain: -inf
[LightGBM] [Warning] No further splits with positive gain, best gain: -inf
[LightGBM] [Warning] No further splits with positive gain, best gain: -inf
[LightGBM] [Warning] No further splits with positive gain, best gain: -inf
[LightGBM] [Warning] No further splits with positive gain, best gain: -inf
[LightGBM] [Warning] No further splits with positive gain, best gain: -inf
[LightGBM] [Warning] No further splits with positive gain, best gain: -inf
[LightGBM] [Warning] No further splits with positive gain, best gain: -inf
[LightGBM] [Warning] No further splits with positive gain, best gain: -inf
[LightGBM] [Warning] No further splits with positive gain, best gain: -inf
[LightGBM] [Warning] No further splits with positive gain, best gain: -inf
[LightGBM] [Warning] No further splits with positive gain, best gain: -inf
[LightGBM] [Warning] No further splits with positive gain, best gain: -inf
[LightGBM] [Warning] No further splits with positive gain, best gain: -inf
[LightGBM] [Warning] No further splits with positive gain, best gain: -inf
[LightGBM] [Warning] No further splits with positive gain, best gain: -inf
[LightGBM] [Warning] No further splits with positive gain, best gain: -inf
[LightGBM] [Warning] No further splits with positive gain, best gain: -inf
[LightGBM] [Warning] No further splits with positive gain, best gain: -inf
[LightGBM] [Warning] No further splits with positive gain, best gain: -inf
[LightGBM] [Warning] No further splits with positive gain, best gain: -inf
[LightGBM] [Warning] No further splits with positive gain, best gain: -inf
[LightGBM] [Warning] No further splits with positive gain, best gain: -inf
[LightGBM] [Warning] No further splits with positive gain, best gain: -inf
[LightGBM] [Warning] No further splits with positive gain, best gain: -inf
[LightGBM] [Warning] No further splits with positive gain, best gain: -inf
[LightGBM] [Warning] No further splits with positive gain, best gain: -inf
[LightGBM] [Warning] No further splits with positive gain, best gain: -inf
[LightGBM] [Warning] No further splits with positive gain, best gain: -inf
[LightGBM] [Warning] No further splits with positive gain, best gain: -inf
[LightGBM] [Warning] No further splits with positive gain, best gain: -inf
[LightGBM] [Warning] No further splits with positive gain, best gain: -inf
[LightGBM] [Warning] No further splits with positive gain, best gain: -inf
[RESULT] A_POISON_UNSAFE_CROSSLAGS: n_poisoned_cells=67938 mean_abs_diff=0.000000 max_abs_diff=0.000000
[INFO] Test B (control): δηλητηρίαση SAFE crosslag κελιών, ΜΟΝΟ στο eval window...
[LightGBM] [Info] Auto-choosing col-wise multi-threading, the overhead of testing was 0.002384 seconds.
You can set `force_col_wise=true` to remove the overhead.
[LightGBM] [Info] Total Bins 19770
[LightGBM] [Info] Number of data points in the train set: 2159, number of used features: 140
[LightGBM] [Info] Start training from score 104.046264
[LightGBM] [Warning] No further splits with positive gain, best gain: -inf
[LightGBM] [Warning] No further splits with positive gain, best gain: -inf
[LightGBM] [Warning] No further splits with positive gain, best gain: -inf
[LightGBM] [Warning] No further splits with positive gain, best gain: -inf
[LightGBM] [Warning] No further splits with positive gain, best gain: -inf
[LightGBM] [Warning] No further splits with positive gain, best gain: -inf
[LightGBM] [Warning] No further splits with positive gain, best gain: -inf
[LightGBM] [Warning] No further splits with positive gain, best gain: -inf
[LightGBM] [Warning] No further splits with positive gain, best gain: -inf
[LightGBM] [Warning] No further splits with positive gain, best gain: -inf
[LightGBM] [Warning] No further splits with positive gain, best gain: -inf
[LightGBM] [Warning] No further splits with positive gain, best gain: -inf
[LightGBM] [Warning] No further splits with positive gain, best gain: -inf
[LightGBM] [Warning] No further splits with positive gain, best gain: -inf
[LightGBM] [Warning] No further splits with positive gain, best gain: -inf
[LightGBM] [Warning] No further splits with positive gain, best gain: -inf
[LightGBM] [Warning] No further splits with positive gain, best gain: -inf
[LightGBM] [Warning] No further splits with positive gain, best gain: -inf
[LightGBM] [Warning] No further splits with positive gain, best gain: -inf
[LightGBM] [Warning] No further splits with positive gain, best gain: -inf
[LightGBM] [Warning] No further splits with positive gain, best gain: -inf
[LightGBM] [Warning] No further splits with positive gain, best gain: -inf
[LightGBM] [Warning] No further splits with positive gain, best gain: -inf
[LightGBM] [Warning] No further splits with positive gain, best gain: -inf
[LightGBM] [Warning] No further splits with positive gain, best gain: -inf
[LightGBM] [Warning] No further splits with positive gain, best gain: -inf
[LightGBM] [Warning] No further splits with positive gain, best gain: -inf
[LightGBM] [Warning] No further splits with positive gain, best gain: -inf
[LightGBM] [Warning] No further splits with positive gain, best gain: -inf
[LightGBM] [Warning] No further splits with positive gain, best gain: -inf
[LightGBM] [Warning] No further splits with positive gain, best gain: -inf
[LightGBM] [Warning] No further splits with positive gain, best gain: -inf
[LightGBM] [Warning] No further splits with positive gain, best gain: -inf
[LightGBM] [Warning] No further splits with positive gain, best gain: -inf
[LightGBM] [Warning] No further splits with positive gain, best gain: -inf
[LightGBM] [Warning] No further splits with positive gain, best gain: -inf
[LightGBM] [Warning] No further splits with positive gain, best gain: -inf
[LightGBM] [Warning] No further splits with positive gain, best gain: -inf
[LightGBM] [Warning] No further splits with positive gain, best gain: -inf
[LightGBM] [Warning] No further splits with positive gain, best gain: -inf
[LightGBM] [Warning] No further splits with positive gain, best gain: -inf
[LightGBM] [Warning] No further splits with positive gain, best gain: -inf
[LightGBM] [Warning] No further splits with positive gain, best gain: -inf
[LightGBM] [Warning] No further splits with positive gain, best gain: -inf
[LightGBM] [Warning] No further splits with positive gain, best gain: -inf
[LightGBM] [Warning] No further splits with positive gain, best gain: -inf
[LightGBM] [Warning] No further splits with positive gain, best gain: -inf
[LightGBM] [Warning] No further splits with positive gain, best gain: -inf
[LightGBM] [Warning] No further splits with positive gain, best gain: -inf
[LightGBM] [Warning] No further splits with positive gain, best gain: -inf
[LightGBM] [Warning] No further splits with positive gain, best gain: -inf
[LightGBM] [Warning] No further splits with positive gain, best gain: -inf
[LightGBM] [Warning] No further splits with positive gain, best gain: -inf
[LightGBM] [Warning] No further splits with positive gain, best gain: -inf
[LightGBM] [Warning] No further splits with positive gain, best gain: -inf
[LightGBM] [Warning] No further splits with positive gain, best gain: -inf
[LightGBM] [Warning] No further splits with positive gain, best gain: -inf
[LightGBM] [Warning] No further splits with positive gain, best gain: -inf
[LightGBM] [Warning] No further splits with positive gain, best gain: -inf
[LightGBM] [Warning] No further splits with positive gain, best gain: -inf
[LightGBM] [Warning] No further splits with positive gain, best gain: -inf
[LightGBM] [Warning] No further splits with positive gain, best gain: -inf
[LightGBM] [Warning] No further splits with positive gain, best gain: -inf
[LightGBM] [Warning] No further splits with positive gain, best gain: -inf
[LightGBM] [Warning] No further splits with positive gain, best gain: -inf
[LightGBM] [Warning] No further splits with positive gain, best gain: -inf
[LightGBM] [Warning] No further splits with positive gain, best gain: -inf
[LightGBM] [Warning] No further splits with positive gain, best gain: -inf
[LightGBM] [Warning] No further splits with positive gain, best gain: -inf
[LightGBM] [Warning] No further splits with positive gain, best gain: -inf
[LightGBM] [Warning] No further splits with positive gain, best gain: -inf
[LightGBM] [Warning] No further splits with positive gain, best gain: -inf
[LightGBM] [Warning] No further splits with positive gain, best gain: -inf
[LightGBM] [Warning] No further splits with positive gain, best gain: -inf
[LightGBM] [Warning] No further splits with positive gain, best gain: -inf
[LightGBM] [Warning] No further splits with positive gain, best gain: -inf
[LightGBM] [Warning] No further splits with positive gain, best gain: -inf
[LightGBM] [Warning] No further splits with positive gain, best gain: -inf
[LightGBM] [Warning] No further splits with positive gain, best gain: -inf
[LightGBM] [Warning] No further splits with positive gain, best gain: -inf
[LightGBM] [Warning] No further splits with positive gain, best gain: -inf
[LightGBM] [Warning] No further splits with positive gain, best gain: -inf
[LightGBM] [Warning] No further splits with positive gain, best gain: -inf
[LightGBM] [Warning] No further splits with positive gain, best gain: -inf
[LightGBM] [Warning] No further splits with positive gain, best gain: -inf
[LightGBM] [Warning] No further splits with positive gain, best gain: -inf
[LightGBM] [Warning] No further splits with positive gain, best gain: -inf
[LightGBM] [Warning] No further splits with positive gain, best gain: -inf
[LightGBM] [Warning] No further splits with positive gain, best gain: -inf
[LightGBM] [Warning] No further splits with positive gain, best gain: -inf
[LightGBM] [Warning] No further splits with positive gain, best gain: -inf
[LightGBM] [Warning] No further splits with positive gain, best gain: -inf
[LightGBM] [Warning] No further splits with positive gain, best gain: -inf
[LightGBM] [Warning] No further splits with positive gain, best gain: -inf
[LightGBM] [Warning] No further splits with positive gain, best gain: -inf
[LightGBM] [Warning] No further splits with positive gain, best gain: -inf
[LightGBM] [Warning] No further splits with positive gain, best gain: -inf
[LightGBM] [Warning] No further splits with positive gain, best gain: -inf
[LightGBM] [Warning] No further splits with positive gain, best gain: -inf
[LightGBM] [Warning] No further splits with positive gain, best gain: -inf
[LightGBM] [Warning] No further splits with positive gain, best gain: -inf
[LightGBM] [Warning] No further splits with positive gain, best gain: -inf
[LightGBM] [Warning] No further splits with positive gain, best gain: -inf
[LightGBM] [Warning] No further splits with positive gain, best gain: -inf
[LightGBM] [Warning] No further splits with positive gain, best gain: -inf
[LightGBM] [Warning] No further splits with positive gain, best gain: -inf
[LightGBM] [Warning] No further splits with positive gain, best gain: -inf
[LightGBM] [Warning] No further splits with positive gain, best gain: -inf
[LightGBM] [Warning] No further splits with positive gain, best gain: -inf
[LightGBM] [Warning] No further splits with positive gain, best gain: -inf
[LightGBM] [Warning] No further splits with positive gain, best gain: -inf
[LightGBM] [Warning] No further splits with positive gain, best gain: -inf
[LightGBM] [Warning] No further splits with positive gain, best gain: -inf
[LightGBM] [Warning] No further splits with positive gain, best gain: -inf
[LightGBM] [Warning] No further splits with positive gain, best gain: -inf
[LightGBM] [Warning] No further splits with positive gain, best gain: -inf
[LightGBM] [Warning] No further splits with positive gain, best gain: -inf
[LightGBM] [Warning] No further splits with positive gain, best gain: -inf
[LightGBM] [Warning] No further splits with positive gain, best gain: -inf
[LightGBM] [Warning] No further splits with positive gain, best gain: -inf
[LightGBM] [Warning] No further splits with positive gain, best gain: -inf
[LightGBM] [Warning] No further splits with positive gain, best gain: -inf
[LightGBM] [Warning] No further splits with positive gain, best gain: -inf
[LightGBM] [Warning] No further splits with positive gain, best gain: -inf
[LightGBM] [Warning] No further splits with positive gain, best gain: -inf
[LightGBM] [Warning] No further splits with positive gain, best gain: -inf
[LightGBM] [Warning] No further splits with positive gain, best gain: -inf
[LightGBM] [Warning] No further splits with positive gain, best gain: -inf
[LightGBM] [Warning] No further splits with positive gain, best gain: -inf
[LightGBM] [Warning] No further splits with positive gain, best gain: -inf
[LightGBM] [Warning] No further splits with positive gain, best gain: -inf
[LightGBM] [Warning] No further splits with positive gain, best gain: -inf
[LightGBM] [Warning] No further splits with positive gain, best gain: -inf
[LightGBM] [Warning] No further splits with positive gain, best gain: -inf
[LightGBM] [Warning] No further splits with positive gain, best gain: -inf
[LightGBM] [Warning] No further splits with positive gain, best gain: -inf
[LightGBM] [Warning] No further splits with positive gain, best gain: -inf
[LightGBM] [Warning] No further splits with positive gain, best gain: -inf
[LightGBM] [Warning] No further splits with positive gain, best gain: -inf
[LightGBM] [Warning] No further splits with positive gain, best gain: -inf
[LightGBM] [Warning] No further splits with positive gain, best gain: -inf
[LightGBM] [Warning] No further splits with positive gain, best gain: -inf
[LightGBM] [Warning] No further splits with positive gain, best gain: -inf
[LightGBM] [Warning] No further splits with positive gain, best gain: -inf
[LightGBM] [Warning] No further splits with positive gain, best gain: -inf
[LightGBM] [Warning] No further splits with positive gain, best gain: -inf
[LightGBM] [Warning] No further splits with positive gain, best gain: -inf
[LightGBM] [Warning] No further splits with positive gain, best gain: -inf
[LightGBM] [Warning] No further splits with positive gain, best gain: -inf
[LightGBM] [Warning] No further splits with positive gain, best gain: -inf
[LightGBM] [Warning] No further splits with positive gain, best gain: -inf
[LightGBM] [Warning] No further splits with positive gain, best gain: -inf
[LightGBM] [Warning] No further splits with positive gain, best gain: -inf
[LightGBM] [Warning] No further splits with positive gain, best gain: -inf
[LightGBM] [Warning] No further splits with positive gain, best gain: -inf
[LightGBM] [Warning] No further splits with positive gain, best gain: -inf
[LightGBM] [Warning] No further splits with positive gain, best gain: -inf
[LightGBM] [Warning] No further splits with positive gain, best gain: -inf
[LightGBM] [Warning] No further splits with positive gain, best gain: -inf
[LightGBM] [Warning] No further splits with positive gain, best gain: -inf
[LightGBM] [Warning] No further splits with positive gain, best gain: -inf
[LightGBM] [Warning] No further splits with positive gain, best gain: -inf
[LightGBM] [Warning] No further splits with positive gain, best gain: -inf
[LightGBM] [Warning] No further splits with positive gain, best gain: -inf
[LightGBM] [Warning] No further splits with positive gain, best gain: -inf
[LightGBM] [Warning] No further splits with positive gain, best gain: -inf
[LightGBM] [Warning] No further splits with positive gain, best gain: -inf
[LightGBM] [Warning] No further splits with positive gain, best gain: -inf
[LightGBM] [Warning] No further splits with positive gain, best gain: -inf
[LightGBM] [Warning] No further splits with positive gain, best gain: -inf
[LightGBM] [Warning] No further splits with positive gain, best gain: -inf
[LightGBM] [Warning] No further splits with positive gain, best gain: -inf
[LightGBM] [Warning] No further splits with positive gain, best gain: -inf
[LightGBM] [Warning] No further splits with positive gain, best gain: -inf
[LightGBM] [Warning] No further splits with positive gain, best gain: -inf
[LightGBM] [Warning] No further splits with positive gain, best gain: -inf
[LightGBM] [Warning] No further splits with positive gain, best gain: -inf
[LightGBM] [Warning] No further splits with positive gain, best gain: -inf
[LightGBM] [Warning] No further splits with positive gain, best gain: -inf
[LightGBM] [Warning] No further splits with positive gain, best gain: -inf
[LightGBM] [Warning] No further splits with positive gain, best gain: -inf
[LightGBM] [Warning] No further splits with positive gain, best gain: -inf
[LightGBM] [Warning] No further splits with positive gain, best gain: -inf
[LightGBM] [Warning] No further splits with positive gain, best gain: -inf
[LightGBM] [Warning] No further splits with positive gain, best gain: -inf
[LightGBM] [Warning] No further splits with positive gain, best gain: -inf
[LightGBM] [Warning] No further splits with positive gain, best gain: -inf
[LightGBM] [Warning] No further splits with positive gain, best gain: -inf
[LightGBM] [Warning] No further splits with positive gain, best gain: -inf
[LightGBM] [Warning] No further splits with positive gain, best gain: -inf
[LightGBM] [Warning] No further splits with positive gain, best gain: -inf
[LightGBM] [Warning] No further splits with positive gain, best gain: -inf
[LightGBM] [Warning] No further splits with positive gain, best gain: -inf
[LightGBM] [Warning] No further splits with positive gain, best gain: -inf
[LightGBM] [Warning] No further splits with positive gain, best gain: -inf
[LightGBM] [Warning] No further splits with positive gain, best gain: -inf
[LightGBM] [Warning] No further splits with positive gain, best gain: -inf
[LightGBM] [Warning] No further splits with positive gain, best gain: -inf
[LightGBM] [Warning] No further splits with positive gain, best gain: -inf
[LightGBM] [Warning] No further splits with positive gain, best gain: -inf
[RESULT] B_POISON_SAFE_CROSSLAGS (control): n_poisoned_cells=254 mean_abs_diff=23.259593 max_abs_diff=53.961288
[INFO] Test C: direct έλεγχος training-row freeze (χωρίς poisoning/training)...
[RESULT] C_TRAINING_FREEZE: unsafe_checked=54 safe_checked=36 mismatches=0
[INFO] Test D1: y-path poisoning (y + 26 y_lag cols, source > y_cutoff=2025-11-30 23:00:00)...
[LightGBM] [Info] Auto-choosing col-wise multi-threading, the overhead of testing was 0.002709 seconds.
You can set `force_col_wise=true` to remove the overhead.
[LightGBM] [Info] Total Bins 19770
[LightGBM] [Info] Number of data points in the train set: 2159, number of used features: 140
[LightGBM] [Info] Start training from score 104.046264
[LightGBM] [Warning] No further splits with positive gain, best gain: -inf
[LightGBM] [Warning] No further splits with positive gain, best gain: -inf
[LightGBM] [Warning] No further splits with positive gain, best gain: -inf
[LightGBM] [Warning] No further splits with positive gain, best gain: -inf
[LightGBM] [Warning] No further splits with positive gain, best gain: -inf
[LightGBM] [Warning] No further splits with positive gain, best gain: -inf
[LightGBM] [Warning] No further splits with positive gain, best gain: -inf
[LightGBM] [Warning] No further splits with positive gain, best gain: -inf
[LightGBM] [Warning] No further splits with positive gain, best gain: -inf
[LightGBM] [Warning] No further splits with positive gain, best gain: -inf
[LightGBM] [Warning] No further splits with positive gain, best gain: -inf
[LightGBM] [Warning] No further splits with positive gain, best gain: -inf
[LightGBM] [Warning] No further splits with positive gain, best gain: -inf
[LightGBM] [Warning] No further splits with positive gain, best gain: -inf
[LightGBM] [Warning] No further splits with positive gain, best gain: -inf
[LightGBM] [Warning] No further splits with positive gain, best gain: -inf
[LightGBM] [Warning] No further splits with positive gain, best gain: -inf
[LightGBM] [Warning] No further splits with positive gain, best gain: -inf
[LightGBM] [Warning] No further splits with positive gain, best gain: -inf
[LightGBM] [Warning] No further splits with positive gain, best gain: -inf
[LightGBM] [Warning] No further splits with positive gain, best gain: -inf
[LightGBM] [Warning] No further splits with positive gain, best gain: -inf
[LightGBM] [Warning] No further splits with positive gain, best gain: -inf
[LightGBM] [Warning] No further splits with positive gain, best gain: -inf
[LightGBM] [Warning] No further splits with positive gain, best gain: -inf
[LightGBM] [Warning] No further splits with positive gain, best gain: -inf
[LightGBM] [Warning] No further splits with positive gain, best gain: -inf
[LightGBM] [Warning] No further splits with positive gain, best gain: -inf
[LightGBM] [Warning] No further splits with positive gain, best gain: -inf
[LightGBM] [Warning] No further splits with positive gain, best gain: -inf
[LightGBM] [Warning] No further splits with positive gain, best gain: -inf
[LightGBM] [Warning] No further splits with positive gain, best gain: -inf
[LightGBM] [Warning] No further splits with positive gain, best gain: -inf
[LightGBM] [Warning] No further splits with positive gain, best gain: -inf
[LightGBM] [Warning] No further splits with positive gain, best gain: -inf
[LightGBM] [Warning] No further splits with positive gain, best gain: -inf
[LightGBM] [Warning] No further splits with positive gain, best gain: -inf
[LightGBM] [Warning] No further splits with positive gain, best gain: -inf
[LightGBM] [Warning] No further splits with positive gain, best gain: -inf
[LightGBM] [Warning] No further splits with positive gain, best gain: -inf
[LightGBM] [Warning] No further splits with positive gain, best gain: -inf
[LightGBM] [Warning] No further splits with positive gain, best gain: -inf
[LightGBM] [Warning] No further splits with positive gain, best gain: -inf
[LightGBM] [Warning] No further splits with positive gain, best gain: -inf
[LightGBM] [Warning] No further splits with positive gain, best gain: -inf
[LightGBM] [Warning] No further splits with positive gain, best gain: -inf
[LightGBM] [Warning] No further splits with positive gain, best gain: -inf
[LightGBM] [Warning] No further splits with positive gain, best gain: -inf
[LightGBM] [Warning] No further splits with positive gain, best gain: -inf
[LightGBM] [Warning] No further splits with positive gain, best gain: -inf
[LightGBM] [Warning] No further splits with positive gain, best gain: -inf
[LightGBM] [Warning] No further splits with positive gain, best gain: -inf
[LightGBM] [Warning] No further splits with positive gain, best gain: -inf
[LightGBM] [Warning] No further splits with positive gain, best gain: -inf
[LightGBM] [Warning] No further splits with positive gain, best gain: -inf
[LightGBM] [Warning] No further splits with positive gain, best gain: -inf
[LightGBM] [Warning] No further splits with positive gain, best gain: -inf
[LightGBM] [Warning] No further splits with positive gain, best gain: -inf
[LightGBM] [Warning] No further splits with positive gain, best gain: -inf
[LightGBM] [Warning] No further splits with positive gain, best gain: -inf
[LightGBM] [Warning] No further splits with positive gain, best gain: -inf
[LightGBM] [Warning] No further splits with positive gain, best gain: -inf
[LightGBM] [Warning] No further splits with positive gain, best gain: -inf
[LightGBM] [Warning] No further splits with positive gain, best gain: -inf
[LightGBM] [Warning] No further splits with positive gain, best gain: -inf
[LightGBM] [Warning] No further splits with positive gain, best gain: -inf
[LightGBM] [Warning] No further splits with positive gain, best gain: -inf
[LightGBM] [Warning] No further splits with positive gain, best gain: -inf
[LightGBM] [Warning] No further splits with positive gain, best gain: -inf
[LightGBM] [Warning] No further splits with positive gain, best gain: -inf
[LightGBM] [Warning] No further splits with positive gain, best gain: -inf
[LightGBM] [Warning] No further splits with positive gain, best gain: -inf
[LightGBM] [Warning] No further splits with positive gain, best gain: -inf
[LightGBM] [Warning] No further splits with positive gain, best gain: -inf
[LightGBM] [Warning] No further splits with positive gain, best gain: -inf
[LightGBM] [Warning] No further splits with positive gain, best gain: -inf
[LightGBM] [Warning] No further splits with positive gain, best gain: -inf
[LightGBM] [Warning] No further splits with positive gain, best gain: -inf
[LightGBM] [Warning] No further splits with positive gain, best gain: -inf
[LightGBM] [Warning] No further splits with positive gain, best gain: -inf
[LightGBM] [Warning] No further splits with positive gain, best gain: -inf
[LightGBM] [Warning] No further splits with positive gain, best gain: -inf
[LightGBM] [Warning] No further splits with positive gain, best gain: -inf
[LightGBM] [Warning] No further splits with positive gain, best gain: -inf
[LightGBM] [Warning] No further splits with positive gain, best gain: -inf
[LightGBM] [Warning] No further splits with positive gain, best gain: -inf
[LightGBM] [Warning] No further splits with positive gain, best gain: -inf
[LightGBM] [Warning] No further splits with positive gain, best gain: -inf
[LightGBM] [Warning] No further splits with positive gain, best gain: -inf
[LightGBM] [Warning] No further splits with positive gain, best gain: -inf
[LightGBM] [Warning] No further splits with positive gain, best gain: -inf
[LightGBM] [Warning] No further splits with positive gain, best gain: -inf
[LightGBM] [Warning] No further splits with positive gain, best gain: -inf
[LightGBM] [Warning] No further splits with positive gain, best gain: -inf
[LightGBM] [Warning] No further splits with positive gain, best gain: -inf
[LightGBM] [Warning] No further splits with positive gain, best gain: -inf
[LightGBM] [Warning] No further splits with positive gain, best gain: -inf
[LightGBM] [Warning] No further splits with positive gain, best gain: -inf
[LightGBM] [Warning] No further splits with positive gain, best gain: -inf
[LightGBM] [Warning] No further splits with positive gain, best gain: -inf
[LightGBM] [Warning] No further splits with positive gain, best gain: -inf
[LightGBM] [Warning] No further splits with positive gain, best gain: -inf
[LightGBM] [Warning] No further splits with positive gain, best gain: -inf
[LightGBM] [Warning] No further splits with positive gain, best gain: -inf
[LightGBM] [Warning] No further splits with positive gain, best gain: -inf
[LightGBM] [Warning] No further splits with positive gain, best gain: -inf
[LightGBM] [Warning] No further splits with positive gain, best gain: -inf
[LightGBM] [Warning] No further splits with positive gain, best gain: -inf
[LightGBM] [Warning] No further splits with positive gain, best gain: -inf
[LightGBM] [Warning] No further splits with positive gain, best gain: -inf
[LightGBM] [Warning] No further splits with positive gain, best gain: -inf
[LightGBM] [Warning] No further splits with positive gain, best gain: -inf
[LightGBM] [Warning] No further splits with positive gain, best gain: -inf
[LightGBM] [Warning] No further splits with positive gain, best gain: -inf
[LightGBM] [Warning] No further splits with positive gain, best gain: -inf
[LightGBM] [Warning] No further splits with positive gain, best gain: -inf
[LightGBM] [Warning] No further splits with positive gain, best gain: -inf
[LightGBM] [Warning] No further splits with positive gain, best gain: -inf
[LightGBM] [Warning] No further splits with positive gain, best gain: -inf
[LightGBM] [Warning] No further splits with positive gain, best gain: -inf
[LightGBM] [Warning] No further splits with positive gain, best gain: -inf
[LightGBM] [Warning] No further splits with positive gain, best gain: -inf
[LightGBM] [Warning] No further splits with positive gain, best gain: -inf
[LightGBM] [Warning] No further splits with positive gain, best gain: -inf
[LightGBM] [Warning] No further splits with positive gain, best gain: -inf
[LightGBM] [Warning] No further splits with positive gain, best gain: -inf
[LightGBM] [Warning] No further splits with positive gain, best gain: -inf
[LightGBM] [Warning] No further splits with positive gain, best gain: -inf
[LightGBM] [Warning] No further splits with positive gain, best gain: -inf
[LightGBM] [Warning] No further splits with positive gain, best gain: -inf
[LightGBM] [Warning] No further splits with positive gain, best gain: -inf
[LightGBM] [Warning] No further splits with positive gain, best gain: -inf
[LightGBM] [Warning] No further splits with positive gain, best gain: -inf
[LightGBM] [Warning] No further splits with positive gain, best gain: -inf
[LightGBM] [Warning] No further splits with positive gain, best gain: -inf
[LightGBM] [Warning] No further splits with positive gain, best gain: -inf
[LightGBM] [Warning] No further splits with positive gain, best gain: -inf
[LightGBM] [Warning] No further splits with positive gain, best gain: -inf
[LightGBM] [Warning] No further splits with positive gain, best gain: -inf
[LightGBM] [Warning] No further splits with positive gain, best gain: -inf
[LightGBM] [Warning] No further splits with positive gain, best gain: -inf
[LightGBM] [Warning] No further splits with positive gain, best gain: -inf
[LightGBM] [Warning] No further splits with positive gain, best gain: -inf
[LightGBM] [Warning] No further splits with positive gain, best gain: -inf
[LightGBM] [Warning] No further splits with positive gain, best gain: -inf
[LightGBM] [Warning] No further splits with positive gain, best gain: -inf
[LightGBM] [Warning] No further splits with positive gain, best gain: -inf
[LightGBM] [Warning] No further splits with positive gain, best gain: -inf
[LightGBM] [Warning] No further splits with positive gain, best gain: -inf
[LightGBM] [Warning] No further splits with positive gain, best gain: -inf
[LightGBM] [Warning] No further splits with positive gain, best gain: -inf
[LightGBM] [Warning] No further splits with positive gain, best gain: -inf
[LightGBM] [Warning] No further splits with positive gain, best gain: -inf
[LightGBM] [Warning] No further splits with positive gain, best gain: -inf
[LightGBM] [Warning] No further splits with positive gain, best gain: -inf
[LightGBM] [Warning] No further splits with positive gain, best gain: -inf
[LightGBM] [Warning] No further splits with positive gain, best gain: -inf
[LightGBM] [Warning] No further splits with positive gain, best gain: -inf
[LightGBM] [Warning] No further splits with positive gain, best gain: -inf
[LightGBM] [Warning] No further splits with positive gain, best gain: -inf
[LightGBM] [Warning] No further splits with positive gain, best gain: -inf
[LightGBM] [Warning] No further splits with positive gain, best gain: -inf
[LightGBM] [Warning] No further splits with positive gain, best gain: -inf
[LightGBM] [Warning] No further splits with positive gain, best gain: -inf
[LightGBM] [Warning] No further splits with positive gain, best gain: -inf
[LightGBM] [Warning] No further splits with positive gain, best gain: -inf
[LightGBM] [Warning] No further splits with positive gain, best gain: -inf
[LightGBM] [Warning] No further splits with positive gain, best gain: -inf
[LightGBM] [Warning] No further splits with positive gain, best gain: -inf
[LightGBM] [Warning] No further splits with positive gain, best gain: -inf
[LightGBM] [Warning] No further splits with positive gain, best gain: -inf
[LightGBM] [Warning] No further splits with positive gain, best gain: -inf
[LightGBM] [Warning] No further splits with positive gain, best gain: -inf
[LightGBM] [Warning] No further splits with positive gain, best gain: -inf
[LightGBM] [Warning] No further splits with positive gain, best gain: -inf
[LightGBM] [Warning] No further splits with positive gain, best gain: -inf
[LightGBM] [Warning] No further splits with positive gain, best gain: -inf
[LightGBM] [Warning] No further splits with positive gain, best gain: -inf
[LightGBM] [Warning] No further splits with positive gain, best gain: -inf
[LightGBM] [Warning] No further splits with positive gain, best gain: -inf
[LightGBM] [Warning] No further splits with positive gain, best gain: -inf
[LightGBM] [Warning] No further splits with positive gain, best gain: -inf
[LightGBM] [Warning] No further splits with positive gain, best gain: -inf
[LightGBM] [Warning] No further splits with positive gain, best gain: -inf
[LightGBM] [Warning] No further splits with positive gain, best gain: -inf
[LightGBM] [Warning] No further splits with positive gain, best gain: -inf
[LightGBM] [Warning] No further splits with positive gain, best gain: -inf
[LightGBM] [Warning] No further splits with positive gain, best gain: -inf
[LightGBM] [Warning] No further splits with positive gain, best gain: -inf
[LightGBM] [Warning] No further splits with positive gain, best gain: -inf
[LightGBM] [Warning] No further splits with positive gain, best gain: -inf
[LightGBM] [Warning] No further splits with positive gain, best gain: -inf
[LightGBM] [Warning] No further splits with positive gain, best gain: -inf
[LightGBM] [Warning] No further splits with positive gain, best gain: -inf
[LightGBM] [Warning] No further splits with positive gain, best gain: -inf
[LightGBM] [Warning] No further splits with positive gain, best gain: -inf
[LightGBM] [Warning] No further splits with positive gain, best gain: -inf
[LightGBM] [Warning] No further splits with positive gain, best gain: -inf
[LightGBM] [Warning] No further splits with positive gain, best gain: -inf
[LightGBM] [Warning] No further splits with positive gain, best gain: -inf
[RESULT] D1_POISON_UNSAFE_Y: n_poisoned_cells=300 mean_abs_diff=0.000000 max_abs_diff=0.000000
[INFO] Test D2 (control): poisoning y seed history (train_end, y_cutoff]...
[LightGBM] [Info] Auto-choosing col-wise multi-threading, the overhead of testing was 0.002855 seconds.
You can set `force_col_wise=true` to remove the overhead.
[LightGBM] [Info] Total Bins 19770
[LightGBM] [Info] Number of data points in the train set: 2159, number of used features: 140
[LightGBM] [Info] Start training from score 104.046264
[LightGBM] [Warning] No further splits with positive gain, best gain: -inf
[LightGBM] [Warning] No further splits with positive gain, best gain: -inf
[LightGBM] [Warning] No further splits with positive gain, best gain: -inf
[LightGBM] [Warning] No further splits with positive gain, best gain: -inf
[LightGBM] [Warning] No further splits with positive gain, best gain: -inf
[LightGBM] [Warning] No further splits with positive gain, best gain: -inf
[LightGBM] [Warning] No further splits with positive gain, best gain: -inf
[LightGBM] [Warning] No further splits with positive gain, best gain: -inf
[LightGBM] [Warning] No further splits with positive gain, best gain: -inf
[LightGBM] [Warning] No further splits with positive gain, best gain: -inf
[LightGBM] [Warning] No further splits with positive gain, best gain: -inf
[LightGBM] [Warning] No further splits with positive gain, best gain: -inf
[LightGBM] [Warning] No further splits with positive gain, best gain: -inf
[LightGBM] [Warning] No further splits with positive gain, best gain: -inf
[LightGBM] [Warning] No further splits with positive gain, best gain: -inf
[LightGBM] [Warning] No further splits with positive gain, best gain: -inf
[LightGBM] [Warning] No further splits with positive gain, best gain: -inf
[LightGBM] [Warning] No further splits with positive gain, best gain: -inf
[LightGBM] [Warning] No further splits with positive gain, best gain: -inf
[LightGBM] [Warning] No further splits with positive gain, best gain: -inf
[LightGBM] [Warning] No further splits with positive gain, best gain: -inf
[LightGBM] [Warning] No further splits with positive gain, best gain: -inf
[LightGBM] [Warning] No further splits with positive gain, best gain: -inf
[LightGBM] [Warning] No further splits with positive gain, best gain: -inf
[LightGBM] [Warning] No further splits with positive gain, best gain: -inf
[LightGBM] [Warning] No further splits with positive gain, best gain: -inf
[LightGBM] [Warning] No further splits with positive gain, best gain: -inf
[LightGBM] [Warning] No further splits with positive gain, best gain: -inf
[LightGBM] [Warning] No further splits with positive gain, best gain: -inf
[LightGBM] [Warning] No further splits with positive gain, best gain: -inf
[LightGBM] [Warning] No further splits with positive gain, best gain: -inf
[LightGBM] [Warning] No further splits with positive gain, best gain: -inf
[LightGBM] [Warning] No further splits with positive gain, best gain: -inf
[LightGBM] [Warning] No further splits with positive gain, best gain: -inf
[LightGBM] [Warning] No further splits with positive gain, best gain: -inf
[LightGBM] [Warning] No further splits with positive gain, best gain: -inf
[LightGBM] [Warning] No further splits with positive gain, best gain: -inf
[LightGBM] [Warning] No further splits with positive gain, best gain: -inf
[LightGBM] [Warning] No further splits with positive gain, best gain: -inf
[LightGBM] [Warning] No further splits with positive gain, best gain: -inf
[LightGBM] [Warning] No further splits with positive gain, best gain: -inf
[LightGBM] [Warning] No further splits with positive gain, best gain: -inf
[LightGBM] [Warning] No further splits with positive gain, best gain: -inf
[LightGBM] [Warning] No further splits with positive gain, best gain: -inf
[LightGBM] [Warning] No further splits with positive gain, best gain: -inf
[LightGBM] [Warning] No further splits with positive gain, best gain: -inf
[LightGBM] [Warning] No further splits with positive gain, best gain: -inf
[LightGBM] [Warning] No further splits with positive gain, best gain: -inf
[LightGBM] [Warning] No further splits with positive gain, best gain: -inf
[LightGBM] [Warning] No further splits with positive gain, best gain: -inf
[LightGBM] [Warning] No further splits with positive gain, best gain: -inf
[LightGBM] [Warning] No further splits with positive gain, best gain: -inf
[LightGBM] [Warning] No further splits with positive gain, best gain: -inf
[LightGBM] [Warning] No further splits with positive gain, best gain: -inf
[LightGBM] [Warning] No further splits with positive gain, best gain: -inf
[LightGBM] [Warning] No further splits with positive gain, best gain: -inf
[LightGBM] [Warning] No further splits with positive gain, best gain: -inf
[LightGBM] [Warning] No further splits with positive gain, best gain: -inf
[LightGBM] [Warning] No further splits with positive gain, best gain: -inf
[LightGBM] [Warning] No further splits with positive gain, best gain: -inf
[LightGBM] [Warning] No further splits with positive gain, best gain: -inf
[LightGBM] [Warning] No further splits with positive gain, best gain: -inf
[LightGBM] [Warning] No further splits with positive gain, best gain: -inf
[LightGBM] [Warning] No further splits with positive gain, best gain: -inf
[LightGBM] [Warning] No further splits with positive gain, best gain: -inf
[LightGBM] [Warning] No further splits with positive gain, best gain: -inf
[LightGBM] [Warning] No further splits with positive gain, best gain: -inf
[LightGBM] [Warning] No further splits with positive gain, best gain: -inf
[LightGBM] [Warning] No further splits with positive gain, best gain: -inf
[LightGBM] [Warning] No further splits with positive gain, best gain: -inf
[LightGBM] [Warning] No further splits with positive gain, best gain: -inf
[LightGBM] [Warning] No further splits with positive gain, best gain: -inf
[LightGBM] [Warning] No further splits with positive gain, best gain: -inf
[LightGBM] [Warning] No further splits with positive gain, best gain: -inf
[LightGBM] [Warning] No further splits with positive gain, best gain: -inf
[LightGBM] [Warning] No further splits with positive gain, best gain: -inf
[LightGBM] [Warning] No further splits with positive gain, best gain: -inf
[LightGBM] [Warning] No further splits with positive gain, best gain: -inf
[LightGBM] [Warning] No further splits with positive gain, best gain: -inf
[LightGBM] [Warning] No further splits with positive gain, best gain: -inf
[LightGBM] [Warning] No further splits with positive gain, best gain: -inf
[LightGBM] [Warning] No further splits with positive gain, best gain: -inf
[LightGBM] [Warning] No further splits with positive gain, best gain: -inf
[LightGBM] [Warning] No further splits with positive gain, best gain: -inf
[LightGBM] [Warning] No further splits with positive gain, best gain: -inf
[LightGBM] [Warning] No further splits with positive gain, best gain: -inf
[LightGBM] [Warning] No further splits with positive gain, best gain: -inf
[LightGBM] [Warning] No further splits with positive gain, best gain: -inf
[LightGBM] [Warning] No further splits with positive gain, best gain: -inf
[LightGBM] [Warning] No further splits with positive gain, best gain: -inf
[LightGBM] [Warning] No further splits with positive gain, best gain: -inf
[LightGBM] [Warning] No further splits with positive gain, best gain: -inf
[LightGBM] [Warning] No further splits with positive gain, best gain: -inf
[LightGBM] [Warning] No further splits with positive gain, best gain: -inf
[LightGBM] [Warning] No further splits with positive gain, best gain: -inf
[LightGBM] [Warning] No further splits with positive gain, best gain: -inf
[LightGBM] [Warning] No further splits with positive gain, best gain: -inf
[LightGBM] [Warning] No further splits with positive gain, best gain: -inf
[LightGBM] [Warning] No further splits with positive gain, best gain: -inf
[LightGBM] [Warning] No further splits with positive gain, best gain: -inf
[LightGBM] [Warning] No further splits with positive gain, best gain: -inf
[LightGBM] [Warning] No further splits with positive gain, best gain: -inf
[LightGBM] [Warning] No further splits with positive gain, best gain: -inf
[LightGBM] [Warning] No further splits with positive gain, best gain: -inf
[LightGBM] [Warning] No further splits with positive gain, best gain: -inf
[LightGBM] [Warning] No further splits with positive gain, best gain: -inf
[LightGBM] [Warning] No further splits with positive gain, best gain: -inf
[LightGBM] [Warning] No further splits with positive gain, best gain: -inf
[LightGBM] [Warning] No further splits with positive gain, best gain: -inf
[LightGBM] [Warning] No further splits with positive gain, best gain: -inf
[LightGBM] [Warning] No further splits with positive gain, best gain: -inf
[LightGBM] [Warning] No further splits with positive gain, best gain: -inf
[LightGBM] [Warning] No further splits with positive gain, best gain: -inf
[LightGBM] [Warning] No further splits with positive gain, best gain: -inf
[LightGBM] [Warning] No further splits with positive gain, best gain: -inf
[LightGBM] [Warning] No further splits with positive gain, best gain: -inf
[LightGBM] [Warning] No further splits with positive gain, best gain: -inf
[LightGBM] [Warning] No further splits with positive gain, best gain: -inf
[LightGBM] [Warning] No further splits with positive gain, best gain: -inf
[LightGBM] [Warning] No further splits with positive gain, best gain: -inf
[LightGBM] [Warning] No further splits with positive gain, best gain: -inf
[LightGBM] [Warning] No further splits with positive gain, best gain: -inf
[LightGBM] [Warning] No further splits with positive gain, best gain: -inf
[LightGBM] [Warning] No further splits with positive gain, best gain: -inf
[LightGBM] [Warning] No further splits with positive gain, best gain: -inf
[LightGBM] [Warning] No further splits with positive gain, best gain: -inf
[LightGBM] [Warning] No further splits with positive gain, best gain: -inf
[LightGBM] [Warning] No further splits with positive gain, best gain: -inf
[LightGBM] [Warning] No further splits with positive gain, best gain: -inf
[LightGBM] [Warning] No further splits with positive gain, best gain: -inf
[LightGBM] [Warning] No further splits with positive gain, best gain: -inf
[LightGBM] [Warning] No further splits with positive gain, best gain: -inf
[LightGBM] [Warning] No further splits with positive gain, best gain: -inf
[LightGBM] [Warning] No further splits with positive gain, best gain: -inf
[LightGBM] [Warning] No further splits with positive gain, best gain: -inf
[LightGBM] [Warning] No further splits with positive gain, best gain: -inf
[LightGBM] [Warning] No further splits with positive gain, best gain: -inf
[LightGBM] [Warning] No further splits with positive gain, best gain: -inf
[LightGBM] [Warning] No further splits with positive gain, best gain: -inf
[LightGBM] [Warning] No further splits with positive gain, best gain: -inf
[LightGBM] [Warning] No further splits with positive gain, best gain: -inf
[LightGBM] [Warning] No further splits with positive gain, best gain: -inf
[LightGBM] [Warning] No further splits with positive gain, best gain: -inf
[LightGBM] [Warning] No further splits with positive gain, best gain: -inf
[LightGBM] [Warning] No further splits with positive gain, best gain: -inf
[LightGBM] [Warning] No further splits with positive gain, best gain: -inf
[LightGBM] [Warning] No further splits with positive gain, best gain: -inf
[LightGBM] [Warning] No further splits with positive gain, best gain: -inf
[LightGBM] [Warning] No further splits with positive gain, best gain: -inf
[LightGBM] [Warning] No further splits with positive gain, best gain: -inf
[LightGBM] [Warning] No further splits with positive gain, best gain: -inf
[LightGBM] [Warning] No further splits with positive gain, best gain: -inf
[LightGBM] [Warning] No further splits with positive gain, best gain: -inf
[LightGBM] [Warning] No further splits with positive gain, best gain: -inf
[LightGBM] [Warning] No further splits with positive gain, best gain: -inf
[LightGBM] [Warning] No further splits with positive gain, best gain: -inf
[LightGBM] [Warning] No further splits with positive gain, best gain: -inf
[LightGBM] [Warning] No further splits with positive gain, best gain: -inf
[LightGBM] [Warning] No further splits with positive gain, best gain: -inf
[LightGBM] [Warning] No further splits with positive gain, best gain: -inf
[LightGBM] [Warning] No further splits with positive gain, best gain: -inf
[LightGBM] [Warning] No further splits with positive gain, best gain: -inf
[LightGBM] [Warning] No further splits with positive gain, best gain: -inf
[LightGBM] [Warning] No further splits with positive gain, best gain: -inf
[LightGBM] [Warning] No further splits with positive gain, best gain: -inf
[LightGBM] [Warning] No further splits with positive gain, best gain: -inf
[LightGBM] [Warning] No further splits with positive gain, best gain: -inf
[LightGBM] [Warning] No further splits with positive gain, best gain: -inf
[LightGBM] [Warning] No further splits with positive gain, best gain: -inf
[LightGBM] [Warning] No further splits with positive gain, best gain: -inf
[LightGBM] [Warning] No further splits with positive gain, best gain: -inf
[LightGBM] [Warning] No further splits with positive gain, best gain: -inf
[LightGBM] [Warning] No further splits with positive gain, best gain: -inf
[LightGBM] [Warning] No further splits with positive gain, best gain: -inf
[LightGBM] [Warning] No further splits with positive gain, best gain: -inf
[LightGBM] [Warning] No further splits with positive gain, best gain: -inf
[LightGBM] [Warning] No further splits with positive gain, best gain: -inf
[LightGBM] [Warning] No further splits with positive gain, best gain: -inf
[LightGBM] [Warning] No further splits with positive gain, best gain: -inf
[LightGBM] [Warning] No further splits with positive gain, best gain: -inf
[LightGBM] [Warning] No further splits with positive gain, best gain: -inf
[LightGBM] [Warning] No further splits with positive gain, best gain: -inf
[LightGBM] [Warning] No further splits with positive gain, best gain: -inf
[LightGBM] [Warning] No further splits with positive gain, best gain: -inf
[LightGBM] [Warning] No further splits with positive gain, best gain: -inf
[LightGBM] [Warning] No further splits with positive gain, best gain: -inf
[LightGBM] [Warning] No further splits with positive gain, best gain: -inf
[LightGBM] [Warning] No further splits with positive gain, best gain: -inf
[LightGBM] [Warning] No further splits with positive gain, best gain: -inf
[LightGBM] [Warning] No further splits with positive gain, best gain: -inf
[LightGBM] [Warning] No further splits with positive gain, best gain: -inf
[LightGBM] [Warning] No further splits with positive gain, best gain: -inf
[LightGBM] [Warning] No further splits with positive gain, best gain: -inf
[LightGBM] [Warning] No further splits with positive gain, best gain: -inf
[LightGBM] [Warning] No further splits with positive gain, best gain: -inf
[LightGBM] [Warning] No further splits with positive gain, best gain: -inf
[LightGBM] [Warning] No further splits with positive gain, best gain: -inf
[LightGBM] [Warning] No further splits with positive gain, best gain: -inf
[LightGBM] [Warning] No further splits with positive gain, best gain: -inf
[LightGBM] [Warning] No further splits with positive gain, best gain: -inf
[RESULT] D2_POISON_SEED_Y (control): n_poisoned_cells=600 mean_abs_diff=129.253538

=== INTERPRETATION ===
A (unsafe): ~0 αναμενόμενο => AEL σωστά αγνοεί ό,τι δεν ήταν ακόμα δημοσιευμένο (PASS).
            μεγάλο       => LEAK: crosslag actuals μετά το cutoff_F διαρρέουν (FAIL).
B (safe, control): μεγάλο αναμενόμενο => το μοντέλο όντως χρησιμοποιεί αυτά τα features (νομιμοποιεί το Test A). Αν ~0 ΚΙ ΕΔΩ, έλεγξε feature spec.
C (training freeze): PASS => το ίδιο transform που τρέχει πριν το training είναι μαθηματικά σωστό στα πραγματικά δεδομένα.

=== PASS (leak_free=True, control_meaningful=True, training_freeze_ok=True, y_path_ok=True) ===
=== check_crosslag_fairness END ===
######## BLOCK 0 PASS ########

######## BLOCK A — RETRAIN CADENCE [2026-07-05 05:00:20] (~3.5h) ########

=== [2026-07-05 05:00:20] RUN → runs/overnight_20260705/a_cadence/q1_lgbm_weekly_default_dense.json
    CMD: python -m src.master_forecast --algo lgbm --task price --market dam --strategy recursive --gate strict --retrain weekly --test_start 2025-12-01 00:00 --test_end 2026-02-28 23:00 --features default,dense
==============================================================================
MASTER FORECAST | algo=lgbm task=price strategy=recursive
  market=dam task=price gate=strict delay_override=None → gap=0h (crosslag_gap=12h) | horizon=24 stride=24 retrain=weekly
  groups=['calendar', 'lags', 'dense', 'roll', 'resfc', 'loadfc', 'meteo', 'fuel', 'genlags', 'loadlags', 'other']  (#features=170)
  test=[2025-12-01 00:00:00 .. 2026-02-28 23:00:00]  train_end=None
==============================================================================
  AEL crosslag_mode=freeze (crosslag_gap=12h)
[LightGBM] [Info] Auto-choosing col-wise multi-threading, the overhead of testing was 0.024504 seconds.
You can set `force_col_wise=true` to remove the overhead.
[LightGBM] [Info] Total Bins 27536
[LightGBM] [Info] Number of data points in the train set: 77462, number of used features: 170
[LightGBM] [Info] Start training from score 105.090365
   [fit] key=2025-W48 cutoff=2025-11-30 23:00:00  (block 1/90)
[LightGBM] [Info] Auto-choosing col-wise multi-threading, the overhead of testing was 0.022200 seconds.
You can set `force_col_wise=true` to remove the overhead.
[LightGBM] [Info] Total Bins 27536
[LightGBM] [Info] Number of data points in the train set: 77486, number of used features: 170
[LightGBM] [Info] Start training from score 105.099260
   [fit] key=2025-W49 cutoff=2025-12-01 23:00:00  (block 2/90)
[LightGBM] [Info] Auto-choosing col-wise multi-threading, the overhead of testing was 0.032842 seconds.
You can set `force_col_wise=true` to remove the overhead.
[LightGBM] [Info] Total Bins 27537
[LightGBM] [Info] Number of data points in the train set: 77654, number of used features: 170
[LightGBM] [Info] Start training from score 105.121498
   [fit] key=2025-W50 cutoff=2025-12-08 23:00:00  (block 9/90)
[LightGBM] [Info] Auto-choosing col-wise multi-threading, the overhead of testing was 0.024382 seconds.
You can set `force_col_wise=true` to remove the overhead.
[LightGBM] [Info] Total Bins 27537
[LightGBM] [Info] Number of data points in the train set: 77822, number of used features: 170
[LightGBM] [Info] Start training from score 105.114336
   [fit] key=2025-W51 cutoff=2025-12-15 23:00:00  (block 16/90)
[LightGBM] [Info] Auto-choosing col-wise multi-threading, the overhead of testing was 0.025322 seconds.
You can set `force_col_wise=true` to remove the overhead.
[LightGBM] [Info] Total Bins 27537
[LightGBM] [Info] Number of data points in the train set: 77990, number of used features: 170
[LightGBM] [Info] Start training from score 105.154424
   [fit] key=2025-W52 cutoff=2025-12-22 23:00:00  (block 23/90)
[LightGBM] [Info] Auto-choosing col-wise multi-threading, the overhead of testing was 0.022419 seconds.
You can set `force_col_wise=true` to remove the overhead.
[LightGBM] [Info] Total Bins 27538
[LightGBM] [Info] Number of data points in the train set: 78158, number of used features: 170
[LightGBM] [Info] Start training from score 105.141893
   [fit] key=2026-W01 cutoff=2025-12-29 23:00:00  (block 30/90)
[LightGBM] [Info] Auto-choosing col-wise multi-threading, the overhead of testing was 0.023064 seconds.
You can set `force_col_wise=true` to remove the overhead.
[LightGBM] [Info] Total Bins 27538
[LightGBM] [Info] Number of data points in the train set: 78326, number of used features: 170
[LightGBM] [Info] Start training from score 105.107466
   [fit] key=2026-W02 cutoff=2026-01-05 23:00:00  (block 37/90)
[LightGBM] [Info] Auto-choosing col-wise multi-threading, the overhead of testing was 0.020434 seconds.
You can set `force_col_wise=true` to remove the overhead.
[LightGBM] [Info] Total Bins 27544
[LightGBM] [Info] Number of data points in the train set: 78494, number of used features: 170
[LightGBM] [Info] Start training from score 105.074759
   [fit] key=2026-W03 cutoff=2026-01-12 23:00:00  (block 44/90)
[LightGBM] [Info] Auto-choosing col-wise multi-threading, the overhead of testing was 0.024119 seconds.
You can set `force_col_wise=true` to remove the overhead.
[LightGBM] [Info] Total Bins 27544
[LightGBM] [Info] Number of data points in the train set: 78662, number of used features: 170
[LightGBM] [Info] Start training from score 105.107464
   [fit] key=2026-W04 cutoff=2026-01-19 23:00:00  (block 51/90)
[LightGBM] [Info] Auto-choosing col-wise multi-threading, the overhead of testing was 0.022325 seconds.
You can set `force_col_wise=true` to remove the overhead.
[LightGBM] [Info] Total Bins 27548
[LightGBM] [Info] Number of data points in the train set: 78830, number of used features: 170
[LightGBM] [Info] Start training from score 105.168729
   [fit] key=2026-W05 cutoff=2026-01-26 23:00:00  (block 58/90)
[LightGBM] [Info] Auto-choosing col-wise multi-threading, the overhead of testing was 0.059881 seconds.
You can set `force_col_wise=true` to remove the overhead.
[LightGBM] [Info] Total Bins 27552
[LightGBM] [Info] Number of data points in the train set: 78998, number of used features: 170
[LightGBM] [Info] Start training from score 105.174570
   [fit] key=2026-W06 cutoff=2026-02-02 23:00:00  (block 65/90)
[LightGBM] [Info] Auto-choosing col-wise multi-threading, the overhead of testing was 0.021573 seconds.
You can set `force_col_wise=true` to remove the overhead.
[LightGBM] [Info] Total Bins 27552
[LightGBM] [Info] Number of data points in the train set: 79166, number of used features: 170
[LightGBM] [Info] Start training from score 105.165557
   [fit] key=2026-W07 cutoff=2026-02-09 23:00:00  (block 72/90)
[LightGBM] [Info] Auto-choosing col-wise multi-threading, the overhead of testing was 0.023640 seconds.
You can set `force_col_wise=true` to remove the overhead.
[LightGBM] [Info] Total Bins 27552
[LightGBM] [Info] Number of data points in the train set: 79334, number of used features: 170
[LightGBM] [Info] Start training from score 105.112418
   [fit] key=2026-W08 cutoff=2026-02-16 23:00:00  (block 79/90)
[LightGBM] [Info] Auto-choosing col-wise multi-threading, the overhead of testing was 0.023886 seconds.
You can set `force_col_wise=true` to remove the overhead.
[LightGBM] [Info] Total Bins 27556
[LightGBM] [Info] Number of data points in the train set: 79502, number of used features: 170
[LightGBM] [Info] Start training from score 105.013872
   [fit] key=2026-W09 cutoff=2026-02-23 23:00:00  (block 86/90)
   [done] 90 blocks σε 185.4s

📊 RESULT | MAE=17.0354 €/MWh | RMSE=24.6697 | sMAPE=25.2392% | n=2160
💾 saved: runs/overnight_20260705/a_cadence/q1_lgbm_weekly_default_dense.json
--- [2026-07-05 05:03:30] OK  runs/overnight_20260705/a_cadence/q1_lgbm_weekly_default_dense.json

=== [2026-07-05 05:03:30] RUN → runs/overnight_20260705/a_cadence/summer_lgbm_weekly_default_dense.json
    CMD: python -m src.master_forecast --algo lgbm --task price --market dam --strategy recursive --gate strict --retrain weekly --test_start 2025-06-01 00:00 --test_end 2025-08-31 23:00 --features default,dense
==============================================================================
MASTER FORECAST | algo=lgbm task=price strategy=recursive
  market=dam task=price gate=strict delay_override=None → gap=0h (crosslag_gap=12h) | horizon=24 stride=24 retrain=weekly
  groups=['calendar', 'lags', 'dense', 'roll', 'resfc', 'loadfc', 'meteo', 'fuel', 'genlags', 'loadlags', 'other']  (#features=170)
  test=[2025-06-01 00:00:00 .. 2025-08-31 23:00:00]  train_end=None
==============================================================================
  AEL crosslag_mode=freeze (crosslag_gap=12h)
[LightGBM] [Info] Auto-choosing col-wise multi-threading, the overhead of testing was 0.018262 seconds.
You can set `force_col_wise=true` to remove the overhead.
[LightGBM] [Info] Total Bins 27528
[LightGBM] [Info] Number of data points in the train set: 73071, number of used features: 170
[LightGBM] [Info] Start training from score 105.689102
   [fit] key=2025-W22 cutoff=2025-05-31 23:00:00  (block 1/92)
[LightGBM] [Info] Auto-choosing col-wise multi-threading, the overhead of testing was 0.018109 seconds.
You can set `force_col_wise=true` to remove the overhead.
[LightGBM] [Info] Total Bins 27530
[LightGBM] [Info] Number of data points in the train set: 73119, number of used features: 170
[LightGBM] [Info] Start training from score 105.667922
   [fit] key=2025-W23 cutoff=2025-06-02 23:00:00  (block 3/92)
[LightGBM] [Info] Auto-choosing col-wise multi-threading, the overhead of testing was 0.018258 seconds.
You can set `force_col_wise=true` to remove the overhead.
[LightGBM] [Info] Total Bins 27530
[LightGBM] [Info] Number of data points in the train set: 73287, number of used features: 170
[LightGBM] [Info] Start training from score 105.620008
   [fit] key=2025-W24 cutoff=2025-06-09 23:00:00  (block 10/92)
[LightGBM] [Info] Auto-choosing col-wise multi-threading, the overhead of testing was 0.023643 seconds.
You can set `force_col_wise=true` to remove the overhead.
[LightGBM] [Info] Total Bins 27530
[LightGBM] [Info] Number of data points in the train set: 73455, number of used features: 170
[LightGBM] [Info] Start training from score 105.560639
   [fit] key=2025-W25 cutoff=2025-06-16 23:00:00  (block 17/92)
[LightGBM] [Info] Auto-choosing col-wise multi-threading, the overhead of testing was 0.022021 seconds.
You can set `force_col_wise=true` to remove the overhead.
[LightGBM] [Info] Total Bins 27530
[LightGBM] [Info] Number of data points in the train set: 73623, number of used features: 170
[LightGBM] [Info] Start training from score 105.520635
   [fit] key=2025-W26 cutoff=2025-06-23 23:00:00  (block 24/92)
[LightGBM] [Info] Auto-choosing col-wise multi-threading, the overhead of testing was 0.022651 seconds.
You can set `force_col_wise=true` to remove the overhead.
[LightGBM] [Info] Total Bins 27530
[LightGBM] [Info] Number of data points in the train set: 73791, number of used features: 170
[LightGBM] [Info] Start training from score 105.491342
   [fit] key=2025-W27 cutoff=2025-06-30 23:00:00  (block 31/92)
[LightGBM] [Info] Auto-choosing col-wise multi-threading, the overhead of testing was 0.019010 seconds.
You can set `force_col_wise=true` to remove the overhead.
[LightGBM] [Info] Total Bins 27530
[LightGBM] [Info] Number of data points in the train set: 73959, number of used features: 170
[LightGBM] [Info] Start training from score 105.470524
   [fit] key=2025-W28 cutoff=2025-07-07 23:00:00  (block 38/92)
[LightGBM] [Info] Auto-choosing col-wise multi-threading, the overhead of testing was 0.020091 seconds.
You can set `force_col_wise=true` to remove the overhead.
[LightGBM] [Info] Total Bins 27530
[LightGBM] [Info] Number of data points in the train set: 74127, number of used features: 170
[LightGBM] [Info] Start training from score 105.431339
   [fit] key=2025-W29 cutoff=2025-07-14 23:00:00  (block 45/92)
[LightGBM] [Info] Auto-choosing col-wise multi-threading, the overhead of testing was 0.023169 seconds.
You can set `force_col_wise=true` to remove the overhead.
[LightGBM] [Info] Total Bins 27530
[LightGBM] [Info] Number of data points in the train set: 74295, number of used features: 170
[LightGBM] [Info] Start training from score 105.413912
   [fit] key=2025-W30 cutoff=2025-07-21 23:00:00  (block 52/92)
[LightGBM] [Info] Auto-choosing col-wise multi-threading, the overhead of testing was 0.020353 seconds.
You can set `force_col_wise=true` to remove the overhead.
[LightGBM] [Info] Total Bins 27530
[LightGBM] [Info] Number of data points in the train set: 74463, number of used features: 170
[LightGBM] [Info] Start training from score 105.449455
   [fit] key=2025-W31 cutoff=2025-07-28 23:00:00  (block 59/92)
[LightGBM] [Info] Auto-choosing col-wise multi-threading, the overhead of testing was 0.019914 seconds.
You can set `force_col_wise=true` to remove the overhead.
[LightGBM] [Info] Total Bins 27530
[LightGBM] [Info] Number of data points in the train set: 74631, number of used features: 170
[LightGBM] [Info] Start training from score 105.406321
   [fit] key=2025-W32 cutoff=2025-08-04 23:00:00  (block 66/92)
[LightGBM] [Info] Auto-choosing col-wise multi-threading, the overhead of testing was 0.019403 seconds.
You can set `force_col_wise=true` to remove the overhead.
[LightGBM] [Info] Total Bins 27530
[LightGBM] [Info] Number of data points in the train set: 74799, number of used features: 170
[LightGBM] [Info] Start training from score 105.321184
   [fit] key=2025-W33 cutoff=2025-08-11 23:00:00  (block 73/92)
[LightGBM] [Info] Auto-choosing col-wise multi-threading, the overhead of testing was 0.022777 seconds.
You can set `force_col_wise=true` to remove the overhead.
[LightGBM] [Info] Total Bins 27530
[LightGBM] [Info] Number of data points in the train set: 74967, number of used features: 170
[LightGBM] [Info] Start training from score 105.244695
   [fit] key=2025-W34 cutoff=2025-08-18 23:00:00  (block 80/92)
[LightGBM] [Info] Auto-choosing col-wise multi-threading, the overhead of testing was 0.024673 seconds.
You can set `force_col_wise=true` to remove the overhead.
[LightGBM] [Info] Total Bins 27530
[LightGBM] [Info] Number of data points in the train set: 75135, number of used features: 170
[LightGBM] [Info] Start training from score 105.182159
   [fit] key=2025-W35 cutoff=2025-08-25 23:00:00  (block 87/92)
   [done] 92 blocks σε 158.6s

📊 RESULT | MAE=13.8123 €/MWh | RMSE=20.6914 | sMAPE=36.4506% | n=2208
💾 saved: runs/overnight_20260705/a_cadence/summer_lgbm_weekly_default_dense.json
--- [2026-07-05 05:06:13] OK  runs/overnight_20260705/a_cadence/summer_lgbm_weekly_default_dense.json

=== [2026-07-05 05:06:13] RUN → runs/overnight_20260705/a_cadence/q1_lgbm_weekly_default_noresfc.json
    CMD: python -m src.master_forecast --algo lgbm --task price --market dam --strategy recursive --gate strict --retrain weekly --test_start 2025-12-01 00:00 --test_end 2026-02-28 23:00 --features default,-resfc
==============================================================================
MASTER FORECAST | algo=lgbm task=price strategy=recursive
  market=dam task=price gate=strict delay_override=None → gap=0h (crosslag_gap=12h) | horizon=24 stride=24 retrain=weekly
  groups=['calendar', 'lags', 'roll', 'loadfc', 'meteo', 'fuel', 'genlags', 'loadlags', 'other']  (#features=146)
  test=[2025-12-01 00:00:00 .. 2026-02-28 23:00:00]  train_end=None
==============================================================================
  AEL crosslag_mode=freeze (crosslag_gap=12h)
[LightGBM] [Info] Auto-choosing col-wise multi-threading, the overhead of testing was 0.015250 seconds.
You can set `force_col_wise=true` to remove the overhead.
[LightGBM] [Info] Total Bins 22175
[LightGBM] [Info] Number of data points in the train set: 77462, number of used features: 146
[LightGBM] [Info] Start training from score 105.090365
   [fit] key=2025-W48 cutoff=2025-11-30 23:00:00  (block 1/90)
[LightGBM] [Info] Auto-choosing col-wise multi-threading, the overhead of testing was 0.015435 seconds.
You can set `force_col_wise=true` to remove the overhead.
[LightGBM] [Info] Total Bins 22175
[LightGBM] [Info] Number of data points in the train set: 77486, number of used features: 146
[LightGBM] [Info] Start training from score 105.099260
   [fit] key=2025-W49 cutoff=2025-12-01 23:00:00  (block 2/90)
[LightGBM] [Info] Auto-choosing col-wise multi-threading, the overhead of testing was 0.020046 seconds.
You can set `force_col_wise=true` to remove the overhead.
[LightGBM] [Info] Total Bins 22176
[LightGBM] [Info] Number of data points in the train set: 77654, number of used features: 146
[LightGBM] [Info] Start training from score 105.121498
   [fit] key=2025-W50 cutoff=2025-12-08 23:00:00  (block 9/90)
[LightGBM] [Info] Auto-choosing col-wise multi-threading, the overhead of testing was 0.015737 seconds.
You can set `force_col_wise=true` to remove the overhead.
[LightGBM] [Info] Total Bins 22176
[LightGBM] [Info] Number of data points in the train set: 77822, number of used features: 146
[LightGBM] [Info] Start training from score 105.114336
   [fit] key=2025-W51 cutoff=2025-12-15 23:00:00  (block 16/90)
[LightGBM] [Info] Auto-choosing col-wise multi-threading, the overhead of testing was 0.052109 seconds.
You can set `force_col_wise=true` to remove the overhead.
[LightGBM] [Info] Total Bins 22176
[LightGBM] [Info] Number of data points in the train set: 77990, number of used features: 146
[LightGBM] [Info] Start training from score 105.154424
   [fit] key=2025-W52 cutoff=2025-12-22 23:00:00  (block 23/90)
[LightGBM] [Info] Auto-choosing col-wise multi-threading, the overhead of testing was 0.046375 seconds.
You can set `force_col_wise=true` to remove the overhead.
[LightGBM] [Info] Total Bins 22177
[LightGBM] [Info] Number of data points in the train set: 78158, number of used features: 146
[LightGBM] [Info] Start training from score 105.141893
   [fit] key=2026-W01 cutoff=2025-12-29 23:00:00  (block 30/90)
[LightGBM] [Info] Auto-choosing col-wise multi-threading, the overhead of testing was 0.047064 seconds.
You can set `force_col_wise=true` to remove the overhead.
[LightGBM] [Info] Total Bins 22177
[LightGBM] [Info] Number of data points in the train set: 78326, number of used features: 146
[LightGBM] [Info] Start training from score 105.107466
   [fit] key=2026-W02 cutoff=2026-01-05 23:00:00  (block 37/90)
[LightGBM] [Info] Auto-choosing col-wise multi-threading, the overhead of testing was 0.044887 seconds.
You can set `force_col_wise=true` to remove the overhead.
[LightGBM] [Info] Total Bins 22183
[LightGBM] [Info] Number of data points in the train set: 78494, number of used features: 146
[LightGBM] [Info] Start training from score 105.074759
   [fit] key=2026-W03 cutoff=2026-01-12 23:00:00  (block 44/90)
[LightGBM] [Info] Auto-choosing col-wise multi-threading, the overhead of testing was 0.046284 seconds.
You can set `force_col_wise=true` to remove the overhead.
[LightGBM] [Info] Total Bins 22183
[LightGBM] [Info] Number of data points in the train set: 78662, number of used features: 146
[LightGBM] [Info] Start training from score 105.107464
   [fit] key=2026-W04 cutoff=2026-01-19 23:00:00  (block 51/90)
[LightGBM] [Info] Auto-choosing col-wise multi-threading, the overhead of testing was 0.052997 seconds.
You can set `force_col_wise=true` to remove the overhead.
[LightGBM] [Info] Total Bins 22187
[LightGBM] [Info] Number of data points in the train set: 78830, number of used features: 146
[LightGBM] [Info] Start training from score 105.168729
   [fit] key=2026-W05 cutoff=2026-01-26 23:00:00  (block 58/90)
[LightGBM] [Info] Auto-choosing col-wise multi-threading, the overhead of testing was 0.054411 seconds.
You can set `force_col_wise=true` to remove the overhead.
[LightGBM] [Info] Total Bins 22191
[LightGBM] [Info] Number of data points in the train set: 78998, number of used features: 146
[LightGBM] [Info] Start training from score 105.174570
   [fit] key=2026-W06 cutoff=2026-02-02 23:00:00  (block 65/90)
[LightGBM] [Info] Auto-choosing col-wise multi-threading, the overhead of testing was 0.019864 seconds.
You can set `force_col_wise=true` to remove the overhead.
[LightGBM] [Info] Total Bins 22191
[LightGBM] [Info] Number of data points in the train set: 79166, number of used features: 146
[LightGBM] [Info] Start training from score 105.165557
   [fit] key=2026-W07 cutoff=2026-02-09 23:00:00  (block 72/90)
[LightGBM] [Info] Auto-choosing col-wise multi-threading, the overhead of testing was 0.020793 seconds.
You can set `force_col_wise=true` to remove the overhead.
[LightGBM] [Info] Total Bins 22191
[LightGBM] [Info] Number of data points in the train set: 79334, number of used features: 146
[LightGBM] [Info] Start training from score 105.112418
   [fit] key=2026-W08 cutoff=2026-02-16 23:00:00  (block 79/90)
[LightGBM] [Info] Auto-choosing col-wise multi-threading, the overhead of testing was 0.020408 seconds.
You can set `force_col_wise=true` to remove the overhead.
[LightGBM] [Info] Total Bins 22195
[LightGBM] [Info] Number of data points in the train set: 79502, number of used features: 146
[LightGBM] [Info] Start training from score 105.013872
   [fit] key=2026-W09 cutoff=2026-02-23 23:00:00  (block 86/90)
   [done] 90 blocks σε 299.9s

📊 RESULT | MAE=17.3622 €/MWh | RMSE=25.0136 | sMAPE=25.5377% | n=2160
💾 saved: runs/overnight_20260705/a_cadence/q1_lgbm_weekly_default_noresfc.json
--- [2026-07-05 05:11:16] OK  runs/overnight_20260705/a_cadence/q1_lgbm_weekly_default_noresfc.json

=== [2026-07-05 05:11:16] RUN → runs/overnight_20260705/a_cadence/summer_lgbm_weekly_default_noresfc.json
    CMD: python -m src.master_forecast --algo lgbm --task price --market dam --strategy recursive --gate strict --retrain weekly --test_start 2025-06-01 00:00 --test_end 2025-08-31 23:00 --features default,-resfc
==============================================================================
MASTER FORECAST | algo=lgbm task=price strategy=recursive
  market=dam task=price gate=strict delay_override=None → gap=0h (crosslag_gap=12h) | horizon=24 stride=24 retrain=weekly
  groups=['calendar', 'lags', 'roll', 'loadfc', 'meteo', 'fuel', 'genlags', 'loadlags', 'other']  (#features=146)
  test=[2025-06-01 00:00:00 .. 2025-08-31 23:00:00]  train_end=None
==============================================================================
  AEL crosslag_mode=freeze (crosslag_gap=12h)
[LightGBM] [Info] Auto-choosing col-wise multi-threading, the overhead of testing was 0.018492 seconds.
You can set `force_col_wise=true` to remove the overhead.
[LightGBM] [Info] Total Bins 22167
[LightGBM] [Info] Number of data points in the train set: 73071, number of used features: 146
[LightGBM] [Info] Start training from score 105.689102
   [fit] key=2025-W22 cutoff=2025-05-31 23:00:00  (block 1/92)
[LightGBM] [Info] Auto-choosing col-wise multi-threading, the overhead of testing was 0.019928 seconds.
You can set `force_col_wise=true` to remove the overhead.
[LightGBM] [Info] Total Bins 22169
[LightGBM] [Info] Number of data points in the train set: 73119, number of used features: 146
[LightGBM] [Info] Start training from score 105.667922
   [fit] key=2025-W23 cutoff=2025-06-02 23:00:00  (block 3/92)
[LightGBM] [Info] Auto-choosing col-wise multi-threading, the overhead of testing was 0.017851 seconds.
You can set `force_col_wise=true` to remove the overhead.
[LightGBM] [Info] Total Bins 22169
[LightGBM] [Info] Number of data points in the train set: 73287, number of used features: 146
[LightGBM] [Info] Start training from score 105.620008
   [fit] key=2025-W24 cutoff=2025-06-09 23:00:00  (block 10/92)
[LightGBM] [Info] Auto-choosing col-wise multi-threading, the overhead of testing was 0.019437 seconds.
You can set `force_col_wise=true` to remove the overhead.
[LightGBM] [Info] Total Bins 22169
[LightGBM] [Info] Number of data points in the train set: 73455, number of used features: 146
[LightGBM] [Info] Start training from score 105.560639
   [fit] key=2025-W25 cutoff=2025-06-16 23:00:00  (block 17/92)
[LightGBM] [Info] Auto-choosing col-wise multi-threading, the overhead of testing was 0.014533 seconds.
You can set `force_col_wise=true` to remove the overhead.
[LightGBM] [Info] Total Bins 22169
[LightGBM] [Info] Number of data points in the train set: 73623, number of used features: 146
[LightGBM] [Info] Start training from score 105.520635
   [fit] key=2025-W26 cutoff=2025-06-23 23:00:00  (block 24/92)
[LightGBM] [Info] Auto-choosing col-wise multi-threading, the overhead of testing was 0.016578 seconds.
You can set `force_col_wise=true` to remove the overhead.
[LightGBM] [Info] Total Bins 22169
[LightGBM] [Info] Number of data points in the train set: 73791, number of used features: 146
[LightGBM] [Info] Start training from score 105.491342
   [fit] key=2025-W27 cutoff=2025-06-30 23:00:00  (block 31/92)
[LightGBM] [Info] Auto-choosing col-wise multi-threading, the overhead of testing was 0.018196 seconds.
You can set `force_col_wise=true` to remove the overhead.
[LightGBM] [Info] Total Bins 22169
[LightGBM] [Info] Number of data points in the train set: 73959, number of used features: 146
[LightGBM] [Info] Start training from score 105.470524
   [fit] key=2025-W28 cutoff=2025-07-07 23:00:00  (block 38/92)
[LightGBM] [Info] Auto-choosing col-wise multi-threading, the overhead of testing was 0.019363 seconds.
You can set `force_col_wise=true` to remove the overhead.
[LightGBM] [Info] Total Bins 22169
[LightGBM] [Info] Number of data points in the train set: 74127, number of used features: 146
[LightGBM] [Info] Start training from score 105.431339
   [fit] key=2025-W29 cutoff=2025-07-14 23:00:00  (block 45/92)
[LightGBM] [Info] Auto-choosing col-wise multi-threading, the overhead of testing was 0.019766 seconds.
You can set `force_col_wise=true` to remove the overhead.
[LightGBM] [Info] Total Bins 22169
[LightGBM] [Info] Number of data points in the train set: 74295, number of used features: 146
[LightGBM] [Info] Start training from score 105.413912
   [fit] key=2025-W30 cutoff=2025-07-21 23:00:00  (block 52/92)
[LightGBM] [Info] Auto-choosing col-wise multi-threading, the overhead of testing was 0.018112 seconds.
You can set `force_col_wise=true` to remove the overhead.
[LightGBM] [Info] Total Bins 22169
[LightGBM] [Info] Number of data points in the train set: 74463, number of used features: 146
[LightGBM] [Info] Start training from score 105.449455
   [fit] key=2025-W31 cutoff=2025-07-28 23:00:00  (block 59/92)
[LightGBM] [Info] Auto-choosing col-wise multi-threading, the overhead of testing was 0.018127 seconds.
You can set `force_col_wise=true` to remove the overhead.
[LightGBM] [Info] Total Bins 22169
[LightGBM] [Info] Number of data points in the train set: 74631, number of used features: 146
[LightGBM] [Info] Start training from score 105.406321
   [fit] key=2025-W32 cutoff=2025-08-04 23:00:00  (block 66/92)
[LightGBM] [Info] Auto-choosing col-wise multi-threading, the overhead of testing was 0.016915 seconds.
You can set `force_col_wise=true` to remove the overhead.
[LightGBM] [Info] Total Bins 22169
[LightGBM] [Info] Number of data points in the train set: 74799, number of used features: 146
[LightGBM] [Info] Start training from score 105.321184
   [fit] key=2025-W33 cutoff=2025-08-11 23:00:00  (block 73/92)
[LightGBM] [Info] Auto-choosing col-wise multi-threading, the overhead of testing was 0.015240 seconds.
You can set `force_col_wise=true` to remove the overhead.
[LightGBM] [Info] Total Bins 22169
[LightGBM] [Info] Number of data points in the train set: 74967, number of used features: 146
[LightGBM] [Info] Start training from score 105.244695
   [fit] key=2025-W34 cutoff=2025-08-18 23:00:00  (block 80/92)
[LightGBM] [Info] Auto-choosing col-wise multi-threading, the overhead of testing was 0.020744 seconds.
You can set `force_col_wise=true` to remove the overhead.
[LightGBM] [Info] Total Bins 22169
[LightGBM] [Info] Number of data points in the train set: 75135, number of used features: 146
[LightGBM] [Info] Start training from score 105.182159
   [fit] key=2025-W35 cutoff=2025-08-25 23:00:00  (block 87/92)
   [done] 92 blocks σε 123.0s

📊 RESULT | MAE=15.0502 €/MWh | RMSE=21.6317 | sMAPE=38.3157% | n=2208
💾 saved: runs/overnight_20260705/a_cadence/summer_lgbm_weekly_default_noresfc.json
--- [2026-07-05 05:13:23] OK  runs/overnight_20260705/a_cadence/summer_lgbm_weekly_default_noresfc.json

=== [2026-07-05 05:13:23] RUN → runs/overnight_20260705/a_cadence/q1_lgbm_weekly_default.json
    CMD: python -m src.master_forecast --algo lgbm --task price --market dam --strategy recursive --gate strict --retrain weekly --test_start 2025-12-01 00:00 --test_end 2026-02-28 23:00 --features default
==============================================================================
MASTER FORECAST | algo=lgbm task=price strategy=recursive
  market=dam task=price gate=strict delay_override=None → gap=0h (crosslag_gap=12h) | horizon=24 stride=24 retrain=weekly
  groups=['calendar', 'lags', 'roll', 'resfc', 'loadfc', 'meteo', 'fuel', 'genlags', 'loadlags', 'other']  (#features=152)
  test=[2025-12-01 00:00:00 .. 2026-02-28 23:00:00]  train_end=None
==============================================================================
  AEL crosslag_mode=freeze (crosslag_gap=12h)
[LightGBM] [Info] Auto-choosing col-wise multi-threading, the overhead of testing was 0.017048 seconds.
You can set `force_col_wise=true` to remove the overhead.
[LightGBM] [Info] Total Bins 22946
[LightGBM] [Info] Number of data points in the train set: 77462, number of used features: 152
[LightGBM] [Info] Start training from score 105.090365
   [fit] key=2025-W48 cutoff=2025-11-30 23:00:00  (block 1/90)
[LightGBM] [Info] Auto-choosing col-wise multi-threading, the overhead of testing was 0.017220 seconds.
You can set `force_col_wise=true` to remove the overhead.
[LightGBM] [Info] Total Bins 22946
[LightGBM] [Info] Number of data points in the train set: 77486, number of used features: 152
[LightGBM] [Info] Start training from score 105.099260
   [fit] key=2025-W49 cutoff=2025-12-01 23:00:00  (block 2/90)
[LightGBM] [Info] Auto-choosing col-wise multi-threading, the overhead of testing was 0.021837 seconds.
You can set `force_col_wise=true` to remove the overhead.
[LightGBM] [Info] Total Bins 22947
[LightGBM] [Info] Number of data points in the train set: 77654, number of used features: 152
[LightGBM] [Info] Start training from score 105.121498
   [fit] key=2025-W50 cutoff=2025-12-08 23:00:00  (block 9/90)
[LightGBM] [Info] Auto-choosing col-wise multi-threading, the overhead of testing was 0.017319 seconds.
You can set `force_col_wise=true` to remove the overhead.
[LightGBM] [Info] Total Bins 22947
[LightGBM] [Info] Number of data points in the train set: 77822, number of used features: 152
[LightGBM] [Info] Start training from score 105.114336
   [fit] key=2025-W51 cutoff=2025-12-15 23:00:00  (block 16/90)
[LightGBM] [Info] Auto-choosing col-wise multi-threading, the overhead of testing was 0.020016 seconds.
You can set `force_col_wise=true` to remove the overhead.
[LightGBM] [Info] Total Bins 22947
[LightGBM] [Info] Number of data points in the train set: 77990, number of used features: 152
[LightGBM] [Info] Start training from score 105.154424
   [fit] key=2025-W52 cutoff=2025-12-22 23:00:00  (block 23/90)
[LightGBM] [Info] Auto-choosing col-wise multi-threading, the overhead of testing was 0.023093 seconds.
You can set `force_col_wise=true` to remove the overhead.
[LightGBM] [Info] Total Bins 22948
[LightGBM] [Info] Number of data points in the train set: 78158, number of used features: 152
[LightGBM] [Info] Start training from score 105.141893
   [fit] key=2026-W01 cutoff=2025-12-29 23:00:00  (block 30/90)
[LightGBM] [Info] Auto-choosing col-wise multi-threading, the overhead of testing was 0.022891 seconds.
You can set `force_col_wise=true` to remove the overhead.
[LightGBM] [Info] Total Bins 22948
[LightGBM] [Info] Number of data points in the train set: 78326, number of used features: 152
[LightGBM] [Info] Start training from score 105.107466
   [fit] key=2026-W02 cutoff=2026-01-05 23:00:00  (block 37/90)
[LightGBM] [Info] Auto-choosing col-wise multi-threading, the overhead of testing was 0.019124 seconds.
You can set `force_col_wise=true` to remove the overhead.
[LightGBM] [Info] Total Bins 22954
[LightGBM] [Info] Number of data points in the train set: 78494, number of used features: 152
[LightGBM] [Info] Start training from score 105.074759
   [fit] key=2026-W03 cutoff=2026-01-12 23:00:00  (block 44/90)
[LightGBM] [Info] Auto-choosing col-wise multi-threading, the overhead of testing was 0.020414 seconds.
You can set `force_col_wise=true` to remove the overhead.
[LightGBM] [Info] Total Bins 22954
[LightGBM] [Info] Number of data points in the train set: 78662, number of used features: 152
[LightGBM] [Info] Start training from score 105.107464
   [fit] key=2026-W04 cutoff=2026-01-19 23:00:00  (block 51/90)
[LightGBM] [Info] Auto-choosing col-wise multi-threading, the overhead of testing was 0.023830 seconds.
You can set `force_col_wise=true` to remove the overhead.
[LightGBM] [Info] Total Bins 22958
[LightGBM] [Info] Number of data points in the train set: 78830, number of used features: 152
[LightGBM] [Info] Start training from score 105.168729
   [fit] key=2026-W05 cutoff=2026-01-26 23:00:00  (block 58/90)
[LightGBM] [Info] Auto-choosing col-wise multi-threading, the overhead of testing was 0.024403 seconds.
You can set `force_col_wise=true` to remove the overhead.
[LightGBM] [Info] Total Bins 22962
[LightGBM] [Info] Number of data points in the train set: 78998, number of used features: 152
[LightGBM] [Info] Start training from score 105.174570
   [fit] key=2026-W06 cutoff=2026-02-02 23:00:00  (block 65/90)
[LightGBM] [Info] Auto-choosing col-wise multi-threading, the overhead of testing was 0.024325 seconds.
You can set `force_col_wise=true` to remove the overhead.
[LightGBM] [Info] Total Bins 22962
[LightGBM] [Info] Number of data points in the train set: 79166, number of used features: 152
[LightGBM] [Info] Start training from score 105.165557
   [fit] key=2026-W07 cutoff=2026-02-09 23:00:00  (block 72/90)
[LightGBM] [Info] Auto-choosing col-wise multi-threading, the overhead of testing was 0.019460 seconds.
You can set `force_col_wise=true` to remove the overhead.
[LightGBM] [Info] Total Bins 22962
[LightGBM] [Info] Number of data points in the train set: 79334, number of used features: 152
[LightGBM] [Info] Start training from score 105.112418
   [fit] key=2026-W08 cutoff=2026-02-16 23:00:00  (block 79/90)
[LightGBM] [Info] Auto-choosing col-wise multi-threading, the overhead of testing was 0.024734 seconds.
You can set `force_col_wise=true` to remove the overhead.
[LightGBM] [Info] Total Bins 22966
[LightGBM] [Info] Number of data points in the train set: 79502, number of used features: 152
[LightGBM] [Info] Start training from score 105.013872
   [fit] key=2026-W09 cutoff=2026-02-23 23:00:00  (block 86/90)
   [done] 90 blocks σε 144.2s

📊 RESULT | MAE=17.4312 €/MWh | RMSE=25.1607 | sMAPE=25.4951% | n=2160
💾 saved: runs/overnight_20260705/a_cadence/q1_lgbm_weekly_default.json
--- [2026-07-05 05:15:51] OK  runs/overnight_20260705/a_cadence/q1_lgbm_weekly_default.json

=== [2026-07-05 05:15:51] RUN → runs/overnight_20260705/a_cadence/summer_lgbm_weekly_default.json
    CMD: python -m src.master_forecast --algo lgbm --task price --market dam --strategy recursive --gate strict --retrain weekly --test_start 2025-06-01 00:00 --test_end 2025-08-31 23:00 --features default
==============================================================================
MASTER FORECAST | algo=lgbm task=price strategy=recursive
  market=dam task=price gate=strict delay_override=None → gap=0h (crosslag_gap=12h) | horizon=24 stride=24 retrain=weekly
  groups=['calendar', 'lags', 'roll', 'resfc', 'loadfc', 'meteo', 'fuel', 'genlags', 'loadlags', 'other']  (#features=152)
  test=[2025-06-01 00:00:00 .. 2025-08-31 23:00:00]  train_end=None
==============================================================================
  AEL crosslag_mode=freeze (crosslag_gap=12h)
[LightGBM] [Info] Auto-choosing col-wise multi-threading, the overhead of testing was 0.047402 seconds.
You can set `force_col_wise=true` to remove the overhead.
[LightGBM] [Info] Total Bins 22938
[LightGBM] [Info] Number of data points in the train set: 73071, number of used features: 152
[LightGBM] [Info] Start training from score 105.689102
   [fit] key=2025-W22 cutoff=2025-05-31 23:00:00  (block 1/92)
[LightGBM] [Info] Auto-choosing col-wise multi-threading, the overhead of testing was 0.023645 seconds.
You can set `force_col_wise=true` to remove the overhead.
[LightGBM] [Info] Total Bins 22940
[LightGBM] [Info] Number of data points in the train set: 73119, number of used features: 152
[LightGBM] [Info] Start training from score 105.667922
   [fit] key=2025-W23 cutoff=2025-06-02 23:00:00  (block 3/92)
[LightGBM] [Info] Auto-choosing col-wise multi-threading, the overhead of testing was 0.021246 seconds.
You can set `force_col_wise=true` to remove the overhead.
[LightGBM] [Info] Total Bins 22940
[LightGBM] [Info] Number of data points in the train set: 73287, number of used features: 152
[LightGBM] [Info] Start training from score 105.620008
   [fit] key=2025-W24 cutoff=2025-06-09 23:00:00  (block 10/92)
[LightGBM] [Info] Auto-choosing col-wise multi-threading, the overhead of testing was 0.020623 seconds.
You can set `force_col_wise=true` to remove the overhead.
[LightGBM] [Info] Total Bins 22940
[LightGBM] [Info] Number of data points in the train set: 73455, number of used features: 152
[LightGBM] [Info] Start training from score 105.560639
   [fit] key=2025-W25 cutoff=2025-06-16 23:00:00  (block 17/92)
[LightGBM] [Info] Auto-choosing col-wise multi-threading, the overhead of testing was 0.016833 seconds.
You can set `force_col_wise=true` to remove the overhead.
[LightGBM] [Info] Total Bins 22940
[LightGBM] [Info] Number of data points in the train set: 73623, number of used features: 152
[LightGBM] [Info] Start training from score 105.520635
   [fit] key=2025-W26 cutoff=2025-06-23 23:00:00  (block 24/92)
[LightGBM] [Info] Auto-choosing col-wise multi-threading, the overhead of testing was 0.021375 seconds.
You can set `force_col_wise=true` to remove the overhead.
[LightGBM] [Info] Total Bins 22940
[LightGBM] [Info] Number of data points in the train set: 73791, number of used features: 152
[LightGBM] [Info] Start training from score 105.491342
   [fit] key=2025-W27 cutoff=2025-06-30 23:00:00  (block 31/92)
[LightGBM] [Info] Auto-choosing col-wise multi-threading, the overhead of testing was 0.049445 seconds.
You can set `force_col_wise=true` to remove the overhead.
[LightGBM] [Info] Total Bins 22940
[LightGBM] [Info] Number of data points in the train set: 73959, number of used features: 152
[LightGBM] [Info] Start training from score 105.470524
   [fit] key=2025-W28 cutoff=2025-07-07 23:00:00  (block 38/92)
[LightGBM] [Info] Auto-choosing col-wise multi-threading, the overhead of testing was 0.048692 seconds.
You can set `force_col_wise=true` to remove the overhead.
[LightGBM] [Info] Total Bins 22940
[LightGBM] [Info] Number of data points in the train set: 74127, number of used features: 152
[LightGBM] [Info] Start training from score 105.431339
   [fit] key=2025-W29 cutoff=2025-07-14 23:00:00  (block 45/92)
[LightGBM] [Info] Auto-choosing col-wise multi-threading, the overhead of testing was 0.045097 seconds.
You can set `force_col_wise=true` to remove the overhead.
[LightGBM] [Info] Total Bins 22940
[LightGBM] [Info] Number of data points in the train set: 74295, number of used features: 152
[LightGBM] [Info] Start training from score 105.413912
   [fit] key=2025-W30 cutoff=2025-07-21 23:00:00  (block 52/92)
[LightGBM] [Info] Auto-choosing col-wise multi-threading, the overhead of testing was 0.049830 seconds.
You can set `force_col_wise=true` to remove the overhead.
[LightGBM] [Info] Total Bins 22940
[LightGBM] [Info] Number of data points in the train set: 74463, number of used features: 152
[LightGBM] [Info] Start training from score 105.449455
   [fit] key=2025-W31 cutoff=2025-07-28 23:00:00  (block 59/92)
[LightGBM] [Info] Auto-choosing col-wise multi-threading, the overhead of testing was 0.047826 seconds.
You can set `force_col_wise=true` to remove the overhead.
[LightGBM] [Info] Total Bins 22940
[LightGBM] [Info] Number of data points in the train set: 74631, number of used features: 152
[LightGBM] [Info] Start training from score 105.406321
   [fit] key=2025-W32 cutoff=2025-08-04 23:00:00  (block 66/92)
[LightGBM] [Info] Auto-choosing col-wise multi-threading, the overhead of testing was 0.048020 seconds.
You can set `force_col_wise=true` to remove the overhead.
[LightGBM] [Info] Total Bins 22940
[LightGBM] [Info] Number of data points in the train set: 74799, number of used features: 152
[LightGBM] [Info] Start training from score 105.321184
   [fit] key=2025-W33 cutoff=2025-08-11 23:00:00  (block 73/92)
[LightGBM] [Info] Auto-choosing col-wise multi-threading, the overhead of testing was 0.048581 seconds.
You can set `force_col_wise=true` to remove the overhead.
[LightGBM] [Info] Total Bins 22940
[LightGBM] [Info] Number of data points in the train set: 74967, number of used features: 152
[LightGBM] [Info] Start training from score 105.244695
   [fit] key=2025-W34 cutoff=2025-08-18 23:00:00  (block 80/92)
[LightGBM] [Info] Auto-choosing col-wise multi-threading, the overhead of testing was 0.050067 seconds.
You can set `force_col_wise=true` to remove the overhead.
[LightGBM] [Info] Total Bins 22940
[LightGBM] [Info] Number of data points in the train set: 75135, number of used features: 152
[LightGBM] [Info] Start training from score 105.182159
   [fit] key=2025-W35 cutoff=2025-08-25 23:00:00  (block 87/92)
   [done] 92 blocks σε 289.7s

📊 RESULT | MAE=14.1468 €/MWh | RMSE=20.5031 | sMAPE=36.8789% | n=2208
💾 saved: runs/overnight_20260705/a_cadence/summer_lgbm_weekly_default.json
--- [2026-07-05 05:20:45] OK  runs/overnight_20260705/a_cadence/summer_lgbm_weekly_default.json

=== [2026-07-05 05:20:45] RUN → runs/overnight_20260705/a_cadence/q1_xgb_weekly_default_dense.json
    CMD: python -m src.master_forecast --algo xgb --task price --market dam --strategy recursive --gate strict --retrain weekly --test_start 2025-12-01 00:00 --test_end 2026-02-28 23:00 --features default,dense
==============================================================================
MASTER FORECAST | algo=xgb task=price strategy=recursive
  market=dam task=price gate=strict delay_override=None → gap=0h (crosslag_gap=12h) | horizon=24 stride=24 retrain=weekly
  groups=['calendar', 'lags', 'dense', 'roll', 'resfc', 'loadfc', 'meteo', 'fuel', 'genlags', 'loadlags', 'other']  (#features=170)
  test=[2025-12-01 00:00:00 .. 2026-02-28 23:00:00]  train_end=None
==============================================================================
  AEL crosslag_mode=freeze (crosslag_gap=12h)
   [fit] key=2025-W48 cutoff=2025-11-30 23:00:00  (block 1/90)
   [fit] key=2025-W49 cutoff=2025-12-01 23:00:00  (block 2/90)
   [fit] key=2025-W50 cutoff=2025-12-08 23:00:00  (block 9/90)
   [fit] key=2025-W51 cutoff=2025-12-15 23:00:00  (block 16/90)
   [fit] key=2025-W52 cutoff=2025-12-22 23:00:00  (block 23/90)
   [fit] key=2026-W01 cutoff=2025-12-29 23:00:00  (block 30/90)
   [fit] key=2026-W02 cutoff=2026-01-05 23:00:00  (block 37/90)
   [fit] key=2026-W03 cutoff=2026-01-12 23:00:00  (block 44/90)
   [fit] key=2026-W04 cutoff=2026-01-19 23:00:00  (block 51/90)
   [fit] key=2026-W05 cutoff=2026-01-26 23:00:00  (block 58/90)
   [fit] key=2026-W06 cutoff=2026-02-02 23:00:00  (block 65/90)
   [fit] key=2026-W07 cutoff=2026-02-09 23:00:00  (block 72/90)
   [fit] key=2026-W08 cutoff=2026-02-16 23:00:00  (block 79/90)
   [fit] key=2026-W09 cutoff=2026-02-23 23:00:00  (block 86/90)
   [done] 90 blocks σε 700.0s

📊 RESULT | MAE=16.9235 €/MWh | RMSE=24.339 | sMAPE=25.2282% | n=2160
💾 saved: runs/overnight_20260705/a_cadence/q1_xgb_weekly_default_dense.json
--- [2026-07-05 05:32:29] OK  runs/overnight_20260705/a_cadence/q1_xgb_weekly_default_dense.json

=== [2026-07-05 05:32:29] RUN → runs/overnight_20260705/a_cadence/summer_xgb_weekly_default_dense.json
    CMD: python -m src.master_forecast --algo xgb --task price --market dam --strategy recursive --gate strict --retrain weekly --test_start 2025-06-01 00:00 --test_end 2025-08-31 23:00 --features default,dense
==============================================================================
MASTER FORECAST | algo=xgb task=price strategy=recursive
  market=dam task=price gate=strict delay_override=None → gap=0h (crosslag_gap=12h) | horizon=24 stride=24 retrain=weekly
  groups=['calendar', 'lags', 'dense', 'roll', 'resfc', 'loadfc', 'meteo', 'fuel', 'genlags', 'loadlags', 'other']  (#features=170)
  test=[2025-06-01 00:00:00 .. 2025-08-31 23:00:00]  train_end=None
==============================================================================
  AEL crosslag_mode=freeze (crosslag_gap=12h)
   [fit] key=2025-W22 cutoff=2025-05-31 23:00:00  (block 1/92)
   [fit] key=2025-W23 cutoff=2025-06-02 23:00:00  (block 3/92)
   [fit] key=2025-W24 cutoff=2025-06-09 23:00:00  (block 10/92)
   [fit] key=2025-W25 cutoff=2025-06-16 23:00:00  (block 17/92)
   [fit] key=2025-W26 cutoff=2025-06-23 23:00:00  (block 24/92)
   [fit] key=2025-W27 cutoff=2025-06-30 23:00:00  (block 31/92)
   [fit] key=2025-W28 cutoff=2025-07-07 23:00:00  (block 38/92)
   [fit] key=2025-W29 cutoff=2025-07-14 23:00:00  (block 45/92)
   [fit] key=2025-W30 cutoff=2025-07-21 23:00:00  (block 52/92)
   [fit] key=2025-W31 cutoff=2025-07-28 23:00:00  (block 59/92)
   [fit] key=2025-W32 cutoff=2025-08-04 23:00:00  (block 66/92)
   [fit] key=2025-W33 cutoff=2025-08-11 23:00:00  (block 73/92)
   [fit] key=2025-W34 cutoff=2025-08-18 23:00:00  (block 80/92)
   [fit] key=2025-W35 cutoff=2025-08-25 23:00:00  (block 87/92)
   [done] 92 blocks σε 397.2s

📊 RESULT | MAE=14.4001 €/MWh | RMSE=21.3702 | sMAPE=37.2376% | n=2208
💾 saved: runs/overnight_20260705/a_cadence/summer_xgb_weekly_default_dense.json
--- [2026-07-05 05:39:10] OK  runs/overnight_20260705/a_cadence/summer_xgb_weekly_default_dense.json

=== [2026-07-05 05:39:11] RUN → runs/overnight_20260705/a_cadence/q1_xgb_weekly_default_noresfc.json
    CMD: python -m src.master_forecast --algo xgb --task price --market dam --strategy recursive --gate strict --retrain weekly --test_start 2025-12-01 00:00 --test_end 2026-02-28 23:00 --features default,-resfc
==============================================================================
MASTER FORECAST | algo=xgb task=price strategy=recursive
  market=dam task=price gate=strict delay_override=None → gap=0h (crosslag_gap=12h) | horizon=24 stride=24 retrain=weekly
  groups=['calendar', 'lags', 'roll', 'loadfc', 'meteo', 'fuel', 'genlags', 'loadlags', 'other']  (#features=146)
  test=[2025-12-01 00:00:00 .. 2026-02-28 23:00:00]  train_end=None
==============================================================================
  AEL crosslag_mode=freeze (crosslag_gap=12h)
   [fit] key=2025-W48 cutoff=2025-11-30 23:00:00  (block 1/90)
   [fit] key=2025-W49 cutoff=2025-12-01 23:00:00  (block 2/90)
   [fit] key=2025-W50 cutoff=2025-12-08 23:00:00  (block 9/90)
   [fit] key=2025-W51 cutoff=2025-12-15 23:00:00  (block 16/90)
   [fit] key=2025-W52 cutoff=2025-12-22 23:00:00  (block 23/90)
   [fit] key=2026-W01 cutoff=2025-12-29 23:00:00  (block 30/90)
   [fit] key=2026-W02 cutoff=2026-01-05 23:00:00  (block 37/90)
   [fit] key=2026-W03 cutoff=2026-01-12 23:00:00  (block 44/90)
   [fit] key=2026-W04 cutoff=2026-01-19 23:00:00  (block 51/90)
   [fit] key=2026-W05 cutoff=2026-01-26 23:00:00  (block 58/90)
   [fit] key=2026-W06 cutoff=2026-02-02 23:00:00  (block 65/90)
   [fit] key=2026-W07 cutoff=2026-02-09 23:00:00  (block 72/90)
   [fit] key=2026-W08 cutoff=2026-02-16 23:00:00  (block 79/90)
   [fit] key=2026-W09 cutoff=2026-02-23 23:00:00  (block 86/90)
   [done] 90 blocks σε 456.1s

📊 RESULT | MAE=17.1687 €/MWh | RMSE=24.4614 | sMAPE=25.5219% | n=2160
💾 saved: runs/overnight_20260705/a_cadence/q1_xgb_weekly_default_noresfc.json
--- [2026-07-05 05:46:50] OK  runs/overnight_20260705/a_cadence/q1_xgb_weekly_default_noresfc.json

=== [2026-07-05 05:46:50] RUN → runs/overnight_20260705/a_cadence/summer_xgb_weekly_default_noresfc.json
    CMD: python -m src.master_forecast --algo xgb --task price --market dam --strategy recursive --gate strict --retrain weekly --test_start 2025-06-01 00:00 --test_end 2025-08-31 23:00 --features default,-resfc
==============================================================================
MASTER FORECAST | algo=xgb task=price strategy=recursive
  market=dam task=price gate=strict delay_override=None → gap=0h (crosslag_gap=12h) | horizon=24 stride=24 retrain=weekly
  groups=['calendar', 'lags', 'roll', 'loadfc', 'meteo', 'fuel', 'genlags', 'loadlags', 'other']  (#features=146)
  test=[2025-06-01 00:00:00 .. 2025-08-31 23:00:00]  train_end=None
==============================================================================
  AEL crosslag_mode=freeze (crosslag_gap=12h)
   [fit] key=2025-W22 cutoff=2025-05-31 23:00:00  (block 1/92)
   [fit] key=2025-W23 cutoff=2025-06-02 23:00:00  (block 3/92)
   [fit] key=2025-W24 cutoff=2025-06-09 23:00:00  (block 10/92)
   [fit] key=2025-W25 cutoff=2025-06-16 23:00:00  (block 17/92)
   [fit] key=2025-W26 cutoff=2025-06-23 23:00:00  (block 24/92)
   [fit] key=2025-W27 cutoff=2025-06-30 23:00:00  (block 31/92)
   [fit] key=2025-W28 cutoff=2025-07-07 23:00:00  (block 38/92)
   [fit] key=2025-W29 cutoff=2025-07-14 23:00:00  (block 45/92)
   [fit] key=2025-W30 cutoff=2025-07-21 23:00:00  (block 52/92)
   [fit] key=2025-W31 cutoff=2025-07-28 23:00:00  (block 59/92)
   [fit] key=2025-W32 cutoff=2025-08-04 23:00:00  (block 66/92)
   [fit] key=2025-W33 cutoff=2025-08-11 23:00:00  (block 73/92)
   [fit] key=2025-W34 cutoff=2025-08-18 23:00:00  (block 80/92)
   [fit] key=2025-W35 cutoff=2025-08-25 23:00:00  (block 87/92)
   [done] 92 blocks σε 320.2s

📊 RESULT | MAE=14.9588 €/MWh | RMSE=21.6844 | sMAPE=38.2424% | n=2208
💾 saved: runs/overnight_20260705/a_cadence/summer_xgb_weekly_default_noresfc.json
--- [2026-07-05 05:52:14] OK  runs/overnight_20260705/a_cadence/summer_xgb_weekly_default_noresfc.json

=== [2026-07-05 05:52:14] RUN → runs/overnight_20260705/a_cadence/q1_xgb_weekly_default.json
    CMD: python -m src.master_forecast --algo xgb --task price --market dam --strategy recursive --gate strict --retrain weekly --test_start 2025-12-01 00:00 --test_end 2026-02-28 23:00 --features default
==============================================================================
MASTER FORECAST | algo=xgb task=price strategy=recursive
  market=dam task=price gate=strict delay_override=None → gap=0h (crosslag_gap=12h) | horizon=24 stride=24 retrain=weekly
  groups=['calendar', 'lags', 'roll', 'resfc', 'loadfc', 'meteo', 'fuel', 'genlags', 'loadlags', 'other']  (#features=152)
  test=[2025-12-01 00:00:00 .. 2026-02-28 23:00:00]  train_end=None
==============================================================================
  AEL crosslag_mode=freeze (crosslag_gap=12h)
   [fit] key=2025-W48 cutoff=2025-11-30 23:00:00  (block 1/90)
   [fit] key=2025-W49 cutoff=2025-12-01 23:00:00  (block 2/90)
   [fit] key=2025-W50 cutoff=2025-12-08 23:00:00  (block 9/90)
   [fit] key=2025-W51 cutoff=2025-12-15 23:00:00  (block 16/90)
   [fit] key=2025-W52 cutoff=2025-12-22 23:00:00  (block 23/90)
   [fit] key=2026-W01 cutoff=2025-12-29 23:00:00  (block 30/90)
   [fit] key=2026-W02 cutoff=2026-01-05 23:00:00  (block 37/90)
   [fit] key=2026-W03 cutoff=2026-01-12 23:00:00  (block 44/90)
   [fit] key=2026-W04 cutoff=2026-01-19 23:00:00  (block 51/90)
   [fit] key=2026-W05 cutoff=2026-01-26 23:00:00  (block 58/90)
   [fit] key=2026-W06 cutoff=2026-02-02 23:00:00  (block 65/90)
   [fit] key=2026-W07 cutoff=2026-02-09 23:00:00  (block 72/90)
   [fit] key=2026-W08 cutoff=2026-02-16 23:00:00  (block 79/90)
   [fit] key=2026-W09 cutoff=2026-02-23 23:00:00  (block 86/90)
   [done] 90 blocks σε 380.4s

📊 RESULT | MAE=17.6724 €/MWh | RMSE=25.1804 | sMAPE=25.7047% | n=2160
💾 saved: runs/overnight_20260705/a_cadence/q1_xgb_weekly_default.json
--- [2026-07-05 05:58:38] OK  runs/overnight_20260705/a_cadence/q1_xgb_weekly_default.json

=== [2026-07-05 05:58:38] RUN → runs/overnight_20260705/a_cadence/summer_xgb_weekly_default.json
    CMD: python -m src.master_forecast --algo xgb --task price --market dam --strategy recursive --gate strict --retrain weekly --test_start 2025-06-01 00:00 --test_end 2025-08-31 23:00 --features default
==============================================================================
MASTER FORECAST | algo=xgb task=price strategy=recursive
  market=dam task=price gate=strict delay_override=None → gap=0h (crosslag_gap=12h) | horizon=24 stride=24 retrain=weekly
  groups=['calendar', 'lags', 'roll', 'resfc', 'loadfc', 'meteo', 'fuel', 'genlags', 'loadlags', 'other']  (#features=152)
  test=[2025-06-01 00:00:00 .. 2025-08-31 23:00:00]  train_end=None
==============================================================================
  AEL crosslag_mode=freeze (crosslag_gap=12h)
   [fit] key=2025-W22 cutoff=2025-05-31 23:00:00  (block 1/92)
   [fit] key=2025-W23 cutoff=2025-06-02 23:00:00  (block 3/92)
   [fit] key=2025-W24 cutoff=2025-06-09 23:00:00  (block 10/92)
   [fit] key=2025-W25 cutoff=2025-06-16 23:00:00  (block 17/92)
   [fit] key=2025-W26 cutoff=2025-06-23 23:00:00  (block 24/92)
   [fit] key=2025-W27 cutoff=2025-06-30 23:00:00  (block 31/92)
   [fit] key=2025-W28 cutoff=2025-07-07 23:00:00  (block 38/92)
   [fit] key=2025-W29 cutoff=2025-07-14 23:00:00  (block 45/92)
   [fit] key=2025-W30 cutoff=2025-07-21 23:00:00  (block 52/92)
   [fit] key=2025-W31 cutoff=2025-07-28 23:00:00  (block 59/92)
   [fit] key=2025-W32 cutoff=2025-08-04 23:00:00  (block 66/92)
   [fit] key=2025-W33 cutoff=2025-08-11 23:00:00  (block 73/92)
   [fit] key=2025-W34 cutoff=2025-08-18 23:00:00  (block 80/92)
   [fit] key=2025-W35 cutoff=2025-08-25 23:00:00  (block 87/92)
   [done] 92 blocks σε 1168.6s

📊 RESULT | MAE=14.5732 €/MWh | RMSE=21.1142 | sMAPE=37.8526% | n=2208
💾 saved: runs/overnight_20260705/a_cadence/summer_xgb_weekly_default.json
--- [2026-07-05 06:18:13] OK  runs/overnight_20260705/a_cadence/summer_xgb_weekly_default.json

=== [2026-07-05 06:18:13] RUN → runs/overnight_20260705/a_cadence/q1_lgbm_monthly_default_dense.json
    CMD: python -m src.master_forecast --algo lgbm --task price --market dam --strategy recursive --gate strict --retrain monthly --test_start 2025-12-01 00:00 --test_end 2026-02-28 23:00 --features default,dense
==============================================================================
MASTER FORECAST | algo=lgbm task=price strategy=recursive
  market=dam task=price gate=strict delay_override=None → gap=0h (crosslag_gap=12h) | horizon=24 stride=24 retrain=monthly
  groups=['calendar', 'lags', 'dense', 'roll', 'resfc', 'loadfc', 'meteo', 'fuel', 'genlags', 'loadlags', 'other']  (#features=170)
  test=[2025-12-01 00:00:00 .. 2026-02-28 23:00:00]  train_end=None
==============================================================================
  AEL crosslag_mode=freeze (crosslag_gap=12h)
[LightGBM] [Info] Auto-choosing col-wise multi-threading, the overhead of testing was 0.135311 seconds.
You can set `force_col_wise=true` to remove the overhead.
[LightGBM] [Info] Total Bins 27536
[LightGBM] [Info] Number of data points in the train set: 77462, number of used features: 170
[LightGBM] [Info] Start training from score 105.090365
   [fit] key=2025-11 cutoff=2025-11-30 23:00:00  (block 1/90)
[LightGBM] [Info] Auto-choosing col-wise multi-threading, the overhead of testing was 0.150635 seconds.
You can set `force_col_wise=true` to remove the overhead.
[LightGBM] [Info] Total Bins 27536
[LightGBM] [Info] Number of data points in the train set: 77486, number of used features: 170
[LightGBM] [Info] Start training from score 105.099260
   [fit] key=2025-12 cutoff=2025-12-01 23:00:00  (block 2/90)
[LightGBM] [Info] Auto-choosing col-wise multi-threading, the overhead of testing was 0.145520 seconds.
You can set `force_col_wise=true` to remove the overhead.
[LightGBM] [Info] Total Bins 27538
[LightGBM] [Info] Number of data points in the train set: 78230, number of used features: 170
[LightGBM] [Info] Start training from score 105.129524
   [fit] key=2026-01 cutoff=2026-01-01 23:00:00  (block 33/90)
[LightGBM] [Info] Auto-choosing col-wise multi-threading, the overhead of testing was 0.162011 seconds.
You can set `force_col_wise=true` to remove the overhead.
[LightGBM] [Info] Total Bins 27552
[LightGBM] [Info] Number of data points in the train set: 78974, number of used features: 170
[LightGBM] [Info] Start training from score 105.169510
   [fit] key=2026-02 cutoff=2026-02-01 23:00:00  (block 64/90)
   [done] 90 blocks σε 430.2s

📊 RESULT | MAE=18.3509 €/MWh | RMSE=26.5346 | sMAPE=26.18% | n=2160
💾 saved: runs/overnight_20260705/a_cadence/q1_lgbm_monthly_default_dense.json
--- [2026-07-05 06:25:29] OK  runs/overnight_20260705/a_cadence/q1_lgbm_monthly_default_dense.json

=== [2026-07-05 06:25:29] RUN → runs/overnight_20260705/a_cadence/summer_lgbm_monthly_default_dense.json
    CMD: python -m src.master_forecast --algo lgbm --task price --market dam --strategy recursive --gate strict --retrain monthly --test_start 2025-06-01 00:00 --test_end 2025-08-31 23:00 --features default,dense
==============================================================================
MASTER FORECAST | algo=lgbm task=price strategy=recursive
  market=dam task=price gate=strict delay_override=None → gap=0h (crosslag_gap=12h) | horizon=24 stride=24 retrain=monthly
  groups=['calendar', 'lags', 'dense', 'roll', 'resfc', 'loadfc', 'meteo', 'fuel', 'genlags', 'loadlags', 'other']  (#features=170)
  test=[2025-06-01 00:00:00 .. 2025-08-31 23:00:00]  train_end=None
==============================================================================
  AEL crosslag_mode=freeze (crosslag_gap=12h)
[LightGBM] [Info] Auto-choosing col-wise multi-threading, the overhead of testing was 0.116940 seconds.
You can set `force_col_wise=true` to remove the overhead.
[LightGBM] [Info] Total Bins 27528
[LightGBM] [Info] Number of data points in the train set: 73071, number of used features: 170
[LightGBM] [Info] Start training from score 105.689102
   [fit] key=2025-05 cutoff=2025-05-31 23:00:00  (block 1/92)
[LightGBM] [Info] Auto-choosing col-wise multi-threading, the overhead of testing was 0.149781 seconds.
You can set `force_col_wise=true` to remove the overhead.
[LightGBM] [Info] Total Bins 27530
[LightGBM] [Info] Number of data points in the train set: 73095, number of used features: 170
[LightGBM] [Info] Start training from score 105.671778
   [fit] key=2025-06 cutoff=2025-06-01 23:00:00  (block 2/92)
[LightGBM] [Info] Auto-choosing col-wise multi-threading, the overhead of testing was 0.123164 seconds.
You can set `force_col_wise=true` to remove the overhead.
[LightGBM] [Info] Total Bins 27530
[LightGBM] [Info] Number of data points in the train set: 73815, number of used features: 170
[LightGBM] [Info] Start training from score 105.494605
   [fit] key=2025-07 cutoff=2025-07-01 23:00:00  (block 32/92)
[LightGBM] [Info] Auto-choosing col-wise multi-threading, the overhead of testing was 0.135553 seconds.
You can set `force_col_wise=true` to remove the overhead.
[LightGBM] [Info] Total Bins 27530
[LightGBM] [Info] Number of data points in the train set: 74559, number of used features: 170
[LightGBM] [Info] Start training from score 105.438028
   [fit] key=2025-08 cutoff=2025-08-01 23:00:00  (block 63/92)
   [done] 92 blocks σε 399.3s

📊 RESULT | MAE=14.0626 €/MWh | RMSE=20.6472 | sMAPE=36.8556% | n=2208
💾 saved: runs/overnight_20260705/a_cadence/summer_lgbm_monthly_default_dense.json
--- [2026-07-05 06:32:15] OK  runs/overnight_20260705/a_cadence/summer_lgbm_monthly_default_dense.json

=== [2026-07-05 06:32:15] RUN → runs/overnight_20260705/a_cadence/q1_lgbm_monthly_default_noresfc.json
    CMD: python -m src.master_forecast --algo lgbm --task price --market dam --strategy recursive --gate strict --retrain monthly --test_start 2025-12-01 00:00 --test_end 2026-02-28 23:00 --features default,-resfc
==============================================================================
MASTER FORECAST | algo=lgbm task=price strategy=recursive
  market=dam task=price gate=strict delay_override=None → gap=0h (crosslag_gap=12h) | horizon=24 stride=24 retrain=monthly
  groups=['calendar', 'lags', 'roll', 'loadfc', 'meteo', 'fuel', 'genlags', 'loadlags', 'other']  (#features=146)
  test=[2025-12-01 00:00:00 .. 2026-02-28 23:00:00]  train_end=None
==============================================================================
  AEL crosslag_mode=freeze (crosslag_gap=12h)
[LightGBM] [Info] Auto-choosing col-wise multi-threading, the overhead of testing was 0.108317 seconds.
You can set `force_col_wise=true` to remove the overhead.
[LightGBM] [Info] Total Bins 22175
[LightGBM] [Info] Number of data points in the train set: 77462, number of used features: 146
[LightGBM] [Info] Start training from score 105.090365
   [fit] key=2025-11 cutoff=2025-11-30 23:00:00  (block 1/90)
[LightGBM] [Info] Auto-choosing col-wise multi-threading, the overhead of testing was 0.042015 seconds.
You can set `force_col_wise=true` to remove the overhead.
[LightGBM] [Info] Total Bins 22175
[LightGBM] [Info] Number of data points in the train set: 77486, number of used features: 146
[LightGBM] [Info] Start training from score 105.099260
   [fit] key=2025-12 cutoff=2025-12-01 23:00:00  (block 2/90)
[LightGBM] [Info] Auto-choosing col-wise multi-threading, the overhead of testing was 0.043807 seconds.
You can set `force_col_wise=true` to remove the overhead.
[LightGBM] [Info] Total Bins 22177
[LightGBM] [Info] Number of data points in the train set: 78230, number of used features: 146
[LightGBM] [Info] Start training from score 105.129524
   [fit] key=2026-01 cutoff=2026-01-01 23:00:00  (block 33/90)
[LightGBM] [Info] Auto-choosing col-wise multi-threading, the overhead of testing was 0.047237 seconds.
You can set `force_col_wise=true` to remove the overhead.
[LightGBM] [Info] Total Bins 22191
[LightGBM] [Info] Number of data points in the train set: 78974, number of used features: 146
[LightGBM] [Info] Start training from score 105.169510
   [fit] key=2026-02 cutoff=2026-02-01 23:00:00  (block 64/90)
   [done] 90 blocks σε 214.6s

📊 RESULT | MAE=17.6443 €/MWh | RMSE=25.1778 | sMAPE=25.6022% | n=2160
💾 saved: runs/overnight_20260705/a_cadence/q1_lgbm_monthly_default_noresfc.json
--- [2026-07-05 06:35:54] OK  runs/overnight_20260705/a_cadence/q1_lgbm_monthly_default_noresfc.json

=== [2026-07-05 06:35:54] RUN → runs/overnight_20260705/a_cadence/summer_lgbm_monthly_default_noresfc.json
    CMD: python -m src.master_forecast --algo lgbm --task price --market dam --strategy recursive --gate strict --retrain monthly --test_start 2025-06-01 00:00 --test_end 2025-08-31 23:00 --features default,-resfc
==============================================================================
MASTER FORECAST | algo=lgbm task=price strategy=recursive
  market=dam task=price gate=strict delay_override=None → gap=0h (crosslag_gap=12h) | horizon=24 stride=24 retrain=monthly
  groups=['calendar', 'lags', 'roll', 'loadfc', 'meteo', 'fuel', 'genlags', 'loadlags', 'other']  (#features=146)
  test=[2025-06-01 00:00:00 .. 2025-08-31 23:00:00]  train_end=None
==============================================================================
  AEL crosslag_mode=freeze (crosslag_gap=12h)
[LightGBM] [Info] Auto-choosing col-wise multi-threading, the overhead of testing was 0.020475 seconds.
You can set `force_col_wise=true` to remove the overhead.
[LightGBM] [Info] Total Bins 22167
[LightGBM] [Info] Number of data points in the train set: 73071, number of used features: 146
[LightGBM] [Info] Start training from score 105.689102
   [fit] key=2025-05 cutoff=2025-05-31 23:00:00  (block 1/92)
[LightGBM] [Info] Auto-choosing col-wise multi-threading, the overhead of testing was 0.079597 seconds.
You can set `force_col_wise=true` to remove the overhead.
[LightGBM] [Info] Total Bins 22169
[LightGBM] [Info] Number of data points in the train set: 73095, number of used features: 146
[LightGBM] [Info] Start training from score 105.671778
   [fit] key=2025-06 cutoff=2025-06-01 23:00:00  (block 2/92)
[LightGBM] [Info] Auto-choosing col-wise multi-threading, the overhead of testing was 0.050877 seconds.
You can set `force_col_wise=true` to remove the overhead.
[LightGBM] [Info] Total Bins 22169
[LightGBM] [Info] Number of data points in the train set: 73815, number of used features: 146
[LightGBM] [Info] Start training from score 105.494605
   [fit] key=2025-07 cutoff=2025-07-01 23:00:00  (block 32/92)
[LightGBM] [Info] Auto-choosing col-wise multi-threading, the overhead of testing was 0.044348 seconds.
You can set `force_col_wise=true` to remove the overhead.
[LightGBM] [Info] Total Bins 22169
[LightGBM] [Info] Number of data points in the train set: 74559, number of used features: 146
[LightGBM] [Info] Start training from score 105.438028
   [fit] key=2025-08 cutoff=2025-08-01 23:00:00  (block 63/92)
   [done] 92 blocks σε 170.5s

📊 RESULT | MAE=15.5456 €/MWh | RMSE=22.2059 | sMAPE=38.439% | n=2208
💾 saved: runs/overnight_20260705/a_cadence/summer_lgbm_monthly_default_noresfc.json
--- [2026-07-05 06:38:48] OK  runs/overnight_20260705/a_cadence/summer_lgbm_monthly_default_noresfc.json

=== [2026-07-05 06:38:48] RUN → runs/overnight_20260705/a_cadence/q1_lgbm_monthly_default.json
    CMD: python -m src.master_forecast --algo lgbm --task price --market dam --strategy recursive --gate strict --retrain monthly --test_start 2025-12-01 00:00 --test_end 2026-02-28 23:00 --features default
==============================================================================
MASTER FORECAST | algo=lgbm task=price strategy=recursive
  market=dam task=price gate=strict delay_override=None → gap=0h (crosslag_gap=12h) | horizon=24 stride=24 retrain=monthly
  groups=['calendar', 'lags', 'roll', 'resfc', 'loadfc', 'meteo', 'fuel', 'genlags', 'loadlags', 'other']  (#features=152)
  test=[2025-12-01 00:00:00 .. 2026-02-28 23:00:00]  train_end=None
==============================================================================
  AEL crosslag_mode=freeze (crosslag_gap=12h)
[LightGBM] [Info] Auto-choosing col-wise multi-threading, the overhead of testing was 0.017469 seconds.
You can set `force_col_wise=true` to remove the overhead.
[LightGBM] [Info] Total Bins 22946
[LightGBM] [Info] Number of data points in the train set: 77462, number of used features: 152
[LightGBM] [Info] Start training from score 105.090365
   [fit] key=2025-11 cutoff=2025-11-30 23:00:00  (block 1/90)
[LightGBM] [Info] Auto-choosing col-wise multi-threading, the overhead of testing was 0.017867 seconds.
You can set `force_col_wise=true` to remove the overhead.
[LightGBM] [Info] Total Bins 22946
[LightGBM] [Info] Number of data points in the train set: 77486, number of used features: 152
[LightGBM] [Info] Start training from score 105.099260
   [fit] key=2025-12 cutoff=2025-12-01 23:00:00  (block 2/90)
[LightGBM] [Info] Auto-choosing col-wise multi-threading, the overhead of testing was 0.056168 seconds.
You can set `force_col_wise=true` to remove the overhead.
[LightGBM] [Info] Total Bins 22948
[LightGBM] [Info] Number of data points in the train set: 78230, number of used features: 152
[LightGBM] [Info] Start training from score 105.129524
   [fit] key=2026-01 cutoff=2026-01-01 23:00:00  (block 33/90)
[LightGBM] [Info] Auto-choosing col-wise multi-threading, the overhead of testing was 0.048565 seconds.
You can set `force_col_wise=true` to remove the overhead.
[LightGBM] [Info] Total Bins 22962
[LightGBM] [Info] Number of data points in the train set: 78974, number of used features: 152
[LightGBM] [Info] Start training from score 105.169510
   [fit] key=2026-02 cutoff=2026-02-01 23:00:00  (block 64/90)
   [done] 90 blocks σε 117.6s

📊 RESULT | MAE=19.222 €/MWh | RMSE=27.7957 | sMAPE=26.614% | n=2160
💾 saved: runs/overnight_20260705/a_cadence/q1_lgbm_monthly_default.json
--- [2026-07-05 06:40:50] OK  runs/overnight_20260705/a_cadence/q1_lgbm_monthly_default.json

=== [2026-07-05 06:40:50] RUN → runs/overnight_20260705/a_cadence/summer_lgbm_monthly_default.json
    CMD: python -m src.master_forecast --algo lgbm --task price --market dam --strategy recursive --gate strict --retrain monthly --test_start 2025-06-01 00:00 --test_end 2025-08-31 23:00 --features default
==============================================================================
MASTER FORECAST | algo=lgbm task=price strategy=recursive
  market=dam task=price gate=strict delay_override=None → gap=0h (crosslag_gap=12h) | horizon=24 stride=24 retrain=monthly
  groups=['calendar', 'lags', 'roll', 'resfc', 'loadfc', 'meteo', 'fuel', 'genlags', 'loadlags', 'other']  (#features=152)
  test=[2025-06-01 00:00:00 .. 2025-08-31 23:00:00]  train_end=None
==============================================================================
  AEL crosslag_mode=freeze (crosslag_gap=12h)
[LightGBM] [Info] Auto-choosing col-wise multi-threading, the overhead of testing was 0.019860 seconds.
You can set `force_col_wise=true` to remove the overhead.
[LightGBM] [Info] Total Bins 22938
[LightGBM] [Info] Number of data points in the train set: 73071, number of used features: 152
[LightGBM] [Info] Start training from score 105.689102
   [fit] key=2025-05 cutoff=2025-05-31 23:00:00  (block 1/92)
[LightGBM] [Info] Auto-choosing col-wise multi-threading, the overhead of testing was 0.052077 seconds.
You can set `force_col_wise=true` to remove the overhead.
[LightGBM] [Info] Total Bins 22940
[LightGBM] [Info] Number of data points in the train set: 73095, number of used features: 152
[LightGBM] [Info] Start training from score 105.671778
   [fit] key=2025-06 cutoff=2025-06-01 23:00:00  (block 2/92)
[LightGBM] [Info] Auto-choosing col-wise multi-threading, the overhead of testing was 0.048532 seconds.
You can set `force_col_wise=true` to remove the overhead.
[LightGBM] [Info] Total Bins 22940
[LightGBM] [Info] Number of data points in the train set: 73815, number of used features: 152
[LightGBM] [Info] Start training from score 105.494605
   [fit] key=2025-07 cutoff=2025-07-01 23:00:00  (block 32/92)
[LightGBM] [Info] Auto-choosing col-wise multi-threading, the overhead of testing was 0.048424 seconds.
You can set `force_col_wise=true` to remove the overhead.
[LightGBM] [Info] Total Bins 22940
[LightGBM] [Info] Number of data points in the train set: 74559, number of used features: 152
[LightGBM] [Info] Start training from score 105.438028
   [fit] key=2025-08 cutoff=2025-08-01 23:00:00  (block 63/92)
   [done] 92 blocks σε 173.1s

📊 RESULT | MAE=15.0799 €/MWh | RMSE=21.5576 | sMAPE=37.8949% | n=2208
💾 saved: runs/overnight_20260705/a_cadence/summer_lgbm_monthly_default.json
--- [2026-07-05 06:43:47] OK  runs/overnight_20260705/a_cadence/summer_lgbm_monthly_default.json

=== [2026-07-05 06:43:47] RUN → runs/overnight_20260705/a_cadence/q1_xgb_monthly_default_dense.json
    CMD: python -m src.master_forecast --algo xgb --task price --market dam --strategy recursive --gate strict --retrain monthly --test_start 2025-12-01 00:00 --test_end 2026-02-28 23:00 --features default,dense
==============================================================================
MASTER FORECAST | algo=xgb task=price strategy=recursive
  market=dam task=price gate=strict delay_override=None → gap=0h (crosslag_gap=12h) | horizon=24 stride=24 retrain=monthly
  groups=['calendar', 'lags', 'dense', 'roll', 'resfc', 'loadfc', 'meteo', 'fuel', 'genlags', 'loadlags', 'other']  (#features=170)
  test=[2025-12-01 00:00:00 .. 2026-02-28 23:00:00]  train_end=None
==============================================================================
  AEL crosslag_mode=freeze (crosslag_gap=12h)
   [fit] key=2025-11 cutoff=2025-11-30 23:00:00  (block 1/90)
   [fit] key=2025-12 cutoff=2025-12-01 23:00:00  (block 2/90)
   [fit] key=2026-01 cutoff=2026-01-01 23:00:00  (block 33/90)
   [fit] key=2026-02 cutoff=2026-02-01 23:00:00  (block 64/90)
   [done] 90 blocks σε 320.0s

📊 RESULT | MAE=18.5707 €/MWh | RMSE=26.479 | sMAPE=26.3473% | n=2160
💾 saved: runs/overnight_20260705/a_cadence/q1_xgb_monthly_default_dense.json
--- [2026-07-05 06:49:10] OK  runs/overnight_20260705/a_cadence/q1_xgb_monthly_default_dense.json

=== [2026-07-05 06:49:10] RUN → runs/overnight_20260705/a_cadence/summer_xgb_monthly_default_dense.json
    CMD: python -m src.master_forecast --algo xgb --task price --market dam --strategy recursive --gate strict --retrain monthly --test_start 2025-06-01 00:00 --test_end 2025-08-31 23:00 --features default,dense
==============================================================================
MASTER FORECAST | algo=xgb task=price strategy=recursive
  market=dam task=price gate=strict delay_override=None → gap=0h (crosslag_gap=12h) | horizon=24 stride=24 retrain=monthly
  groups=['calendar', 'lags', 'dense', 'roll', 'resfc', 'loadfc', 'meteo', 'fuel', 'genlags', 'loadlags', 'other']  (#features=170)
  test=[2025-06-01 00:00:00 .. 2025-08-31 23:00:00]  train_end=None
==============================================================================
  AEL crosslag_mode=freeze (crosslag_gap=12h)
   [fit] key=2025-05 cutoff=2025-05-31 23:00:00  (block 1/92)
   [fit] key=2025-06 cutoff=2025-06-01 23:00:00  (block 2/92)
   [fit] key=2025-07 cutoff=2025-07-01 23:00:00  (block 32/92)
   [fit] key=2025-08 cutoff=2025-08-01 23:00:00  (block 63/92)
   [done] 92 blocks σε 305.9s

📊 RESULT | MAE=14.4064 €/MWh | RMSE=20.81 | sMAPE=37.4497% | n=2208
💾 saved: runs/overnight_20260705/a_cadence/summer_xgb_monthly_default_dense.json
--- [2026-07-05 06:54:20] OK  runs/overnight_20260705/a_cadence/summer_xgb_monthly_default_dense.json

=== [2026-07-05 06:54:20] RUN → runs/overnight_20260705/a_cadence/q1_xgb_monthly_default_noresfc.json
    CMD: python -m src.master_forecast --algo xgb --task price --market dam --strategy recursive --gate strict --retrain monthly --test_start 2025-12-01 00:00 --test_end 2026-02-28 23:00 --features default,-resfc
==============================================================================
MASTER FORECAST | algo=xgb task=price strategy=recursive
  market=dam task=price gate=strict delay_override=None → gap=0h (crosslag_gap=12h) | horizon=24 stride=24 retrain=monthly
  groups=['calendar', 'lags', 'roll', 'loadfc', 'meteo', 'fuel', 'genlags', 'loadlags', 'other']  (#features=146)
  test=[2025-12-01 00:00:00 .. 2026-02-28 23:00:00]  train_end=None
==============================================================================
  AEL crosslag_mode=freeze (crosslag_gap=12h)
   [fit] key=2025-11 cutoff=2025-11-30 23:00:00  (block 1/90)
   [fit] key=2025-12 cutoff=2025-12-01 23:00:00  (block 2/90)
   [fit] key=2026-01 cutoff=2026-01-01 23:00:00  (block 33/90)
   [fit] key=2026-02 cutoff=2026-02-01 23:00:00  (block 64/90)
   [done] 90 blocks σε 235.0s

📊 RESULT | MAE=17.7025 €/MWh | RMSE=24.9452 | sMAPE=25.9355% | n=2160
💾 saved: runs/overnight_20260705/a_cadence/q1_xgb_monthly_default_noresfc.json
--- [2026-07-05 06:58:19] OK  runs/overnight_20260705/a_cadence/q1_xgb_monthly_default_noresfc.json

=== [2026-07-05 06:58:19] RUN → runs/overnight_20260705/a_cadence/summer_xgb_monthly_default_noresfc.json
    CMD: python -m src.master_forecast --algo xgb --task price --market dam --strategy recursive --gate strict --retrain monthly --test_start 2025-06-01 00:00 --test_end 2025-08-31 23:00 --features default,-resfc
==============================================================================
MASTER FORECAST | algo=xgb task=price strategy=recursive
  market=dam task=price gate=strict delay_override=None → gap=0h (crosslag_gap=12h) | horizon=24 stride=24 retrain=monthly
  groups=['calendar', 'lags', 'roll', 'loadfc', 'meteo', 'fuel', 'genlags', 'loadlags', 'other']  (#features=146)
  test=[2025-06-01 00:00:00 .. 2025-08-31 23:00:00]  train_end=None
==============================================================================
  AEL crosslag_mode=freeze (crosslag_gap=12h)
   [fit] key=2025-05 cutoff=2025-05-31 23:00:00  (block 1/92)
   [fit] key=2025-06 cutoff=2025-06-01 23:00:00  (block 2/92)
   [fit] key=2025-07 cutoff=2025-07-01 23:00:00  (block 32/92)
   [fit] key=2025-08 cutoff=2025-08-01 23:00:00  (block 63/92)
   [done] 92 blocks σε 225.8s

📊 RESULT | MAE=15.5218 €/MWh | RMSE=22.2993 | sMAPE=37.8302% | n=2208
💾 saved: runs/overnight_20260705/a_cadence/summer_xgb_monthly_default_noresfc.json
--- [2026-07-05 07:02:08] OK  runs/overnight_20260705/a_cadence/summer_xgb_monthly_default_noresfc.json

=== [2026-07-05 07:02:08] RUN → runs/overnight_20260705/a_cadence/q1_xgb_monthly_default.json
    CMD: python -m src.master_forecast --algo xgb --task price --market dam --strategy recursive --gate strict --retrain monthly --test_start 2025-12-01 00:00 --test_end 2026-02-28 23:00 --features default
==============================================================================
MASTER FORECAST | algo=xgb task=price strategy=recursive
  market=dam task=price gate=strict delay_override=None → gap=0h (crosslag_gap=12h) | horizon=24 stride=24 retrain=monthly
  groups=['calendar', 'lags', 'roll', 'resfc', 'loadfc', 'meteo', 'fuel', 'genlags', 'loadlags', 'other']  (#features=152)
  test=[2025-12-01 00:00:00 .. 2026-02-28 23:00:00]  train_end=None
==============================================================================
  AEL crosslag_mode=freeze (crosslag_gap=12h)
   [fit] key=2025-11 cutoff=2025-11-30 23:00:00  (block 1/90)
   [fit] key=2025-12 cutoff=2025-12-01 23:00:00  (block 2/90)
   [fit] key=2026-01 cutoff=2026-01-01 23:00:00  (block 33/90)
   [fit] key=2026-02 cutoff=2026-02-01 23:00:00  (block 64/90)
   [done] 90 blocks σε 237.0s

📊 RESULT | MAE=19.4863 €/MWh | RMSE=27.9397 | sMAPE=26.9935% | n=2160
💾 saved: runs/overnight_20260705/a_cadence/q1_xgb_monthly_default.json
--- [2026-07-05 07:06:09] OK  runs/overnight_20260705/a_cadence/q1_xgb_monthly_default.json

=== [2026-07-05 07:06:09] RUN → runs/overnight_20260705/a_cadence/summer_xgb_monthly_default.json
    CMD: python -m src.master_forecast --algo xgb --task price --market dam --strategy recursive --gate strict --retrain monthly --test_start 2025-06-01 00:00 --test_end 2025-08-31 23:00 --features default
==============================================================================
MASTER FORECAST | algo=xgb task=price strategy=recursive
  market=dam task=price gate=strict delay_override=None → gap=0h (crosslag_gap=12h) | horizon=24 stride=24 retrain=monthly
  groups=['calendar', 'lags', 'roll', 'resfc', 'loadfc', 'meteo', 'fuel', 'genlags', 'loadlags', 'other']  (#features=152)
  test=[2025-06-01 00:00:00 .. 2025-08-31 23:00:00]  train_end=None
==============================================================================
  AEL crosslag_mode=freeze (crosslag_gap=12h)
   [fit] key=2025-05 cutoff=2025-05-31 23:00:00  (block 1/92)
   [fit] key=2025-06 cutoff=2025-06-01 23:00:00  (block 2/92)
   [fit] key=2025-07 cutoff=2025-07-01 23:00:00  (block 32/92)
   [fit] key=2025-08 cutoff=2025-08-01 23:00:00  (block 63/92)
   [done] 92 blocks σε 243.8s

📊 RESULT | MAE=15.4195 €/MWh | RMSE=21.9631 | sMAPE=38.4627% | n=2208
💾 saved: runs/overnight_20260705/a_cadence/summer_xgb_monthly_default.json
--- [2026-07-05 07:10:16] OK  runs/overnight_20260705/a_cadence/summer_xgb_monthly_default.json

######## BLOCK B — ΜΑΡΤΙΟΣ 2026 TIE-BREAK [2026-07-05 07:10:16] (~1h) ########

=== [2026-07-05 07:10:16] RUN → runs/overnight_20260705/b_march/march_lgbm_rec_default.json
    CMD: python -m src.master_forecast --algo lgbm --task price --market dam --strategy recursive --gate strict --retrain static --train_end 2026-02-28 23:00 --test_start 2026-03-01 00:00 --test_end 2026-03-20 23:00 --features default
==============================================================================
MASTER FORECAST | algo=lgbm task=price strategy=recursive
  market=dam task=price gate=strict delay_override=None → gap=0h (crosslag_gap=12h) | horizon=24 stride=24 retrain=static
  groups=['calendar', 'lags', 'roll', 'resfc', 'loadfc', 'meteo', 'fuel', 'genlags', 'loadlags', 'other']  (#features=152)
  test=[2026-03-01 00:00:00 .. 2026-03-20 23:00:00]  train_end=2026-02-28 23:00:00
==============================================================================
  AEL crosslag_mode=freeze (crosslag_gap=12h)
[LightGBM] [Info] Auto-choosing col-wise multi-threading, the overhead of testing was 0.027163 seconds.
You can set `force_col_wise=true` to remove the overhead.
[LightGBM] [Info] Total Bins 22966
[LightGBM] [Info] Number of data points in the train set: 79622, number of used features: 152
[LightGBM] [Info] Start training from score 104.944347
   [fit] key=static cutoff=2026-02-28 23:00:00  (block 1/20)
   [done] 20 blocks σε 36.0s

📊 RESULT | MAE=20.9344 €/MWh | RMSE=29.4987 | sMAPE=49.6939% | n=480
💾 saved: runs/overnight_20260705/b_march/march_lgbm_rec_default.json
--- [2026-07-05 07:10:56] OK  runs/overnight_20260705/b_march/march_lgbm_rec_default.json

=== [2026-07-05 07:10:56] RUN → runs/overnight_20260705/b_march/march_lgbm_rec_default_nometeo.json
    CMD: python -m src.master_forecast --algo lgbm --task price --market dam --strategy recursive --gate strict --retrain static --train_end 2026-02-28 23:00 --test_start 2026-03-01 00:00 --test_end 2026-03-20 23:00 --features default,-meteo
==============================================================================
MASTER FORECAST | algo=lgbm task=price strategy=recursive
  market=dam task=price gate=strict delay_override=None → gap=0h (crosslag_gap=12h) | horizon=24 stride=24 retrain=static
  groups=['calendar', 'lags', 'roll', 'resfc', 'loadfc', 'fuel', 'genlags', 'loadlags', 'other']  (#features=68)
  test=[2026-03-01 00:00:00 .. 2026-03-20 23:00:00]  train_end=2026-02-28 23:00:00
==============================================================================
  AEL crosslag_mode=freeze (crosslag_gap=12h)
[LightGBM] [Info] Auto-choosing col-wise multi-threading, the overhead of testing was 0.010959 seconds.
You can set `force_col_wise=true` to remove the overhead.
[LightGBM] [Info] Total Bins 14882
[LightGBM] [Info] Number of data points in the train set: 79622, number of used features: 68
[LightGBM] [Info] Start training from score 104.944347
   [fit] key=static cutoff=2026-02-28 23:00:00  (block 1/20)
   [done] 20 blocks σε 29.0s

📊 RESULT | MAE=20.2674 €/MWh | RMSE=26.9178 | sMAPE=50.4348% | n=480
💾 saved: runs/overnight_20260705/b_march/march_lgbm_rec_default_nometeo.json
--- [2026-07-05 07:11:28] OK  runs/overnight_20260705/b_march/march_lgbm_rec_default_nometeo.json

=== [2026-07-05 07:11:28] RUN → runs/overnight_20260705/b_march/march_lgbm_rec_default_noresfc.json
    CMD: python -m src.master_forecast --algo lgbm --task price --market dam --strategy recursive --gate strict --retrain static --train_end 2026-02-28 23:00 --test_start 2026-03-01 00:00 --test_end 2026-03-20 23:00 --features default,-resfc
==============================================================================
MASTER FORECAST | algo=lgbm task=price strategy=recursive
  market=dam task=price gate=strict delay_override=None → gap=0h (crosslag_gap=12h) | horizon=24 stride=24 retrain=static
  groups=['calendar', 'lags', 'roll', 'loadfc', 'meteo', 'fuel', 'genlags', 'loadlags', 'other']  (#features=146)
  test=[2026-03-01 00:00:00 .. 2026-03-20 23:00:00]  train_end=2026-02-28 23:00:00
==============================================================================
  AEL crosslag_mode=freeze (crosslag_gap=12h)
[LightGBM] [Info] Auto-choosing col-wise multi-threading, the overhead of testing was 0.019401 seconds.
You can set `force_col_wise=true` to remove the overhead.
[LightGBM] [Info] Total Bins 22195
[LightGBM] [Info] Number of data points in the train set: 79622, number of used features: 146
[LightGBM] [Info] Start training from score 104.944347
   [fit] key=static cutoff=2026-02-28 23:00:00  (block 1/20)
   [done] 20 blocks σε 35.3s

📊 RESULT | MAE=20.6637 €/MWh | RMSE=27.4905 | sMAPE=51.7796% | n=480
💾 saved: runs/overnight_20260705/b_march/march_lgbm_rec_default_noresfc.json
--- [2026-07-05 07:12:07] OK  runs/overnight_20260705/b_march/march_lgbm_rec_default_noresfc.json

=== [2026-07-05 07:12:07] RUN → runs/overnight_20260705/b_march/march_lgbm_rec_default_nogenlags_noloadlags.json
    CMD: python -m src.master_forecast --algo lgbm --task price --market dam --strategy recursive --gate strict --retrain static --train_end 2026-02-28 23:00 --test_start 2026-03-01 00:00 --test_end 2026-03-20 23:00 --features default,-genlags,-loadlags
==============================================================================
MASTER FORECAST | algo=lgbm task=price strategy=recursive
  market=dam task=price gate=strict delay_override=None → gap=0h (crosslag_gap=12h) | horizon=24 stride=24 retrain=static
  groups=['calendar', 'lags', 'roll', 'resfc', 'loadfc', 'meteo', 'fuel', 'other']  (#features=126)
  test=[2026-03-01 00:00:00 .. 2026-03-20 23:00:00]  train_end=2026-02-28 23:00:00
==============================================================================
  AEL crosslag_mode=freeze (crosslag_gap=12h)
[LightGBM] [Info] Auto-choosing col-wise multi-threading, the overhead of testing was 0.018178 seconds.
You can set `force_col_wise=true` to remove the overhead.
[LightGBM] [Info] Total Bins 16336
[LightGBM] [Info] Number of data points in the train set: 79646, number of used features: 126
[LightGBM] [Info] Start training from score 104.945631
   [fit] key=static cutoff=2026-02-28 23:00:00  (block 1/20)
   [done] 20 blocks σε 28.0s

📊 RESULT | MAE=21.8823 €/MWh | RMSE=30.6395 | sMAPE=51.7587% | n=480
💾 saved: runs/overnight_20260705/b_march/march_lgbm_rec_default_nogenlags_noloadlags.json
--- [2026-07-05 07:12:39] OK  runs/overnight_20260705/b_march/march_lgbm_rec_default_nogenlags_noloadlags.json

=== [2026-07-05 07:12:39] RUN → runs/overnight_20260705/b_march/march_lgbm_rec_lags_calendar_genlags.json
    CMD: python -m src.master_forecast --algo lgbm --task price --market dam --strategy recursive --gate strict --retrain static --train_end 2026-02-28 23:00 --test_start 2026-03-01 00:00 --test_end 2026-03-20 23:00 --features lags,calendar,genlags
==============================================================================
MASTER FORECAST | algo=lgbm task=price strategy=recursive
  market=dam task=price gate=strict delay_override=None → gap=0h (crosslag_gap=12h) | horizon=24 stride=24 retrain=static
  groups=['calendar', 'lags', 'genlags']  (#features=33)
  test=[2026-03-01 00:00:00 .. 2026-03-20 23:00:00]  train_end=2026-02-28 23:00:00
==============================================================================
  AEL crosslag_mode=freeze (crosslag_gap=12h)
[LightGBM] [Info] Auto-choosing col-wise multi-threading, the overhead of testing was 0.011114 seconds.
You can set `force_col_wise=true` to remove the overhead.
[LightGBM] [Info] Total Bins 6716
[LightGBM] [Info] Number of data points in the train set: 79622, number of used features: 33
[LightGBM] [Info] Start training from score 104.944347
   [fit] key=static cutoff=2026-02-28 23:00:00  (block 1/20)
   [done] 20 blocks σε 22.3s

📊 RESULT | MAE=20.6544 €/MWh | RMSE=27.1623 | sMAPE=52.803% | n=480
💾 saved: runs/overnight_20260705/b_march/march_lgbm_rec_lags_calendar_genlags.json
--- [2026-07-05 07:13:05] OK  runs/overnight_20260705/b_march/march_lgbm_rec_lags_calendar_genlags.json

=== [2026-07-05 07:13:05] RUN → runs/overnight_20260705/b_march/march_lgbm_rec_default_dense.json
    CMD: python -m src.master_forecast --algo lgbm --task price --market dam --strategy recursive --gate strict --retrain static --train_end 2026-02-28 23:00 --test_start 2026-03-01 00:00 --test_end 2026-03-20 23:00 --features default,dense
==============================================================================
MASTER FORECAST | algo=lgbm task=price strategy=recursive
  market=dam task=price gate=strict delay_override=None → gap=0h (crosslag_gap=12h) | horizon=24 stride=24 retrain=static
  groups=['calendar', 'lags', 'dense', 'roll', 'resfc', 'loadfc', 'meteo', 'fuel', 'genlags', 'loadlags', 'other']  (#features=170)
  test=[2026-03-01 00:00:00 .. 2026-03-20 23:00:00]  train_end=2026-02-28 23:00:00
==============================================================================
  AEL crosslag_mode=freeze (crosslag_gap=12h)
[LightGBM] [Info] Auto-choosing col-wise multi-threading, the overhead of testing was 0.058486 seconds.
You can set `force_col_wise=true` to remove the overhead.
[LightGBM] [Info] Total Bins 27556
[LightGBM] [Info] Number of data points in the train set: 79622, number of used features: 170
[LightGBM] [Info] Start training from score 104.944347
   [fit] key=static cutoff=2026-02-28 23:00:00  (block 1/20)
   [done] 20 blocks σε 43.0s

📊 RESULT | MAE=20.3777 €/MWh | RMSE=28.7604 | sMAPE=47.9007% | n=480
💾 saved: runs/overnight_20260705/b_march/march_lgbm_rec_default_dense.json
--- [2026-07-05 07:13:52] OK  runs/overnight_20260705/b_march/march_lgbm_rec_default_dense.json

=== [2026-07-05 07:13:52] RUN → runs/overnight_20260705/b_march/march_lgbm_rec_lags_calendar.json
    CMD: python -m src.master_forecast --algo lgbm --task price --market dam --strategy recursive --gate strict --retrain static --train_end 2026-02-28 23:00 --test_start 2026-03-01 00:00 --test_end 2026-03-20 23:00 --features lags,calendar
==============================================================================
MASTER FORECAST | algo=lgbm task=price strategy=recursive
  market=dam task=price gate=strict delay_override=None → gap=0h (crosslag_gap=12h) | horizon=24 stride=24 retrain=static
  groups=['calendar', 'lags']  (#features=15)
  test=[2026-03-01 00:00:00 .. 2026-03-20 23:00:00]  train_end=2026-02-28 23:00:00
==============================================================================
  AEL crosslag_mode=freeze (crosslag_gap=12h)
[LightGBM] [Info] Auto-choosing row-wise multi-threading, the overhead of testing was 0.001192 seconds.
You can set `force_row_wise=true` to remove the overhead.
And if memory is not enough, you can set `force_col_wise=true`.
[LightGBM] [Info] Total Bins 2126
[LightGBM] [Info] Number of data points in the train set: 79646, number of used features: 15
[LightGBM] [Info] Start training from score 104.945631
   [fit] key=static cutoff=2026-02-28 23:00:00  (block 1/20)
   [done] 20 blocks σε 15.6s

📊 RESULT | MAE=21.4871 €/MWh | RMSE=28.3282 | sMAPE=53.1036% | n=480
💾 saved: runs/overnight_20260705/b_march/march_lgbm_rec_lags_calendar.json
--- [2026-07-05 07:14:11] OK  runs/overnight_20260705/b_march/march_lgbm_rec_lags_calendar.json

=== [2026-07-05 07:14:12] RUN → runs/overnight_20260705/b_march/march_lgbm_dir_default.json
    CMD: python -m src.master_forecast --algo lgbm --task price --market dam --strategy direct --gate strict --retrain static --train_end 2026-02-28 23:00 --test_start 2026-03-01 00:00 --test_end 2026-03-20 23:00 --features default
[LightGBM] [Info] Auto-choosing col-wise multi-threading, the overhead of testing was 0.540401 seconds.
You can set `force_col_wise=true` to remove the overhead.
[LightGBM] [Info] Total Bins 22966
[LightGBM] [Info] Number of data points in the train set: 79622, number of used features: 152
[LightGBM] [Info] Start training from score 104.962747
[LightGBM] [Info] Auto-choosing col-wise multi-threading, the overhead of testing was 0.548852 seconds.
You can set `force_col_wise=true` to remove the overhead.
[LightGBM] [Info] Total Bins 22966
[LightGBM] [Info] Number of data points in the train set: 79622, number of used features: 152
[LightGBM] [Info] Start training from score 104.961955
[LightGBM] [Info] Auto-choosing col-wise multi-threading, the overhead of testing was 0.524972 seconds.
You can set `force_col_wise=true` to remove the overhead.
[LightGBM] [Info] Total Bins 22966
[LightGBM] [Info] Number of data points in the train set: 79622, number of used features: 152
[LightGBM] [Info] Start training from score 104.963108
[LightGBM] [Info] Auto-choosing col-wise multi-threading, the overhead of testing was 0.523625 seconds.
You can set `force_col_wise=true` to remove the overhead.
[LightGBM] [Info] Total Bins 22966
[LightGBM] [Info] Number of data points in the train set: 79622, number of used features: 152
[LightGBM] [Info] Start training from score 104.963461
[LightGBM] [Info] Auto-choosing col-wise multi-threading, the overhead of testing was 0.522113 seconds.
You can set `force_col_wise=true` to remove the overhead.
[LightGBM] [Info] Total Bins 22966
[LightGBM] [Info] Number of data points in the train set: 79622, number of used features: 152
[LightGBM] [Info] Start training from score 104.955715
[LightGBM] [Info] Auto-choosing col-wise multi-threading, the overhead of testing was 0.524303 seconds.
You can set `force_col_wise=true` to remove the overhead.
[LightGBM] [Info] Total Bins 22966
[LightGBM] [Info] Number of data points in the train set: 79622, number of used features: 152
[LightGBM] [Info] Start training from score 104.963955
[LightGBM] [Info] Auto-choosing col-wise multi-threading, the overhead of testing was 0.501930 seconds.
You can set `force_col_wise=true` to remove the overhead.
[LightGBM] [Info] Total Bins 22966
[LightGBM] [Info] Number of data points in the train set: 79622, number of used features: 152
[LightGBM] [Info] Start training from score 104.963766
[LightGBM] [Info] Auto-choosing col-wise multi-threading, the overhead of testing was 0.534449 seconds.
You can set `force_col_wise=true` to remove the overhead.
[LightGBM] [Info] Auto-choosing col-wise multi-threading, the overhead of testing was 0.533292 seconds.
You can set `force_col_wise=true` to remove the overhead.
[LightGBM] [Info] Total Bins 22966
[LightGBM] [Info] Total Bins 22966
[LightGBM] [Info] Number of data points in the train set: 79622, number of used features: 152
[LightGBM] [Info] Start training from score 104.961116
[LightGBM] [Info] Number of data points in the train set: 79622, number of used features: 152
[LightGBM] [Info] Start training from score 104.959233
[LightGBM] [Info] Auto-choosing col-wise multi-threading, the overhead of testing was 0.535599 seconds.
You can set `force_col_wise=true` to remove the overhead.
[LightGBM] [Info] Total Bins 22966
[LightGBM] [Info] Number of data points in the train set: 79622, number of used features: 152
[LightGBM] [Info] Start training from score 104.952198
[LightGBM] [Info] Auto-choosing col-wise multi-threading, the overhead of testing was 0.538741 seconds.
You can set `force_col_wise=true` to remove the overhead.
[LightGBM] [Info] Total Bins 22966
[LightGBM] [Info] Auto-choosing col-wise multi-threading, the overhead of testing was 0.560193 seconds.
You can set `force_col_wise=true` to remove the overhead.
[LightGBM] [Info] Total Bins 22966
[LightGBM] [Info] Auto-choosing col-wise multi-threading, the overhead of testing was 0.567947 seconds.
You can set `force_col_wise=true` to remove the overhead.
[LightGBM] [Info] Number of data points in the train set: 79622, number of used features: 152
[LightGBM] [Info] Total Bins 22966
[LightGBM] [Info] Start training from score 104.957474
[LightGBM] [Info] Number of data points in the train set: 79622, number of used features: 152
[LightGBM] [Info] Auto-choosing col-wise multi-threading, the overhead of testing was 0.556253 seconds.
You can set `force_col_wise=true` to remove the overhead.
[LightGBM] [Info] Total Bins 22966
[LightGBM] [Info] Start training from score 104.953956
[LightGBM] [Info] Number of data points in the train set: 79622, number of used features: 152
[LightGBM] [Info] Start training from score 104.962351
[LightGBM] [Info] Number of data points in the train set: 79622, number of used features: 152
[LightGBM] [Info] Start training from score 104.950640
[LightGBM] [Info] Auto-choosing col-wise multi-threading, the overhead of testing was 0.546662 seconds.
You can set `force_col_wise=true` to remove the overhead.
[LightGBM] [Info] Total Bins 22966
[LightGBM] [Info] Number of data points in the train set: 79622, number of used features: 152
[LightGBM] [Info] Start training from score 104.948957
[LightGBM] [Info] Auto-choosing col-wise multi-threading, the overhead of testing was 0.536982 seconds.
You can set `force_col_wise=true` to remove the overhead.
[LightGBM] [Info] Total Bins 22966
[LightGBM] [Info] Number of data points in the train set: 79622, number of used features: 152
[LightGBM] [Info] Start training from score 104.962714
[LightGBM] [Info] Auto-choosing col-wise multi-threading, the overhead of testing was 0.675618 seconds.
You can set `force_col_wise=true` to remove the overhead.
[LightGBM] [Info] Total Bins 22966
[LightGBM] [Info] Number of data points in the train set: 79622, number of used features: 152
[LightGBM] [Info] Start training from score 104.947941
[LightGBM] [Info] Auto-choosing col-wise multi-threading, the overhead of testing was 0.678067 seconds.
You can set `force_col_wise=true` to remove the overhead.
[LightGBM] [Info] Total Bins 22966
[LightGBM] [Info] Number of data points in the train set: 79622, number of used features: 152
[LightGBM] [Info] Start training from score 104.947300
[LightGBM] [Info] Auto-choosing col-wise multi-threading, the overhead of testing was 0.720011 seconds.
You can set `force_col_wise=true` to remove the overhead.
[LightGBM] [Info] Total Bins 22966
[LightGBM] [Info] Number of data points in the train set: 79622, number of used features: 152
[LightGBM] [Info] Start training from score 104.946820
[LightGBM] [Info] Auto-choosing col-wise multi-threading, the overhead of testing was 0.733022 seconds.
You can set `force_col_wise=true` to remove the overhead.
[LightGBM] [Info] Total Bins 22966
[LightGBM] [Info] Number of data points in the train set: 79622, number of used features: 152
[LightGBM] [Info] Start training from score 104.946179
[LightGBM] [Info] Auto-choosing row-wise multi-threading, the overhead of testing was 0.231558 seconds.
You can set `force_row_wise=true` to remove the overhead.
And if memory is not enough, you can set `force_col_wise=true`.
[LightGBM] [Info] Total Bins 22966
[LightGBM] [Info] Number of data points in the train set: 79622, number of used features: 152
[LightGBM] [Info] Start training from score 104.945525
[LightGBM] [Info] Auto-choosing row-wise multi-threading, the overhead of testing was 0.262127 seconds.
You can set `force_row_wise=true` to remove the overhead.
And if memory is not enough, you can set `force_col_wise=true`.
[LightGBM] [Info] Total Bins 22966
[LightGBM] [Info] Number of data points in the train set: 79622, number of used features: 152
[LightGBM] [Info] Start training from score 104.944711
[LightGBM] [Info] Auto-choosing col-wise multi-threading, the overhead of testing was 0.671619 seconds.
You can set `force_col_wise=true` to remove the overhead.
[LightGBM] [Info] Total Bins 22966
[LightGBM] [Info] Number of data points in the train set: 79622, number of used features: 152
[LightGBM] [Info] Start training from score 104.945065
[LightGBM] [Info] Auto-choosing col-wise multi-threading, the overhead of testing was 0.684747 seconds.
You can set `force_col_wise=true` to remove the overhead.
[LightGBM] [Info] Total Bins 22966
[LightGBM] [Info] Number of data points in the train set: 79622, number of used features: 152
[LightGBM] [Info] Start training from score 104.944347
==============================================================================
MASTER FORECAST | algo=lgbm task=price strategy=direct
  market=dam task=price gate=strict delay_override=None → gap=0h (crosslag_gap=12h) | horizon=24 stride=24 retrain=static
  groups=['calendar', 'lags', 'roll', 'resfc', 'loadfc', 'meteo', 'fuel', 'genlags', 'loadlags', 'other']  (#features=152)
  test=[2026-03-01 00:00:00 .. 2026-03-20 23:00:00]  train_end=2026-02-28 23:00:00
==============================================================================
  AEL crosslag_mode=freeze (crosslag_gap=12h)
   [fit] key=static cutoff=2026-02-28 23:00:00  (block 1/20)
   [done] 20 blocks σε 507.7s

📊 RESULT | MAE=24.4794 €/MWh | RMSE=32.063 | sMAPE=52.2921% | n=480
💾 saved: runs/overnight_20260705/b_march/march_lgbm_dir_default.json
--- [2026-07-05 07:22:46] OK  runs/overnight_20260705/b_march/march_lgbm_dir_default.json

=== [2026-07-05 07:22:46] RUN → runs/overnight_20260705/b_march/march_lgbm_dir_default_nometeo.json
    CMD: python -m src.master_forecast --algo lgbm --task price --market dam --strategy direct --gate strict --retrain static --train_end 2026-02-28 23:00 --test_start 2026-03-01 00:00 --test_end 2026-03-20 23:00 --features default,-meteo
[LightGBM] [Info] Auto-choosing col-wise multi-threading, the overhead of testing was 0.661376 seconds.
You can set `force_col_wise=true` to remove the overhead.
[LightGBM] [Info] Total Bins 14882
[LightGBM] [Info] Number of data points in the train set: 79622, number of used features: 68
[LightGBM] [Info] Start training from score 104.963461
[LightGBM] [Info] Auto-choosing col-wise multi-threading, the overhead of testing was 0.680959 seconds.
You can set `force_col_wise=true` to remove the overhead.
[LightGBM] [Info] Auto-choosing col-wise multi-threading, the overhead of testing was 0.696105 seconds.
You can set `force_col_wise=true` to remove the overhead.
[LightGBM] [Info] Total Bins 14882
[LightGBM] [Info] Total Bins 14882
[LightGBM] [Info] Number of data points in the train set: 79622, number of used features: 68
[LightGBM] [Info] Number of data points in the train set: 79622, number of used features: 68
[LightGBM] [Info] Start training from score 104.963766
[LightGBM] [Info] Auto-choosing col-wise multi-threading, the overhead of testing was 0.708841 seconds.
You can set `force_col_wise=true` to remove the overhead.
[LightGBM] [Info] Total Bins 14882
[LightGBM] [Info] Start training from score 104.961955
[LightGBM] [Info] Number of data points in the train set: 79622, number of used features: 68
[LightGBM] [Info] Auto-choosing row-wise multi-threading, the overhead of testing was 0.245730 seconds.
You can set `force_row_wise=true` to remove the overhead.
And if memory is not enough, you can set `force_col_wise=true`.
[LightGBM] [Info] Total Bins 14882
[LightGBM] [Info] Start training from score 104.963108
[LightGBM] [Info] Number of data points in the train set: 79622, number of used features: 68
[LightGBM] [Info] Start training from score 104.962351
[LightGBM] [Info] Auto-choosing col-wise multi-threading, the overhead of testing was 0.675732 seconds.
You can set `force_col_wise=true` to remove the overhead.
[LightGBM] [Info] Total Bins 14882
[LightGBM] [Info] Auto-choosing row-wise multi-threading, the overhead of testing was 0.254796 seconds.
You can set `force_row_wise=true` to remove the overhead.
And if memory is not enough, you can set `force_col_wise=true`.
[LightGBM] [Info] Number of data points in the train set: 79622, number of used features: 68
[LightGBM] [Info] Total Bins 14882
[LightGBM] [Info] Start training from score 104.962747
[LightGBM] [Info] Number of data points in the train set: 79622, number of used features: 68
[LightGBM] [Info] Start training from score 104.953956
[LightGBM] [Info] Auto-choosing row-wise multi-threading, the overhead of testing was 0.281355 seconds.
You can set `force_row_wise=true` to remove the overhead.
And if memory is not enough, you can set `force_col_wise=true`.
[LightGBM] [Info] Total Bins 14882
[LightGBM] [Info] Auto-choosing col-wise multi-threading, the overhead of testing was 0.689597 seconds.
You can set `force_col_wise=true` to remove the overhead.
[LightGBM] [Info] Total Bins 14882
[LightGBM] [Info] Number of data points in the train set: 79622, number of used features: 68
[LightGBM] [Info] Auto-choosing row-wise multi-threading, the overhead of testing was 0.259830 seconds.
You can set `force_row_wise=true` to remove the overhead.
And if memory is not enough, you can set `force_col_wise=true`.
[LightGBM] [Info] Total Bins 14882
[LightGBM] [Info] Start training from score 104.963955
[LightGBM] [Info] Number of data points in the train set: 79622, number of used features: 68
[LightGBM] [Info] Start training from score 104.957474
[LightGBM] [Info] Number of data points in the train set: 79622, number of used features: 68
[LightGBM] [Info] Start training from score 104.952198
[LightGBM] [Info] Auto-choosing row-wise multi-threading, the overhead of testing was 0.229079 seconds.
You can set `force_row_wise=true` to remove the overhead.
And if memory is not enough, you can set `force_col_wise=true`.
[LightGBM] [Info] Total Bins 14882
[LightGBM] [Info] Auto-choosing col-wise multi-threading, the overhead of testing was 0.728344 seconds.
You can set `force_col_wise=true` to remove the overhead.
[LightGBM] [Info] Number of data points in the train set: 79622, number of used features: 68
[LightGBM] [Info] Total Bins 14882
[LightGBM] [Info] Start training from score 104.959233
[LightGBM] [Info] Auto-choosing col-wise multi-threading, the overhead of testing was 0.715610 seconds.
You can set `force_col_wise=true` to remove the overhead.
[LightGBM] [Info] Total Bins 14882
[LightGBM] [Info] Number of data points in the train set: 79622, number of used features: 68
[LightGBM] [Info] Start training from score 104.962714
[LightGBM] [Info] Auto-choosing col-wise multi-threading, the overhead of testing was 0.712302 seconds.
You can set `force_col_wise=true` to remove the overhead.
[LightGBM] [Info] Total Bins 14882
[LightGBM] [Info] Number of data points in the train set: 79622, number of used features: 68
[LightGBM] [Info] Start training from score 104.961116
[LightGBM] [Info] Auto-choosing col-wise multi-threading, the overhead of testing was 0.774399 seconds.
You can set `force_col_wise=true` to remove the overhead.
[LightGBM] [Info] Number of data points in the train set: 79622, number of used features: 68
[LightGBM] [Info] Total Bins 14882
[LightGBM] [Info] Start training from score 104.948957
[LightGBM] [Info] Number of data points in the train set: 79622, number of used features: 68
[LightGBM] [Info] Start training from score 104.955715
[LightGBM] [Info] Auto-choosing row-wise multi-threading, the overhead of testing was 0.285296 seconds.
You can set `force_row_wise=true` to remove the overhead.
And if memory is not enough, you can set `force_col_wise=true`.
[LightGBM] [Info] Total Bins 14882
[LightGBM] [Info] Number of data points in the train set: 79622, number of used features: 68
[LightGBM] [Info] Start training from score 104.950640
[LightGBM] [Info] Auto-choosing row-wise multi-threading, the overhead of testing was 0.143194 seconds.
You can set `force_row_wise=true` to remove the overhead.
And if memory is not enough, you can set `force_col_wise=true`.
[LightGBM] [Info] Total Bins 14882
[LightGBM] [Info] Number of data points in the train set: 79622, number of used features: 68
[LightGBM] [Info] Start training from score 104.947300
[LightGBM] [Info] Auto-choosing col-wise multi-threading, the overhead of testing was 0.379773 seconds.
You can set `force_col_wise=true` to remove the overhead.
[LightGBM] [Info] Total Bins 14882
[LightGBM] [Info] Number of data points in the train set: 79622, number of used features: 68
[LightGBM] [Info] Start training from score 104.947941
[LightGBM] [Info] Auto-choosing row-wise multi-threading, the overhead of testing was 0.135283 seconds.
You can set `force_row_wise=true` to remove the overhead.
And if memory is not enough, you can set `force_col_wise=true`.
[LightGBM] [Info] Total Bins 14882
[LightGBM] [Info] Number of data points in the train set: 79622, number of used features: 68
[LightGBM] [Info] Start training from score 104.946179
[LightGBM] [Info] Auto-choosing col-wise multi-threading, the overhead of testing was 0.373003 seconds.
You can set `force_col_wise=true` to remove the overhead.
[LightGBM] [Info] Total Bins 14882
[LightGBM] [Info] Number of data points in the train set: 79622, number of used features: 68
[LightGBM] [Info] Start training from score 104.946820
[LightGBM] [Info] Auto-choosing col-wise multi-threading, the overhead of testing was 0.378977 seconds.
You can set `force_col_wise=true` to remove the overhead.
[LightGBM] [Info] Total Bins 14882
[LightGBM] [Info] Number of data points in the train set: 79622, number of used features: 68
[LightGBM] [Info] Start training from score 104.945525
[LightGBM] [Info] Auto-choosing col-wise multi-threading, the overhead of testing was 0.359237 seconds.
You can set `force_col_wise=true` to remove the overhead.
[LightGBM] [Info] Total Bins 14882
[LightGBM] [Info] Number of data points in the train set: 79622, number of used features: 68
[LightGBM] [Info] Start training from score 104.944347
[LightGBM] [Info] Auto-choosing row-wise multi-threading, the overhead of testing was 0.124497 seconds.
You can set `force_row_wise=true` to remove the overhead.
And if memory is not enough, you can set `force_col_wise=true`.
[LightGBM] [Info] Total Bins 14882
[LightGBM] [Info] Auto-choosing col-wise multi-threading, the overhead of testing was 0.351092 seconds.
You can set `force_col_wise=true` to remove the overhead.
[LightGBM] [Info] Number of data points in the train set: 79622, number of used features: 68
[LightGBM] [Info] Total Bins 14882
[LightGBM] [Info] Start training from score 104.944711
[LightGBM] [Info] Number of data points in the train set: 79622, number of used features: 68
[LightGBM] [Info] Start training from score 104.945065
==============================================================================
MASTER FORECAST | algo=lgbm task=price strategy=direct
  market=dam task=price gate=strict delay_override=None → gap=0h (crosslag_gap=12h) | horizon=24 stride=24 retrain=static
  groups=['calendar', 'lags', 'roll', 'resfc', 'loadfc', 'fuel', 'genlags', 'loadlags', 'other']  (#features=68)
  test=[2026-03-01 00:00:00 .. 2026-03-20 23:00:00]  train_end=2026-02-28 23:00:00
==============================================================================
  AEL crosslag_mode=freeze (crosslag_gap=12h)
   [fit] key=static cutoff=2026-02-28 23:00:00  (block 1/20)
   [done] 20 blocks σε 437.6s

📊 RESULT | MAE=23.4996 €/MWh | RMSE=30.2176 | sMAPE=52.3694% | n=480
💾 saved: runs/overnight_20260705/b_march/march_lgbm_dir_default_nometeo.json
--- [2026-07-05 07:30:11] OK  runs/overnight_20260705/b_march/march_lgbm_dir_default_nometeo.json

=== [2026-07-05 07:30:11] RUN → runs/overnight_20260705/b_march/march_lgbm_dir_default_noresfc.json
    CMD: python -m src.master_forecast --algo lgbm --task price --market dam --strategy direct --gate strict --retrain static --train_end 2026-02-28 23:00 --test_start 2026-03-01 00:00 --test_end 2026-03-20 23:00 --features default,-resfc
[LightGBM] [Info] Auto-choosing col-wise multi-threading, the overhead of testing was 1.018441 seconds.
You can set `force_col_wise=true` to remove the overhead.
[LightGBM] [Info] Auto-choosing col-wise multi-threading, the overhead of testing was 1.028501 seconds.
You can set `force_col_wise=true` to remove the overhead.
[LightGBM] [Info] Total Bins 22195
[LightGBM] [Info] Total Bins 22195
[LightGBM] [Info] Number of data points in the train set: 79622, number of used features: 146
[LightGBM] [Info] Number of data points in the train set: 79622, number of used features: 146
[LightGBM] [Info] Auto-choosing col-wise multi-threading, the overhead of testing was 1.084698 seconds.
You can set `force_col_wise=true` to remove the overhead.
[LightGBM] [Info] Total Bins 22195
[LightGBM] [Info] Auto-choosing col-wise multi-threading, the overhead of testing was 1.045872 seconds.
You can set `force_col_wise=true` to remove the overhead.
[LightGBM] [Info] Number of data points in the train set: 79622, number of used features: 146
[LightGBM] [Info] Total Bins 22195
[LightGBM] [Info] Start training from score 104.961955
[LightGBM] [Info] Start training from score 104.963108
[LightGBM] [Info] Start training from score 104.962351
[LightGBM] [Info] Number of data points in the train set: 79622, number of used features: 146
[LightGBM] [Info] Start training from score 104.963461
[LightGBM] [Info] Auto-choosing col-wise multi-threading, the overhead of testing was 1.086566 seconds.
You can set `force_col_wise=true` to remove the overhead.
[LightGBM] [Info] Total Bins 22195
[LightGBM] [Info] Number of data points in the train set: 79622, number of used features: 146
[LightGBM] [Info] Start training from score 104.962714
[LightGBM] [Info] Auto-choosing col-wise multi-threading, the overhead of testing was 1.037659 seconds.
You can set `force_col_wise=true` to remove the overhead.
[LightGBM] [Info] Total Bins 22195
[LightGBM] [Info] Auto-choosing col-wise multi-threading, the overhead of testing was 1.072332 seconds.
You can set `force_col_wise=true` to remove the overhead.
[LightGBM] [Info] Total Bins 22195
[LightGBM] [Info] Number of data points in the train set: 79622, number of used features: 146
[LightGBM] [Info] Start training from score 104.962747
[LightGBM] [Info] Number of data points in the train set: 79622, number of used features: 146
[LightGBM] [Info] Start training from score 104.963955
[LightGBM] [Info] Auto-choosing col-wise multi-threading, the overhead of testing was 1.097526 seconds.
You can set `force_col_wise=true` to remove the overhead.
[LightGBM] [Info] Total Bins 22195
[LightGBM] [Info] Number of data points in the train set: 79622, number of used features: 146
[LightGBM] [Info] Start training from score 104.948957
[LightGBM] [Info] Auto-choosing col-wise multi-threading, the overhead of testing was 1.107916 seconds.
You can set `force_col_wise=true` to remove the overhead.
[LightGBM] [Info] Total Bins 22195
[LightGBM] [Info] Auto-choosing col-wise multi-threading, the overhead of testing was 1.137548 seconds.
You can set `force_col_wise=true` to remove the overhead.
[LightGBM] [Info] Total Bins 22195
[LightGBM] [Info] Number of data points in the train set: 79622, number of used features: 146
[LightGBM] [Info] Start training from score 104.950640
[LightGBM] [Info] Number of data points in the train set: 79622, number of used features: 146
[LightGBM] [Info] Start training from score 104.963766
[LightGBM] [Info] Auto-choosing col-wise multi-threading, the overhead of testing was 1.252957 seconds.
You can set `force_col_wise=true` to remove the overhead.
[LightGBM] [Info] Total Bins 22195
[LightGBM] [Info] Auto-choosing col-wise multi-threading, the overhead of testing was 1.296794 seconds.
You can set `force_col_wise=true` to remove the overhead.
[LightGBM] [Info] Total Bins 22195
[LightGBM] [Info] Auto-choosing col-wise multi-threading, the overhead of testing was 1.219297 seconds.
You can set `force_col_wise=true` to remove the overhead.
[LightGBM] [Info] Total Bins 22195
[LightGBM] [Info] Auto-choosing col-wise multi-threading, the overhead of testing was 1.364118 seconds.
You can set `force_col_wise=true` to remove the overhead.
[LightGBM] [Info] Number of data points in the train set: 79622, number of used features: 146
[LightGBM] [Info] Total Bins 22195
[LightGBM] [Info] Start training from score 104.955715
[LightGBM] [Info] Number of data points in the train set: 79622, number of used features: 146
[LightGBM] [Info] Start training from score 104.952198
[LightGBM] [Info] Number of data points in the train set: 79622, number of used features: 146
[LightGBM] [Info] Start training from score 104.953956
[LightGBM] [Info] Number of data points in the train set: 79622, number of used features: 146
[LightGBM] [Info] Start training from score 104.959233
[LightGBM] [Info] Auto-choosing col-wise multi-threading, the overhead of testing was 1.266824 seconds.
You can set `force_col_wise=true` to remove the overhead.
[LightGBM] [Info] Total Bins 22195
[LightGBM] [Info] Number of data points in the train set: 79622, number of used features: 146
[LightGBM] [Info] Auto-choosing col-wise multi-threading, the overhead of testing was 1.265600 seconds.
You can set `force_col_wise=true` to remove the overhead.
[LightGBM] [Info] Start training from score 104.961116
[LightGBM] [Info] Total Bins 22195
[LightGBM] [Info] Number of data points in the train set: 79622, number of used features: 146
[LightGBM] [Info] Start training from score 104.957474
[LightGBM] [Info] Auto-choosing col-wise multi-threading, the overhead of testing was 0.647978 seconds.
You can set `force_col_wise=true` to remove the overhead.
[LightGBM] [Info] Total Bins 22195
[LightGBM] [Info] Number of data points in the train set: 79622, number of used features: 146
[LightGBM] [Info] Start training from score 104.947941
[LightGBM] [Info] Auto-choosing col-wise multi-threading, the overhead of testing was 0.591527 seconds.
You can set `force_col_wise=true` to remove the overhead.
[LightGBM] [Info] Total Bins 22195
[LightGBM] [Info] Auto-choosing col-wise multi-threading, the overhead of testing was 0.618811 seconds.
You can set `force_col_wise=true` to remove the overhead.
[LightGBM] [Info] Total Bins 22195
[LightGBM] [Info] Number of data points in the train set: 79622, number of used features: 146
[LightGBM] [Info] Start training from score 104.946820
[LightGBM] [Info] Number of data points in the train set: 79622, number of used features: 146
[LightGBM] [Info] Start training from score 104.947300
[LightGBM] [Info] Auto-choosing col-wise multi-threading, the overhead of testing was 0.615214 seconds.
You can set `force_col_wise=true` to remove the overhead.
[LightGBM] [Info] Total Bins 22195
[LightGBM] [Info] Number of data points in the train set: 79622, number of used features: 146
[LightGBM] [Info] Start training from score 104.946179
[LightGBM] [Info] Auto-choosing col-wise multi-threading, the overhead of testing was 0.619049 seconds.
You can set `force_col_wise=true` to remove the overhead.
[LightGBM] [Info] Total Bins 22195
[LightGBM] [Info] Number of data points in the train set: 79622, number of used features: 146
[LightGBM] [Info] Start training from score 104.945065
[LightGBM] [Info] Auto-choosing col-wise multi-threading, the overhead of testing was 0.593322 seconds.
You can set `force_col_wise=true` to remove the overhead.
[LightGBM] [Info] Total Bins 22195
[LightGBM] [Info] Number of data points in the train set: 79622, number of used features: 146
[LightGBM] [Info] Start training from score 104.945525
[LightGBM] [Info] Auto-choosing col-wise multi-threading, the overhead of testing was 0.599608 seconds.
You can set `force_col_wise=true` to remove the overhead.
[LightGBM] [Info] Total Bins 22195
[LightGBM] [Info] Number of data points in the train set: 79622, number of used features: 146
[LightGBM] [Info] Start training from score 104.944711
[LightGBM] [Info] Auto-choosing col-wise multi-threading, the overhead of testing was 0.626388 seconds.
You can set `force_col_wise=true` to remove the overhead.
[LightGBM] [Info] Total Bins 22195
[LightGBM] [Info] Number of data points in the train set: 79622, number of used features: 146
[LightGBM] [Info] Start training from score 104.944347
==============================================================================
MASTER FORECAST | algo=lgbm task=price strategy=direct
  market=dam task=price gate=strict delay_override=None → gap=0h (crosslag_gap=12h) | horizon=24 stride=24 retrain=static
  groups=['calendar', 'lags', 'roll', 'loadfc', 'meteo', 'fuel', 'genlags', 'loadlags', 'other']  (#features=146)
  test=[2026-03-01 00:00:00 .. 2026-03-20 23:00:00]  train_end=2026-02-28 23:00:00
==============================================================================
  AEL crosslag_mode=freeze (crosslag_gap=12h)
   [fit] key=static cutoff=2026-02-28 23:00:00  (block 1/20)
   [done] 20 blocks σε 568.1s

📊 RESULT | MAE=24.7117 €/MWh | RMSE=32.5664 | sMAPE=53.0871% | n=480
💾 saved: runs/overnight_20260705/b_march/march_lgbm_dir_default_noresfc.json
--- [2026-07-05 07:39:46] OK  runs/overnight_20260705/b_march/march_lgbm_dir_default_noresfc.json

=== [2026-07-05 07:39:46] RUN → runs/overnight_20260705/b_march/march_lgbm_dir_default_nogenlags_noloadlags.json
    CMD: python -m src.master_forecast --algo lgbm --task price --market dam --strategy direct --gate strict --retrain static --train_end 2026-02-28 23:00 --test_start 2026-03-01 00:00 --test_end 2026-03-20 23:00 --features default,-genlags,-loadlags
[LightGBM] [Info] Auto-choosing col-wise multi-threading, the overhead of testing was 0.170828 seconds.
You can set `force_col_wise=true` to remove the overhead.
[LightGBM] [Info] Total Bins 16336
[LightGBM] [Info] Number of data points in the train set: 79622, number of used features: 126
[LightGBM] [Info] Auto-choosing col-wise multi-threading, the overhead of testing was 0.160611 seconds.
You can set `force_col_wise=true` to remove the overhead.
[LightGBM] [Info] Start training from score 104.962351
[LightGBM] [Info] Total Bins 16336
[LightGBM] [Info] Number of data points in the train set: 79622, number of used features: 126
[LightGBM] [Info] Start training from score 104.961955
[LightGBM] [Info] Auto-choosing col-wise multi-threading, the overhead of testing was 0.151874 seconds.
You can set `force_col_wise=true` to remove the overhead.
[LightGBM] [Info] Total Bins 16336
[LightGBM] [Info] Number of data points in the train set: 79622, number of used features: 126
[LightGBM] [Info] Start training from score 104.962747
[LightGBM] [Info] Auto-choosing col-wise multi-threading, the overhead of testing was 0.148073 seconds.
You can set `force_col_wise=true` to remove the overhead.
[LightGBM] [Info] Total Bins 16336
[LightGBM] [Info] Auto-choosing col-wise multi-threading, the overhead of testing was 0.176810 seconds.
You can set `force_col_wise=true` to remove the overhead.
[LightGBM] [Info] Total Bins 16336
[LightGBM] [Info] Number of data points in the train set: 79622, number of used features: 126
[LightGBM] [Info] Number of data points in the train set: 79622, number of used features: 126
[LightGBM] [Info] Start training from score 104.963461
[LightGBM] [Info] Start training from score 104.961116
[LightGBM] [Info] Auto-choosing row-wise multi-threading, the overhead of testing was 0.055800 seconds.
You can set `force_row_wise=true` to remove the overhead.
And if memory is not enough, you can set `force_col_wise=true`.
[LightGBM] [Info] Total Bins 16336
[LightGBM] [Info] Number of data points in the train set: 79622, number of used features: 126
[LightGBM] [Info] Start training from score 104.963955
[LightGBM] [Info] Auto-choosing col-wise multi-threading, the overhead of testing was 0.199005 seconds.
You can set `force_col_wise=true` to remove the overhead.
[LightGBM] [Info] Total Bins 16336
[LightGBM] [Info] Number of data points in the train set: 79622, number of used features: 126
[LightGBM] [Info] Start training from score 104.963108
[LightGBM] [Info] Auto-choosing col-wise multi-threading, the overhead of testing was 0.176297 seconds.
You can set `force_col_wise=true` to remove the overhead.
[LightGBM] [Info] Total Bins 16336
[LightGBM] [Info] Number of data points in the train set: 79622, number of used features: 126
[LightGBM] [Info] Start training from score 104.957474
[LightGBM] [Info] Auto-choosing col-wise multi-threading, the overhead of testing was 0.165344 seconds.
You can set `force_col_wise=true` to remove the overhead.
[LightGBM] [Info] Total Bins 16336
[LightGBM] [Info] Auto-choosing col-wise multi-threading, the overhead of testing was 0.182859 seconds.
You can set `force_col_wise=true` to remove the overhead.
[LightGBM] [Info] Number of data points in the train set: 79622, number of used features: 126
[LightGBM] [Info] Total Bins 16336
[LightGBM] [Info] Start training from score 104.963766
[LightGBM] [Info] Number of data points in the train set: 79622, number of used features: 126
[LightGBM] [Info] Start training from score 104.962714
[LightGBM] [Info] Auto-choosing col-wise multi-threading, the overhead of testing was 0.170599 seconds.
You can set `force_col_wise=true` to remove the overhead.
[LightGBM] [Info] Total Bins 16336
[LightGBM] [Info] Number of data points in the train set: 79622, number of used features: 126
[LightGBM] [Info] Start training from score 104.953956
[LightGBM] [Info] Auto-choosing col-wise multi-threading, the overhead of testing was 0.165729 seconds.
You can set `force_col_wise=true` to remove the overhead.
[LightGBM] [Info] Total Bins 16336
[LightGBM] [Info] Number of data points in the train set: 79622, number of used features: 126
[LightGBM] [Info] Start training from score 104.959233
[LightGBM] [Info] Auto-choosing col-wise multi-threading, the overhead of testing was 0.171144 seconds.
You can set `force_col_wise=true` to remove the overhead.
[LightGBM] [Info] Total Bins 16336
[LightGBM] [Info] Number of data points in the train set: 79622, number of used features: 126
[LightGBM] [Info] Start training from score 104.948957
[LightGBM] [Info] Auto-choosing col-wise multi-threading, the overhead of testing was 0.182087 seconds.
You can set `force_col_wise=true` to remove the overhead.
[LightGBM] [Info] Total Bins 16336
[LightGBM] [Info] Number of data points in the train set: 79622, number of used features: 126
[LightGBM] [Info] Start training from score 104.955715
[LightGBM] [Info] Auto-choosing col-wise multi-threading, the overhead of testing was 0.185993 seconds.
You can set `force_col_wise=true` to remove the overhead.
[LightGBM] [Info] Total Bins 16336
[LightGBM] [Info] Number of data points in the train set: 79622, number of used features: 126
[LightGBM] [Info] Start training from score 104.950640
[LightGBM] [Info] Auto-choosing col-wise multi-threading, the overhead of testing was 0.182578 seconds.
You can set `force_col_wise=true` to remove the overhead.
[LightGBM] [Info] Total Bins 16336
[LightGBM] [Info] Number of data points in the train set: 79622, number of used features: 126
[LightGBM] [Info] Start training from score 104.952198
[LightGBM] [Info] Auto-choosing row-wise multi-threading, the overhead of testing was 0.129820 seconds.
You can set `force_row_wise=true` to remove the overhead.
And if memory is not enough, you can set `force_col_wise=true`.
[LightGBM] [Info] Total Bins 16336
[LightGBM] [Info] Number of data points in the train set: 79622, number of used features: 126
[LightGBM] [Info] Start training from score 104.947941
[LightGBM] [Info] Auto-choosing col-wise multi-threading, the overhead of testing was 0.155816 seconds.
You can set `force_col_wise=true` to remove the overhead.
[LightGBM] [Info] Total Bins 16336
[LightGBM] [Info] Number of data points in the train set: 79622, number of used features: 126
[LightGBM] [Info] Start training from score 104.947300
[LightGBM] [Info] Auto-choosing col-wise multi-threading, the overhead of testing was 0.171907 seconds.
You can set `force_col_wise=true` to remove the overhead.
[LightGBM] [Info] Total Bins 16336
[LightGBM] [Info] Number of data points in the train set: 79622, number of used features: 126
[LightGBM] [Info] Start training from score 104.946179
[LightGBM] [Info] Auto-choosing col-wise multi-threading, the overhead of testing was 0.208016 seconds.
You can set `force_col_wise=true` to remove the overhead.
[LightGBM] [Info] Total Bins 16336
[LightGBM] [Info] Number of data points in the train set: 79622, number of used features: 126
[LightGBM] [Info] Start training from score 104.946820
[LightGBM] [Info] Auto-choosing row-wise multi-threading, the overhead of testing was 0.068644 seconds.
You can set `force_row_wise=true` to remove the overhead.
And if memory is not enough, you can set `force_col_wise=true`.
[LightGBM] [Info] Total Bins 16336
[LightGBM] [Info] Number of data points in the train set: 79622, number of used features: 126
[LightGBM] [Info] Start training from score 104.945525
[LightGBM] [Info] Auto-choosing col-wise multi-threading, the overhead of testing was 0.163722 seconds.
You can set `force_col_wise=true` to remove the overhead.
[LightGBM] [Info] Total Bins 16336
[LightGBM] [Info] Number of data points in the train set: 79622, number of used features: 126
[LightGBM] [Info] Start training from score 104.945065
[LightGBM] [Info] Auto-choosing col-wise multi-threading, the overhead of testing was 0.123279 seconds.
You can set `force_col_wise=true` to remove the overhead.
[LightGBM] [Info] Total Bins 16336
[LightGBM] [Info] Number of data points in the train set: 79622, number of used features: 126
[LightGBM] [Info] Start training from score 104.944711
[LightGBM] [Info] Auto-choosing col-wise multi-threading, the overhead of testing was 0.117063 seconds.
You can set `force_col_wise=true` to remove the overhead.
[LightGBM] [Info] Total Bins 16336
[LightGBM] [Info] Number of data points in the train set: 79622, number of used features: 126
[LightGBM] [Info] Start training from score 104.944347
==============================================================================
MASTER FORECAST | algo=lgbm task=price strategy=direct
  market=dam task=price gate=strict delay_override=None → gap=0h (crosslag_gap=12h) | horizon=24 stride=24 retrain=static
  groups=['calendar', 'lags', 'roll', 'resfc', 'loadfc', 'meteo', 'fuel', 'other']  (#features=126)
  test=[2026-03-01 00:00:00 .. 2026-03-20 23:00:00]  train_end=2026-02-28 23:00:00
==============================================================================
  AEL crosslag_mode=freeze (crosslag_gap=12h)
   [fit] key=static cutoff=2026-02-28 23:00:00  (block 1/20)
   [done] 20 blocks σε 116.2s

📊 RESULT | MAE=25.1833 €/MWh | RMSE=33.4256 | sMAPE=52.3733% | n=480
💾 saved: runs/overnight_20260705/b_march/march_lgbm_dir_default_nogenlags_noloadlags.json
--- [2026-07-05 07:41:49] OK  runs/overnight_20260705/b_march/march_lgbm_dir_default_nogenlags_noloadlags.json

=== [2026-07-05 07:41:49] RUN → runs/overnight_20260705/b_march/march_lgbm_dir_lags_calendar_genlags.json
    CMD: python -m src.master_forecast --algo lgbm --task price --market dam --strategy direct --gate strict --retrain static --train_end 2026-02-28 23:00 --test_start 2026-03-01 00:00 --test_end 2026-03-20 23:00 --features lags,calendar,genlags
[LightGBM] [Info] Auto-choosing col-wise multi-threading, the overhead of testing was 0.056574 seconds.
You can set `force_col_wise=true` to remove the overhead.
[LightGBM] [Info] Total Bins 6716
[LightGBM] [Info] Number of data points in the train set: 79622, number of used features: 33
[LightGBM] [Info] Start training from score 104.962351
[LightGBM] [Info] Auto-choosing col-wise multi-threading, the overhead of testing was 0.081710 seconds.
You can set `force_col_wise=true` to remove the overhead.
[LightGBM] [Info] Total Bins 6716
[LightGBM] [Info] Number of data points in the train set: 79622, number of used features: 33
[LightGBM] [Info] Auto-choosing col-wise multi-threading, the overhead of testing was 0.049415 seconds.
You can set `force_col_wise=true` to remove the overhead.
[LightGBM] [Info] Total Bins 6716
[LightGBM] [Info] Start training from score 104.963766
[LightGBM] [Info] Number of data points in the train set: 79622, number of used features: 33
[LightGBM] [Info] Start training from score 104.963955
[LightGBM] [Info] Auto-choosing col-wise multi-threading, the overhead of testing was 0.060068 seconds.
You can set `force_col_wise=true` to remove the overhead.
[LightGBM] [Info] Total Bins 6716
[LightGBM] [Info] Auto-choosing col-wise multi-threading, the overhead of testing was 0.057019 seconds.
You can set `force_col_wise=true` to remove the overhead.
[LightGBM] [Info] Total Bins 6716
[LightGBM] [Info] Number of data points in the train set: 79622, number of used features: 33
[LightGBM] [Info] Start training from score 104.961955
[LightGBM] [Info] Number of data points in the train set: 79622, number of used features: 33
[LightGBM] [Info] Start training from score 104.957474
[LightGBM] [Info] Auto-choosing row-wise multi-threading, the overhead of testing was 0.016321 seconds.
You can set `force_row_wise=true` to remove the overhead.
And if memory is not enough, you can set `force_col_wise=true`.
[LightGBM] [Info] Total Bins 6716
[LightGBM] [Info] Auto-choosing col-wise multi-threading, the overhead of testing was 0.072815 seconds.
You can set `force_col_wise=true` to remove the overhead.
[LightGBM] [Info] Total Bins 6716
[LightGBM] [Info] Number of data points in the train set: 79622, number of used features: 33
[LightGBM] [Info] Number of data points in the train set: 79622, number of used features: 33
[LightGBM] [Info] Start training from score 104.962747
[LightGBM] [Info] Start training from score 104.963108
[LightGBM] [Info] Auto-choosing col-wise multi-threading, the overhead of testing was 0.045203 seconds.
You can set `force_col_wise=true` to remove the overhead.
[LightGBM] [Info] Auto-choosing col-wise multi-threading, the overhead of testing was 0.051706 seconds.
You can set `force_col_wise=true` to remove the overhead.
[LightGBM] [Info] Total Bins 6716
[LightGBM] [Info] Total Bins 6716
[LightGBM] [Info] Number of data points in the train set: 79622, number of used features: 33
[LightGBM] [Info] Number of data points in the train set: 79622, number of used features: 33
[LightGBM] [Info] Start training from score 104.963461
[LightGBM] [Info] Start training from score 104.952198
[LightGBM] [Info] Auto-choosing col-wise multi-threading, the overhead of testing was 0.061148 seconds.
You can set `force_col_wise=true` to remove the overhead.
[LightGBM] [Info] Total Bins 6716
[LightGBM] [Info] Auto-choosing col-wise multi-threading, the overhead of testing was 0.060997 seconds.
You can set `force_col_wise=true` to remove the overhead.
[LightGBM] [Info] Total Bins 6716
[LightGBM] [Info] Number of data points in the train set: 79622, number of used features: 33
[LightGBM] [Info] Start training from score 104.955715
[LightGBM] [Info] Number of data points in the train set: 79622, number of used features: 33
[LightGBM] [Info] Auto-choosing col-wise multi-threading, the overhead of testing was 0.049519 seconds.
You can set `force_col_wise=true` to remove the overhead.
[LightGBM] [Info] Auto-choosing col-wise multi-threading, the overhead of testing was 0.049026 seconds.
You can set `force_col_wise=true` to remove the overhead.
[LightGBM] [Info] Total Bins 6716
[LightGBM] [Info] Total Bins 6716
[LightGBM] [Info] Start training from score 104.953956
[LightGBM] [Info] Number of data points in the train set: 79622, number of used features: 33
[LightGBM] [Info] Number of data points in the train set: 79622, number of used features: 33
[LightGBM] [Info] Start training from score 104.962714
[LightGBM] [Info] Start training from score 104.948957
[LightGBM] [Info] Auto-choosing col-wise multi-threading, the overhead of testing was 0.082575 seconds.
You can set `force_col_wise=true` to remove the overhead.
[LightGBM] [Info] Total Bins 6716
[LightGBM] [Info] Number of data points in the train set: 79622, number of used features: 33
[LightGBM] [Info] Auto-choosing col-wise multi-threading, the overhead of testing was 0.070945 seconds.
You can set `force_col_wise=true` to remove the overhead.
[LightGBM] [Info] Start training from score 104.961116
[LightGBM] [Info] Total Bins 6716
[LightGBM] [Info] Number of data points in the train set: 79622, number of used features: 33
[LightGBM] [Info] Start training from score 104.950640
[LightGBM] [Info] Auto-choosing row-wise multi-threading, the overhead of testing was 0.031466 seconds.
You can set `force_row_wise=true` to remove the overhead.
And if memory is not enough, you can set `force_col_wise=true`.
[LightGBM] [Info] Total Bins 6716
[LightGBM] [Info] Number of data points in the train set: 79622, number of used features: 33
[LightGBM] [Info] Start training from score 104.959233
[LightGBM] [Info] Auto-choosing col-wise multi-threading, the overhead of testing was 0.052120 seconds.
You can set `force_col_wise=true` to remove the overhead.
[LightGBM] [Info] Total Bins 6716
[LightGBM] [Info] Number of data points in the train set: 79622, number of used features: 33
[LightGBM] [Info] Start training from score 104.947941
[LightGBM] [Info] Auto-choosing row-wise multi-threading, the overhead of testing was 0.017130 seconds.
You can set `force_row_wise=true` to remove the overhead.
And if memory is not enough, you can set `force_col_wise=true`.
[LightGBM] [Info] Total Bins 6716
[LightGBM] [Info] Number of data points in the train set: 79622, number of used features: 33
[LightGBM] [Info] Start training from score 104.947300
[LightGBM] [Info] Auto-choosing col-wise multi-threading, the overhead of testing was 0.051162 seconds.
You can set `force_col_wise=true` to remove the overhead.
[LightGBM] [Info] Total Bins 6716
[LightGBM] [Info] Number of data points in the train set: 79622, number of used features: 33
[LightGBM] [Info] Start training from score 104.946820
[LightGBM] [Info] Auto-choosing col-wise multi-threading, the overhead of testing was 0.051812 seconds.
You can set `force_col_wise=true` to remove the overhead.
[LightGBM] [Info] Total Bins 6716
[LightGBM] [Info] Number of data points in the train set: 79622, number of used features: 33
[LightGBM] [Info] Start training from score 104.946179
[LightGBM] [Info] Auto-choosing col-wise multi-threading, the overhead of testing was 0.047133 seconds.
You can set `force_col_wise=true` to remove the overhead.
[LightGBM] [Info] Total Bins 6716
[LightGBM] [Info] Number of data points in the train set: 79622, number of used features: 33
[LightGBM] [Info] Start training from score 104.945525
[LightGBM] [Info] Auto-choosing col-wise multi-threading, the overhead of testing was 0.048320 seconds.
You can set `force_col_wise=true` to remove the overhead.
[LightGBM] [Info] Total Bins 6716
[LightGBM] [Info] Number of data points in the train set: 79622, number of used features: 33
[LightGBM] [Info] Start training from score 104.945065
[LightGBM] [Info] Auto-choosing col-wise multi-threading, the overhead of testing was 0.047278 seconds.
You can set `force_col_wise=true` to remove the overhead.
[LightGBM] [Info] Total Bins 6716
[LightGBM] [Info] Number of data points in the train set: 79622, number of used features: 33
[LightGBM] [Info] Start training from score 104.944711
[LightGBM] [Info] Auto-choosing col-wise multi-threading, the overhead of testing was 0.046911 seconds.
You can set `force_col_wise=true` to remove the overhead.
[LightGBM] [Info] Total Bins 6716
[LightGBM] [Info] Number of data points in the train set: 79622, number of used features: 33
[LightGBM] [Info] Start training from score 104.944347
==============================================================================
MASTER FORECAST | algo=lgbm task=price strategy=direct
  market=dam task=price gate=strict delay_override=None → gap=0h (crosslag_gap=12h) | horizon=24 stride=24 retrain=static
  groups=['calendar', 'lags', 'genlags']  (#features=33)
  test=[2026-03-01 00:00:00 .. 2026-03-20 23:00:00]  train_end=2026-02-28 23:00:00
==============================================================================
  AEL crosslag_mode=freeze (crosslag_gap=12h)
   [fit] key=static cutoff=2026-02-28 23:00:00  (block 1/20)
   [done] 20 blocks σε 241.4s

📊 RESULT | MAE=23.0601 €/MWh | RMSE=29.78 | sMAPE=52.3176% | n=480
💾 saved: runs/overnight_20260705/b_march/march_lgbm_dir_lags_calendar_genlags.json
--- [2026-07-05 07:45:59] OK  runs/overnight_20260705/b_march/march_lgbm_dir_lags_calendar_genlags.json

=== [2026-07-05 07:45:59] RUN → runs/overnight_20260705/b_march/march_lgbm_dir_default_dense.json
    CMD: python -m src.master_forecast --algo lgbm --task price --market dam --strategy direct --gate strict --retrain static --train_end 2026-02-28 23:00 --test_start 2026-03-01 00:00 --test_end 2026-03-20 23:00 --features default,dense
[LightGBM] [Info] Auto-choosing col-wise multi-threading, the overhead of testing was 1.526171 seconds.
You can set `force_col_wise=true` to remove the overhead.
[LightGBM] [Info] Total Bins 27556
[LightGBM] [Info] Number of data points in the train set: 79622, number of used features: 170
[LightGBM] [Info] Start training from score 104.963461
[LightGBM] [Info] Auto-choosing col-wise multi-threading, the overhead of testing was 1.541003 seconds.
You can set `force_col_wise=true` to remove the overhead.
[LightGBM] [Info] Total Bins 27556
[LightGBM] [Info] Number of data points in the train set: 79622, number of used features: 170
[LightGBM] [Info] Start training from score 104.963108
[LightGBM] [Info] Auto-choosing col-wise multi-threading, the overhead of testing was 1.510882 seconds.
You can set `force_col_wise=true` to remove the overhead.
[LightGBM] [Info] Total Bins 27556
[LightGBM] [Info] Number of data points in the train set: 79622, number of used features: 170
[LightGBM] [Info] Auto-choosing col-wise multi-threading, the overhead of testing was 1.495713 seconds.
You can set `force_col_wise=true` to remove the overhead.
[LightGBM] [Info] Total Bins 27556
[LightGBM] [Info] Start training from score 104.963955
[LightGBM] [Info] Number of data points in the train set: 79622, number of used features: 170
[LightGBM] [Info] Start training from score 104.962747
[LightGBM] [Info] Auto-choosing col-wise multi-threading, the overhead of testing was 1.405455 seconds.
You can set `force_col_wise=true` to remove the overhead.
[LightGBM] [Info] Auto-choosing col-wise multi-threading, the overhead of testing was 1.409147 seconds.
You can set `force_col_wise=true` to remove the overhead.
[LightGBM] [Info] Total Bins 27556
[LightGBM] [Info] Total Bins 27556
[LightGBM] [Info] Number of data points in the train set: 79622, number of used features: 170
[LightGBM] [Info] Number of data points in the train set: 79622, number of used features: 170
[LightGBM] [Info] Start training from score 104.963766
[LightGBM] [Info] Start training from score 104.961955
[LightGBM] [Info] Auto-choosing col-wise multi-threading, the overhead of testing was 1.384454 seconds.
You can set `force_col_wise=true` to remove the overhead.
[LightGBM] [Info] Total Bins 27556
[LightGBM] [Info] Number of data points in the train set: 79622, number of used features: 170
[LightGBM] [Info] Start training from score 104.962351
[LightGBM] [Info] Auto-choosing col-wise multi-threading, the overhead of testing was 1.364529 seconds.
You can set `force_col_wise=true` to remove the overhead.
[LightGBM] [Info] Total Bins 27556
[LightGBM] [Info] Number of data points in the train set: 79622, number of used features: 170
[LightGBM] [Info] Start training from score 104.962714
[LightGBM] [Info] Auto-choosing col-wise multi-threading, the overhead of testing was 1.539861 seconds.
You can set `force_col_wise=true` to remove the overhead.
[LightGBM] [Info] Total Bins 27556
[LightGBM] [Info] Auto-choosing col-wise multi-threading, the overhead of testing was 1.440211 seconds.
You can set `force_col_wise=true` to remove the overhead.
[LightGBM] [Info] Total Bins 27556
[LightGBM] [Info] Number of data points in the train set: 79622, number of used features: 170
[LightGBM] [Info] Start training from score 104.953956
[LightGBM] [Info] Number of data points in the train set: 79622, number of used features: 170
[LightGBM] [Info] Start training from score 104.955715
[LightGBM] [Info] Auto-choosing col-wise multi-threading, the overhead of testing was 1.478299 seconds.
You can set `force_col_wise=true` to remove the overhead.
[LightGBM] [Info] Total Bins 27556
[LightGBM] [Info] Auto-choosing col-wise multi-threading, the overhead of testing was 1.376025 seconds.
You can set `force_col_wise=true` to remove the overhead.
[LightGBM] [Info] Total Bins 27556
[LightGBM] [Info] Number of data points in the train set: 79622, number of used features: 170
[LightGBM] [Info] Start training from score 104.957474
[LightGBM] [Info] Number of data points in the train set: 79622, number of used features: 170
[LightGBM] [Info] Start training from score 104.948957
[LightGBM] [Info] Auto-choosing col-wise multi-threading, the overhead of testing was 1.502947 seconds.
You can set `force_col_wise=true` to remove the overhead.
[LightGBM] [Info] Total Bins 27556
[LightGBM] [Info] Auto-choosing col-wise multi-threading, the overhead of testing was 1.487175 seconds.
You can set `force_col_wise=true` to remove the overhead.
[LightGBM] [Info] Total Bins 27556
[LightGBM] [Info] Number of data points in the train set: 79622, number of used features: 170
[LightGBM] [Info] Start training from score 104.950640
[LightGBM] [Info] Number of data points in the train set: 79622, number of used features: 170
[LightGBM] [Info] Start training from score 104.959233
[LightGBM] [Info] Auto-choosing col-wise multi-threading, the overhead of testing was 1.543120 seconds.
You can set `force_col_wise=true` to remove the overhead.
[LightGBM] [Info] Total Bins 27556
[LightGBM] [Info] Auto-choosing col-wise multi-threading, the overhead of testing was 1.563966 seconds.
You can set `force_col_wise=true` to remove the overhead.
[LightGBM] [Info] Total Bins 27556
[LightGBM] [Info] Number of data points in the train set: 79622, number of used features: 170
[LightGBM] [Info] Start training from score 104.961116
[LightGBM] [Info] Number of data points in the train set: 79622, number of used features: 170
[LightGBM] [Info] Start training from score 104.952198
[LightGBM] [Info] Auto-choosing col-wise multi-threading, the overhead of testing was 0.847799 seconds.
You can set `force_col_wise=true` to remove the overhead.
[LightGBM] [Info] Total Bins 27556
[LightGBM] [Info] Number of data points in the train set: 79622, number of used features: 170
[LightGBM] [Info] Start training from score 104.947941
[LightGBM] [Info] Auto-choosing col-wise multi-threading, the overhead of testing was 0.861422 seconds.
You can set `force_col_wise=true` to remove the overhead.
[LightGBM] [Info] Total Bins 27556
[LightGBM] [Info] Number of data points in the train set: 79622, number of used features: 170
[LightGBM] [Info] Start training from score 104.947300
[LightGBM] [Info] Auto-choosing col-wise multi-threading, the overhead of testing was 0.853276 seconds.
You can set `force_col_wise=true` to remove the overhead.
[LightGBM] [Info] Total Bins 27556
[LightGBM] [Info] Number of data points in the train set: 79622, number of used features: 170
[LightGBM] [Info] Start training from score 104.946820
[LightGBM] [Info] Auto-choosing col-wise multi-threading, the overhead of testing was 0.917427 seconds.
You can set `force_col_wise=true` to remove the overhead.
[LightGBM] [Info] Total Bins 27556
[LightGBM] [Info] Number of data points in the train set: 79622, number of used features: 170
[LightGBM] [Info] Start training from score 104.946179
[LightGBM] [Info] Auto-choosing col-wise multi-threading, the overhead of testing was 0.899201 seconds.
You can set `force_col_wise=true` to remove the overhead.
[LightGBM] [Info] Total Bins 27556
[LightGBM] [Info] Number of data points in the train set: 79622, number of used features: 170
[LightGBM] [Info] Start training from score 104.945525
[LightGBM] [Info] Auto-choosing col-wise multi-threading, the overhead of testing was 0.919476 seconds.
You can set `force_col_wise=true` to remove the overhead.
[LightGBM] [Info] Total Bins 27556
[LightGBM] [Info] Number of data points in the train set: 79622, number of used features: 170
[LightGBM] [Info] Start training from score 104.945065
[LightGBM] [Info] Auto-choosing col-wise multi-threading, the overhead of testing was 0.847874 seconds.
You can set `force_col_wise=true` to remove the overhead.
[LightGBM] [Info] Total Bins 27556
[LightGBM] [Info] Number of data points in the train set: 79622, number of used features: 170
[LightGBM] [Info] Auto-choosing col-wise multi-threading, the overhead of testing was 0.826440 seconds.
You can set `force_col_wise=true` to remove the overhead.
[LightGBM] [Info] Start training from score 104.944711
[LightGBM] [Info] Total Bins 27556
[LightGBM] [Info] Number of data points in the train set: 79622, number of used features: 170
[LightGBM] [Info] Start training from score 104.944347
==============================================================================
MASTER FORECAST | algo=lgbm task=price strategy=direct
  market=dam task=price gate=strict delay_override=None → gap=0h (crosslag_gap=12h) | horizon=24 stride=24 retrain=static
  groups=['calendar', 'lags', 'dense', 'roll', 'resfc', 'loadfc', 'meteo', 'fuel', 'genlags', 'loadlags', 'other']  (#features=170)
  test=[2026-03-01 00:00:00 .. 2026-03-20 23:00:00]  train_end=2026-02-28 23:00:00
==============================================================================
  AEL crosslag_mode=freeze (crosslag_gap=12h)
   [fit] key=static cutoff=2026-02-28 23:00:00  (block 1/20)
   [done] 20 blocks σε 608.1s

📊 RESULT | MAE=21.6847 €/MWh | RMSE=28.003 | sMAPE=51.1221% | n=480
💾 saved: runs/overnight_20260705/b_march/march_lgbm_dir_default_dense.json
--- [2026-07-05 07:56:13] OK  runs/overnight_20260705/b_march/march_lgbm_dir_default_dense.json

=== [2026-07-05 07:56:13] RUN → runs/overnight_20260705/b_march/march_lgbm_dir_lags_calendar.json
    CMD: python -m src.master_forecast --algo lgbm --task price --market dam --strategy direct --gate strict --retrain static --train_end 2026-02-28 23:00 --test_start 2026-03-01 00:00 --test_end 2026-03-20 23:00 --features lags,calendar
[LightGBM] [Info] Auto-choosing row-wise multi-threading, the overhead of testing was 0.006946 seconds.
You can set `force_row_wise=true` to remove the overhead.
And if memory is not enough, you can set `force_col_wise=true`.
[LightGBM] [Info] Total Bins 2126
[LightGBM] [Info] Number of data points in the train set: 79622, number of used features: 15
[LightGBM] [Info] Start training from score 104.963461
[LightGBM] [Info] Auto-choosing col-wise multi-threading, the overhead of testing was 0.027145 seconds.
You can set `force_col_wise=true` to remove the overhead.
[LightGBM] [Info] Total Bins 2126
[LightGBM] [Info] Number of data points in the train set: 79622, number of used features: 15
[LightGBM] [Info] Start training from score 104.963108
[LightGBM] [Info] Auto-choosing col-wise multi-threading, the overhead of testing was 0.027844 seconds.
You can set `force_col_wise=true` to remove the overhead.
[LightGBM] [Info] Total Bins 2126
[LightGBM] [Info] Number of data points in the train set: 79622, number of used features: 15
[LightGBM] [Info] Auto-choosing col-wise multi-threading, the overhead of testing was 0.019855 seconds.
You can set `force_col_wise=true` to remove the overhead.
[LightGBM] [Info] Start training from score 104.962351
[LightGBM] [Info] Auto-choosing col-wise multi-threading, the overhead of testing was 0.022572 seconds.
You can set `force_col_wise=true` to remove the overhead.
[LightGBM] [Info] Total Bins 2126
[LightGBM] [Info] Number of data points in the train set: 79622, number of used features: 15
[LightGBM] [Info] Start training from score 104.962747
[LightGBM] [Info] Auto-choosing col-wise multi-threading, the overhead of testing was 0.020752 seconds.
You can set `force_col_wise=true` to remove the overhead.
[LightGBM] [Info] Total Bins 2126
[LightGBM] [Info] Number of data points in the train set: 79622, number of used features: 15
[LightGBM] [Info] Total Bins 2126
[LightGBM] [Info] Number of data points in the train set: 79622, number of used features: 15
[LightGBM] [Info] Start training from score 104.950640
[LightGBM] [Info] Auto-choosing col-wise multi-threading, the overhead of testing was 0.022428 seconds.
You can set `force_col_wise=true` to remove the overhead.
[LightGBM] [Info] Total Bins 2126
[LightGBM] [Info] Start training from score 104.963955
[LightGBM] [Info] Number of data points in the train set: 79622, number of used features: 15
[LightGBM] [Info] Auto-choosing col-wise multi-threading, the overhead of testing was 0.020453 seconds.
You can set `force_col_wise=true` to remove the overhead.
[LightGBM] [Info] Total Bins 2126
[LightGBM] [Info] Start training from score 104.959233
[LightGBM] [Info] Number of data points in the train set: 79622, number of used features: 15
[LightGBM] [Info] Start training from score 104.961955
[LightGBM] [Info] Auto-choosing col-wise multi-threading, the overhead of testing was 0.022393 seconds.
You can set `force_col_wise=true` to remove the overhead.
[LightGBM] [Info] Total Bins 2126
[LightGBM] [Info] Number of data points in the train set: 79622, number of used features: 15
[LightGBM] [Info] Start training from score 104.962714
[LightGBM] [Info] Auto-choosing col-wise multi-threading, the overhead of testing was 0.026942 seconds.
You can set `force_col_wise=true` to remove the overhead.
[LightGBM] [Info] Total Bins 2126
[LightGBM] [Info] Number of data points in the train set: 79622, number of used features: 15
[LightGBM] [Info] Auto-choosing col-wise multi-threading, the overhead of testing was 0.028609 seconds.
You can set `force_col_wise=true` to remove the overhead.
[LightGBM] [Info] Start training from score 104.953956
[LightGBM] [Info] Total Bins 2126
[LightGBM] [Info] Number of data points in the train set: 79622, number of used features: 15
[LightGBM] [Info] Start training from score 104.955715
[LightGBM] [Info] Auto-choosing col-wise multi-threading, the overhead of testing was 0.029477 seconds.
You can set `force_col_wise=true` to remove the overhead.
[LightGBM] [Info] Total Bins 2126
[LightGBM] [Info] Number of data points in the train set: 79622, number of used features: 15
[LightGBM] [Info] Auto-choosing col-wise multi-threading, the overhead of testing was 0.028352 seconds.
You can set `force_col_wise=true` to remove the overhead.
[LightGBM] [Info] Total Bins 2126
[LightGBM] [Info] Start training from score 104.961116
[LightGBM] [Info] Number of data points in the train set: 79622, number of used features: 15
[LightGBM] [Info] Start training from score 104.948957
[LightGBM] [Info] Auto-choosing col-wise multi-threading, the overhead of testing was 0.021965 seconds.
You can set `force_col_wise=true` to remove the overhead.
[LightGBM] [Info] Total Bins 2126
[LightGBM] [Info] Auto-choosing col-wise multi-threading, the overhead of testing was 0.020909 seconds.
You can set `force_col_wise=true` to remove the overhead.
[LightGBM] [Info] Total Bins 2126
[LightGBM] [Info] Number of data points in the train set: 79622, number of used features: 15
[LightGBM] [Info] Start training from score 104.952198
[LightGBM] [Info] Number of data points in the train set: 79622, number of used features: 15
[LightGBM] [Info] Start training from score 104.963766
[LightGBM] [Info] Auto-choosing col-wise multi-threading, the overhead of testing was 0.026992 seconds.
You can set `force_col_wise=true` to remove the overhead.
[LightGBM] [Info] Total Bins 2126
[LightGBM] [Info] Number of data points in the train set: 79622, number of used features: 15
[LightGBM] [Info] Start training from score 104.957474
[LightGBM] [Info] Auto-choosing col-wise multi-threading, the overhead of testing was 0.020841 seconds.
You can set `force_col_wise=true` to remove the overhead.
[LightGBM] [Info] Total Bins 2126
[LightGBM] [Info] Number of data points in the train set: 79622, number of used features: 15
[LightGBM] [Info] Start training from score 104.947941
[LightGBM] [Info] Auto-choosing col-wise multi-threading, the overhead of testing was 0.023197 seconds.
You can set `force_col_wise=true` to remove the overhead.
[LightGBM] [Info] Total Bins 2126
[LightGBM] [Info] Number of data points in the train set: 79622, number of used features: 15
[LightGBM] [Info] Start training from score 104.947300
[LightGBM] [Info] Auto-choosing col-wise multi-threading, the overhead of testing was 0.032038 seconds.
You can set `force_col_wise=true` to remove the overhead.
[LightGBM] [Info] Total Bins 2126
[LightGBM] [Info] Number of data points in the train set: 79622, number of used features: 15
[LightGBM] [Info] Start training from score 104.946820
[LightGBM] [Info] Auto-choosing row-wise multi-threading, the overhead of testing was 0.006705 seconds.
You can set `force_row_wise=true` to remove the overhead.
And if memory is not enough, you can set `force_col_wise=true`.
[LightGBM] [Info] Total Bins 2126
[LightGBM] [Info] Number of data points in the train set: 79622, number of used features: 15
[LightGBM] [Info] Start training from score 104.946179
[LightGBM] [Info] Auto-choosing col-wise multi-threading, the overhead of testing was 0.030185 seconds.
You can set `force_col_wise=true` to remove the overhead.
[LightGBM] [Info] Total Bins 2126
[LightGBM] [Info] Number of data points in the train set: 79622, number of used features: 15
[LightGBM] [Info] Start training from score 104.945065
[LightGBM] [Info] Auto-choosing col-wise multi-threading, the overhead of testing was 0.021158 seconds.
You can set `force_col_wise=true` to remove the overhead.
[LightGBM] [Info] Total Bins 2126
[LightGBM] [Info] Number of data points in the train set: 79622, number of used features: 15
[LightGBM] [Info] Start training from score 104.945525
[LightGBM] [Info] Auto-choosing col-wise multi-threading, the overhead of testing was 0.023912 seconds.
You can set `force_col_wise=true` to remove the overhead.
[LightGBM] [Info] Total Bins 2126
[LightGBM] [Info] Auto-choosing col-wise multi-threading, the overhead of testing was 0.021550 seconds.
You can set `force_col_wise=true` to remove the overhead.
[LightGBM] [Info] Number of data points in the train set: 79622, number of used features: 15
[LightGBM] [Info] Total Bins 2126
[LightGBM] [Info] Start training from score 104.944347
[LightGBM] [Info] Number of data points in the train set: 79622, number of used features: 15
[LightGBM] [Info] Start training from score 104.944711
==============================================================================
MASTER FORECAST | algo=lgbm task=price strategy=direct
  market=dam task=price gate=strict delay_override=None → gap=0h (crosslag_gap=12h) | horizon=24 stride=24 retrain=static
  groups=['calendar', 'lags']  (#features=15)
  test=[2026-03-01 00:00:00 .. 2026-03-20 23:00:00]  train_end=2026-02-28 23:00:00
==============================================================================
  AEL crosslag_mode=freeze (crosslag_gap=12h)
   [fit] key=static cutoff=2026-02-28 23:00:00  (block 1/20)
   [done] 20 blocks σε 194.8s

📊 RESULT | MAE=22.7312 €/MWh | RMSE=30.0072 | sMAPE=51.7413% | n=480
💾 saved: runs/overnight_20260705/b_march/march_lgbm_dir_lags_calendar.json
--- [2026-07-05 07:59:36] OK  runs/overnight_20260705/b_march/march_lgbm_dir_lags_calendar.json

=== [2026-07-05 07:59:36] RUN → runs/overnight_20260705/b_march/march_xgb_rec_default.json
    CMD: python -m src.master_forecast --algo xgb --task price --market dam --strategy recursive --gate strict --retrain static --train_end 2026-02-28 23:00 --test_start 2026-03-01 00:00 --test_end 2026-03-20 23:00 --features default
==============================================================================
MASTER FORECAST | algo=xgb task=price strategy=recursive
  market=dam task=price gate=strict delay_override=None → gap=0h (crosslag_gap=12h) | horizon=24 stride=24 retrain=static
  groups=['calendar', 'lags', 'roll', 'resfc', 'loadfc', 'meteo', 'fuel', 'genlags', 'loadlags', 'other']  (#features=152)
  test=[2026-03-01 00:00:00 .. 2026-03-20 23:00:00]  train_end=2026-02-28 23:00:00
==============================================================================
  AEL crosslag_mode=freeze (crosslag_gap=12h)
   [fit] key=static cutoff=2026-02-28 23:00:00  (block 1/20)
   [done] 20 blocks σε 135.6s

📊 RESULT | MAE=21.1865 €/MWh | RMSE=30.1002 | sMAPE=49.9061% | n=480
💾 saved: runs/overnight_20260705/b_march/march_xgb_rec_default.json
--- [2026-07-05 08:01:57] OK  runs/overnight_20260705/b_march/march_xgb_rec_default.json

=== [2026-07-05 08:01:57] RUN → runs/overnight_20260705/b_march/march_xgb_rec_default_nometeo.json
    CMD: python -m src.master_forecast --algo xgb --task price --market dam --strategy recursive --gate strict --retrain static --train_end 2026-02-28 23:00 --test_start 2026-03-01 00:00 --test_end 2026-03-20 23:00 --features default,-meteo
==============================================================================
MASTER FORECAST | algo=xgb task=price strategy=recursive
  market=dam task=price gate=strict delay_override=None → gap=0h (crosslag_gap=12h) | horizon=24 stride=24 retrain=static
  groups=['calendar', 'lags', 'roll', 'resfc', 'loadfc', 'fuel', 'genlags', 'loadlags', 'other']  (#features=68)
  test=[2026-03-01 00:00:00 .. 2026-03-20 23:00:00]  train_end=2026-02-28 23:00:00
==============================================================================
  AEL crosslag_mode=freeze (crosslag_gap=12h)
   [fit] key=static cutoff=2026-02-28 23:00:00  (block 1/20)
   [done] 20 blocks σε 98.9s

📊 RESULT | MAE=21.184 €/MWh | RMSE=28.3202 | sMAPE=51.107% | n=480
💾 saved: runs/overnight_20260705/b_march/march_xgb_rec_default_nometeo.json
--- [2026-07-05 08:03:43] OK  runs/overnight_20260705/b_march/march_xgb_rec_default_nometeo.json

=== [2026-07-05 08:03:43] RUN → runs/overnight_20260705/b_march/march_xgb_rec_default_noresfc.json
    CMD: python -m src.master_forecast --algo xgb --task price --market dam --strategy recursive --gate strict --retrain static --train_end 2026-02-28 23:00 --test_start 2026-03-01 00:00 --test_end 2026-03-20 23:00 --features default,-resfc
==============================================================================
MASTER FORECAST | algo=xgb task=price strategy=recursive
  market=dam task=price gate=strict delay_override=None → gap=0h (crosslag_gap=12h) | horizon=24 stride=24 retrain=static
  groups=['calendar', 'lags', 'roll', 'loadfc', 'meteo', 'fuel', 'genlags', 'loadlags', 'other']  (#features=146)
  test=[2026-03-01 00:00:00 .. 2026-03-20 23:00:00]  train_end=2026-02-28 23:00:00
==============================================================================
  AEL crosslag_mode=freeze (crosslag_gap=12h)
   [fit] key=static cutoff=2026-02-28 23:00:00  (block 1/20)
   [done] 20 blocks σε 128.8s

📊 RESULT | MAE=20.5785 €/MWh | RMSE=27.5342 | sMAPE=52.6769% | n=480
💾 saved: runs/overnight_20260705/b_march/march_xgb_rec_default_noresfc.json
--- [2026-07-05 08:06:00] OK  runs/overnight_20260705/b_march/march_xgb_rec_default_noresfc.json

=== [2026-07-05 08:06:00] RUN → runs/overnight_20260705/b_march/march_xgb_rec_default_nogenlags_noloadlags.json
    CMD: python -m src.master_forecast --algo xgb --task price --market dam --strategy recursive --gate strict --retrain static --train_end 2026-02-28 23:00 --test_start 2026-03-01 00:00 --test_end 2026-03-20 23:00 --features default,-genlags,-loadlags
==============================================================================
MASTER FORECAST | algo=xgb task=price strategy=recursive
  market=dam task=price gate=strict delay_override=None → gap=0h (crosslag_gap=12h) | horizon=24 stride=24 retrain=static
  groups=['calendar', 'lags', 'roll', 'resfc', 'loadfc', 'meteo', 'fuel', 'other']  (#features=126)
  test=[2026-03-01 00:00:00 .. 2026-03-20 23:00:00]  train_end=2026-02-28 23:00:00
==============================================================================
  AEL crosslag_mode=freeze (crosslag_gap=12h)
   [fit] key=static cutoff=2026-02-28 23:00:00  (block 1/20)
   [done] 20 blocks σε 98.3s

📊 RESULT | MAE=21.6224 €/MWh | RMSE=31.2382 | sMAPE=51.3177% | n=480
💾 saved: runs/overnight_20260705/b_march/march_xgb_rec_default_nogenlags_noloadlags.json
--- [2026-07-05 08:07:46] OK  runs/overnight_20260705/b_march/march_xgb_rec_default_nogenlags_noloadlags.json

=== [2026-07-05 08:07:46] RUN → runs/overnight_20260705/b_march/march_xgb_rec_lags_calendar_genlags.json
    CMD: python -m src.master_forecast --algo xgb --task price --market dam --strategy recursive --gate strict --retrain static --train_end 2026-02-28 23:00 --test_start 2026-03-01 00:00 --test_end 2026-03-20 23:00 --features lags,calendar,genlags
==============================================================================
MASTER FORECAST | algo=xgb task=price strategy=recursive
  market=dam task=price gate=strict delay_override=None → gap=0h (crosslag_gap=12h) | horizon=24 stride=24 retrain=static
  groups=['calendar', 'lags', 'genlags']  (#features=33)
  test=[2026-03-01 00:00:00 .. 2026-03-20 23:00:00]  train_end=2026-02-28 23:00:00
==============================================================================
  AEL crosslag_mode=freeze (crosslag_gap=12h)
   [fit] key=static cutoff=2026-02-28 23:00:00  (block 1/20)
   [done] 20 blocks σε 51.9s

📊 RESULT | MAE=19.7213 €/MWh | RMSE=26.3485 | sMAPE=51.0161% | n=480
💾 saved: runs/overnight_20260705/b_march/march_xgb_rec_lags_calendar_genlags.json
--- [2026-07-05 08:08:44] OK  runs/overnight_20260705/b_march/march_xgb_rec_lags_calendar_genlags.json

=== [2026-07-05 08:08:44] RUN → runs/overnight_20260705/b_march/march_xgb_rec_default_dense.json
    CMD: python -m src.master_forecast --algo xgb --task price --market dam --strategy recursive --gate strict --retrain static --train_end 2026-02-28 23:00 --test_start 2026-03-01 00:00 --test_end 2026-03-20 23:00 --features default,dense
==============================================================================
MASTER FORECAST | algo=xgb task=price strategy=recursive
  market=dam task=price gate=strict delay_override=None → gap=0h (crosslag_gap=12h) | horizon=24 stride=24 retrain=static
  groups=['calendar', 'lags', 'dense', 'roll', 'resfc', 'loadfc', 'meteo', 'fuel', 'genlags', 'loadlags', 'other']  (#features=170)
  test=[2026-03-01 00:00:00 .. 2026-03-20 23:00:00]  train_end=2026-02-28 23:00:00
==============================================================================
  AEL crosslag_mode=freeze (crosslag_gap=12h)
   [fit] key=static cutoff=2026-02-28 23:00:00  (block 1/20)
   [done] 20 blocks σε 103.3s

📊 RESULT | MAE=20.5507 €/MWh | RMSE=28.4711 | sMAPE=48.8807% | n=480
💾 saved: runs/overnight_20260705/b_march/march_xgb_rec_default_dense.json
--- [2026-07-05 08:10:32] OK  runs/overnight_20260705/b_march/march_xgb_rec_default_dense.json

=== [2026-07-05 08:10:32] RUN → runs/overnight_20260705/b_march/march_xgb_rec_lags_calendar.json
    CMD: python -m src.master_forecast --algo xgb --task price --market dam --strategy recursive --gate strict --retrain static --train_end 2026-02-28 23:00 --test_start 2026-03-01 00:00 --test_end 2026-03-20 23:00 --features lags,calendar
==============================================================================
MASTER FORECAST | algo=xgb task=price strategy=recursive
  market=dam task=price gate=strict delay_override=None → gap=0h (crosslag_gap=12h) | horizon=24 stride=24 retrain=static
  groups=['calendar', 'lags']  (#features=15)
  test=[2026-03-01 00:00:00 .. 2026-03-20 23:00:00]  train_end=2026-02-28 23:00:00
==============================================================================
  AEL crosslag_mode=freeze (crosslag_gap=12h)
   [fit] key=static cutoff=2026-02-28 23:00:00  (block 1/20)
   [done] 20 blocks σε 16.8s

📊 RESULT | MAE=21.6031 €/MWh | RMSE=28.6417 | sMAPE=52.5592% | n=480
💾 saved: runs/overnight_20260705/b_march/march_xgb_rec_lags_calendar.json
--- [2026-07-05 08:10:53] OK  runs/overnight_20260705/b_march/march_xgb_rec_lags_calendar.json

=== [2026-07-05 08:10:53] RUN → runs/overnight_20260705/b_march/march_xgb_dir_default.json
    CMD: python -m src.master_forecast --algo xgb --task price --market dam --strategy direct --gate strict --retrain static --train_end 2026-02-28 23:00 --test_start 2026-03-01 00:00 --test_end 2026-03-20 23:00 --features default
==============================================================================
MASTER FORECAST | algo=xgb task=price strategy=direct
  market=dam task=price gate=strict delay_override=None → gap=0h (crosslag_gap=12h) | horizon=24 stride=24 retrain=static
  groups=['calendar', 'lags', 'roll', 'resfc', 'loadfc', 'meteo', 'fuel', 'genlags', 'loadlags', 'other']  (#features=152)
  test=[2026-03-01 00:00:00 .. 2026-03-20 23:00:00]  train_end=2026-02-28 23:00:00
==============================================================================
  AEL crosslag_mode=freeze (crosslag_gap=12h)
   [fit] key=static cutoff=2026-02-28 23:00:00  (block 1/20)
   [done] 20 blocks σε 255.5s

📊 RESULT | MAE=24.6903 €/MWh | RMSE=31.8899 | sMAPE=52.8098% | n=480
💾 saved: runs/overnight_20260705/b_march/march_xgb_dir_default.json
--- [2026-07-05 08:15:14] OK  runs/overnight_20260705/b_march/march_xgb_dir_default.json

=== [2026-07-05 08:15:14] RUN → runs/overnight_20260705/b_march/march_xgb_dir_default_nometeo.json
    CMD: python -m src.master_forecast --algo xgb --task price --market dam --strategy direct --gate strict --retrain static --train_end 2026-02-28 23:00 --test_start 2026-03-01 00:00 --test_end 2026-03-20 23:00 --features default,-meteo
==============================================================================
MASTER FORECAST | algo=xgb task=price strategy=direct
  market=dam task=price gate=strict delay_override=None → gap=0h (crosslag_gap=12h) | horizon=24 stride=24 retrain=static
  groups=['calendar', 'lags', 'roll', 'resfc', 'loadfc', 'fuel', 'genlags', 'loadlags', 'other']  (#features=68)
  test=[2026-03-01 00:00:00 .. 2026-03-20 23:00:00]  train_end=2026-02-28 23:00:00
==============================================================================
  AEL crosslag_mode=freeze (crosslag_gap=12h)
   [fit] key=static cutoff=2026-02-28 23:00:00  (block 1/20)
   [done] 20 blocks σε 227.9s

📊 RESULT | MAE=23.1215 €/MWh | RMSE=29.851 | sMAPE=52.4203% | n=480
💾 saved: runs/overnight_20260705/b_march/march_xgb_dir_default_nometeo.json
--- [2026-07-05 08:19:07] OK  runs/overnight_20260705/b_march/march_xgb_dir_default_nometeo.json

=== [2026-07-05 08:19:08] RUN → runs/overnight_20260705/b_march/march_xgb_dir_default_noresfc.json
    CMD: python -m src.master_forecast --algo xgb --task price --market dam --strategy direct --gate strict --retrain static --train_end 2026-02-28 23:00 --test_start 2026-03-01 00:00 --test_end 2026-03-20 23:00 --features default,-resfc
==============================================================================
MASTER FORECAST | algo=xgb task=price strategy=direct
  market=dam task=price gate=strict delay_override=None → gap=0h (crosslag_gap=12h) | horizon=24 stride=24 retrain=static
  groups=['calendar', 'lags', 'roll', 'loadfc', 'meteo', 'fuel', 'genlags', 'loadlags', 'other']  (#features=146)
  test=[2026-03-01 00:00:00 .. 2026-03-20 23:00:00]  train_end=2026-02-28 23:00:00
==============================================================================
  AEL crosslag_mode=freeze (crosslag_gap=12h)
   [fit] key=static cutoff=2026-02-28 23:00:00  (block 1/20)
   [done] 20 blocks σε 182.4s

📊 RESULT | MAE=25.5271 €/MWh | RMSE=33.4713 | sMAPE=53.0983% | n=480
💾 saved: runs/overnight_20260705/b_march/march_xgb_dir_default_noresfc.json
--- [2026-07-05 08:22:16] OK  runs/overnight_20260705/b_march/march_xgb_dir_default_noresfc.json

=== [2026-07-05 08:22:16] RUN → runs/overnight_20260705/b_march/march_xgb_dir_default_nogenlags_noloadlags.json
    CMD: python -m src.master_forecast --algo xgb --task price --market dam --strategy direct --gate strict --retrain static --train_end 2026-02-28 23:00 --test_start 2026-03-01 00:00 --test_end 2026-03-20 23:00 --features default,-genlags,-loadlags
==============================================================================
MASTER FORECAST | algo=xgb task=price strategy=direct
  market=dam task=price gate=strict delay_override=None → gap=0h (crosslag_gap=12h) | horizon=24 stride=24 retrain=static
  groups=['calendar', 'lags', 'roll', 'resfc', 'loadfc', 'meteo', 'fuel', 'other']  (#features=126)
  test=[2026-03-01 00:00:00 .. 2026-03-20 23:00:00]  train_end=2026-02-28 23:00:00
==============================================================================
  AEL crosslag_mode=freeze (crosslag_gap=12h)
   [fit] key=static cutoff=2026-02-28 23:00:00  (block 1/20)
   [done] 20 blocks σε 226.6s

📊 RESULT | MAE=26.5372 €/MWh | RMSE=35.0755 | sMAPE=53.1791% | n=480
💾 saved: runs/overnight_20260705/b_march/march_xgb_dir_default_nogenlags_noloadlags.json
--- [2026-07-05 08:26:07] OK  runs/overnight_20260705/b_march/march_xgb_dir_default_nogenlags_noloadlags.json

=== [2026-07-05 08:26:07] RUN → runs/overnight_20260705/b_march/march_xgb_dir_lags_calendar_genlags.json
    CMD: python -m src.master_forecast --algo xgb --task price --market dam --strategy direct --gate strict --retrain static --train_end 2026-02-28 23:00 --test_start 2026-03-01 00:00 --test_end 2026-03-20 23:00 --features lags,calendar,genlags
==============================================================================
MASTER FORECAST | algo=xgb task=price strategy=direct
  market=dam task=price gate=strict delay_override=None → gap=0h (crosslag_gap=12h) | horizon=24 stride=24 retrain=static
  groups=['calendar', 'lags', 'genlags']  (#features=33)
  test=[2026-03-01 00:00:00 .. 2026-03-20 23:00:00]  train_end=2026-02-28 23:00:00
==============================================================================
  AEL crosslag_mode=freeze (crosslag_gap=12h)
   [fit] key=static cutoff=2026-02-28 23:00:00  (block 1/20)
   [done] 20 blocks σε 60.5s

📊 RESULT | MAE=23.6776 €/MWh | RMSE=30.8072 | sMAPE=52.4436% | n=480
💾 saved: runs/overnight_20260705/b_march/march_xgb_dir_lags_calendar_genlags.json
--- [2026-07-05 08:27:12] OK  runs/overnight_20260705/b_march/march_xgb_dir_lags_calendar_genlags.json

=== [2026-07-05 08:27:12] RUN → runs/overnight_20260705/b_march/march_xgb_dir_default_dense.json
    CMD: python -m src.master_forecast --algo xgb --task price --market dam --strategy direct --gate strict --retrain static --train_end 2026-02-28 23:00 --test_start 2026-03-01 00:00 --test_end 2026-03-20 23:00 --features default,dense
==============================================================================
MASTER FORECAST | algo=xgb task=price strategy=direct
  market=dam task=price gate=strict delay_override=None → gap=0h (crosslag_gap=12h) | horizon=24 stride=24 retrain=static
  groups=['calendar', 'lags', 'dense', 'roll', 'resfc', 'loadfc', 'meteo', 'fuel', 'genlags', 'loadlags', 'other']  (#features=170)
  test=[2026-03-01 00:00:00 .. 2026-03-20 23:00:00]  train_end=2026-02-28 23:00:00
==============================================================================
  AEL crosslag_mode=freeze (crosslag_gap=12h)
   [fit] key=static cutoff=2026-02-28 23:00:00  (block 1/20)
   [done] 20 blocks σε 406.5s

📊 RESULT | MAE=22.1145 €/MWh | RMSE=28.5532 | sMAPE=51.4146% | n=480
💾 saved: runs/overnight_20260705/b_march/march_xgb_dir_default_dense.json
--- [2026-07-05 08:34:05] OK  runs/overnight_20260705/b_march/march_xgb_dir_default_dense.json

=== [2026-07-05 08:34:05] RUN → runs/overnight_20260705/b_march/march_xgb_dir_lags_calendar.json
    CMD: python -m src.master_forecast --algo xgb --task price --market dam --strategy direct --gate strict --retrain static --train_end 2026-02-28 23:00 --test_start 2026-03-01 00:00 --test_end 2026-03-20 23:00 --features lags,calendar
==============================================================================
MASTER FORECAST | algo=xgb task=price strategy=direct
  market=dam task=price gate=strict delay_override=None → gap=0h (crosslag_gap=12h) | horizon=24 stride=24 retrain=static
  groups=['calendar', 'lags']  (#features=15)
  test=[2026-03-01 00:00:00 .. 2026-03-20 23:00:00]  train_end=2026-02-28 23:00:00
==============================================================================
  AEL crosslag_mode=freeze (crosslag_gap=12h)
   [fit] key=static cutoff=2026-02-28 23:00:00  (block 1/20)
   [done] 20 blocks σε 76.3s

📊 RESULT | MAE=23.8632 €/MWh | RMSE=31.4323 | sMAPE=52.0958% | n=480
💾 saved: runs/overnight_20260705/b_march/march_xgb_dir_lags_calendar.json
--- [2026-07-05 08:35:26] OK  runs/overnight_20260705/b_march/march_xgb_dir_lags_calendar.json

######## BLOCK C — LOAD FULL ABLATION [2026-07-05 08:35:26] (~1.5-2h) ########

=== [2026-07-05 08:35:26] RUN → runs/overnight_20260705/c_load/q1_lgbm_rec_default.json
    CMD: python -m src.master_forecast --algo lgbm --task load --market dam --strategy recursive --gate strict --retrain static --train_end 2025-11-30 23:00 --test_start 2025-12-01 00:00 --test_end 2026-02-28 23:00 --features default
==============================================================================
MASTER FORECAST | algo=lgbm task=load strategy=recursive
  market=dam task=load gate=strict delay_override=None → gap=12h (crosslag_gap=12h) | horizon=24 stride=24 retrain=static
  groups=['calendar', 'lags', 'roll', 'resfc', 'loadfc', 'meteo', 'fuel', 'genlags', 'loadlags', 'other']  (#features=133)
  test=[2025-12-01 00:00:00 .. 2026-02-28 23:00:00]  train_end=2025-11-30 23:00:00
==============================================================================
  AEL crosslag_mode=freeze (crosslag_gap=12h)
[LightGBM] [Info] Auto-choosing col-wise multi-threading, the overhead of testing was 0.022751 seconds.
You can set `force_col_wise=true` to remove the overhead.
[LightGBM] [Info] Total Bins 18101
[LightGBM] [Info] Number of data points in the train set: 95405, number of used features: 133
[LightGBM] [Info] Start training from score 5736.498471
   [fit] key=static cutoff=2025-11-30 11:00:00  (block 1/90)
   [done] 90 blocks σε 60.5s

📊 RESULT | MAE=213.051 MW | RMSE=270.4361 | sMAPE=3.6504% | n=2160
💾 saved: runs/overnight_20260705/c_load/q1_lgbm_rec_default.json
--- [2026-07-05 08:36:30] OK  runs/overnight_20260705/c_load/q1_lgbm_rec_default.json

=== [2026-07-05 08:36:30] RUN → runs/overnight_20260705/c_load/summer_lgbm_rec_default.json
    CMD: python -m src.master_forecast --algo lgbm --task load --market dam --strategy recursive --gate strict --retrain static --train_end 2025-05-31 23:00 --test_start 2025-06-01 00:00 --test_end 2025-08-31 23:00 --features default
==============================================================================
MASTER FORECAST | algo=lgbm task=load strategy=recursive
  market=dam task=load gate=strict delay_override=None → gap=12h (crosslag_gap=12h) | horizon=24 stride=24 retrain=static
  groups=['calendar', 'lags', 'roll', 'resfc', 'loadfc', 'meteo', 'fuel', 'genlags', 'loadlags', 'other']  (#features=133)
  test=[2025-06-01 00:00:00 .. 2025-08-31 23:00:00]  train_end=2025-05-31 23:00:00
==============================================================================
  AEL crosslag_mode=freeze (crosslag_gap=12h)
[LightGBM] [Info] Auto-choosing col-wise multi-threading, the overhead of testing was 0.017710 seconds.
You can set `force_col_wise=true` to remove the overhead.
[LightGBM] [Info] Total Bins 18093
[LightGBM] [Info] Number of data points in the train set: 91014, number of used features: 133
[LightGBM] [Info] Start training from score 5723.663935
   [fit] key=static cutoff=2025-05-31 11:00:00  (block 1/92)
   [done] 92 blocks σε 61.2s

📊 RESULT | MAE=367.2863 MW | RMSE=467.5975 | sMAPE=5.405% | n=2208
💾 saved: runs/overnight_20260705/c_load/summer_lgbm_rec_default.json
--- [2026-07-05 08:37:35] OK  runs/overnight_20260705/c_load/summer_lgbm_rec_default.json

=== [2026-07-05 08:37:35] RUN → runs/overnight_20260705/c_load/q1_lgbm_rec_default_nometeo.json
    CMD: python -m src.master_forecast --algo lgbm --task load --market dam --strategy recursive --gate strict --retrain static --train_end 2025-11-30 23:00 --test_start 2025-12-01 00:00 --test_end 2026-02-28 23:00 --features default,-meteo
==============================================================================
MASTER FORECAST | algo=lgbm task=load strategy=recursive
  market=dam task=load gate=strict delay_override=None → gap=12h (crosslag_gap=12h) | horizon=24 stride=24 retrain=static
  groups=['calendar', 'lags', 'roll', 'resfc', 'loadfc', 'fuel', 'genlags', 'loadlags', 'other']  (#features=49)
  test=[2025-12-01 00:00:00 .. 2026-02-28 23:00:00]  train_end=2025-11-30 23:00:00
==============================================================================
  AEL crosslag_mode=freeze (crosslag_gap=12h)
[LightGBM] [Info] Auto-choosing col-wise multi-threading, the overhead of testing was 0.009661 seconds.
You can set `force_col_wise=true` to remove the overhead.
[LightGBM] [Info] Total Bins 10037
[LightGBM] [Info] Number of data points in the train set: 95405, number of used features: 49
[LightGBM] [Info] Start training from score 5736.498471
   [fit] key=static cutoff=2025-11-30 11:00:00  (block 1/90)
   [done] 90 blocks σε 54.1s

📊 RESULT | MAE=322.5332 MW | RMSE=413.6967 | sMAPE=5.4115% | n=2160
💾 saved: runs/overnight_20260705/c_load/q1_lgbm_rec_default_nometeo.json
--- [2026-07-05 08:38:32] OK  runs/overnight_20260705/c_load/q1_lgbm_rec_default_nometeo.json

=== [2026-07-05 08:38:32] RUN → runs/overnight_20260705/c_load/summer_lgbm_rec_default_nometeo.json
    CMD: python -m src.master_forecast --algo lgbm --task load --market dam --strategy recursive --gate strict --retrain static --train_end 2025-05-31 23:00 --test_start 2025-06-01 00:00 --test_end 2025-08-31 23:00 --features default,-meteo
==============================================================================
MASTER FORECAST | algo=lgbm task=load strategy=recursive
  market=dam task=load gate=strict delay_override=None → gap=12h (crosslag_gap=12h) | horizon=24 stride=24 retrain=static
  groups=['calendar', 'lags', 'roll', 'resfc', 'loadfc', 'fuel', 'genlags', 'loadlags', 'other']  (#features=49)
  test=[2025-06-01 00:00:00 .. 2025-08-31 23:00:00]  train_end=2025-05-31 23:00:00
==============================================================================
  AEL crosslag_mode=freeze (crosslag_gap=12h)
[LightGBM] [Info] Auto-choosing col-wise multi-threading, the overhead of testing was 0.008334 seconds.
You can set `force_col_wise=true` to remove the overhead.
[LightGBM] [Info] Total Bins 10037
[LightGBM] [Info] Number of data points in the train set: 91014, number of used features: 49
[LightGBM] [Info] Start training from score 5723.663935
   [fit] key=static cutoff=2025-05-31 11:00:00  (block 1/92)
   [done] 92 blocks σε 56.5s

📊 RESULT | MAE=360.2721 MW | RMSE=491.2249 | sMAPE=5.2261% | n=2208
💾 saved: runs/overnight_20260705/c_load/summer_lgbm_rec_default_nometeo.json
--- [2026-07-05 08:39:32] OK  runs/overnight_20260705/c_load/summer_lgbm_rec_default_nometeo.json

=== [2026-07-05 08:39:32] RUN → runs/overnight_20260705/c_load/q1_lgbm_rec_default_noloadfc.json
    CMD: python -m src.master_forecast --algo lgbm --task load --market dam --strategy recursive --gate strict --retrain static --train_end 2025-11-30 23:00 --test_start 2025-12-01 00:00 --test_end 2026-02-28 23:00 --features default,-loadfc
==============================================================================
MASTER FORECAST | algo=lgbm task=load strategy=recursive
  market=dam task=load gate=strict delay_override=None → gap=12h (crosslag_gap=12h) | horizon=24 stride=24 retrain=static
  groups=['calendar', 'lags', 'roll', 'resfc', 'meteo', 'fuel', 'genlags', 'loadlags', 'other']  (#features=133)
  test=[2025-12-01 00:00:00 .. 2026-02-28 23:00:00]  train_end=2025-11-30 23:00:00
==============================================================================
  AEL crosslag_mode=freeze (crosslag_gap=12h)
[LightGBM] [Info] Auto-choosing col-wise multi-threading, the overhead of testing was 0.020532 seconds.
You can set `force_col_wise=true` to remove the overhead.
[LightGBM] [Info] Total Bins 18101
[LightGBM] [Info] Number of data points in the train set: 95405, number of used features: 133
[LightGBM] [Info] Start training from score 5736.498471
   [fit] key=static cutoff=2025-11-30 11:00:00  (block 1/90)
   [done] 90 blocks σε 63.7s

📊 RESULT | MAE=213.051 MW | RMSE=270.4361 | sMAPE=3.6504% | n=2160
💾 saved: runs/overnight_20260705/c_load/q1_lgbm_rec_default_noloadfc.json
--- [2026-07-05 08:40:39] OK  runs/overnight_20260705/c_load/q1_lgbm_rec_default_noloadfc.json

=== [2026-07-05 08:40:40] RUN → runs/overnight_20260705/c_load/summer_lgbm_rec_default_noloadfc.json
    CMD: python -m src.master_forecast --algo lgbm --task load --market dam --strategy recursive --gate strict --retrain static --train_end 2025-05-31 23:00 --test_start 2025-06-01 00:00 --test_end 2025-08-31 23:00 --features default,-loadfc
==============================================================================
MASTER FORECAST | algo=lgbm task=load strategy=recursive
  market=dam task=load gate=strict delay_override=None → gap=12h (crosslag_gap=12h) | horizon=24 stride=24 retrain=static
  groups=['calendar', 'lags', 'roll', 'resfc', 'meteo', 'fuel', 'genlags', 'loadlags', 'other']  (#features=133)
  test=[2025-06-01 00:00:00 .. 2025-08-31 23:00:00]  train_end=2025-05-31 23:00:00
==============================================================================
  AEL crosslag_mode=freeze (crosslag_gap=12h)
[LightGBM] [Info] Auto-choosing col-wise multi-threading, the overhead of testing was 0.019111 seconds.
You can set `force_col_wise=true` to remove the overhead.
[LightGBM] [Info] Total Bins 18093
[LightGBM] [Info] Number of data points in the train set: 91014, number of used features: 133
[LightGBM] [Info] Start training from score 5723.663935
   [fit] key=static cutoff=2025-05-31 11:00:00  (block 1/92)
   [done] 92 blocks σε 64.8s

📊 RESULT | MAE=367.2863 MW | RMSE=467.5975 | sMAPE=5.405% | n=2208
💾 saved: runs/overnight_20260705/c_load/summer_lgbm_rec_default_noloadfc.json
--- [2026-07-05 08:41:48] OK  runs/overnight_20260705/c_load/summer_lgbm_rec_default_noloadfc.json

=== [2026-07-05 08:41:48] RUN → runs/overnight_20260705/c_load/q1_lgbm_rec_default_noloadlags.json
    CMD: python -m src.master_forecast --algo lgbm --task load --market dam --strategy recursive --gate strict --retrain static --train_end 2025-11-30 23:00 --test_start 2025-12-01 00:00 --test_end 2026-02-28 23:00 --features default,-loadlags
==============================================================================
MASTER FORECAST | algo=lgbm task=load strategy=recursive
  market=dam task=load gate=strict delay_override=None → gap=12h (crosslag_gap=12h) | horizon=24 stride=24 retrain=static
  groups=['calendar', 'lags', 'roll', 'resfc', 'loadfc', 'meteo', 'fuel', 'genlags', 'other']  (#features=125)
  test=[2025-12-01 00:00:00 .. 2026-02-28 23:00:00]  train_end=2025-11-30 23:00:00
==============================================================================
  AEL crosslag_mode=freeze (crosslag_gap=12h)
[LightGBM] [Info] Auto-choosing col-wise multi-threading, the overhead of testing was 0.015395 seconds.
You can set `force_col_wise=true` to remove the overhead.
[LightGBM] [Info] Total Bins 16061
[LightGBM] [Info] Number of data points in the train set: 95405, number of used features: 125
[LightGBM] [Info] Start training from score 5736.498471
   [fit] key=static cutoff=2025-11-30 11:00:00  (block 1/90)
   [done] 90 blocks σε 64.2s

📊 RESULT | MAE=210.4695 MW | RMSE=264.7574 | sMAPE=3.6051% | n=2160
💾 saved: runs/overnight_20260705/c_load/q1_lgbm_rec_default_noloadlags.json
--- [2026-07-05 08:42:56] OK  runs/overnight_20260705/c_load/q1_lgbm_rec_default_noloadlags.json

=== [2026-07-05 08:42:56] RUN → runs/overnight_20260705/c_load/summer_lgbm_rec_default_noloadlags.json
    CMD: python -m src.master_forecast --algo lgbm --task load --market dam --strategy recursive --gate strict --retrain static --train_end 2025-05-31 23:00 --test_start 2025-06-01 00:00 --test_end 2025-08-31 23:00 --features default,-loadlags
==============================================================================
MASTER FORECAST | algo=lgbm task=load strategy=recursive
  market=dam task=load gate=strict delay_override=None → gap=12h (crosslag_gap=12h) | horizon=24 stride=24 retrain=static
  groups=['calendar', 'lags', 'roll', 'resfc', 'loadfc', 'meteo', 'fuel', 'genlags', 'other']  (#features=125)
  test=[2025-06-01 00:00:00 .. 2025-08-31 23:00:00]  train_end=2025-05-31 23:00:00
==============================================================================
  AEL crosslag_mode=freeze (crosslag_gap=12h)
[LightGBM] [Info] Auto-choosing col-wise multi-threading, the overhead of testing was 0.016612 seconds.
You can set `force_col_wise=true` to remove the overhead.
[LightGBM] [Info] Total Bins 16053
[LightGBM] [Info] Number of data points in the train set: 91014, number of used features: 125
[LightGBM] [Info] Start training from score 5723.663935
   [fit] key=static cutoff=2025-05-31 11:00:00  (block 1/92)
   [done] 92 blocks σε 102.3s

📊 RESULT | MAE=393.4445 MW | RMSE=494.2404 | sMAPE=5.8344% | n=2208
💾 saved: runs/overnight_20260705/c_load/summer_lgbm_rec_default_noloadlags.json
--- [2026-07-05 08:44:42] OK  runs/overnight_20260705/c_load/summer_lgbm_rec_default_noloadlags.json

=== [2026-07-05 08:44:42] RUN → runs/overnight_20260705/c_load/q1_lgbm_rec_default_nogenlags_noloadlags.json
    CMD: python -m src.master_forecast --algo lgbm --task load --market dam --strategy recursive --gate strict --retrain static --train_end 2025-11-30 23:00 --test_start 2025-12-01 00:00 --test_end 2026-02-28 23:00 --features default,-genlags,-loadlags
==============================================================================
MASTER FORECAST | algo=lgbm task=load strategy=recursive
  market=dam task=load gate=strict delay_override=None → gap=12h (crosslag_gap=12h) | horizon=24 stride=24 retrain=static
  groups=['calendar', 'lags', 'roll', 'resfc', 'loadfc', 'meteo', 'fuel', 'other']  (#features=107)
  test=[2025-12-01 00:00:00 .. 2026-02-28 23:00:00]  train_end=2025-11-30 23:00:00
==============================================================================
  AEL crosslag_mode=freeze (crosslag_gap=12h)
[LightGBM] [Info] Auto-choosing col-wise multi-threading, the overhead of testing was 0.035105 seconds.
You can set `force_col_wise=true` to remove the overhead.
[LightGBM] [Info] Total Bins 11471
[LightGBM] [Info] Number of data points in the train set: 95429, number of used features: 107
[LightGBM] [Info] Start training from score 5736.975641
   [fit] key=static cutoff=2025-11-30 11:00:00  (block 1/90)
   [done] 90 blocks σε 143.6s

📊 RESULT | MAE=215.2642 MW | RMSE=276.8406 | sMAPE=3.6579% | n=2160
💾 saved: runs/overnight_20260705/c_load/q1_lgbm_rec_default_nogenlags_noloadlags.json
--- [2026-07-05 08:47:12] OK  runs/overnight_20260705/c_load/q1_lgbm_rec_default_nogenlags_noloadlags.json

=== [2026-07-05 08:47:12] RUN → runs/overnight_20260705/c_load/summer_lgbm_rec_default_nogenlags_noloadlags.json
    CMD: python -m src.master_forecast --algo lgbm --task load --market dam --strategy recursive --gate strict --retrain static --train_end 2025-05-31 23:00 --test_start 2025-06-01 00:00 --test_end 2025-08-31 23:00 --features default,-genlags,-loadlags
==============================================================================
MASTER FORECAST | algo=lgbm task=load strategy=recursive
  market=dam task=load gate=strict delay_override=None → gap=12h (crosslag_gap=12h) | horizon=24 stride=24 retrain=static
  groups=['calendar', 'lags', 'roll', 'resfc', 'loadfc', 'meteo', 'fuel', 'other']  (#features=107)
  test=[2025-06-01 00:00:00 .. 2025-08-31 23:00:00]  train_end=2025-05-31 23:00:00
==============================================================================
  AEL crosslag_mode=freeze (crosslag_gap=12h)
[LightGBM] [Info] Auto-choosing col-wise multi-threading, the overhead of testing was 0.063817 seconds.
You can set `force_col_wise=true` to remove the overhead.
[LightGBM] [Info] Total Bins 11463
[LightGBM] [Info] Number of data points in the train set: 91038, number of used features: 107
[LightGBM] [Info] Start training from score 5724.167503
   [fit] key=static cutoff=2025-05-31 11:00:00  (block 1/92)
   [done] 92 blocks σε 151.9s

📊 RESULT | MAE=359.0081 MW | RMSE=452.46 | sMAPE=5.3151% | n=2208
💾 saved: runs/overnight_20260705/c_load/summer_lgbm_rec_default_nogenlags_noloadlags.json
--- [2026-07-05 08:49:49] OK  runs/overnight_20260705/c_load/summer_lgbm_rec_default_nogenlags_noloadlags.json

=== [2026-07-05 08:49:50] RUN → runs/overnight_20260705/c_load/q1_lgbm_rec_lags_calendar_loadfc.json
    CMD: python -m src.master_forecast --algo lgbm --task load --market dam --strategy recursive --gate strict --retrain static --train_end 2025-11-30 23:00 --test_start 2025-12-01 00:00 --test_end 2026-02-28 23:00 --features lags,calendar,loadfc
==============================================================================
MASTER FORECAST | algo=lgbm task=load strategy=recursive
  market=dam task=load gate=strict delay_override=None → gap=12h (crosslag_gap=12h) | horizon=24 stride=24 retrain=static
  groups=['calendar', 'lags', 'loadfc']  (#features=15)
  test=[2025-12-01 00:00:00 .. 2026-02-28 23:00:00]  train_end=2025-11-30 23:00:00
==============================================================================
  AEL crosslag_mode=freeze (crosslag_gap=12h)
[LightGBM] [Info] Auto-choosing col-wise multi-threading, the overhead of testing was 0.007752 seconds.
You can set `force_col_wise=true` to remove the overhead.
[LightGBM] [Info] Total Bins 2126
[LightGBM] [Info] Number of data points in the train set: 95429, number of used features: 15
[LightGBM] [Info] Start training from score 5736.975641
   [fit] key=static cutoff=2025-11-30 11:00:00  (block 1/90)
   [done] 90 blocks σε 96.0s

📊 RESULT | MAE=255.6425 MW | RMSE=343.8046 | sMAPE=4.2764% | n=2160
💾 saved: runs/overnight_20260705/c_load/q1_lgbm_rec_lags_calendar_loadfc.json
--- [2026-07-05 08:51:32] OK  runs/overnight_20260705/c_load/q1_lgbm_rec_lags_calendar_loadfc.json

=== [2026-07-05 08:51:32] RUN → runs/overnight_20260705/c_load/summer_lgbm_rec_lags_calendar_loadfc.json
    CMD: python -m src.master_forecast --algo lgbm --task load --market dam --strategy recursive --gate strict --retrain static --train_end 2025-05-31 23:00 --test_start 2025-06-01 00:00 --test_end 2025-08-31 23:00 --features lags,calendar,loadfc
==============================================================================
MASTER FORECAST | algo=lgbm task=load strategy=recursive
  market=dam task=load gate=strict delay_override=None → gap=12h (crosslag_gap=12h) | horizon=24 stride=24 retrain=static
  groups=['calendar', 'lags', 'loadfc']  (#features=15)
  test=[2025-06-01 00:00:00 .. 2025-08-31 23:00:00]  train_end=2025-05-31 23:00:00
==============================================================================
  AEL crosslag_mode=freeze (crosslag_gap=12h)
[LightGBM] [Info] Auto-choosing col-wise multi-threading, the overhead of testing was 0.012726 seconds.
You can set `force_col_wise=true` to remove the overhead.
[LightGBM] [Info] Total Bins 2126
[LightGBM] [Info] Number of data points in the train set: 91038, number of used features: 15
[LightGBM] [Info] Start training from score 5724.167503
   [fit] key=static cutoff=2025-05-31 11:00:00  (block 1/92)
   [done] 92 blocks σε 108.5s

📊 RESULT | MAE=329.3417 MW | RMSE=429.2877 | sMAPE=4.85% | n=2208
💾 saved: runs/overnight_20260705/c_load/summer_lgbm_rec_lags_calendar_loadfc.json
--- [2026-07-05 08:53:26] OK  runs/overnight_20260705/c_load/summer_lgbm_rec_lags_calendar_loadfc.json

=== [2026-07-05 08:53:27] RUN → runs/overnight_20260705/c_load/q1_lgbm_rec_default_dense.json
    CMD: python -m src.master_forecast --algo lgbm --task load --market dam --strategy recursive --gate strict --retrain static --train_end 2025-11-30 23:00 --test_start 2025-12-01 00:00 --test_end 2026-02-28 23:00 --features default,dense
==============================================================================
MASTER FORECAST | algo=lgbm task=load strategy=recursive
  market=dam task=load gate=strict delay_override=None → gap=12h (crosslag_gap=12h) | horizon=24 stride=24 retrain=static
  groups=['calendar', 'lags', 'dense', 'roll', 'resfc', 'loadfc', 'meteo', 'fuel', 'genlags', 'loadlags', 'other']  (#features=151)
  test=[2025-12-01 00:00:00 .. 2026-02-28 23:00:00]  train_end=2025-11-30 23:00:00
==============================================================================
  AEL crosslag_mode=freeze (crosslag_gap=12h)
[LightGBM] [Info] Auto-choosing col-wise multi-threading, the overhead of testing was 0.122256 seconds.
You can set `force_col_wise=true` to remove the overhead.
[LightGBM] [Info] Total Bins 22691
[LightGBM] [Info] Number of data points in the train set: 95405, number of used features: 151
[LightGBM] [Info] Start training from score 5736.498471
   [fit] key=static cutoff=2025-11-30 11:00:00  (block 1/90)
   [done] 90 blocks σε 375.7s

📊 RESULT | MAE=213.2707 MW | RMSE=270.9637 | sMAPE=3.6531% | n=2160
💾 saved: runs/overnight_20260705/c_load/q1_lgbm_rec_default_dense.json
--- [2026-07-05 08:59:51] OK  runs/overnight_20260705/c_load/q1_lgbm_rec_default_dense.json

=== [2026-07-05 08:59:51] RUN → runs/overnight_20260705/c_load/summer_lgbm_rec_default_dense.json
    CMD: python -m src.master_forecast --algo lgbm --task load --market dam --strategy recursive --gate strict --retrain static --train_end 2025-05-31 23:00 --test_start 2025-06-01 00:00 --test_end 2025-08-31 23:00 --features default,dense
==============================================================================
MASTER FORECAST | algo=lgbm task=load strategy=recursive
  market=dam task=load gate=strict delay_override=None → gap=12h (crosslag_gap=12h) | horizon=24 stride=24 retrain=static
  groups=['calendar', 'lags', 'dense', 'roll', 'resfc', 'loadfc', 'meteo', 'fuel', 'genlags', 'loadlags', 'other']  (#features=151)
  test=[2025-06-01 00:00:00 .. 2025-08-31 23:00:00]  train_end=2025-05-31 23:00:00
==============================================================================
  AEL crosslag_mode=freeze (crosslag_gap=12h)
[LightGBM] [Info] Auto-choosing col-wise multi-threading, the overhead of testing was 0.127584 seconds.
You can set `force_col_wise=true` to remove the overhead.
[LightGBM] [Info] Total Bins 22683
[LightGBM] [Info] Number of data points in the train set: 91014, number of used features: 151
[LightGBM] [Info] Start training from score 5723.663935
   [fit] key=static cutoff=2025-05-31 11:00:00  (block 1/92)
   [done] 92 blocks σε 375.9s

📊 RESULT | MAE=356.5242 MW | RMSE=465.5309 | sMAPE=5.2251% | n=2208
💾 saved: runs/overnight_20260705/c_load/summer_lgbm_rec_default_dense.json
--- [2026-07-05 09:06:15] OK  runs/overnight_20260705/c_load/summer_lgbm_rec_default_dense.json

=== [2026-07-05 09:06:15] RUN → runs/overnight_20260705/c_load/q1_lgbm_dir_default.json
    CMD: python -m src.master_forecast --algo lgbm --task load --market dam --strategy direct --gate strict --retrain static --train_end 2025-11-30 23:00 --test_start 2025-12-01 00:00 --test_end 2026-02-28 23:00 --features default
[LightGBM] [Info] Auto-choosing col-wise multi-threading, the overhead of testing was 1.315840 seconds.
You can set `force_col_wise=true` to remove the overhead.
[LightGBM] [Info] Total Bins 18101
[LightGBM] [Info] Number of data points in the train set: 95393, number of used features: 133
[LightGBM] [Info] Auto-choosing col-wise multi-threading, the overhead of testing was 1.300115 seconds.
You can set `force_col_wise=true` to remove the overhead.
[LightGBM] [Info] Total Bins 18101
[LightGBM] [Info] Start training from score 5737.183592
[LightGBM] [Info] Number of data points in the train set: 95393, number of used features: 133
[LightGBM] [Info] Auto-choosing col-wise multi-threading, the overhead of testing was 1.320414 seconds.
You can set `force_col_wise=true` to remove the overhead.
[LightGBM] [Info] Start training from score 5737.165756
[LightGBM] [Info] Total Bins 18101
[LightGBM] [Info] Number of data points in the train set: 95393, number of used features: 133
[LightGBM] [Info] Start training from score 5737.140888
[LightGBM] [Info] Auto-choosing col-wise multi-threading, the overhead of testing was 1.344371 seconds.
You can set `force_col_wise=true` to remove the overhead.
[LightGBM] [Info] Total Bins 18101
[LightGBM] [Info] Number of data points in the train set: 95393, number of used features: 133
[LightGBM] [Info] Auto-choosing col-wise multi-threading, the overhead of testing was 1.326990 seconds.
You can set `force_col_wise=true` to remove the overhead.
[LightGBM] [Info] Total Bins 18101
[LightGBM] [Info] Number of data points in the train set: 95393, number of used features: 133
[LightGBM] [Info] Auto-choosing col-wise multi-threading, the overhead of testing was 1.319690 seconds.
You can set `force_col_wise=true` to remove the overhead.
[LightGBM] [Info] Start training from score 5737.198268
[LightGBM] [Info] Start training from score 5737.083313
[LightGBM] [Info] Total Bins 18101
[LightGBM] [Info] Auto-choosing col-wise multi-threading, the overhead of testing was 1.271068 seconds.
You can set `force_col_wise=true` to remove the overhead.
[LightGBM] [Info] Total Bins 18101
[LightGBM] [Info] Number of data points in the train set: 95393, number of used features: 133
[LightGBM] [Info] Start training from score 5737.244581
[LightGBM] [Info] Number of data points in the train set: 95393, number of used features: 133
[LightGBM] [Info] Start training from score 5736.924214
[LightGBM] [Info] Auto-choosing col-wise multi-threading, the overhead of testing was 1.305464 seconds.
You can set `force_col_wise=true` to remove the overhead.
[LightGBM] [Info] Total Bins 18101
[LightGBM] [Info] Number of data points in the train set: 95393, number of used features: 133
[LightGBM] [Info] Start training from score 5736.952510
[LightGBM] [Info] Auto-choosing row-wise multi-threading, the overhead of testing was 0.524347 seconds.
You can set `force_row_wise=true` to remove the overhead.
And if memory is not enough, you can set `force_col_wise=true`.
[LightGBM] [Info] Total Bins 18101
[LightGBM] [Info] Number of data points in the train set: 95393, number of used features: 133
[LightGBM] [Info] Start training from score 5737.113926
[LightGBM] [Info] Auto-choosing col-wise multi-threading, the overhead of testing was 1.303639 seconds.
You can set `force_col_wise=true` to remove the overhead.
[LightGBM] [Info] Total Bins 18101
[LightGBM] [Info] Number of data points in the train set: 95393, number of used features: 133
[LightGBM] [Info] Auto-choosing col-wise multi-threading, the overhead of testing was 1.348686 seconds.
You can set `force_col_wise=true` to remove the overhead.
[LightGBM] [Info] Start training from score 5736.983764
[LightGBM] [Info] Total Bins 18101
[LightGBM] [Info] Number of data points in the train set: 95393, number of used features: 133
[LightGBM] [Info] Auto-choosing col-wise multi-threading, the overhead of testing was 1.408878 seconds.
You can set `force_col_wise=true` to remove the overhead.
[LightGBM] [Info] Start training from score 5737.050576
[LightGBM] [Info] Total Bins 18101
[LightGBM] [Info] Auto-choosing col-wise multi-threading, the overhead of testing was 1.335872 seconds.
You can set `force_col_wise=true` to remove the overhead.
[LightGBM] [Info] Total Bins 18101
[LightGBM] [Info] Number of data points in the train set: 95393, number of used features: 133
[LightGBM] [Info] Start training from score 5736.892961
[LightGBM] [Info] Number of data points in the train set: 95393, number of used features: 133
[LightGBM] [Info] Start training from score 5737.213000
[LightGBM] [Info] Auto-choosing col-wise multi-threading, the overhead of testing was 1.424627 seconds.
You can set `force_col_wise=true` to remove the overhead.
[LightGBM] [Info] Total Bins 18101
[LightGBM] [Info] Auto-choosing col-wise multi-threading, the overhead of testing was 1.426752 seconds.
You can set `force_col_wise=true` to remove the overhead.
[LightGBM] [Info] Total Bins 18101
[LightGBM] [Info] Number of data points in the train set: 95393, number of used features: 133
[LightGBM] [Info] Auto-choosing col-wise multi-threading, the overhead of testing was 1.440426 seconds.
You can set `force_col_wise=true` to remove the overhead.
[LightGBM] [Info] Total Bins 18101
[LightGBM] [Info] Start training from score 5737.016810
[LightGBM] [Info] Number of data points in the train set: 95393, number of used features: 133
[LightGBM] [Info] Number of data points in the train set: 95393, number of used features: 133
[LightGBM] [Info] Start training from score 5737.228430
[LightGBM] [Info] Start training from score 5736.862976
[LightGBM] [Info] Auto-choosing col-wise multi-threading, the overhead of testing was 1.295748 seconds.
You can set `force_col_wise=true` to remove the overhead.
[LightGBM] [Info] Total Bins 18101
[LightGBM] [Info] Number of data points in the train set: 95393, number of used features: 133
[LightGBM] [Info] Start training from score 5736.834723
[LightGBM] [Info] Auto-choosing col-wise multi-threading, the overhead of testing was 1.244150 seconds.
You can set `force_col_wise=true` to remove the overhead.
[LightGBM] [Info] Total Bins 18101
[LightGBM] [Info] Number of data points in the train set: 95393, number of used features: 133
[LightGBM] [Info] Start training from score 5736.802941
[LightGBM] [Info] Auto-choosing col-wise multi-threading, the overhead of testing was 1.233315 seconds.
You can set `force_col_wise=true` to remove the overhead.
[LightGBM] [Info] Total Bins 18101
[LightGBM] [Info] Number of data points in the train set: 95393, number of used features: 133
[LightGBM] [Info] Start training from score 5736.740317
[LightGBM] [Info] Auto-choosing col-wise multi-threading, the overhead of testing was 1.263801 seconds.
You can set `force_col_wise=true` to remove the overhead.
[LightGBM] [Info] Total Bins 18101
[LightGBM] [Info] Auto-choosing col-wise multi-threading, the overhead of testing was 1.273881 seconds.
You can set `force_col_wise=true` to remove the overhead.
[LightGBM] [Info] Total Bins 18101
[LightGBM] [Info] Number of data points in the train set: 95393, number of used features: 133
[LightGBM] [Info] Start training from score 5736.691482
[LightGBM] [Info] Number of data points in the train set: 95393, number of used features: 133
[LightGBM] [Info] Start training from score 5736.771112
[LightGBM] [Info] Auto-choosing col-wise multi-threading, the overhead of testing was 1.235677 seconds.
You can set `force_col_wise=true` to remove the overhead.
[LightGBM] [Info] Total Bins 18101
[LightGBM] [Info] Auto-choosing col-wise multi-threading, the overhead of testing was 1.284578 seconds.
You can set `force_col_wise=true` to remove the overhead.
[LightGBM] [Info] Total Bins 18101
[LightGBM] [Info] Number of data points in the train set: 95393, number of used features: 133
[LightGBM] [Info] Start training from score 5736.671112
[LightGBM] [Info] Number of data points in the train set: 95393, number of used features: 133
[LightGBM] [Info] Start training from score 5736.713483
[LightGBM] [Info] Auto-choosing col-wise multi-threading, the overhead of testing was 1.263400 seconds.
You can set `force_col_wise=true` to remove the overhead.
[LightGBM] [Info] Total Bins 18101
[LightGBM] [Info] Number of data points in the train set: 95393, number of used features: 133
[LightGBM] [Info] Start training from score 5736.652712
[LightGBM] [Info] Auto-choosing col-wise multi-threading, the overhead of testing was 1.180410 seconds.
You can set `force_col_wise=true` to remove the overhead.
[LightGBM] [Info] Total Bins 18101
[LightGBM] [Info] Number of data points in the train set: 95393, number of used features: 133
[LightGBM] [Info] Start training from score 5736.637462
[LightGBM] [Info] Auto-choosing col-wise multi-threading, the overhead of testing was 1.215376 seconds.
You can set `force_col_wise=true` to remove the overhead.
[LightGBM] [Info] Total Bins 18101
[LightGBM] [Info] Number of data points in the train set: 95393, number of used features: 133
[LightGBM] [Info] Start training from score 5736.620904
[LightGBM] [Info] Auto-choosing col-wise multi-threading, the overhead of testing was 1.304756 seconds.
You can set `force_col_wise=true` to remove the overhead.
[LightGBM] [Info] Total Bins 18101
[LightGBM] [Info] Number of data points in the train set: 95393, number of used features: 133
[LightGBM] [Info] Start training from score 5736.605533
[LightGBM] [Info] Auto-choosing col-wise multi-threading, the overhead of testing was 1.267015 seconds.
You can set `force_col_wise=true` to remove the overhead.
[LightGBM] [Info] Total Bins 18101
[LightGBM] [Info] Number of data points in the train set: 95393, number of used features: 133
[LightGBM] [Info] Start training from score 5736.590283
[LightGBM] [Info] Auto-choosing col-wise multi-threading, the overhead of testing was 1.287566 seconds.
You can set `force_col_wise=true` to remove the overhead.
[LightGBM] [Info] Total Bins 18101
[LightGBM] [Info] Number of data points in the train set: 95393, number of used features: 133
[LightGBM] [Info] Auto-choosing col-wise multi-threading, the overhead of testing was 1.171073 seconds.
You can set `force_col_wise=true` to remove the overhead.
[LightGBM] [Info] Start training from score 5736.554453
[LightGBM] [Info] Total Bins 18101
[LightGBM] [Info] Number of data points in the train set: 95393, number of used features: 133
[LightGBM] [Info] Start training from score 5736.574275
[LightGBM] [Info] Auto-choosing col-wise multi-threading, the overhead of testing was 1.151889 seconds.
You can set `force_col_wise=true` to remove the overhead.
[LightGBM] [Info] Total Bins 18101
[LightGBM] [Info] Number of data points in the train set: 95393, number of used features: 133
[LightGBM] [Info] Start training from score 5736.526111
[LightGBM] [Info] Auto-choosing row-wise multi-threading, the overhead of testing was 0.501283 seconds.
You can set `force_row_wise=true` to remove the overhead.
And if memory is not enough, you can set `force_col_wise=true`.
[LightGBM] [Info] Total Bins 18101
[LightGBM] [Info] Number of data points in the train set: 95393, number of used features: 133
[LightGBM] [Info] Start training from score 5736.495430
[LightGBM] [Info] Auto-choosing col-wise multi-threading, the overhead of testing was 0.861798 seconds.
You can set `force_col_wise=true` to remove the overhead.
[LightGBM] [Info] Total Bins 18101
[LightGBM] [Info] Number of data points in the train set: 95393, number of used features: 133
[LightGBM] [Info] Start training from score 5736.461668
[LightGBM] [Info] Auto-choosing col-wise multi-threading, the overhead of testing was 0.625279 seconds.
You can set `force_col_wise=true` to remove the overhead.
[LightGBM] [Info] Total Bins 18101
[LightGBM] [Info] Number of data points in the train set: 95393, number of used features: 133
[LightGBM] [Info] Start training from score 5736.428813
[LightGBM] [Info] Auto-choosing col-wise multi-threading, the overhead of testing was 0.427783 seconds.
You can set `force_col_wise=true` to remove the overhead.
[LightGBM] [Info] Total Bins 18101
[LightGBM] [Info] Number of data points in the train set: 95393, number of used features: 133
[LightGBM] [Info] Start training from score 5736.398843
[LightGBM] [Info] Auto-choosing col-wise multi-threading, the overhead of testing was 0.380357 seconds.
You can set `force_col_wise=true` to remove the overhead.
[LightGBM] [Info] Total Bins 18101
[LightGBM] [Info] Number of data points in the train set: 95393, number of used features: 133
[LightGBM] [Info] Start training from score 5736.371402
==============================================================================
MASTER FORECAST | algo=lgbm task=load strategy=direct
  market=dam task=load gate=strict delay_override=None → gap=12h (crosslag_gap=12h) | horizon=24 stride=24 retrain=static
  groups=['calendar', 'lags', 'roll', 'resfc', 'loadfc', 'meteo', 'fuel', 'genlags', 'loadlags', 'other']  (#features=133)
  test=[2025-12-01 00:00:00 .. 2026-02-28 23:00:00]  train_end=2025-11-30 23:00:00
==============================================================================
  AEL crosslag_mode=freeze (crosslag_gap=12h)
   [fit] key=static cutoff=2025-11-30 11:00:00  (block 1/90)
   [done] 90 blocks σε 1111.8s

📊 RESULT | MAE=333.1454 MW | RMSE=445.2563 | sMAPE=5.7834% | n=2160
💾 saved: runs/overnight_20260705/c_load/q1_lgbm_dir_default.json
--- [2026-07-05 09:24:56] OK  runs/overnight_20260705/c_load/q1_lgbm_dir_default.json

=== [2026-07-05 09:24:56] RUN → runs/overnight_20260705/c_load/summer_lgbm_dir_default.json
    CMD: python -m src.master_forecast --algo lgbm --task load --market dam --strategy direct --gate strict --retrain static --train_end 2025-05-31 23:00 --test_start 2025-06-01 00:00 --test_end 2025-08-31 23:00 --features default
[LightGBM] [Info] Auto-choosing col-wise multi-threading, the overhead of testing was 0.109708 seconds.
You can set `force_col_wise=true` to remove the overhead.
[LightGBM] [Info] Total Bins 18094
[LightGBM] [Info] Number of data points in the train set: 91002, number of used features: 133
[LightGBM] [Info] Start training from score 5724.353146
[LightGBM] [Info] Auto-choosing col-wise multi-threading, the overhead of testing was 0.112472 seconds.
You can set `force_col_wise=true` to remove the overhead.
[LightGBM] [Info] Total Bins 18094
[LightGBM] [Info] Number of data points in the train set: 91002, number of used features: 133
[LightGBM] [Info] Start training from score 5724.449785
[LightGBM] [Info] Auto-choosing col-wise multi-threading, the overhead of testing was 0.105239 seconds.
You can set `force_col_wise=true` to remove the overhead.
[LightGBM] [Info] Total Bins 18094
[LightGBM] [Info] Number of data points in the train set: 91002, number of used features: 133
[LightGBM] [Info] Start training from score 5724.470022
[LightGBM] [Info] Auto-choosing col-wise multi-threading, the overhead of testing was 0.106758 seconds.
You can set `force_col_wise=true` to remove the overhead.
[LightGBM] [Info] Total Bins 18094
[LightGBM] [Info] Number of data points in the train set: 91002, number of used features: 133
[LightGBM] [Info] Start training from score 5724.258143
[LightGBM] [Info] Auto-choosing col-wise multi-threading, the overhead of testing was 0.126097 seconds.
You can set `force_col_wise=true` to remove the overhead.
[LightGBM] [Info] Total Bins 18094
[LightGBM] [Info] Auto-choosing col-wise multi-threading, the overhead of testing was 0.125935 seconds.
You can set `force_col_wise=true` to remove the overhead.
[LightGBM] [Info] Total Bins 18094
[LightGBM] [Info] Auto-choosing col-wise multi-threading, the overhead of testing was 0.116422 seconds.
You can set `force_col_wise=true` to remove the overhead.
[LightGBM] [Info] Total Bins 18094
[LightGBM] [Info] Auto-choosing col-wise multi-threading, the overhead of testing was 0.113763 seconds.
You can set `force_col_wise=true` to remove the overhead.
[LightGBM] [Info] Number of data points in the train set: 91002, number of used features: 133
[LightGBM] [Info] Total Bins 18094
[LightGBM] [Info] Number of data points in the train set: 91002, number of used features: 133
[LightGBM] [Info] Start training from score 5724.513550
[LightGBM] [Info] Start training from score 5724.491559
[LightGBM] [Info] Number of data points in the train set: 91002, number of used features: 133
[LightGBM] [Info] Start training from score 5724.290176
[LightGBM] [Info] Number of data points in the train set: 91002, number of used features: 133
[LightGBM] [Info] Start training from score 5724.430214
[LightGBM] [Info] Auto-choosing col-wise multi-threading, the overhead of testing was 0.114618 seconds.
You can set `force_col_wise=true` to remove the overhead.
[LightGBM] [Info] Total Bins 18094
[LightGBM] [Info] Number of data points in the train set: 91002, number of used features: 133
[LightGBM] [Info] Start training from score 5724.380627
[LightGBM] [Info] Auto-choosing col-wise multi-threading, the overhead of testing was 0.114964 seconds.
You can set `force_col_wise=true` to remove the overhead.
[LightGBM] [Info] Total Bins 18094
[LightGBM] [Info] Auto-choosing col-wise multi-threading, the overhead of testing was 0.118068 seconds.
You can set `force_col_wise=true` to remove the overhead.
[LightGBM] [Info] Total Bins 18094
[LightGBM] [Info] Number of data points in the train set: 91002, number of used features: 133
[LightGBM] [Info] Start training from score 5724.322564
[LightGBM] [Info] Number of data points in the train set: 91002, number of used features: 133
[LightGBM] [Info] Auto-choosing col-wise multi-threading, the overhead of testing was 0.114435 seconds.
You can set `force_col_wise=true` to remove the overhead.
[LightGBM] [Info] Start training from score 5724.226008
[LightGBM] [Info] Total Bins 18094
[LightGBM] [Info] Number of data points in the train set: 91002, number of used features: 133
[LightGBM] [Info] Start training from score 5724.164203
[LightGBM] [Info] Auto-choosing col-wise multi-threading, the overhead of testing was 0.120377 seconds.
You can set `force_col_wise=true` to remove the overhead.
[LightGBM] [Info] Total Bins 18094
[LightGBM] [Info] Number of data points in the train set: 91002, number of used features: 133
[LightGBM] [Info] Start training from score 5724.194186
[LightGBM] [Info] Auto-choosing col-wise multi-threading, the overhead of testing was 0.178656 seconds.
You can set `force_col_wise=true` to remove the overhead.
[LightGBM] [Info] Total Bins 18094
[LightGBM] [Info] Number of data points in the train set: 91002, number of used features: 133
[LightGBM] [Info] Start training from score 5724.129532
[LightGBM] [Info] Auto-choosing col-wise multi-threading, the overhead of testing was 0.155272 seconds.
You can set `force_col_wise=true` to remove the overhead.
[LightGBM] [Info] Total Bins 18094
[LightGBM] [Info] Auto-choosing col-wise multi-threading, the overhead of testing was 0.121898 seconds.
You can set `force_col_wise=true` to remove the overhead.
[LightGBM] [Info] Total Bins 18094
[LightGBM] [Info] Number of data points in the train set: 91002, number of used features: 133
[LightGBM] [Info] Start training from score 5724.093739
[LightGBM] [Info] Number of data points in the train set: 91002, number of used features: 133
[LightGBM] [Info] Start training from score 5724.407773
[LightGBM] [Info] Auto-choosing col-wise multi-threading, the overhead of testing was 0.171923 seconds.
You can set `force_col_wise=true` to remove the overhead.
[LightGBM] [Info] Total Bins 18094
[LightGBM] [Info] Number of data points in the train set: 91002, number of used features: 133
[LightGBM] [Info] Start training from score 5724.055818
[LightGBM] [Info] Auto-choosing col-wise multi-threading, the overhead of testing was 0.114002 seconds.
You can set `force_col_wise=true` to remove the overhead.
[LightGBM] [Info] Total Bins 18094
[LightGBM] [Info] Number of data points in the train set: 91002, number of used features: 133
[LightGBM] [Info] Start training from score 5724.010565
[LightGBM] [Info] Auto-choosing col-wise multi-threading, the overhead of testing was 0.112544 seconds.
You can set `force_col_wise=true` to remove the overhead.
[LightGBM] [Info] Total Bins 18094
[LightGBM] [Info] Number of data points in the train set: 91002, number of used features: 133
[LightGBM] [Info] Start training from score 5723.964794
[LightGBM] [Info] Auto-choosing col-wise multi-threading, the overhead of testing was 0.122397 seconds.
You can set `force_col_wise=true` to remove the overhead.
[LightGBM] [Info] Total Bins 18094
[LightGBM] [Info] Number of data points in the train set: 91002, number of used features: 133
[LightGBM] [Info] Start training from score 5723.921739
[LightGBM] [Info] Auto-choosing col-wise multi-threading, the overhead of testing was 0.199538 seconds.
You can set `force_col_wise=true` to remove the overhead.
[LightGBM] [Info] Total Bins 18094
[LightGBM] [Info] Number of data points in the train set: 91002, number of used features: 133
[LightGBM] [Info] Start training from score 5723.886349
[LightGBM] [Info] Auto-choosing col-wise multi-threading, the overhead of testing was 0.132967 seconds.
You can set `force_col_wise=true` to remove the overhead.
[LightGBM] [Info] Total Bins 18094
[LightGBM] [Info] Number of data points in the train set: 91002, number of used features: 133
[LightGBM] [Info] Start training from score 5723.855397
[LightGBM] [Info] Auto-choosing col-wise multi-threading, the overhead of testing was 0.159582 seconds.
You can set `force_col_wise=true` to remove the overhead.
[LightGBM] [Info] Total Bins 18094
[LightGBM] [Info] Number of data points in the train set: 91002, number of used features: 133
[LightGBM] [Info] Auto-choosing col-wise multi-threading, the overhead of testing was 0.147629 seconds.
You can set `force_col_wise=true` to remove the overhead.
[LightGBM] [Info] Start training from score 5723.827322
[LightGBM] [Info] Total Bins 18094
[LightGBM] [Info] Number of data points in the train set: 91002, number of used features: 133
[LightGBM] [Info] Start training from score 5723.806218
[LightGBM] [Info] Auto-choosing col-wise multi-threading, the overhead of testing was 0.136416 seconds.
You can set `force_col_wise=true` to remove the overhead.
[LightGBM] [Info] Total Bins 18094
[LightGBM] [Info] Number of data points in the train set: 91002, number of used features: 133
[LightGBM] [Info] Start training from score 5723.789064
[LightGBM] [Info] Auto-choosing col-wise multi-threading, the overhead of testing was 0.169770 seconds.
You can set `force_col_wise=true` to remove the overhead.
[LightGBM] [Info] Total Bins 18094
[LightGBM] [Info] Number of data points in the train set: 91002, number of used features: 133
[LightGBM] [Info] Start training from score 5723.770812
[LightGBM] [Info] Auto-choosing col-wise multi-threading, the overhead of testing was 0.130237 seconds.
You can set `force_col_wise=true` to remove the overhead.
[LightGBM] [Info] Total Bins 18094
[LightGBM] [Info] Number of data points in the train set: 91002, number of used features: 133
[LightGBM] [Info] Start training from score 5723.754037
[LightGBM] [Info] Auto-choosing col-wise multi-threading, the overhead of testing was 0.176186 seconds.
You can set `force_col_wise=true` to remove the overhead.
[LightGBM] [Info] Total Bins 18094
[LightGBM] [Info] Number of data points in the train set: 91002, number of used features: 133
[LightGBM] [Info] Start training from score 5723.738474
[LightGBM] [Info] Auto-choosing col-wise multi-threading, the overhead of testing was 0.129477 seconds.
You can set `force_col_wise=true` to remove the overhead.
[LightGBM] [Info] Total Bins 18094
[LightGBM] [Info] Number of data points in the train set: 91002, number of used features: 133
[LightGBM] [Info] Start training from score 5723.722485
[LightGBM] [Info] Auto-choosing col-wise multi-threading, the overhead of testing was 0.148418 seconds.
You can set `force_col_wise=true` to remove the overhead.
[LightGBM] [Info] Total Bins 18094
[LightGBM] [Info] Number of data points in the train set: 91002, number of used features: 133
[LightGBM] [Info] Start training from score 5723.702017
[LightGBM] [Info] Auto-choosing col-wise multi-threading, the overhead of testing was 0.139604 seconds.
You can set `force_col_wise=true` to remove the overhead.
[LightGBM] [Info] Total Bins 18094
[LightGBM] [Info] Number of data points in the train set: 91002, number of used features: 133
[LightGBM] [Info] Start training from score 5723.674640
[LightGBM] [Info] Auto-choosing col-wise multi-threading, the overhead of testing was 0.159631 seconds.
You can set `force_col_wise=true` to remove the overhead.
[LightGBM] [Info] Total Bins 18094
[LightGBM] [Info] Number of data points in the train set: 91002, number of used features: 133
[LightGBM] [Info] Start training from score 5723.646264
[LightGBM] [Info] Auto-choosing col-wise multi-threading, the overhead of testing was 0.108018 seconds.
You can set `force_col_wise=true` to remove the overhead.
[LightGBM] [Info] Total Bins 18094
[LightGBM] [Info] Number of data points in the train set: 91002, number of used features: 133
[LightGBM] [Info] Start training from score 5723.615458
[LightGBM] [Info] Auto-choosing col-wise multi-threading, the overhead of testing was 0.107185 seconds.
You can set `force_col_wise=true` to remove the overhead.
[LightGBM] [Info] Total Bins 18094
[LightGBM] [Info] Number of data points in the train set: 91002, number of used features: 133
[LightGBM] [Info] Start training from score 5723.584938
[LightGBM] [Info] Auto-choosing col-wise multi-threading, the overhead of testing was 0.158490 seconds.
You can set `force_col_wise=true` to remove the overhead.
[LightGBM] [Info] Total Bins 18094
[LightGBM] [Info] Number of data points in the train set: 91002, number of used features: 133
[LightGBM] [Info] Start training from score 5723.556241
[LightGBM] [Info] Auto-choosing col-wise multi-threading, the overhead of testing was 0.111568 seconds.
You can set `force_col_wise=true` to remove the overhead.
[LightGBM] [Info] Total Bins 18094
[LightGBM] [Info] Number of data points in the train set: 91002, number of used features: 133
[LightGBM] [Info] Start training from score 5723.529042
==============================================================================
MASTER FORECAST | algo=lgbm task=load strategy=direct
  market=dam task=load gate=strict delay_override=None → gap=12h (crosslag_gap=12h) | horizon=24 stride=24 retrain=static
  groups=['calendar', 'lags', 'roll', 'resfc', 'loadfc', 'meteo', 'fuel', 'genlags', 'loadlags', 'other']  (#features=133)
  test=[2025-06-01 00:00:00 .. 2025-08-31 23:00:00]  train_end=2025-05-31 23:00:00
==============================================================================
  AEL crosslag_mode=freeze (crosslag_gap=12h)
   [fit] key=static cutoff=2025-05-31 11:00:00  (block 1/92)
   [done] 92 blocks σε 506.9s

📊 RESULT | MAE=328.3284 MW | RMSE=443.3287 | sMAPE=4.7767% | n=2208
💾 saved: runs/overnight_20260705/c_load/summer_lgbm_dir_default.json
--- [2026-07-05 09:33:29] OK  runs/overnight_20260705/c_load/summer_lgbm_dir_default.json

=== [2026-07-05 09:33:29] RUN → runs/overnight_20260705/c_load/q1_lgbm_dir_default_nometeo.json
    CMD: python -m src.master_forecast --algo lgbm --task load --market dam --strategy direct --gate strict --retrain static --train_end 2025-11-30 23:00 --test_start 2025-12-01 00:00 --test_end 2026-02-28 23:00 --features default,-meteo
[LightGBM] [Info] Auto-choosing col-wise multi-threading, the overhead of testing was 0.227702 seconds.
You can set `force_col_wise=true` to remove the overhead.
[LightGBM] [Info] Total Bins 10037
[LightGBM] [Info] Number of data points in the train set: 95393, number of used features: 49
[LightGBM] [Info] Start training from score 5737.198268
[LightGBM] [Info] Auto-choosing col-wise multi-threading, the overhead of testing was 0.251737 seconds.
You can set `force_col_wise=true` to remove the overhead.
[LightGBM] [Info] Total Bins 10037
[LightGBM] [Info] Number of data points in the train set: 95393, number of used features: 49
[LightGBM] [Info] Start training from score 5737.165756
[LightGBM] [Info] Auto-choosing col-wise multi-threading, the overhead of testing was 0.226764 seconds.
You can set `force_col_wise=true` to remove the overhead.
[LightGBM] [Info] Total Bins 10037
[LightGBM] [Info] Number of data points in the train set: 95393, number of used features: 49
[LightGBM] [Info] Start training from score 5737.016810
[LightGBM] [Info] Auto-choosing col-wise multi-threading, the overhead of testing was 0.249466 seconds.
You can set `force_col_wise=true` to remove the overhead.
[LightGBM] [Info] Total Bins 10037
[LightGBM] [Info] Number of data points in the train set: 95393, number of used features: 49
[LightGBM] [Info] Start training from score 5737.183592
[LightGBM] [Info] Auto-choosing col-wise multi-threading, the overhead of testing was 0.227666 seconds.
You can set `force_col_wise=true` to remove the overhead.
[LightGBM] [Info] Total Bins 10037
[LightGBM] [Info] Auto-choosing col-wise multi-threading, the overhead of testing was 0.228944 seconds.
You can set `force_col_wise=true` to remove the overhead.
[LightGBM] [Info] Total Bins 10037
[LightGBM] [Info] Number of data points in the train set: 95393, number of used features: 49
[LightGBM] [Info] Start training from score 5736.892961
[LightGBM] [Info] Number of data points in the train set: 95393, number of used features: 49
[LightGBM] [Info] Auto-choosing col-wise multi-threading, the overhead of testing was 0.229993 seconds.
You can set `force_col_wise=true` to remove the overhead.
[LightGBM] [Info] Total Bins 10037
[LightGBM] [Info] Start training from score 5737.140888
[LightGBM] [Info] Number of data points in the train set: 95393, number of used features: 49
[LightGBM] [Info] Start training from score 5737.083313
[LightGBM] [Info] Auto-choosing col-wise multi-threading, the overhead of testing was 0.239546 seconds.
You can set `force_col_wise=true` to remove the overhead.
[LightGBM] [Info] Total Bins 10037
[LightGBM] [Info] Number of data points in the train set: 95393, number of used features: 49
[LightGBM] [Info] Start training from score 5737.050576
[LightGBM] [Info] Auto-choosing col-wise multi-threading, the overhead of testing was 0.234963 seconds.
You can set `force_col_wise=true` to remove the overhead.
[LightGBM] [Info] Total Bins 10037
[LightGBM] [Info] Auto-choosing col-wise multi-threading, the overhead of testing was 0.236315 seconds.
You can set `force_col_wise=true` to remove the overhead.
[LightGBM] [Info] Total Bins 10037
[LightGBM] [Info] Auto-choosing col-wise multi-threading, the overhead of testing was 0.258699 seconds.
You can set `force_col_wise=true` to remove the overhead.
[LightGBM] [Info] Total Bins 10037
[LightGBM] [Info] Number of data points in the train set: 95393, number of used features: 49
[LightGBM] [Info] Start training from score 5737.213000
[LightGBM] [Info] Number of data points in the train set: 95393, number of used features: 49
[LightGBM] [Info] Auto-choosing col-wise multi-threading, the overhead of testing was 0.251873 seconds.
You can set `force_col_wise=true` to remove the overhead.
[LightGBM] [Info] Total Bins 10037
[LightGBM] [Info] Start training from score 5736.952510
[LightGBM] [Info] Auto-choosing col-wise multi-threading, the overhead of testing was 0.240082 seconds.
You can set `force_col_wise=true` to remove the overhead.
[LightGBM] [Info] Number of data points in the train set: 95393, number of used features: 49
[LightGBM] [Info] Total Bins 10037
[LightGBM] [Info] Start training from score 5737.228430
[LightGBM] [Info] Number of data points in the train set: 95393, number of used features: 49
[LightGBM] [Info] Start training from score 5736.924214
[LightGBM] [Info] Number of data points in the train set: 95393, number of used features: 49
[LightGBM] [Info] Start training from score 5737.244581
[LightGBM] [Info] Auto-choosing col-wise multi-threading, the overhead of testing was 0.257330 seconds.
You can set `force_col_wise=true` to remove the overhead.
[LightGBM] [Info] Total Bins 10037
[LightGBM] [Info] Auto-choosing col-wise multi-threading, the overhead of testing was 0.267527 seconds.
You can set `force_col_wise=true` to remove the overhead.
[LightGBM] [Info] Total Bins 10037
[LightGBM] [Info] Auto-choosing col-wise multi-threading, the overhead of testing was 0.256569 seconds.
You can set `force_col_wise=true` to remove the overhead.
[LightGBM] [Info] Total Bins 10037
[LightGBM] [Info] Number of data points in the train set: 95393, number of used features: 49
[LightGBM] [Info] Start training from score 5737.113926
[LightGBM] [Info] Number of data points in the train set: 95393, number of used features: 49
[LightGBM] [Info] Number of data points in the train set: 95393, number of used features: 49
[LightGBM] [Info] Start training from score 5736.983764
[LightGBM] [Info] Start training from score 5736.862976
[LightGBM] [Info] Auto-choosing col-wise multi-threading, the overhead of testing was 0.255340 seconds.
You can set `force_col_wise=true` to remove the overhead.
[LightGBM] [Info] Total Bins 10037
[LightGBM] [Info] Number of data points in the train set: 95393, number of used features: 49
[LightGBM] [Info] Start training from score 5736.834723
[LightGBM] [Info] Auto-choosing col-wise multi-threading, the overhead of testing was 0.242737 seconds.
You can set `force_col_wise=true` to remove the overhead.
[LightGBM] [Info] Total Bins 10037
[LightGBM] [Info] Number of data points in the train set: 95393, number of used features: 49
[LightGBM] [Info] Start training from score 5736.771112
[LightGBM] [Info] Auto-choosing col-wise multi-threading, the overhead of testing was 0.252671 seconds.
You can set `force_col_wise=true` to remove the overhead.
[LightGBM] [Info] Total Bins 10037
[LightGBM] [Info] Number of data points in the train set: 95393, number of used features: 49
[LightGBM] [Info] Start training from score 5736.802941
[LightGBM] [Info] Auto-choosing col-wise multi-threading, the overhead of testing was 0.239904 seconds.
You can set `force_col_wise=true` to remove the overhead.
[LightGBM] [Info] Total Bins 10037
[LightGBM] [Info] Number of data points in the train set: 95393, number of used features: 49
[LightGBM] [Info] Start training from score 5736.740317
[LightGBM] [Info] Auto-choosing col-wise multi-threading, the overhead of testing was 0.254810 seconds.
You can set `force_col_wise=true` to remove the overhead.
[LightGBM] [Info] Total Bins 10037
[LightGBM] [Info] Number of data points in the train set: 95393, number of used features: 49
[LightGBM] [Info] Start training from score 5736.713483
[LightGBM] [Info] Auto-choosing col-wise multi-threading, the overhead of testing was 0.267340 seconds.
You can set `force_col_wise=true` to remove the overhead.
[LightGBM] [Info] Total Bins 10037
[LightGBM] [Info] Number of data points in the train set: 95393, number of used features: 49
[LightGBM] [Info] Start training from score 5736.691482
[LightGBM] [Info] Auto-choosing col-wise multi-threading, the overhead of testing was 0.251979 seconds.
You can set `force_col_wise=true` to remove the overhead.
[LightGBM] [Info] Total Bins 10037
[LightGBM] [Info] Number of data points in the train set: 95393, number of used features: 49
[LightGBM] [Info] Start training from score 5736.671112
[LightGBM] [Info] Auto-choosing col-wise multi-threading, the overhead of testing was 0.236788 seconds.
You can set `force_col_wise=true` to remove the overhead.
[LightGBM] [Info] Total Bins 10037
[LightGBM] [Info] Number of data points in the train set: 95393, number of used features: 49
[LightGBM] [Info] Start training from score 5736.652712
[LightGBM] [Info] Auto-choosing col-wise multi-threading, the overhead of testing was 0.247191 seconds.
You can set `force_col_wise=true` to remove the overhead.
[LightGBM] [Info] Total Bins 10037
[LightGBM] [Info] Number of data points in the train set: 95393, number of used features: 49
[LightGBM] [Info] Start training from score 5736.637462
[LightGBM] [Info] Auto-choosing col-wise multi-threading, the overhead of testing was 0.244230 seconds.
You can set `force_col_wise=true` to remove the overhead.
[LightGBM] [Info] Total Bins 10037
[LightGBM] [Info] Number of data points in the train set: 95393, number of used features: 49
[LightGBM] [Info] Start training from score 5736.620904
[LightGBM] [Info] Auto-choosing col-wise multi-threading, the overhead of testing was 0.241674 seconds.
You can set `force_col_wise=true` to remove the overhead.
[LightGBM] [Info] Total Bins 10037
[LightGBM] [Info] Number of data points in the train set: 95393, number of used features: 49
[LightGBM] [Info] Start training from score 5736.605533
[LightGBM] [Info] Auto-choosing col-wise multi-threading, the overhead of testing was 0.254270 seconds.
You can set `force_col_wise=true` to remove the overhead.
[LightGBM] [Info] Total Bins 10037
[LightGBM] [Info] Number of data points in the train set: 95393, number of used features: 49
[LightGBM] [Info] Start training from score 5736.590283
[LightGBM] [Info] Auto-choosing col-wise multi-threading, the overhead of testing was 0.273497 seconds.
You can set `force_col_wise=true` to remove the overhead.
[LightGBM] [Info] Total Bins 10037
[LightGBM] [Info] Number of data points in the train set: 95393, number of used features: 49
[LightGBM] [Info] Start training from score 5736.574275
[LightGBM] [Info] Auto-choosing col-wise multi-threading, the overhead of testing was 0.272122 seconds.
You can set `force_col_wise=true` to remove the overhead.
[LightGBM] [Info] Total Bins 10037
[LightGBM] [Info] Number of data points in the train set: 95393, number of used features: 49
[LightGBM] [Info] Start training from score 5736.554453
[LightGBM] [Info] Auto-choosing col-wise multi-threading, the overhead of testing was 0.263340 seconds.
You can set `force_col_wise=true` to remove the overhead.
[LightGBM] [Info] Total Bins 10037
[LightGBM] [Info] Number of data points in the train set: 95393, number of used features: 49
[LightGBM] [Info] Start training from score 5736.526111
[LightGBM] [Info] Auto-choosing col-wise multi-threading, the overhead of testing was 0.263385 seconds.
You can set `force_col_wise=true` to remove the overhead.
[LightGBM] [Info] Total Bins 10037
[LightGBM] [Info] Number of data points in the train set: 95393, number of used features: 49
[LightGBM] [Info] Start training from score 5736.495430
[LightGBM] [Info] Auto-choosing col-wise multi-threading, the overhead of testing was 0.056730 seconds.
You can set `force_col_wise=true` to remove the overhead.
[LightGBM] [Info] Total Bins 10037
[LightGBM] [Info] Number of data points in the train set: 95393, number of used features: 49
[LightGBM] [Info] Start training from score 5736.461668
[LightGBM] [Info] Auto-choosing col-wise multi-threading, the overhead of testing was 0.056211 seconds.
You can set `force_col_wise=true` to remove the overhead.
[LightGBM] [Info] Total Bins 10037
[LightGBM] [Info] Number of data points in the train set: 95393, number of used features: 49
[LightGBM] [Info] Start training from score 5736.428813
[LightGBM] [Info] Auto-choosing col-wise multi-threading, the overhead of testing was 0.054686 seconds.
You can set `force_col_wise=true` to remove the overhead.
[LightGBM] [Info] Total Bins 10037
[LightGBM] [Info] Number of data points in the train set: 95393, number of used features: 49
[LightGBM] [Info] Start training from score 5736.398843
[LightGBM] [Info] Auto-choosing col-wise multi-threading, the overhead of testing was 0.066916 seconds.
You can set `force_col_wise=true` to remove the overhead.
[LightGBM] [Info] Total Bins 10037
[LightGBM] [Info] Number of data points in the train set: 95393, number of used features: 49
[LightGBM] [Info] Start training from score 5736.371402
==============================================================================
MASTER FORECAST | algo=lgbm task=load strategy=direct
  market=dam task=load gate=strict delay_override=None → gap=12h (crosslag_gap=12h) | horizon=24 stride=24 retrain=static
  groups=['calendar', 'lags', 'roll', 'resfc', 'loadfc', 'fuel', 'genlags', 'loadlags', 'other']  (#features=49)
  test=[2025-12-01 00:00:00 .. 2026-02-28 23:00:00]  train_end=2025-11-30 23:00:00
==============================================================================
  AEL crosslag_mode=freeze (crosslag_gap=12h)
   [fit] key=static cutoff=2025-11-30 11:00:00  (block 1/90)
   [done] 90 blocks σε 403.1s

📊 RESULT | MAE=381.6178 MW | RMSE=495.371 | sMAPE=6.6235% | n=2160
💾 saved: runs/overnight_20260705/c_load/q1_lgbm_dir_default_nometeo.json
--- [2026-07-05 09:40:17] OK  runs/overnight_20260705/c_load/q1_lgbm_dir_default_nometeo.json

=== [2026-07-05 09:40:17] RUN → runs/overnight_20260705/c_load/summer_lgbm_dir_default_nometeo.json
    CMD: python -m src.master_forecast --algo lgbm --task load --market dam --strategy direct --gate strict --retrain static --train_end 2025-05-31 23:00 --test_start 2025-06-01 00:00 --test_end 2025-08-31 23:00 --features default,-meteo
[LightGBM] [Info] Auto-choosing col-wise multi-threading, the overhead of testing was 0.052305 seconds.
You can set `force_col_wise=true` to remove the overhead.
[LightGBM] [Info] Total Bins 10037
[LightGBM] [Info] Number of data points in the train set: 91002, number of used features: 49
[LightGBM] [Info] Start training from score 5724.513550
[LightGBM] [Info] Auto-choosing col-wise multi-threading, the overhead of testing was 0.047797 seconds.
You can set `force_col_wise=true` to remove the overhead.
[LightGBM] [Info] Total Bins 10037
[LightGBM] [Info] Auto-choosing col-wise multi-threading, the overhead of testing was 0.052817 seconds.
You can set `force_col_wise=true` to remove the overhead.
[LightGBM] [Info] Total Bins 10037
[LightGBM] [Info] Number of data points in the train set: 91002, number of used features: 49
[LightGBM] [Info] Auto-choosing col-wise multi-threading, the overhead of testing was 0.047048 seconds.
You can set `force_col_wise=true` to remove the overhead.
[LightGBM] [Info] Start training from score 5724.470022
[LightGBM] [Info] Total Bins 10037
[LightGBM] [Info] Number of data points in the train set: 91002, number of used features: 49
[LightGBM] [Info] Number of data points in the train set: 91002, number of used features: 49
[LightGBM] [Info] Start training from score 5724.380627
[LightGBM] [Info] Start training from score 5724.407773
[LightGBM] [Info] Auto-choosing col-wise multi-threading, the overhead of testing was 0.058845 seconds.
You can set `force_col_wise=true` to remove the overhead.
[LightGBM] [Info] Total Bins 10037
[LightGBM] [Info] Number of data points in the train set: 91002, number of used features: 49
[LightGBM] [Info] Start training from score 5724.491559
[LightGBM] [Info] Auto-choosing col-wise multi-threading, the overhead of testing was 0.054119 seconds.
You can set `force_col_wise=true` to remove the overhead.
[LightGBM] [Info] Total Bins 10037
[LightGBM] [Info] Auto-choosing col-wise multi-threading, the overhead of testing was 0.050369 seconds.
You can set `force_col_wise=true` to remove the overhead.
[LightGBM] [Info] Total Bins 10037
[LightGBM] [Info] Auto-choosing col-wise multi-threading, the overhead of testing was 0.049198 seconds.
You can set `force_col_wise=true` to remove the overhead.
[LightGBM] [Info] Total Bins 10037
[LightGBM] [Info] Number of data points in the train set: 91002, number of used features: 49
[LightGBM] [Info] Start training from score 5724.449785
[LightGBM] [Info] Number of data points in the train set: 91002, number of used features: 49
[LightGBM] [Info] Number of data points in the train set: 91002, number of used features: 49
[LightGBM] [Info] Auto-choosing col-wise multi-threading, the overhead of testing was 0.051055 seconds.
You can set `force_col_wise=true` to remove the overhead.
[LightGBM] [Info] Auto-choosing col-wise multi-threading, the overhead of testing was 0.051691 seconds.
You can set `force_col_wise=true` to remove the overhead.
[LightGBM] [Info] Total Bins 10037
[LightGBM] [Info] Start training from score 5724.258143
[LightGBM] [Info] Total Bins 10037
[LightGBM] [Info] Start training from score 5724.430214
[LightGBM] [Info] Auto-choosing col-wise multi-threading, the overhead of testing was 0.053370 seconds.
You can set `force_col_wise=true` to remove the overhead.
[LightGBM] [Info] Total Bins 10037
[LightGBM] [Info] Number of data points in the train set: 91002, number of used features: 49
[LightGBM] [Info] Number of data points in the train set: 91002, number of used features: 49
[LightGBM] [Info] Start training from score 5724.129532
[LightGBM] [Info] Start training from score 5724.290176
[LightGBM] [Info] Number of data points in the train set: 91002, number of used features: 49
[LightGBM] [Info] Start training from score 5724.093739
[LightGBM] [Info] Auto-choosing col-wise multi-threading, the overhead of testing was 0.064656 seconds.
You can set `force_col_wise=true` to remove the overhead.
[LightGBM] [Info] Total Bins 10037
[LightGBM] [Info] Auto-choosing col-wise multi-threading, the overhead of testing was 0.052446 seconds.
You can set `force_col_wise=true` to remove the overhead.
[LightGBM] [Info] Total Bins 10037
[LightGBM] [Info] Auto-choosing col-wise multi-threading, the overhead of testing was 0.053475 seconds.
You can set `force_col_wise=true` to remove the overhead.
[LightGBM] [Info] Total Bins 10037
[LightGBM] [Info] Number of data points in the train set: 91002, number of used features: 49
[LightGBM] [Info] Number of data points in the train set: 91002, number of used features: 49
[LightGBM] [Info] Start training from score 5724.194186
[LightGBM] [Info] Start training from score 5724.226008
[LightGBM] [Info] Number of data points in the train set: 91002, number of used features: 49
[LightGBM] [Info] Start training from score 5724.353146
[LightGBM] [Info] Auto-choosing col-wise multi-threading, the overhead of testing was 0.054632 seconds.
You can set `force_col_wise=true` to remove the overhead.
[LightGBM] [Info] Total Bins 10037
[LightGBM] [Info] Number of data points in the train set: 91002, number of used features: 49
[LightGBM] [Info] Auto-choosing col-wise multi-threading, the overhead of testing was 0.055664 seconds.
You can set `force_col_wise=true` to remove the overhead.
[LightGBM] [Info] Start training from score 5724.322564
[LightGBM] [Info] Total Bins 10037
[LightGBM] [Info] Number of data points in the train set: 91002, number of used features: 49
[LightGBM] [Info] Start training from score 5724.164203
[LightGBM] [Info] Auto-choosing col-wise multi-threading, the overhead of testing was 0.055114 seconds.
You can set `force_col_wise=true` to remove the overhead.
[LightGBM] [Info] Total Bins 10037
[LightGBM] [Info] Number of data points in the train set: 91002, number of used features: 49
[LightGBM] [Info] Start training from score 5724.055818
[LightGBM] [Info] Auto-choosing col-wise multi-threading, the overhead of testing was 0.052288 seconds.
You can set `force_col_wise=true` to remove the overhead.
[LightGBM] [Info] Total Bins 10037
[LightGBM] [Info] Number of data points in the train set: 91002, number of used features: 49
[LightGBM] [Info] Start training from score 5724.010565
[LightGBM] [Info] Auto-choosing col-wise multi-threading, the overhead of testing was 0.053705 seconds.
You can set `force_col_wise=true` to remove the overhead.
[LightGBM] [Info] Total Bins 10037
[LightGBM] [Info] Number of data points in the train set: 91002, number of used features: 49
[LightGBM] [Info] Start training from score 5723.964794
[LightGBM] [Info] Auto-choosing col-wise multi-threading, the overhead of testing was 0.082426 seconds.
You can set `force_col_wise=true` to remove the overhead.
[LightGBM] [Info] Total Bins 10037
[LightGBM] [Info] Number of data points in the train set: 91002, number of used features: 49
[LightGBM] [Info] Start training from score 5723.921739
[LightGBM] [Info] Auto-choosing col-wise multi-threading, the overhead of testing was 0.051847 seconds.
You can set `force_col_wise=true` to remove the overhead.
[LightGBM] [Info] Total Bins 10037
[LightGBM] [Info] Number of data points in the train set: 91002, number of used features: 49
[LightGBM] [Info] Start training from score 5723.886349
[LightGBM] [Info] Auto-choosing col-wise multi-threading, the overhead of testing was 0.058559 seconds.
You can set `force_col_wise=true` to remove the overhead.
[LightGBM] [Info] Total Bins 10037
[LightGBM] [Info] Number of data points in the train set: 91002, number of used features: 49
[LightGBM] [Info] Start training from score 5723.855397
[LightGBM] [Info] Auto-choosing col-wise multi-threading, the overhead of testing was 0.052173 seconds.
You can set `force_col_wise=true` to remove the overhead.
[LightGBM] [Info] Total Bins 10037
[LightGBM] [Info] Number of data points in the train set: 91002, number of used features: 49
[LightGBM] [Info] Start training from score 5723.827322
[LightGBM] [Info] Auto-choosing col-wise multi-threading, the overhead of testing was 0.049836 seconds.
You can set `force_col_wise=true` to remove the overhead.
[LightGBM] [Info] Total Bins 10037
[LightGBM] [Info] Number of data points in the train set: 91002, number of used features: 49
[LightGBM] [Info] Start training from score 5723.806218
[LightGBM] [Info] Auto-choosing col-wise multi-threading, the overhead of testing was 0.056884 seconds.
You can set `force_col_wise=true` to remove the overhead.
[LightGBM] [Info] Total Bins 10037
[LightGBM] [Info] Number of data points in the train set: 91002, number of used features: 49
[LightGBM] [Info] Start training from score 5723.770812
[LightGBM] [Info] Auto-choosing col-wise multi-threading, the overhead of testing was 0.054896 seconds.
You can set `force_col_wise=true` to remove the overhead.
[LightGBM] [Info] Total Bins 10037
[LightGBM] [Info] Number of data points in the train set: 91002, number of used features: 49
[LightGBM] [Info] Start training from score 5723.789064
[LightGBM] [Info] Auto-choosing col-wise multi-threading, the overhead of testing was 0.052473 seconds.
You can set `force_col_wise=true` to remove the overhead.
[LightGBM] [Info] Total Bins 10037
[LightGBM] [Info] Auto-choosing col-wise multi-threading, the overhead of testing was 0.049370 seconds.
You can set `force_col_wise=true` to remove the overhead.
[LightGBM] [Info] Total Bins 10037
[LightGBM] [Info] Number of data points in the train set: 91002, number of used features: 49
[LightGBM] [Info] Number of data points in the train set: 91002, number of used features: 49
[LightGBM] [Info] Start training from score 5723.754037
[LightGBM] [Info] Start training from score 5723.738474
[LightGBM] [Info] Auto-choosing col-wise multi-threading, the overhead of testing was 0.071254 seconds.
You can set `force_col_wise=true` to remove the overhead.
[LightGBM] [Info] Total Bins 10037
[LightGBM] [Info] Number of data points in the train set: 91002, number of used features: 49
[LightGBM] [Info] Start training from score 5723.722485
[LightGBM] [Info] Auto-choosing col-wise multi-threading, the overhead of testing was 0.067207 seconds.
You can set `force_col_wise=true` to remove the overhead.
[LightGBM] [Info] Total Bins 10037
[LightGBM] [Info] Number of data points in the train set: 91002, number of used features: 49
[LightGBM] [Info] Start training from score 5723.702017
[LightGBM] [Info] Auto-choosing col-wise multi-threading, the overhead of testing was 0.056682 seconds.
You can set `force_col_wise=true` to remove the overhead.
[LightGBM] [Info] Total Bins 10037
[LightGBM] [Info] Number of data points in the train set: 91002, number of used features: 49
[LightGBM] [Info] Start training from score 5723.674640
[LightGBM] [Info] Auto-choosing col-wise multi-threading, the overhead of testing was 0.058016 seconds.
You can set `force_col_wise=true` to remove the overhead.
[LightGBM] [Info] Total Bins 10037
[LightGBM] [Info] Number of data points in the train set: 91002, number of used features: 49
[LightGBM] [Info] Start training from score 5723.646264
[LightGBM] [Info] Auto-choosing col-wise multi-threading, the overhead of testing was 0.059188 seconds.
You can set `force_col_wise=true` to remove the overhead.
[LightGBM] [Info] Total Bins 10037
[LightGBM] [Info] Number of data points in the train set: 91002, number of used features: 49
[LightGBM] [Info] Start training from score 5723.615458
[LightGBM] [Info] Auto-choosing col-wise multi-threading, the overhead of testing was 0.051232 seconds.
You can set `force_col_wise=true` to remove the overhead.
[LightGBM] [Info] Total Bins 10037
[LightGBM] [Info] Number of data points in the train set: 91002, number of used features: 49
[LightGBM] [Info] Start training from score 5723.584938
[LightGBM] [Info] Auto-choosing col-wise multi-threading, the overhead of testing was 0.056108 seconds.
You can set `force_col_wise=true` to remove the overhead.
[LightGBM] [Info] Total Bins 10037
[LightGBM] [Info] Number of data points in the train set: 91002, number of used features: 49
[LightGBM] [Info] Start training from score 5723.556241
[LightGBM] [Info] Auto-choosing col-wise multi-threading, the overhead of testing was 0.054447 seconds.
You can set `force_col_wise=true` to remove the overhead.
[LightGBM] [Info] Total Bins 10037
[LightGBM] [Info] Number of data points in the train set: 91002, number of used features: 49
[LightGBM] [Info] Start training from score 5723.529042
==============================================================================
MASTER FORECAST | algo=lgbm task=load strategy=direct
  market=dam task=load gate=strict delay_override=None → gap=12h (crosslag_gap=12h) | horizon=24 stride=24 retrain=static
  groups=['calendar', 'lags', 'roll', 'resfc', 'loadfc', 'fuel', 'genlags', 'loadlags', 'other']  (#features=49)
  test=[2025-06-01 00:00:00 .. 2025-08-31 23:00:00]  train_end=2025-05-31 23:00:00
==============================================================================
  AEL crosslag_mode=freeze (crosslag_gap=12h)
   [fit] key=static cutoff=2025-05-31 11:00:00  (block 1/92)
   [done] 92 blocks σε 339.2s

📊 RESULT | MAE=341.751 MW | RMSE=461.5028 | sMAPE=4.9983% | n=2208
💾 saved: runs/overnight_20260705/c_load/summer_lgbm_dir_default_nometeo.json
--- [2026-07-05 09:46:01] OK  runs/overnight_20260705/c_load/summer_lgbm_dir_default_nometeo.json

=== [2026-07-05 09:46:01] RUN → runs/overnight_20260705/c_load/q1_lgbm_dir_default_noloadfc.json
    CMD: python -m src.master_forecast --algo lgbm --task load --market dam --strategy direct --gate strict --retrain static --train_end 2025-11-30 23:00 --test_start 2025-12-01 00:00 --test_end 2026-02-28 23:00 --features default,-loadfc
[LightGBM] [Info] Auto-choosing col-wise multi-threading, the overhead of testing was 0.127463 seconds.
You can set `force_col_wise=true` to remove the overhead.
[LightGBM] [Info] Total Bins 18101
[LightGBM] [Info] Number of data points in the train set: 95393, number of used features: 133
[LightGBM] [Info] Start training from score 5737.183592
[LightGBM] [Info] Auto-choosing col-wise multi-threading, the overhead of testing was 0.113505 seconds.
You can set `force_col_wise=true` to remove the overhead.
[LightGBM] [Info] Total Bins 18101
[LightGBM] [Info] Number of data points in the train set: 95393, number of used features: 133
[LightGBM] [Info] Start training from score 5737.165756
[LightGBM] [Info] Auto-choosing col-wise multi-threading, the overhead of testing was 0.115698 seconds.
You can set `force_col_wise=true` to remove the overhead.
[LightGBM] [Info] Total Bins 18101
[LightGBM] [Info] Number of data points in the train set: 95393, number of used features: 133
[LightGBM] [Info] Start training from score 5737.198268
[LightGBM] [Info] Auto-choosing col-wise multi-threading, the overhead of testing was 0.134212 seconds.
You can set `force_col_wise=true` to remove the overhead.
[LightGBM] [Info] Total Bins 18101
[LightGBM] [Info] Number of data points in the train set: 95393, number of used features: 133
[LightGBM] [Info] Start training from score 5737.140888
[LightGBM] [Info] Auto-choosing col-wise multi-threading, the overhead of testing was 0.108305 seconds.
You can set `force_col_wise=true` to remove the overhead.
[LightGBM] [Info] Total Bins 18101
[LightGBM] [Info] Number of data points in the train set: 95393, number of used features: 133
[LightGBM] [Info] Auto-choosing col-wise multi-threading, the overhead of testing was 0.137855 seconds.
You can set `force_col_wise=true` to remove the overhead.
[LightGBM] [Info] Start training from score 5737.050576
[LightGBM] [Info] Total Bins 18101
[LightGBM] [Info] Number of data points in the train set: 95393, number of used features: 133
[LightGBM] [Info] Auto-choosing col-wise multi-threading, the overhead of testing was 0.105376 seconds.
You can set `force_col_wise=true` to remove the overhead.
[LightGBM] [Info] Total Bins 18101
[LightGBM] [Info] Auto-choosing col-wise multi-threading, the overhead of testing was 0.128525 seconds.
You can set `force_col_wise=true` to remove the overhead.
[LightGBM] [Info] Number of data points in the train set: 95393, number of used features: 133
[LightGBM] [Info] Total Bins 18101
[LightGBM] [Info] Start training from score 5737.213000
[LightGBM] [Info] Start training from score 5737.113926
[LightGBM] [Info] Number of data points in the train set: 95393, number of used features: 133
[LightGBM] [Info] Auto-choosing col-wise multi-threading, the overhead of testing was 0.109948 seconds.
You can set `force_col_wise=true` to remove the overhead.
[LightGBM] [Info] Total Bins 18101
[LightGBM] [Info] Number of data points in the train set: 95393, number of used features: 133
[LightGBM] [Info] Start training from score 5737.083313
[LightGBM] [Info] Auto-choosing col-wise multi-threading, the overhead of testing was 0.111173 seconds.
You can set `force_col_wise=true` to remove the overhead.
[LightGBM] [Info] Total Bins 18101
[LightGBM] [Info] Number of data points in the train set: 95393, number of used features: 133
[LightGBM] [Info] Start training from score 5737.244581
[LightGBM] [Info] Start training from score 5737.016810
[LightGBM] [Info] Auto-choosing col-wise multi-threading, the overhead of testing was 0.106015 seconds.
You can set `force_col_wise=true` to remove the overhead.
[LightGBM] [Info] Total Bins 18101
[LightGBM] [Info] Number of data points in the train set: 95393, number of used features: 133
[LightGBM] [Info] Start training from score 5736.952510
[LightGBM] [Info] Auto-choosing col-wise multi-threading, the overhead of testing was 0.117840 seconds.
You can set `force_col_wise=true` to remove the overhead.
[LightGBM] [Info] Total Bins 18101
[LightGBM] [Info] Number of data points in the train set: 95393, number of used features: 133
[LightGBM] [Info] Start training from score 5736.983764
[LightGBM] [Info] Auto-choosing col-wise multi-threading, the overhead of testing was 0.154501 seconds.
You can set `force_col_wise=true` to remove the overhead.
[LightGBM] [Info] Total Bins 18101
[LightGBM] [Info] Number of data points in the train set: 95393, number of used features: 133
[LightGBM] [Info] Start training from score 5736.892961
[LightGBM] [Info] Auto-choosing col-wise multi-threading, the overhead of testing was 0.173773 seconds.
You can set `force_col_wise=true` to remove the overhead.
[LightGBM] [Info] Total Bins 18101
[LightGBM] [Info] Auto-choosing col-wise multi-threading, the overhead of testing was 0.152694 seconds.
You can set `force_col_wise=true` to remove the overhead.
[LightGBM] [Info] Total Bins 18101
[LightGBM] [Info] Auto-choosing col-wise multi-threading, the overhead of testing was 0.157796 seconds.
You can set `force_col_wise=true` to remove the overhead.
[LightGBM] [Info] Number of data points in the train set: 95393, number of used features: 133
[LightGBM] [Info] Total Bins 18101
[LightGBM] [Info] Start training from score 5736.862976
[LightGBM] [Info] Number of data points in the train set: 95393, number of used features: 133
[LightGBM] [Info] Start training from score 5736.924214
[LightGBM] [Info] Number of data points in the train set: 95393, number of used features: 133
[LightGBM] [Info] Start training from score 5737.228430
[LightGBM] [Info] Auto-choosing col-wise multi-threading, the overhead of testing was 0.532610 seconds.
You can set `force_col_wise=true` to remove the overhead.
[LightGBM] [Info] Total Bins 18101
[LightGBM] [Info] Number of data points in the train set: 95393, number of used features: 133
[LightGBM] [Info] Start training from score 5736.834723
[LightGBM] [Info] Auto-choosing col-wise multi-threading, the overhead of testing was 0.612545 seconds.
You can set `force_col_wise=true` to remove the overhead.
[LightGBM] [Info] Total Bins 18101
[LightGBM] [Info] Number of data points in the train set: 95393, number of used features: 133
[LightGBM] [Info] Start training from score 5736.802941
[LightGBM] [Info] Auto-choosing col-wise multi-threading, the overhead of testing was 0.604945 seconds.
You can set `force_col_wise=true` to remove the overhead.
[LightGBM] [Info] Total Bins 18101
[LightGBM] [Info] Number of data points in the train set: 95393, number of used features: 133
[LightGBM] [Info] Start training from score 5736.771112
[LightGBM] [Info] Auto-choosing col-wise multi-threading, the overhead of testing was 0.541834 seconds.
You can set `force_col_wise=true` to remove the overhead.
[LightGBM] [Info] Total Bins 18101
[LightGBM] [Info] Number of data points in the train set: 95393, number of used features: 133
[LightGBM] [Info] Start training from score 5736.740317
[LightGBM] [Info] Auto-choosing col-wise multi-threading, the overhead of testing was 0.210751 seconds.
You can set `force_col_wise=true` to remove the overhead.
[LightGBM] [Info] Total Bins 18101
[LightGBM] [Info] Number of data points in the train set: 95393, number of used features: 133
[LightGBM] [Info] Start training from score 5736.691482
[LightGBM] [Info] Auto-choosing row-wise multi-threading, the overhead of testing was 0.078357 seconds.
You can set `force_row_wise=true` to remove the overhead.
And if memory is not enough, you can set `force_col_wise=true`.
[LightGBM] [Info] Total Bins 18101
[LightGBM] [Info] Number of data points in the train set: 95393, number of used features: 133
[LightGBM] [Info] Start training from score 5736.713483
[LightGBM] [Info] Auto-choosing col-wise multi-threading, the overhead of testing was 0.131453 seconds.
You can set `force_col_wise=true` to remove the overhead.
[LightGBM] [Info] Total Bins 18101
[LightGBM] [Info] Number of data points in the train set: 95393, number of used features: 133
[LightGBM] [Info] Start training from score 5736.652712
[LightGBM] [Info] Auto-choosing col-wise multi-threading, the overhead of testing was 0.185011 seconds.
You can set `force_col_wise=true` to remove the overhead.
[LightGBM] [Info] Total Bins 18101
[LightGBM] [Info] Number of data points in the train set: 95393, number of used features: 133
[LightGBM] [Info] Start training from score 5736.671112
[LightGBM] [Info] Auto-choosing col-wise multi-threading, the overhead of testing was 0.136025 seconds.
You can set `force_col_wise=true` to remove the overhead.
[LightGBM] [Info] Total Bins 18101
[LightGBM] [Info] Number of data points in the train set: 95393, number of used features: 133
[LightGBM] [Info] Start training from score 5736.637462
[LightGBM] [Info] Auto-choosing col-wise multi-threading, the overhead of testing was 0.590709 seconds.
You can set `force_col_wise=true` to remove the overhead.
[LightGBM] [Info] Total Bins 18101
[LightGBM] [Info] Number of data points in the train set: 95393, number of used features: 133
[LightGBM] [Info] Start training from score 5736.605533
[LightGBM] [Info] Auto-choosing col-wise multi-threading, the overhead of testing was 0.567806 seconds.
You can set `force_col_wise=true` to remove the overhead.
[LightGBM] [Info] Total Bins 18101
[LightGBM] [Info] Number of data points in the train set: 95393, number of used features: 133
[LightGBM] [Info] Start training from score 5736.620904
[LightGBM] [Info] Auto-choosing col-wise multi-threading, the overhead of testing was 0.306693 seconds.
You can set `force_col_wise=true` to remove the overhead.
[LightGBM] [Info] Total Bins 18101
[LightGBM] [Info] Number of data points in the train set: 95393, number of used features: 133
[LightGBM] [Info] Start training from score 5736.574275
[LightGBM] [Info] Auto-choosing col-wise multi-threading, the overhead of testing was 0.319548 seconds.
You can set `force_col_wise=true` to remove the overhead.
[LightGBM] [Info] Total Bins 18101
[LightGBM] [Info] Auto-choosing col-wise multi-threading, the overhead of testing was 0.291749 seconds.
You can set `force_col_wise=true` to remove the overhead.
[LightGBM] [Info] Number of data points in the train set: 95393, number of used features: 133
[LightGBM] [Info] Start training from score 5736.554453
[LightGBM] [Info] Total Bins 18101
[LightGBM] [Info] Number of data points in the train set: 95393, number of used features: 133
[LightGBM] [Info] Start training from score 5736.590283
[LightGBM] [Info] Auto-choosing col-wise multi-threading, the overhead of testing was 0.289507 seconds.
You can set `force_col_wise=true` to remove the overhead.
[LightGBM] [Info] Total Bins 18101
[LightGBM] [Info] Number of data points in the train set: 95393, number of used features: 133
[LightGBM] [Info] Start training from score 5736.526111
[LightGBM] [Info] Auto-choosing col-wise multi-threading, the overhead of testing was 0.176938 seconds.
You can set `force_col_wise=true` to remove the overhead.
[LightGBM] [Info] Total Bins 18101
[LightGBM] [Info] Number of data points in the train set: 95393, number of used features: 133
[LightGBM] [Info] Start training from score 5736.495430
[LightGBM] [Info] Auto-choosing col-wise multi-threading, the overhead of testing was 0.176858 seconds.
You can set `force_col_wise=true` to remove the overhead.
[LightGBM] [Info] Total Bins 18101
[LightGBM] [Info] Number of data points in the train set: 95393, number of used features: 133
[LightGBM] [Info] Start training from score 5736.461668
[LightGBM] [Info] Auto-choosing col-wise multi-threading, the overhead of testing was 0.157151 seconds.
You can set `force_col_wise=true` to remove the overhead.
[LightGBM] [Info] Total Bins 18101
[LightGBM] [Info] Number of data points in the train set: 95393, number of used features: 133
[LightGBM] [Info] Start training from score 5736.428813
[LightGBM] [Info] Auto-choosing col-wise multi-threading, the overhead of testing was 0.127047 seconds.
You can set `force_col_wise=true` to remove the overhead.
[LightGBM] [Info] Total Bins 18101
[LightGBM] [Info] Number of data points in the train set: 95393, number of used features: 133
[LightGBM] [Info] Start training from score 5736.398843
[LightGBM] [Info] Auto-choosing col-wise multi-threading, the overhead of testing was 0.126742 seconds.
You can set `force_col_wise=true` to remove the overhead.
[LightGBM] [Info] Total Bins 18101
[LightGBM] [Info] Number of data points in the train set: 95393, number of used features: 133
[LightGBM] [Info] Start training from score 5736.371402
==============================================================================
MASTER FORECAST | algo=lgbm task=load strategy=direct
  market=dam task=load gate=strict delay_override=None → gap=12h (crosslag_gap=12h) | horizon=24 stride=24 retrain=static
  groups=['calendar', 'lags', 'roll', 'resfc', 'meteo', 'fuel', 'genlags', 'loadlags', 'other']  (#features=133)
  test=[2025-12-01 00:00:00 .. 2026-02-28 23:00:00]  train_end=2025-11-30 23:00:00
==============================================================================
  AEL crosslag_mode=freeze (crosslag_gap=12h)
   [fit] key=static cutoff=2025-11-30 11:00:00  (block 1/90)
   [done] 90 blocks σε 485.1s

📊 RESULT | MAE=333.1454 MW | RMSE=445.2563 | sMAPE=5.7834% | n=2160
💾 saved: runs/overnight_20260705/c_load/q1_lgbm_dir_default_noloadfc.json
--- [2026-07-05 09:54:12] OK  runs/overnight_20260705/c_load/q1_lgbm_dir_default_noloadfc.json

=== [2026-07-05 09:54:12] RUN → runs/overnight_20260705/c_load/summer_lgbm_dir_default_noloadfc.json
    CMD: python -m src.master_forecast --algo lgbm --task load --market dam --strategy direct --gate strict --retrain static --train_end 2025-05-31 23:00 --test_start 2025-06-01 00:00 --test_end 2025-08-31 23:00 --features default,-loadfc
[LightGBM] [Info] Auto-choosing row-wise multi-threading, the overhead of testing was 0.046783 seconds.
You can set `force_row_wise=true` to remove the overhead.
And if memory is not enough, you can set `force_col_wise=true`.
[LightGBM] [Info] Total Bins 18094
[LightGBM] [Info] Number of data points in the train set: 91002, number of used features: 133
[LightGBM] [Info] Start training from score 5724.430214
[LightGBM] [Info] Auto-choosing col-wise multi-threading, the overhead of testing was 0.124523 seconds.
You can set `force_col_wise=true` to remove the overhead.
[LightGBM] [Info] Total Bins 18094
[LightGBM] [Info] Number of data points in the train set: 91002, number of used features: 133
[LightGBM] [Info] Start training from score 5724.491559
[LightGBM] [Info] Auto-choosing col-wise multi-threading, the overhead of testing was 0.130703 seconds.
You can set `force_col_wise=true` to remove the overhead.
[LightGBM] [Info] Total Bins 18094
[LightGBM] [Info] Number of data points in the train set: 91002, number of used features: 133
[LightGBM] [Info] Start training from score 5724.513550
[LightGBM] [Info] Auto-choosing col-wise multi-threading, the overhead of testing was 0.139198 seconds.
You can set `force_col_wise=true` to remove the overhead.
[LightGBM] [Info] Total Bins 18094
[LightGBM] [Info] Auto-choosing col-wise multi-threading, the overhead of testing was 0.132109 seconds.
You can set `force_col_wise=true` to remove the overhead.
[LightGBM] [Info] Total Bins 18094
[LightGBM] [Info] Number of data points in the train set: 91002, number of used features: 133
[LightGBM] [Info] Start training from score 5724.449785
[LightGBM] [Info] Number of data points in the train set: 91002, number of used features: 133
[LightGBM] [Info] Start training from score 5724.407773
[LightGBM] [Info] Auto-choosing col-wise multi-threading, the overhead of testing was 0.158249 seconds.
You can set `force_col_wise=true` to remove the overhead.
[LightGBM] [Info] Total Bins 18094
[LightGBM] [Info] Number of data points in the train set: 91002, number of used features: 133
[LightGBM] [Info] Start training from score 5724.258143
[LightGBM] [Info] Auto-choosing col-wise multi-threading, the overhead of testing was 0.143363 seconds.
You can set `force_col_wise=true` to remove the overhead.
[LightGBM] [Info] Total Bins 18094
[LightGBM] [Info] Number of data points in the train set: 91002, number of used features: 133
[LightGBM] [Info] Start training from score 5724.470022
[LightGBM] [Info] Auto-choosing col-wise multi-threading, the overhead of testing was 0.162004 seconds.
You can set `force_col_wise=true` to remove the overhead.
[LightGBM] [Info] Total Bins 18094
[LightGBM] [Info] Auto-choosing col-wise multi-threading, the overhead of testing was 0.136363 seconds.
You can set `force_col_wise=true` to remove the overhead.
[LightGBM] [Info] Total Bins 18094
[LightGBM] [Info] Number of data points in the train set: 91002, number of used features: 133
[LightGBM] [Info] Start training from score 5724.226008
[LightGBM] [Info] Number of data points in the train set: 91002, number of used features: 133
[LightGBM] [Info] Start training from score 5724.380627
[LightGBM] [Info] Auto-choosing col-wise multi-threading, the overhead of testing was 0.166819 seconds.
You can set `force_col_wise=true` to remove the overhead.
[LightGBM] [Info] Total Bins 18094
[LightGBM] [Info] Number of data points in the train set: 91002, number of used features: 133
[LightGBM] [Info] Start training from score 5724.353146
[LightGBM] [Info] Auto-choosing col-wise multi-threading, the overhead of testing was 0.157132 seconds.
You can set `force_col_wise=true` to remove the overhead.
[LightGBM] [Info] Total Bins 18094
[LightGBM] [Info] Number of data points in the train set: 91002, number of used features: 133
[LightGBM] [Info] Start training from score 5724.194186
[LightGBM] [Info] Auto-choosing col-wise multi-threading, the overhead of testing was 0.210947 seconds.
You can set `force_col_wise=true` to remove the overhead.
[LightGBM] [Info] Total Bins 18094
[LightGBM] [Info] Number of data points in the train set: 91002, number of used features: 133
[LightGBM] [Info] Start training from score 5724.322564
[LightGBM] [Info] Auto-choosing col-wise multi-threading, the overhead of testing was 0.184254 seconds.
You can set `force_col_wise=true` to remove the overhead.
[LightGBM] [Info] Total Bins 18094
[LightGBM] [Info] Number of data points in the train set: 91002, number of used features: 133
[LightGBM] [Info] Start training from score 5724.129532
[LightGBM] [Info] Auto-choosing col-wise multi-threading, the overhead of testing was 0.200082 seconds.
You can set `force_col_wise=true` to remove the overhead.
[LightGBM] [Info] Total Bins 18094
[LightGBM] [Info] Number of data points in the train set: 91002, number of used features: 133
[LightGBM] [Info] Start training from score 5724.164203
[LightGBM] [Info] Auto-choosing col-wise multi-threading, the overhead of testing was 0.267209 seconds.
You can set `force_col_wise=true` to remove the overhead.
[LightGBM] [Info] Total Bins 18094
[LightGBM] [Info] Number of data points in the train set: 91002, number of used features: 133
[LightGBM] [Info] Start training from score 5724.290176
[LightGBM] [Info] Auto-choosing col-wise multi-threading, the overhead of testing was 0.274963 seconds.
You can set `force_col_wise=true` to remove the overhead.
[LightGBM] [Info] Total Bins 18094
[LightGBM] [Info] Number of data points in the train set: 91002, number of used features: 133
[LightGBM] [Info] Start training from score 5724.093739
[LightGBM] [Info] Auto-choosing col-wise multi-threading, the overhead of testing was 0.121675 seconds.
You can set `force_col_wise=true` to remove the overhead.
[LightGBM] [Info] Total Bins 18094
[LightGBM] [Info] Number of data points in the train set: 91002, number of used features: 133
[LightGBM] [Info] Start training from score 5724.055818
[LightGBM] [Info] Auto-choosing row-wise multi-threading, the overhead of testing was 0.062636 seconds.
You can set `force_row_wise=true` to remove the overhead.
And if memory is not enough, you can set `force_col_wise=true`.
[LightGBM] [Info] Total Bins 18094
[LightGBM] [Info] Number of data points in the train set: 91002, number of used features: 133
[LightGBM] [Info] Start training from score 5724.010565
[LightGBM] [Info] Auto-choosing row-wise multi-threading, the overhead of testing was 0.068523 seconds.
You can set `force_row_wise=true` to remove the overhead.
And if memory is not enough, you can set `force_col_wise=true`.
[LightGBM] [Info] Total Bins 18094
[LightGBM] [Info] Number of data points in the train set: 91002, number of used features: 133
[LightGBM] [Info] Start training from score 5723.964794
[LightGBM] [Info] Auto-choosing col-wise multi-threading, the overhead of testing was 0.127992 seconds.
You can set `force_col_wise=true` to remove the overhead.
[LightGBM] [Info] Total Bins 18094
[LightGBM] [Info] Number of data points in the train set: 91002, number of used features: 133
[LightGBM] [Info] Start training from score 5723.921739
[LightGBM] [Info] Auto-choosing col-wise multi-threading, the overhead of testing was 0.179956 seconds.
You can set `force_col_wise=true` to remove the overhead.
[LightGBM] [Info] Total Bins 18094
[LightGBM] [Info] Number of data points in the train set: 91002, number of used features: 133
[LightGBM] [Info] Start training from score 5723.886349
[LightGBM] [Info] Auto-choosing col-wise multi-threading, the overhead of testing was 0.185773 seconds.
You can set `force_col_wise=true` to remove the overhead.
[LightGBM] [Info] Total Bins 18094
[LightGBM] [Info] Number of data points in the train set: 91002, number of used features: 133
[LightGBM] [Info] Start training from score 5723.855397
[LightGBM] [Info] Auto-choosing col-wise multi-threading, the overhead of testing was 0.179248 seconds.
You can set `force_col_wise=true` to remove the overhead.
[LightGBM] [Info] Total Bins 18094
[LightGBM] [Info] Number of data points in the train set: 91002, number of used features: 133
[LightGBM] [Info] Start training from score 5723.827322
[LightGBM] [Info] Auto-choosing col-wise multi-threading, the overhead of testing was 0.207285 seconds.
You can set `force_col_wise=true` to remove the overhead.
[LightGBM] [Info] Total Bins 18094
[LightGBM] [Info] Number of data points in the train set: 91002, number of used features: 133
[LightGBM] [Info] Start training from score 5723.806218
[LightGBM] [Info] Auto-choosing col-wise multi-threading, the overhead of testing was 0.230378 seconds.
You can set `force_col_wise=true` to remove the overhead.
[LightGBM] [Info] Total Bins 18094
[LightGBM] [Info] Number of data points in the train set: 91002, number of used features: 133
[LightGBM] [Info] Start training from score 5723.789064
[LightGBM] [Info] Auto-choosing col-wise multi-threading, the overhead of testing was 0.148853 seconds.
You can set `force_col_wise=true` to remove the overhead.
[LightGBM] [Info] Total Bins 18094
[LightGBM] [Info] Number of data points in the train set: 91002, number of used features: 133
[LightGBM] [Info] Start training from score 5723.770812
[LightGBM] [Info] Auto-choosing col-wise multi-threading, the overhead of testing was 0.245201 seconds.
You can set `force_col_wise=true` to remove the overhead.
[LightGBM] [Info] Total Bins 18094
[LightGBM] [Info] Number of data points in the train set: 91002, number of used features: 133
[LightGBM] [Info] Start training from score 5723.754037
[LightGBM] [Info] Auto-choosing col-wise multi-threading, the overhead of testing was 0.195973 seconds.
You can set `force_col_wise=true` to remove the overhead.
[LightGBM] [Info] Total Bins 18094
[LightGBM] [Info] Number of data points in the train set: 91002, number of used features: 133
[LightGBM] [Info] Start training from score 5723.722485
[LightGBM] [Info] Auto-choosing col-wise multi-threading, the overhead of testing was 0.190767 seconds.
You can set `force_col_wise=true` to remove the overhead.
[LightGBM] [Info] Total Bins 18094
[LightGBM] [Info] Number of data points in the train set: 91002, number of used features: 133
[LightGBM] [Info] Start training from score 5723.738474
[LightGBM] [Info] Auto-choosing col-wise multi-threading, the overhead of testing was 0.247086 seconds.
You can set `force_col_wise=true` to remove the overhead.
[LightGBM] [Info] Total Bins 18094
[LightGBM] [Info] Number of data points in the train set: 91002, number of used features: 133
[LightGBM] [Info] Start training from score 5723.702017
[LightGBM] [Info] Auto-choosing col-wise multi-threading, the overhead of testing was 0.195512 seconds.
You can set `force_col_wise=true` to remove the overhead.
[LightGBM] [Info] Total Bins 18094
[LightGBM] [Info] Number of data points in the train set: 91002, number of used features: 133
[LightGBM] [Info] Start training from score 5723.674640
[LightGBM] [Info] Auto-choosing col-wise multi-threading, the overhead of testing was 0.225027 seconds.
You can set `force_col_wise=true` to remove the overhead.
[LightGBM] [Info] Total Bins 18094
[LightGBM] [Info] Number of data points in the train set: 91002, number of used features: 133
[LightGBM] [Info] Start training from score 5723.646264
[LightGBM] [Info] Auto-choosing col-wise multi-threading, the overhead of testing was 0.136147 seconds.
You can set `force_col_wise=true` to remove the overhead.
[LightGBM] [Info] Total Bins 18094
[LightGBM] [Info] Number of data points in the train set: 91002, number of used features: 133
[LightGBM] [Info] Start training from score 5723.615458
[LightGBM] [Info] Auto-choosing col-wise multi-threading, the overhead of testing was 0.167688 seconds.
You can set `force_col_wise=true` to remove the overhead.
[LightGBM] [Info] Total Bins 18094
[LightGBM] [Info] Number of data points in the train set: 91002, number of used features: 133
[LightGBM] [Info] Start training from score 5723.584938
[LightGBM] [Info] Auto-choosing col-wise multi-threading, the overhead of testing was 0.154870 seconds.
You can set `force_col_wise=true` to remove the overhead.
[LightGBM] [Info] Total Bins 18094
[LightGBM] [Info] Number of data points in the train set: 91002, number of used features: 133
[LightGBM] [Info] Start training from score 5723.556241
[LightGBM] [Info] Auto-choosing col-wise multi-threading, the overhead of testing was 0.141822 seconds.
You can set `force_col_wise=true` to remove the overhead.
[LightGBM] [Info] Total Bins 18094
[LightGBM] [Info] Number of data points in the train set: 91002, number of used features: 133
[LightGBM] [Info] Start training from score 5723.529042
==============================================================================
MASTER FORECAST | algo=lgbm task=load strategy=direct
  market=dam task=load gate=strict delay_override=None → gap=12h (crosslag_gap=12h) | horizon=24 stride=24 retrain=static
  groups=['calendar', 'lags', 'roll', 'resfc', 'meteo', 'fuel', 'genlags', 'loadlags', 'other']  (#features=133)
  test=[2025-06-01 00:00:00 .. 2025-08-31 23:00:00]  train_end=2025-05-31 23:00:00
==============================================================================
  AEL crosslag_mode=freeze (crosslag_gap=12h)
   [fit] key=static cutoff=2025-05-31 11:00:00  (block 1/92)
   [done] 92 blocks σε 478.2s

📊 RESULT | MAE=328.3284 MW | RMSE=443.3287 | sMAPE=4.7767% | n=2208
💾 saved: runs/overnight_20260705/c_load/summer_lgbm_dir_default_noloadfc.json
--- [2026-07-05 10:02:16] OK  runs/overnight_20260705/c_load/summer_lgbm_dir_default_noloadfc.json

=== [2026-07-05 10:02:16] RUN → runs/overnight_20260705/c_load/q1_lgbm_dir_default_noloadlags.json
    CMD: python -m src.master_forecast --algo lgbm --task load --market dam --strategy direct --gate strict --retrain static --train_end 2025-11-30 23:00 --test_start 2025-12-01 00:00 --test_end 2026-02-28 23:00 --features default,-loadlags
[LightGBM] [Info] Auto-choosing col-wise multi-threading, the overhead of testing was 0.480747 seconds.
You can set `force_col_wise=true` to remove the overhead.
[LightGBM] [Info] Auto-choosing col-wise multi-threading, the overhead of testing was 0.496372 seconds.
You can set `force_col_wise=true` to remove the overhead.
[LightGBM] [Info] Total Bins 16061
[LightGBM] [Info] Total Bins 16061
[LightGBM] [Info] Number of data points in the train set: 95393, number of used features: 125
[LightGBM] [Info] Number of data points in the train set: 95393, number of used features: 125
[LightGBM] [Info] Start training from score 5737.183592
[LightGBM] [Info] Start training from score 5737.198268
[LightGBM] [Info] Auto-choosing col-wise multi-threading, the overhead of testing was 0.480092 seconds.
You can set `force_col_wise=true` to remove the overhead.
[LightGBM] [Info] Total Bins 16061
[LightGBM] [Info] Number of data points in the train set: 95393, number of used features: 125
[LightGBM] [Info] Start training from score 5737.165756
[LightGBM] [Info] Auto-choosing col-wise multi-threading, the overhead of testing was 0.482440 seconds.
You can set `force_col_wise=true` to remove the overhead.
[LightGBM] [Info] Total Bins 16061
[LightGBM] [Info] Number of data points in the train set: 95393, number of used features: 125
[LightGBM] [Info] Start training from score 5737.140888
[LightGBM] [Info] Auto-choosing row-wise multi-threading, the overhead of testing was 0.154076 seconds.
You can set `force_row_wise=true` to remove the overhead.
And if memory is not enough, you can set `force_col_wise=true`.
[LightGBM] [Info] Total Bins 16061
[LightGBM] [Info] Number of data points in the train set: 95393, number of used features: 125
[LightGBM] [Info] Start training from score 5737.228430
[LightGBM] [Info] Auto-choosing col-wise multi-threading, the overhead of testing was 0.394996 seconds.
You can set `force_col_wise=true` to remove the overhead.
[LightGBM] [Info] Total Bins 16061
[LightGBM] [Info] Auto-choosing col-wise multi-threading, the overhead of testing was 0.419730 seconds.
You can set `force_col_wise=true` to remove the overhead.
[LightGBM] [Info] Total Bins 16061
[LightGBM] [Info] Number of data points in the train set: 95393, number of used features: 125
[LightGBM] [Info] Start training from score 5736.862976
[LightGBM] [Info] Auto-choosing col-wise multi-threading, the overhead of testing was 0.413865 seconds.
You can set `force_col_wise=true` to remove the overhead.
[LightGBM] [Info] Total Bins 16061
[LightGBM] [Info] Number of data points in the train set: 95393, number of used features: 125
[LightGBM] [Info] Start training from score 5737.050576
[LightGBM] [Info] Number of data points in the train set: 95393, number of used features: 125
[LightGBM] [Info] Start training from score 5737.016810
[LightGBM] [Info] Auto-choosing col-wise multi-threading, the overhead of testing was 0.446200 seconds.
You can set `force_col_wise=true` to remove the overhead.
[LightGBM] [Info] Total Bins 16061
[LightGBM] [Info] Number of data points in the train set: 95393, number of used features: 125
[LightGBM] [Info] Start training from score 5736.952510
[LightGBM] [Info] Auto-choosing col-wise multi-threading, the overhead of testing was 0.503507 seconds.
You can set `force_col_wise=true` to remove the overhead.
[LightGBM] [Info] Total Bins 16061
[LightGBM] [Info] Auto-choosing col-wise multi-threading, the overhead of testing was 0.463651 seconds.
You can set `force_col_wise=true` to remove the overhead.
[LightGBM] [Info] [LightGBM] [Info] Total Bins 16061
Auto-choosing row-wise multi-threading, the overhead of testing was 0.201894 seconds.
You can set `force_row_wise=true` to remove the overhead.
And if memory is not enough, you can set `force_col_wise=true`.
[LightGBM] [Info] Total Bins 16061
[LightGBM] [Info] Number of data points in the train set: 95393, number of used features: 125
[LightGBM] [Info] Start training from score 5736.983764
[LightGBM] [Info] Number of data points in the train set: 95393, number of used features: 125
[LightGBM] [Info] Start training from score 5737.113926
[LightGBM] [Info] Number of data points in the train set: 95393, number of used features: 125
[LightGBM] [Info] Start training from score 5737.244581
[LightGBM] [Info] Auto-choosing col-wise multi-threading, the overhead of testing was 0.497217 seconds.
You can set `force_col_wise=true` to remove the overhead.
[LightGBM] [Info] Total Bins 16061
[LightGBM] [Info] Auto-choosing col-wise multi-threading, the overhead of testing was 0.512606 seconds.
You can set `force_col_wise=true` to remove the overhead.
[LightGBM] [Info] Total Bins 16061
[LightGBM] [Info] Number of data points in the train set: 95393, number of used features: 125
[LightGBM] [Info] Start training from score 5736.892961
[LightGBM] [Info] Auto-choosing col-wise multi-threading, the overhead of testing was 0.508200 seconds.
You can set `force_col_wise=true` to remove the overhead.
[LightGBM] [Info] Number of data points in the train set: 95393, number of used features: 125
[LightGBM] [Info] Total Bins 16061
[LightGBM] [Info] Start training from score 5736.924214
[LightGBM] [Info] Auto-choosing col-wise multi-threading, the overhead of testing was 0.519859 seconds.
You can set `force_col_wise=true` to remove the overhead.
[LightGBM] [Info] Total Bins 16061
[LightGBM] [Info] Number of data points in the train set: 95393, number of used features: 125
[LightGBM] [Info] Start training from score 5737.213000
[LightGBM] [Info] Number of data points in the train set: 95393, number of used features: 125
[LightGBM] [Info] Start training from score 5737.083313
[LightGBM] [Info] Auto-choosing col-wise multi-threading, the overhead of testing was 0.498158 seconds.
You can set `force_col_wise=true` to remove the overhead.
[LightGBM] [Info] Total Bins 16061
[LightGBM] [Info] Number of data points in the train set: 95393, number of used features: 125
[LightGBM] [Info] Start training from score 5736.802941
[LightGBM] [Info] Auto-choosing col-wise multi-threading, the overhead of testing was 0.483692 seconds.
You can set `force_col_wise=true` to remove the overhead.
[LightGBM] [Info] Total Bins 16061
[LightGBM] [Info] Number of data points in the train set: 95393, number of used features: 125
[LightGBM] [Info] Start training from score 5736.834723
[LightGBM] [Info] Auto-choosing col-wise multi-threading, the overhead of testing was 0.496836 seconds.
You can set `force_col_wise=true` to remove the overhead.
[LightGBM] [Info] Total Bins 16061
[LightGBM] [Info] Number of data points in the train set: 95393, number of used features: 125
[LightGBM] [Info] Start training from score 5736.771112
[LightGBM] [Info] Auto-choosing col-wise multi-threading, the overhead of testing was 0.478197 seconds.
You can set `force_col_wise=true` to remove the overhead.
[LightGBM] [Info] Total Bins 16061
[LightGBM] [Info] Number of data points in the train set: 95393, number of used features: 125
[LightGBM] [Info] Start training from score 5736.740317
[LightGBM] [Info] Auto-choosing row-wise multi-threading, the overhead of testing was 0.172640 seconds.
You can set `force_row_wise=true` to remove the overhead.
And if memory is not enough, you can set `force_col_wise=true`.
[LightGBM] [Info] Total Bins 16061
[LightGBM] [Info] Number of data points in the train set: 95393, number of used features: 125
[LightGBM] [Info] Start training from score 5736.713483
[LightGBM] [Info] Auto-choosing col-wise multi-threading, the overhead of testing was 0.489015 seconds.
You can set `force_col_wise=true` to remove the overhead.
[LightGBM] [Info] Total Bins 16061
[LightGBM] [Info] Number of data points in the train set: 95393, number of used features: 125
[LightGBM] [Info] Start training from score 5736.691482
[LightGBM] [Info] Auto-choosing col-wise multi-threading, the overhead of testing was 0.508963 seconds.
You can set `force_col_wise=true` to remove the overhead.
[LightGBM] [Info] Total Bins 16061
[LightGBM] [Info] Number of data points in the train set: 95393, number of used features: 125
[LightGBM] [Info] Auto-choosing col-wise multi-threading, the overhead of testing was 0.496325 seconds.
You can set `force_col_wise=true` to remove the overhead.
[LightGBM] [Info] Total Bins 16061
[LightGBM] [Info] Start training from score 5736.671112
[LightGBM] [Info] Number of data points in the train set: 95393, number of used features: 125
[LightGBM] [Info] Start training from score 5736.652712
[LightGBM] [Info] Auto-choosing col-wise multi-threading, the overhead of testing was 0.510430 seconds.
You can set `force_col_wise=true` to remove the overhead.
[LightGBM] [Info] Total Bins 16061
[LightGBM] [Info] Number of data points in the train set: 95393, number of used features: 125
[LightGBM] [Info] Start training from score 5736.637462
[LightGBM] [Info] Auto-choosing col-wise multi-threading, the overhead of testing was 0.488507 seconds.
You can set `force_col_wise=true` to remove the overhead.
[LightGBM] [Info] Total Bins 16061
[LightGBM] [Info] Number of data points in the train set: 95393, number of used features: 125
[LightGBM] [Info] Start training from score 5736.620904
[LightGBM] [Info] Auto-choosing col-wise multi-threading, the overhead of testing was 0.455284 seconds.
You can set `force_col_wise=true` to remove the overhead.
[LightGBM] [Info] Total Bins 16061
[LightGBM] [Info] Number of data points in the train set: 95393, number of used features: 125
[LightGBM] [Info] Start training from score 5736.605533
[LightGBM] [Info] Auto-choosing col-wise multi-threading, the overhead of testing was 0.481668 seconds.
You can set `force_col_wise=true` to remove the overhead.
[LightGBM] [Info] Total Bins 16061
[LightGBM] [Info] Number of data points in the train set: 95393, number of used features: 125
[LightGBM] [Info] Start training from score 5736.574275
[LightGBM] [Info] Auto-choosing col-wise multi-threading, the overhead of testing was 0.464696 seconds.
You can set `force_col_wise=true` to remove the overhead.
[LightGBM] [Info] Total Bins 16061
[LightGBM] [Info] Number of data points in the train set: 95393, number of used features: 125
[LightGBM] [Info] Start training from score 5736.554453
[LightGBM] [Info] Auto-choosing col-wise multi-threading, the overhead of testing was 0.499905 seconds.
You can set `force_col_wise=true` to remove the overhead.
[LightGBM] [Info] Total Bins 16061
[LightGBM] [Info] Number of data points in the train set: 95393, number of used features: 125
[LightGBM] [Info] Start training from score 5736.590283
[LightGBM] [Info] Auto-choosing col-wise multi-threading, the overhead of testing was 0.494302 seconds.
You can set `force_col_wise=true` to remove the overhead.
[LightGBM] [Info] Total Bins 16061
[LightGBM] [Info] Number of data points in the train set: 95393, number of used features: 125
[LightGBM] [Info] Start training from score 5736.526111
[LightGBM] [Info] Auto-choosing col-wise multi-threading, the overhead of testing was 0.467229 seconds.
You can set `force_col_wise=true` to remove the overhead.
[LightGBM] [Info] Total Bins 16061
[LightGBM] [Info] Number of data points in the train set: 95393, number of used features: 125
[LightGBM] [Info] Start training from score 5736.495430
[LightGBM] [Info] Auto-choosing row-wise multi-threading, the overhead of testing was 0.142503 seconds.
You can set `force_row_wise=true` to remove the overhead.
And if memory is not enough, you can set `force_col_wise=true`.
[LightGBM] [Info] Total Bins 16061
[LightGBM] [Info] Number of data points in the train set: 95393, number of used features: 125
[LightGBM] [Info] Start training from score 5736.461668
[LightGBM] [Info] Auto-choosing col-wise multi-threading, the overhead of testing was 0.299166 seconds.
You can set `force_col_wise=true` to remove the overhead.
[LightGBM] [Info] Total Bins 16061
[LightGBM] [Info] Number of data points in the train set: 95393, number of used features: 125
[LightGBM] [Info] Start training from score 5736.428813
[LightGBM] [Info] Auto-choosing col-wise multi-threading, the overhead of testing was 0.152960 seconds.
You can set `force_col_wise=true` to remove the overhead.
[LightGBM] [Info] Total Bins 16061
[LightGBM] [Info] Number of data points in the train set: 95393, number of used features: 125
[LightGBM] [Info] Start training from score 5736.398843
[LightGBM] [Info] Auto-choosing col-wise multi-threading, the overhead of testing was 0.182321 seconds.
You can set `force_col_wise=true` to remove the overhead.
[LightGBM] [Info] Total Bins 16061
[LightGBM] [Info] Number of data points in the train set: 95393, number of used features: 125
[LightGBM] [Info] Start training from score 5736.371402
==============================================================================
MASTER FORECAST | algo=lgbm task=load strategy=direct
  market=dam task=load gate=strict delay_override=None → gap=12h (crosslag_gap=12h) | horizon=24 stride=24 retrain=static
  groups=['calendar', 'lags', 'roll', 'resfc', 'loadfc', 'meteo', 'fuel', 'genlags', 'other']  (#features=125)
  test=[2025-12-01 00:00:00 .. 2026-02-28 23:00:00]  train_end=2025-11-30 23:00:00
==============================================================================
  AEL crosslag_mode=freeze (crosslag_gap=12h)
   [fit] key=static cutoff=2025-11-30 11:00:00  (block 1/90)
   [done] 90 blocks σε 837.0s

📊 RESULT | MAE=248.9868 MW | RMSE=360.1513 | sMAPE=4.203% | n=2160
💾 saved: runs/overnight_20260705/c_load/q1_lgbm_dir_default_noloadlags.json
--- [2026-07-05 10:16:19] OK  runs/overnight_20260705/c_load/q1_lgbm_dir_default_noloadlags.json

=== [2026-07-05 10:16:19] RUN → runs/overnight_20260705/c_load/summer_lgbm_dir_default_noloadlags.json
    CMD: python -m src.master_forecast --algo lgbm --task load --market dam --strategy direct --gate strict --retrain static --train_end 2025-05-31 23:00 --test_start 2025-06-01 00:00 --test_end 2025-08-31 23:00 --features default,-loadlags
[LightGBM] [Info] Auto-choosing row-wise multi-threading, the overhead of testing was 0.198679 seconds.
You can set `force_row_wise=true` to remove the overhead.
And if memory is not enough, you can set `force_col_wise=true`.
[LightGBM] [Info] Total Bins 16054
[LightGBM] [Info] Number of data points in the train set: 91002, number of used features: 125
[LightGBM] [Info] Start training from score 5724.449785
[LightGBM] [Info] Auto-choosing col-wise multi-threading, the overhead of testing was 0.479706 seconds.
You can set `force_col_wise=true` to remove the overhead.
[LightGBM] [Info] Total Bins 16054
[LightGBM] [Info] Number of data points in the train set: 91002, number of used features: 125
[LightGBM] [Info] Auto-choosing col-wise multi-threading, the overhead of testing was 0.454911 seconds.
You can set `force_col_wise=true` to remove the overhead.
[LightGBM] [Info] Total Bins 16054
[LightGBM] [Info] Start training from score 5724.407773
[LightGBM] [Info] Number of data points in the train set: 91002, number of used features: 125
[LightGBM] [Info] Start training from score 5724.430214
[LightGBM] [Info] Auto-choosing row-wise multi-threading, the overhead of testing was 0.183300 seconds.
You can set `force_row_wise=true` to remove the overhead.
And if memory is not enough, you can set `force_col_wise=true`.
[LightGBM] [Info] Total Bins 16054
[LightGBM] [Info] Auto-choosing col-wise multi-threading, the overhead of testing was 0.459993 seconds.
You can set `force_col_wise=true` to remove the overhead.
[LightGBM] [Info] Total Bins 16054
[LightGBM] [Info] Number of data points in the train set: 91002, number of used features: 125
[LightGBM] [Info] Start training from score 5724.470022
[LightGBM] [Info] Auto-choosing col-wise multi-threading, the overhead of testing was 0.434995 seconds.
You can set `force_col_wise=true` to remove the overhead.
[LightGBM] [Info] Auto-choosing col-wise multi-threading, the overhead of testing was 0.439807 seconds.
You can set `force_col_wise=true` to remove the overhead.
[LightGBM] [Info] Total Bins 16054
[LightGBM] [Info] Total Bins 16054
[LightGBM] [Info] Number of data points in the train set: 91002, number of used features: 125
[LightGBM] [Info] Start training from score 5724.513550
[LightGBM] [Info] Number of data points in the train set: 91002, number of used features: 125
[LightGBM] [Info] Auto-choosing col-wise multi-threading, the overhead of testing was 0.441683 seconds.
You can set `force_col_wise=true` to remove the overhead.
[LightGBM] [Info] Total Bins 16054
[LightGBM] [Info] Number of data points in the train set: 91002, number of used features: 125
[LightGBM] [Info] Start training from score 5724.491559
[LightGBM] [Info] Start training from score 5724.380627
[LightGBM] [Info] Number of data points in the train set: 91002, number of used features: 125
[LightGBM] [Info] Start training from score 5724.290176
[LightGBM] [Info] Auto-choosing col-wise multi-threading, the overhead of testing was 0.456247 seconds.
You can set `force_col_wise=true` to remove the overhead.
[LightGBM] [Info] Total Bins 16054
[LightGBM] [Info] Number of data points in the train set: 91002, number of used features: 125
[LightGBM] [Info] Start training from score 5724.258143
[LightGBM] [Info] Auto-choosing col-wise multi-threading, the overhead of testing was 0.455874 seconds.
You can set `force_col_wise=true` to remove the overhead.
[LightGBM] [Info] Auto-choosing col-wise multi-threading, the overhead of testing was 0.461835 seconds.
You can set `force_col_wise=true` to remove the overhead.
[LightGBM] [Info] Total Bins 16054
[LightGBM] [Info] Total Bins 16054
[LightGBM] [Info] Number of data points in the train set: 91002, number of used features: 125
[LightGBM] [Info] Number of data points in the train set: 91002, number of used features: 125
[LightGBM] [Info] Start training from score 5724.194186
[LightGBM] [Info] Start training from score 5724.226008
[LightGBM] [Info] Auto-choosing col-wise multi-threading, the overhead of testing was 0.468252 seconds.
You can set `force_col_wise=true` to remove the overhead.
[LightGBM] [Info] Auto-choosing col-wise multi-threading, the overhead of testing was 0.465177 seconds.
You can set `force_col_wise=true` to remove the overhead.
[LightGBM] [Info] Total Bins 16054
[LightGBM] [Info] Total Bins 16054
[LightGBM] [Info] Number of data points in the train set: 91002, number of used features: 125
[LightGBM] [Info] Start training from score 5724.353146
[LightGBM] [Info] Number of data points in the train set: 91002, number of used features: 125
[LightGBM] [Info] Start training from score 5724.164203
[LightGBM] [Info] Auto-choosing col-wise multi-threading, the overhead of testing was 0.504839 seconds.
You can set `force_col_wise=true` to remove the overhead.
[LightGBM] [Info] Total Bins 16054
[LightGBM] [Info] Auto-choosing col-wise multi-threading, the overhead of testing was 0.489729 seconds.
You can set `force_col_wise=true` to remove the overhead.
[LightGBM] [Info] Number of data points in the train set: 91002, number of used features: 125
[LightGBM] [Info] Auto-choosing col-wise multi-threading, the overhead of testing was 0.503626 seconds.
You can set `force_col_wise=true` to remove the overhead.
[LightGBM] [Info] Total Bins 16054
[LightGBM] [Info] Start training from score 5724.093739
[LightGBM] [Info] Total Bins 16054
[LightGBM] [Info] Number of data points in the train set: 91002, number of used features: 125
[LightGBM] [Info] Start training from score 5724.322564
[LightGBM] [Info] Number of data points in the train set: 91002, number of used features: 125
[LightGBM] [Info] Start training from score 5724.129532
[LightGBM] [Info] Auto-choosing col-wise multi-threading, the overhead of testing was 0.482419 seconds.
You can set `force_col_wise=true` to remove the overhead.
[LightGBM] [Info] Total Bins 16054
[LightGBM] [Info] Number of data points in the train set: 91002, number of used features: 125
[LightGBM] [Info] Start training from score 5724.055818
[LightGBM] [Info] Auto-choosing col-wise multi-threading, the overhead of testing was 0.475720 seconds.
You can set `force_col_wise=true` to remove the overhead.
[LightGBM] [Info] Total Bins 16054
[LightGBM] [Info] Number of data points in the train set: 91002, number of used features: 125
[LightGBM] [Info] Start training from score 5724.010565
[LightGBM] [Info] Auto-choosing col-wise multi-threading, the overhead of testing was 0.458229 seconds.
You can set `force_col_wise=true` to remove the overhead.
[LightGBM] [Info] Total Bins 16054
[LightGBM] [Info] Number of data points in the train set: 91002, number of used features: 125
[LightGBM] [Info] Auto-choosing col-wise multi-threading, the overhead of testing was 0.491953 seconds.
You can set `force_col_wise=true` to remove the overhead.
[LightGBM] [Info] Total Bins 16054
[LightGBM] [Info] Start training from score 5723.964794
[LightGBM] [Info] Number of data points in the train set: 91002, number of used features: 125
[LightGBM] [Info] Start training from score 5723.921739
[LightGBM] [Info] Auto-choosing col-wise multi-threading, the overhead of testing was 0.435575 seconds.
You can set `force_col_wise=true` to remove the overhead.
[LightGBM] [Info] Total Bins 16054
[LightGBM] [Info] Number of data points in the train set: 91002, number of used features: 125
[LightGBM] [Info] Start training from score 5723.827322
[LightGBM] [Info] Auto-choosing col-wise multi-threading, the overhead of testing was 0.455429 seconds.
You can set `force_col_wise=true` to remove the overhead.
[LightGBM] [Info] Total Bins 16054
[LightGBM] [Info] Number of data points in the train set: 91002, number of used features: 125
[LightGBM] [Info] Start training from score 5723.886349
[LightGBM] [Info] Auto-choosing col-wise multi-threading, the overhead of testing was 0.460487 seconds.
You can set `force_col_wise=true` to remove the overhead.
[LightGBM] [Info] Total Bins 16054
[LightGBM] [Info] Number of data points in the train set: 91002, number of used features: 125
[LightGBM] [Info] Start training from score 5723.855397
[LightGBM] [Info] Auto-choosing col-wise multi-threading, the overhead of testing was 0.479508 seconds.
You can set `force_col_wise=true` to remove the overhead.
[LightGBM] [Info] Total Bins 16054
[LightGBM] [Info] Number of data points in the train set: 91002, number of used features: 125
[LightGBM] [Info] Start training from score 5723.789064
[LightGBM] [Info] Auto-choosing row-wise multi-threading, the overhead of testing was 0.198529 seconds.
You can set `force_row_wise=true` to remove the overhead.
And if memory is not enough, you can set `force_col_wise=true`.
[LightGBM] [Info] Total Bins 16054
[LightGBM] [Info] Number of data points in the train set: 91002, number of used features: 125
[LightGBM] [Info] Start training from score 5723.806218
[LightGBM] [Info] Auto-choosing col-wise multi-threading, the overhead of testing was 0.460453 seconds.
You can set `force_col_wise=true` to remove the overhead.
[LightGBM] [Info] Total Bins 16054
[LightGBM] [Info] Number of data points in the train set: 91002, number of used features: 125
[LightGBM] [Info] Start training from score 5723.754037
[LightGBM] [Info] Auto-choosing col-wise multi-threading, the overhead of testing was 0.461596 seconds.
You can set `force_col_wise=true` to remove the overhead.
[LightGBM] [Info] Total Bins 16054
[LightGBM] [Info] Number of data points in the train set: 91002, number of used features: 125
[LightGBM] [Info] Start training from score 5723.770812
[LightGBM] [Info] Auto-choosing col-wise multi-threading, the overhead of testing was 0.465840 seconds.
You can set `force_col_wise=true` to remove the overhead.
[LightGBM] [Info] Total Bins 16054
[LightGBM] [Info] Number of data points in the train set: 91002, number of used features: 125
[LightGBM] [Info] Start training from score 5723.738474
[LightGBM] [Info] Auto-choosing col-wise multi-threading, the overhead of testing was 0.473857 seconds.
You can set `force_col_wise=true` to remove the overhead.
[LightGBM] [Info] Total Bins 16054
[LightGBM] [Info] Number of data points in the train set: 91002, number of used features: 125
[LightGBM] [Info] Start training from score 5723.722485
[LightGBM] [Info] Auto-choosing col-wise multi-threading, the overhead of testing was 0.467568 seconds.
You can set `force_col_wise=true` to remove the overhead.
[LightGBM] [Info] Total Bins 16054
[LightGBM] [Info] Number of data points in the train set: 91002, number of used features: 125
[LightGBM] [Info] Start training from score 5723.702017
[LightGBM] [Info] Auto-choosing col-wise multi-threading, the overhead of testing was 0.490566 seconds.
You can set `force_col_wise=true` to remove the overhead.
[LightGBM] [Info] Total Bins 16054
[LightGBM] [Info] Number of data points in the train set: 91002, number of used features: 125
[LightGBM] [Info] Start training from score 5723.674640
[LightGBM] [Info] Auto-choosing col-wise multi-threading, the overhead of testing was 0.467153 seconds.
You can set `force_col_wise=true` to remove the overhead.
[LightGBM] [Info] Total Bins 16054
[LightGBM] [Info] Number of data points in the train set: 91002, number of used features: 125
[LightGBM] [Info] Start training from score 5723.646264
[LightGBM] [Info] Auto-choosing col-wise multi-threading, the overhead of testing was 0.257042 seconds.
You can set `force_col_wise=true` to remove the overhead.
[LightGBM] [Info] Total Bins 16054
[LightGBM] [Info] Number of data points in the train set: 91002, number of used features: 125
[LightGBM] [Info] Start training from score 5723.615458
[LightGBM] [Info] Auto-choosing col-wise multi-threading, the overhead of testing was 0.250366 seconds.
You can set `force_col_wise=true` to remove the overhead.
[LightGBM] [Info] Total Bins 16054
[LightGBM] [Info] Number of data points in the train set: 91002, number of used features: 125
[LightGBM] [Info] Start training from score 5723.584938
[LightGBM] [Info] Auto-choosing col-wise multi-threading, the overhead of testing was 0.194785 seconds.
You can set `force_col_wise=true` to remove the overhead.
[LightGBM] [Info] Total Bins 16054
[LightGBM] [Info] Number of data points in the train set: 91002, number of used features: 125
[LightGBM] [Info] Start training from score 5723.556241
[LightGBM] [Info] Auto-choosing col-wise multi-threading, the overhead of testing was 0.158509 seconds.
You can set `force_col_wise=true` to remove the overhead.
[LightGBM] [Info] Total Bins 16054
[LightGBM] [Info] Number of data points in the train set: 91002, number of used features: 125
[LightGBM] [Info] Start training from score 5723.529042
==============================================================================
MASTER FORECAST | algo=lgbm task=load strategy=direct
  market=dam task=load gate=strict delay_override=None → gap=12h (crosslag_gap=12h) | horizon=24 stride=24 retrain=static
  groups=['calendar', 'lags', 'roll', 'resfc', 'loadfc', 'meteo', 'fuel', 'genlags', 'other']  (#features=125)
  test=[2025-06-01 00:00:00 .. 2025-08-31 23:00:00]  train_end=2025-05-31 23:00:00
==============================================================================
  AEL crosslag_mode=freeze (crosslag_gap=12h)
   [fit] key=static cutoff=2025-05-31 11:00:00  (block 1/92)
   [done] 92 blocks σε 691.4s

📊 RESULT | MAE=341.3898 MW | RMSE=466.8745 | sMAPE=4.9588% | n=2208
💾 saved: runs/overnight_20260705/c_load/summer_lgbm_dir_default_noloadlags.json
--- [2026-07-05 10:27:56] OK  runs/overnight_20260705/c_load/summer_lgbm_dir_default_noloadlags.json

=== [2026-07-05 10:27:56] RUN → runs/overnight_20260705/c_load/q1_lgbm_dir_default_nogenlags_noloadlags.json
    CMD: python -m src.master_forecast --algo lgbm --task load --market dam --strategy direct --gate strict --retrain static --train_end 2025-11-30 23:00 --test_start 2025-12-01 00:00 --test_end 2026-02-28 23:00 --features default,-genlags,-loadlags
[LightGBM] [Info] Auto-choosing row-wise multi-threading, the overhead of testing was 0.030067 seconds.
You can set `force_row_wise=true` to remove the overhead.
And if memory is not enough, you can set `force_col_wise=true`.
[LightGBM] [Info] Total Bins 11471
[LightGBM] [Info] Number of data points in the train set: 95393, number of used features: 107
[LightGBM] [Info] Start training from score 5737.198268
[LightGBM] [Info] Auto-choosing row-wise multi-threading, the overhead of testing was 0.030188 seconds.
You can set `force_row_wise=true` to remove the overhead.
And if memory is not enough, you can set `force_col_wise=true`.
[LightGBM] [Info] Total Bins 11471
[LightGBM] [Info] Number of data points in the train set: 95393, number of used features: 107
[LightGBM] [Info] Start training from score 5737.183592
[LightGBM] [Info] Auto-choosing col-wise multi-threading, the overhead of testing was 0.078679 seconds.
You can set `force_col_wise=true` to remove the overhead.
[LightGBM] [Info] Total Bins 11471
[LightGBM] [Info] Number of data points in the train set: 95393, number of used features: 107
[LightGBM] [Info] Start training from score 5737.165756
[LightGBM] [Info] Auto-choosing col-wise multi-threading, the overhead of testing was 0.074838 seconds.
You can set `force_col_wise=true` to remove the overhead.
[LightGBM] [Info] Total Bins 11471
[LightGBM] [Info] Number of data points in the train set: 95393, number of used features: 107
[LightGBM] [Info] Start training from score 5737.228430
[LightGBM] [Info] Auto-choosing col-wise multi-threading, the overhead of testing was 0.092220 seconds.
You can set `force_col_wise=true` to remove the overhead.
[LightGBM] [Info] Total Bins 11471
[LightGBM] [Info] Auto-choosing col-wise multi-threading, the overhead of testing was 0.087880 seconds.
You can set `force_col_wise=true` to remove the overhead.
[LightGBM] [Info] Total Bins 11471
[LightGBM] [Info] Number of data points in the train set: 95393, number of used features: 107
[LightGBM] [Info] Start training from score 5737.016810
[LightGBM] [Info] Number of data points in the train set: 95393, number of used features: 107
[LightGBM] [Info] Start training from score 5737.083313
[LightGBM] [Info] Auto-choosing col-wise multi-threading, the overhead of testing was 0.090788 seconds.
You can set `force_col_wise=true` to remove the overhead.
[LightGBM] [Info] Total Bins 11471
[LightGBM] [Info] Number of data points in the train set: 95393, number of used features: 107
[LightGBM] [Info] Start training from score 5737.244581
[LightGBM] [Info] Auto-choosing col-wise multi-threading, the overhead of testing was 0.104025 seconds.
You can set `force_col_wise=true` to remove the overhead.
[LightGBM] [Info] Auto-choosing col-wise multi-threading, the overhead of testing was 0.084574 seconds.
You can set `force_col_wise=true` to remove the overhead.
[LightGBM] [Info] Total Bins 11471
[LightGBM] [Info] Total Bins 11471
[LightGBM] [Info] Auto-choosing col-wise multi-threading, the overhead of testing was 0.087437 seconds.
You can set `force_col_wise=true` to remove the overhead.
[LightGBM] [Info] Auto-choosing col-wise multi-threading, the overhead of testing was 0.089480 seconds.
You can set `force_col_wise=true` to remove the overhead.
[LightGBM] [Info] Total Bins 11471
[LightGBM] [Info] Auto-choosing col-wise multi-threading, the overhead of testing was 0.081866 seconds.
You can set `force_col_wise=true` to remove the overhead.
[LightGBM] [Info] Total Bins 11471
[LightGBM] [Info] Total Bins 11471
[LightGBM] [Info] Number of data points in the train set: 95393, number of used features: 107
[LightGBM] [Info] Number of data points in the train set: 95393, number of used features: 107
[LightGBM] [Info] Start training from score 5736.952510
[LightGBM] [Info] Start training from score 5737.050576
[LightGBM] [Info] Number of data points in the train set: 95393, number of used features: 107
[LightGBM] [Info] Number of data points in the train set: 95393, number of used features: 107
[LightGBM] [Info] Start training from score 5736.983764
[LightGBM] [Info] Number of data points in the train set: 95393, number of used features: 107
[LightGBM] [Info] Start training from score 5737.213000
[LightGBM] [Info] Start training from score 5737.113926
[LightGBM] [Info] Auto-choosing col-wise multi-threading, the overhead of testing was 0.088236 seconds.
You can set `force_col_wise=true` to remove the overhead.
[LightGBM] [Info] Total Bins 11471
[LightGBM] [Info] Number of data points in the train set: 95393, number of used features: 107
[LightGBM] [Info] Start training from score 5736.892961
[LightGBM] [Info] Auto-choosing col-wise multi-threading, the overhead of testing was 0.086894 seconds.
You can set `force_col_wise=true` to remove the overhead.
[LightGBM] [Info] Total Bins 11471
[LightGBM] [Info] Number of data points in the train set: 95393, number of used features: 107
[LightGBM] [Info] Start training from score 5737.140888
[LightGBM] [Info] Auto-choosing col-wise multi-threading, the overhead of testing was 0.100905 seconds.
You can set `force_col_wise=true` to remove the overhead.
[LightGBM] [Info] Total Bins 11471
[LightGBM] [Info] Number of data points in the train set: 95393, number of used features: 107
[LightGBM] [Info] Start training from score 5736.862976
[LightGBM] [Info] Auto-choosing row-wise multi-threading, the overhead of testing was 0.045710 seconds.
You can set `force_row_wise=true` to remove the overhead.
And if memory is not enough, you can set `force_col_wise=true`.
[LightGBM] [Info] Total Bins 11471
[LightGBM] [Info] Number of data points in the train set: 95393, number of used features: 107
[LightGBM] [Info] Start training from score 5736.924214
[LightGBM] [Info] Auto-choosing row-wise multi-threading, the overhead of testing was 0.032534 seconds.
You can set `force_row_wise=true` to remove the overhead.
And if memory is not enough, you can set `force_col_wise=true`.
[LightGBM] [Info] Total Bins 11471
[LightGBM] [Info] Number of data points in the train set: 95393, number of used features: 107
[LightGBM] [Info] Start training from score 5736.834723
[LightGBM] [Info] Auto-choosing col-wise multi-threading, the overhead of testing was 0.084278 seconds.
You can set `force_col_wise=true` to remove the overhead.
[LightGBM] [Info] Total Bins 11471
[LightGBM] [Info] Number of data points in the train set: 95393, number of used features: 107
[LightGBM] [Info] Start training from score 5736.802941
[LightGBM] [Info] Auto-choosing col-wise multi-threading, the overhead of testing was 0.086541 seconds.
You can set `force_col_wise=true` to remove the overhead.
[LightGBM] [Info] Total Bins 11471
[LightGBM] [Info] Number of data points in the train set: 95393, number of used features: 107
[LightGBM] [Info] Start training from score 5736.771112
[LightGBM] [Info] Auto-choosing row-wise multi-threading, the overhead of testing was 0.032533 seconds.
You can set `force_row_wise=true` to remove the overhead.
And if memory is not enough, you can set `force_col_wise=true`.
[LightGBM] [Info] Total Bins 11471
[LightGBM] [Info] Number of data points in the train set: 95393, number of used features: 107
[LightGBM] [Info] Start training from score 5736.740317
[LightGBM] [Info] Auto-choosing col-wise multi-threading, the overhead of testing was 0.093173 seconds.
You can set `force_col_wise=true` to remove the overhead.
[LightGBM] [Info] Total Bins 11471
[LightGBM] [Info] Number of data points in the train set: 95393, number of used features: 107
[LightGBM] [Info] Start training from score 5736.713483
[LightGBM] [Info] Auto-choosing col-wise multi-threading, the overhead of testing was 0.093487 seconds.
You can set `force_col_wise=true` to remove the overhead.
[LightGBM] [Info] Total Bins 11471
[LightGBM] [Info] Number of data points in the train set: 95393, number of used features: 107
[LightGBM] [Info] Start training from score 5736.691482
[LightGBM] [Info] Auto-choosing col-wise multi-threading, the overhead of testing was 0.087716 seconds.
You can set `force_col_wise=true` to remove the overhead.
[LightGBM] [Info] Total Bins 11471
[LightGBM] [Info] Number of data points in the train set: 95393, number of used features: 107
[LightGBM] [Info] Start training from score 5736.671112
[LightGBM] [Info] Auto-choosing col-wise multi-threading, the overhead of testing was 0.087691 seconds.
You can set `force_col_wise=true` to remove the overhead.
[LightGBM] [Info] Total Bins 11471
[LightGBM] [Info] Number of data points in the train set: 95393, number of used features: 107
[LightGBM] [Info] Start training from score 5736.652712
[LightGBM] [Info] Auto-choosing col-wise multi-threading, the overhead of testing was 0.077881 seconds.
You can set `force_col_wise=true` to remove the overhead.
[LightGBM] [Info] Total Bins 11471
[LightGBM] [Info] Number of data points in the train set: 95393, number of used features: 107
[LightGBM] [Info] Start training from score 5736.637462
[LightGBM] [Info] Auto-choosing col-wise multi-threading, the overhead of testing was 0.082586 seconds.
You can set `force_col_wise=true` to remove the overhead.
[LightGBM] [Info] Total Bins 11471
[LightGBM] [Info] Number of data points in the train set: 95393, number of used features: 107
[LightGBM] [Info] Start training from score 5736.605533
[LightGBM] [Info] Auto-choosing col-wise multi-threading, the overhead of testing was 0.093950 seconds.
You can set `force_col_wise=true` to remove the overhead.
[LightGBM] [Info] Total Bins 11471
[LightGBM] [Info] Number of data points in the train set: 95393, number of used features: 107
[LightGBM] [Info] Start training from score 5736.620904
[LightGBM] [Info] Auto-choosing col-wise multi-threading, the overhead of testing was 0.088189 seconds.
You can set `force_col_wise=true` to remove the overhead.
[LightGBM] [Info] Total Bins 11471
[LightGBM] [Info] Number of data points in the train set: 95393, number of used features: 107
[LightGBM] [Info] Start training from score 5736.590283
[LightGBM] [Info] Auto-choosing col-wise multi-threading, the overhead of testing was 0.127994 seconds.
You can set `force_col_wise=true` to remove the overhead.
[LightGBM] [Info] Total Bins 11471
[LightGBM] [Info] Number of data points in the train set: 95393, number of used features: 107
[LightGBM] [Info] Start training from score 5736.574275
[LightGBM] [Info] Auto-choosing col-wise multi-threading, the overhead of testing was 0.084787 seconds.
You can set `force_col_wise=true` to remove the overhead.
[LightGBM] [Info] Total Bins 11471
[LightGBM] [Info] Number of data points in the train set: 95393, number of used features: 107
[LightGBM] [Info] Start training from score 5736.554453
[LightGBM] [Info] Auto-choosing col-wise multi-threading, the overhead of testing was 0.092231 seconds.
You can set `force_col_wise=true` to remove the overhead.
[LightGBM] [Info] Total Bins 11471
[LightGBM] [Info] Number of data points in the train set: 95393, number of used features: 107
[LightGBM] [Info] Start training from score 5736.526111
[LightGBM] [Info] Auto-choosing col-wise multi-threading, the overhead of testing was 0.112316 seconds.
You can set `force_col_wise=true` to remove the overhead.
[LightGBM] [Info] Total Bins 11471
[LightGBM] [Info] Number of data points in the train set: 95393, number of used features: 107
[LightGBM] [Info] Start training from score 5736.495430
[LightGBM] [Info] Auto-choosing row-wise multi-threading, the overhead of testing was 0.034359 seconds.
You can set `force_row_wise=true` to remove the overhead.
And if memory is not enough, you can set `force_col_wise=true`.
[LightGBM] [Info] Total Bins 11471
[LightGBM] [Info] Number of data points in the train set: 95393, number of used features: 107
[LightGBM] [Info] Start training from score 5736.461668
[LightGBM] [Info] Auto-choosing row-wise multi-threading, the overhead of testing was 0.033771 seconds.
You can set `force_row_wise=true` to remove the overhead.
And if memory is not enough, you can set `force_col_wise=true`.
[LightGBM] [Info] Total Bins 11471
[LightGBM] [Info] Number of data points in the train set: 95393, number of used features: 107
[LightGBM] [Info] Start training from score 5736.428813
[LightGBM] [Info] Auto-choosing col-wise multi-threading, the overhead of testing was 0.097552 seconds.
You can set `force_col_wise=true` to remove the overhead.
[LightGBM] [Info] Total Bins 11471
[LightGBM] [Info] Number of data points in the train set: 95393, number of used features: 107
[LightGBM] [Info] Start training from score 5736.398843
[LightGBM] [Info] Auto-choosing col-wise multi-threading, the overhead of testing was 0.084842 seconds.
You can set `force_col_wise=true` to remove the overhead.
[LightGBM] [Info] Total Bins 11471
[LightGBM] [Info] Number of data points in the train set: 95393, number of used features: 107
[LightGBM] [Info] Start training from score 5736.371402
==============================================================================
MASTER FORECAST | algo=lgbm task=load strategy=direct
  market=dam task=load gate=strict delay_override=None → gap=12h (crosslag_gap=12h) | horizon=24 stride=24 retrain=static
  groups=['calendar', 'lags', 'roll', 'resfc', 'loadfc', 'meteo', 'fuel', 'other']  (#features=107)
  test=[2025-12-01 00:00:00 .. 2026-02-28 23:00:00]  train_end=2025-11-30 23:00:00
==============================================================================
  AEL crosslag_mode=freeze (crosslag_gap=12h)
   [fit] key=static cutoff=2025-11-30 11:00:00  (block 1/90)
   [done] 90 blocks σε 657.1s

📊 RESULT | MAE=245.2887 MW | RMSE=362.3212 | sMAPE=4.1129% | n=2160
💾 saved: runs/overnight_20260705/c_load/q1_lgbm_dir_default_nogenlags_noloadlags.json
--- [2026-07-05 10:39:01] OK  runs/overnight_20260705/c_load/q1_lgbm_dir_default_nogenlags_noloadlags.json

=== [2026-07-05 10:39:01] RUN → runs/overnight_20260705/c_load/summer_lgbm_dir_default_nogenlags_noloadlags.json
    CMD: python -m src.master_forecast --algo lgbm --task load --market dam --strategy direct --gate strict --retrain static --train_end 2025-05-31 23:00 --test_start 2025-06-01 00:00 --test_end 2025-08-31 23:00 --features default,-genlags,-loadlags
[LightGBM] [Info] Auto-choosing col-wise multi-threading, the overhead of testing was 0.138961 seconds.
You can set `force_col_wise=true` to remove the overhead.
[LightGBM] [Info] Total Bins 11464
[LightGBM] [Info] Auto-choosing col-wise multi-threading, the overhead of testing was 0.139696 seconds.
You can set `force_col_wise=true` to remove the overhead.
[LightGBM] [Info] Total Bins 11464
[LightGBM] [Info] Number of data points in the train set: 91002, number of used features: 107
[LightGBM] [Info] Start training from score 5724.513550
[LightGBM] [Info] Number of data points in the train set: 91002, number of used features: 107
[LightGBM] [Info] Start training from score 5724.430214
[LightGBM] [Info] Auto-choosing col-wise multi-threading, the overhead of testing was 0.142834 seconds.
You can set `force_col_wise=true` to remove the overhead.
[LightGBM] [Info] Auto-choosing col-wise multi-threading, the overhead of testing was 0.145853 seconds.
You can set `force_col_wise=true` to remove the overhead.
[LightGBM] [Info] Total Bins 11464
[LightGBM] [Info] Total Bins 11464
[LightGBM] [Info] Number of data points in the train set: 91002, number of used features: 107
[LightGBM] [Info] Start training from score 5724.129532
[LightGBM] [Info] Number of data points in the train set: 91002, number of used features: 107
[LightGBM] [Info] Start training from score 5724.258143
[LightGBM] [Info] Auto-choosing col-wise multi-threading, the overhead of testing was 0.144823 seconds.
You can set `force_col_wise=true` to remove the overhead.
[LightGBM] [Info] Total Bins 11464
[LightGBM] [Info] Number of data points in the train set: 91002, number of used features: 107
[LightGBM] [Info] Start training from score 5724.194186
[LightGBM] [Info] Auto-choosing col-wise multi-threading, the overhead of testing was 0.127219 seconds.
You can set `force_col_wise=true` to remove the overhead.
[LightGBM] [Info] Total Bins 11464
[LightGBM] [Info] Number of data points in the train set: 91002, number of used features: 107
[LightGBM] [Info] Start training from score 5724.226008
[LightGBM] [Info] Auto-choosing row-wise multi-threading, the overhead of testing was 0.053556 seconds.
You can set `force_row_wise=true` to remove the overhead.
And if memory is not enough, you can set `force_col_wise=true`.
[LightGBM] [Info] Total Bins 11464
[LightGBM] [Info] Auto-choosing col-wise multi-threading, the overhead of testing was 0.137870 seconds.
You can set `force_col_wise=true` to remove the overhead.
[LightGBM] [Info] Number of data points in the train set: 91002, number of used features: 107
[LightGBM] [Info] Total Bins 11464
[LightGBM] [Info] Auto-choosing col-wise multi-threading, the overhead of testing was 0.169188 seconds.
You can set `force_col_wise=true` to remove the overhead.
[LightGBM] [Info] Start training from score 5724.449785
[LightGBM] [Info] Total Bins 11464
[LightGBM] [Info] Number of data points in the train set: 91002, number of used features: 107
[LightGBM] [Info] Start training from score 5724.491559
[LightGBM] [Info] Number of data points in the train set: 91002, number of used features: 107
[LightGBM] [Info] Start training from score 5724.290176
[LightGBM] [Info] Auto-choosing col-wise multi-threading, the overhead of testing was 0.174055 seconds.
You can set `force_col_wise=true` to remove the overhead.
[LightGBM] [Info] Auto-choosing col-wise multi-threading, the overhead of testing was 0.164311 seconds.
You can set `force_col_wise=true` to remove the overhead.
[LightGBM] [Info] Total Bins 11464
[LightGBM] [Info] Total Bins 11464
[LightGBM] [Info] Auto-choosing col-wise multi-threading, the overhead of testing was 0.147416 seconds.
You can set `force_col_wise=true` to remove the overhead.
[LightGBM] [Info] Number of data points in the train set: 91002, number of used features: 107
[LightGBM] [Info] Total Bins 11464
[LightGBM] [Info] Start training from score 5724.470022
[LightGBM] [Info] Number of data points in the train set: 91002, number of used features: 107
[LightGBM] [Info] Start training from score 5724.322564
[LightGBM] [Info] Number of data points in the train set: 91002, number of used features: 107
[LightGBM] [Info] Start training from score 5724.164203
[LightGBM] [Info] Auto-choosing col-wise multi-threading, the overhead of testing was 0.148230 seconds.
You can set `force_col_wise=true` to remove the overhead.
[LightGBM] [Info] Total Bins 11464
[LightGBM] [Info] Auto-choosing col-wise multi-threading, the overhead of testing was 0.138978 seconds.
You can set `force_col_wise=true` to remove the overhead.
[LightGBM] [Info] Number of data points in the train set: 91002, number of used features: 107
[LightGBM] [Info] Total Bins 11464
[LightGBM] [Info] Auto-choosing row-wise multi-threading, the overhead of testing was 0.089071 seconds.
You can set `force_row_wise=true` to remove the overhead.
And if memory is not enough, you can set `force_col_wise=true`.
[LightGBM] [Info] Total Bins 11464
[LightGBM] [Info] Start training from score 5724.353146
[LightGBM] [Info] Number of data points in the train set: 91002, number of used features: 107
[LightGBM] [Info] Number of data points in the train set: 91002, number of used features: 107
[LightGBM] [Info] Start training from score 5724.093739
[LightGBM] [Info] Start training from score 5724.407773
[LightGBM] [Info] Auto-choosing col-wise multi-threading, the overhead of testing was 0.145478 seconds.
You can set `force_col_wise=true` to remove the overhead.
[LightGBM] [Info] Total Bins 11464
[LightGBM] [Info] Number of data points in the train set: 91002, number of used features: 107
[LightGBM] [Info] Start training from score 5724.380627
[LightGBM] [Info] Auto-choosing row-wise multi-threading, the overhead of testing was 0.053938 seconds.
You can set `force_row_wise=true` to remove the overhead.
And if memory is not enough, you can set `force_col_wise=true`.
[LightGBM] [Info] Total Bins 11464
[LightGBM] [Info] Number of data points in the train set: 91002, number of used features: 107
[LightGBM] [Info] Start training from score 5724.055818
[LightGBM] [Info] Auto-choosing col-wise multi-threading, the overhead of testing was 0.115805 seconds.
You can set `force_col_wise=true` to remove the overhead.
[LightGBM] [Info] Total Bins 11464
[LightGBM] [Info] Number of data points in the train set: 91002, number of used features: 107
[LightGBM] [Info] Start training from score 5724.010565
[LightGBM] [Info] Auto-choosing col-wise multi-threading, the overhead of testing was 0.113472 seconds.
You can set `force_col_wise=true` to remove the overhead.
[LightGBM] [Info] Total Bins 11464
[LightGBM] [Info] Number of data points in the train set: 91002, number of used features: 107
[LightGBM] [Info] Start training from score 5723.964794
[LightGBM] [Info] Auto-choosing col-wise multi-threading, the overhead of testing was 0.123376 seconds.
You can set `force_col_wise=true` to remove the overhead.
[LightGBM] [Info] Total Bins 11464
[LightGBM] [Info] Number of data points in the train set: 91002, number of used features: 107
[LightGBM] [Info] Start training from score 5723.921739
[LightGBM] [Info] Auto-choosing col-wise multi-threading, the overhead of testing was 0.117336 seconds.
You can set `force_col_wise=true` to remove the overhead.
[LightGBM] [Info] Total Bins 11464
[LightGBM] [Info] Number of data points in the train set: 91002, number of used features: 107
[LightGBM] [Info] Start training from score 5723.886349
[LightGBM] [Info] Auto-choosing col-wise multi-threading, the overhead of testing was 0.110921 seconds.
You can set `force_col_wise=true` to remove the overhead.
[LightGBM] [Info] Total Bins 11464
[LightGBM] [Info] Number of data points in the train set: 91002, number of used features: 107
[LightGBM] [Info] Start training from score 5723.855397
[LightGBM] [Info] Auto-choosing col-wise multi-threading, the overhead of testing was 0.125755 seconds.
You can set `force_col_wise=true` to remove the overhead.
[LightGBM] [Info] Total Bins 11464
[LightGBM] [Info] Number of data points in the train set: 91002, number of used features: 107
[LightGBM] [Info] Start training from score 5723.806218
[LightGBM] [Info] Auto-choosing row-wise multi-threading, the overhead of testing was 0.051210 seconds.
You can set `force_row_wise=true` to remove the overhead.
And if memory is not enough, you can set `force_col_wise=true`.
[LightGBM] [Info] Total Bins 11464
[LightGBM] [Info] Number of data points in the train set: 91002, number of used features: 107
[LightGBM] [Info] Start training from score 5723.827322
[LightGBM] [Info] Auto-choosing col-wise multi-threading, the overhead of testing was 0.132668 seconds.
You can set `force_col_wise=true` to remove the overhead.
[LightGBM] [Info] Total Bins 11464
[LightGBM] [Info] Number of data points in the train set: 91002, number of used features: 107
[LightGBM] [Info] Start training from score 5723.754037
[LightGBM] [Info] Auto-choosing col-wise multi-threading, the overhead of testing was 0.129319 seconds.
You can set `force_col_wise=true` to remove the overhead.
[LightGBM] [Info] Auto-choosing col-wise multi-threading, the overhead of testing was 0.153052 seconds.
You can set `force_col_wise=true` to remove the overhead.
[LightGBM] [Info] Total Bins 11464
[LightGBM] [Info] Auto-choosing col-wise multi-threading, the overhead of testing was 0.144064 seconds.
You can set `force_col_wise=true` to remove the overhead.
[LightGBM] [Info] Total Bins 11464
[LightGBM] [Info] Total Bins 11464
[LightGBM] [Info] Number of data points in the train set: 91002, number of used features: 107
[LightGBM] [Info] Number of data points in the train set: 91002, number of used features: 107
[LightGBM] [Info] Number of data points in the train set: 91002, number of used features: 107
[LightGBM] [Info] Start training from score 5723.789064
[LightGBM] [Info] Start training from score 5723.770812
[LightGBM] [Info] Start training from score 5723.738474
[LightGBM] [Info] Auto-choosing col-wise multi-threading, the overhead of testing was 0.147882 seconds.
You can set `force_col_wise=true` to remove the overhead.
[LightGBM] [Info] Total Bins 11464
[LightGBM] [Info] Number of data points in the train set: 91002, number of used features: 107
[LightGBM] [Info] Start training from score 5723.722485
[LightGBM] [Info] Auto-choosing col-wise multi-threading, the overhead of testing was 0.116259 seconds.
You can set `force_col_wise=true` to remove the overhead.
[LightGBM] [Info] Total Bins 11464
[LightGBM] [Info] Number of data points in the train set: 91002, number of used features: 107
[LightGBM] [Info] Start training from score 5723.702017
[LightGBM] [Info] Auto-choosing col-wise multi-threading, the overhead of testing was 0.140845 seconds.
You can set `force_col_wise=true` to remove the overhead.
[LightGBM] [Info] Total Bins 11464
[LightGBM] [Info] Number of data points in the train set: 91002, number of used features: 107
[LightGBM] [Info] Start training from score 5723.674640
[LightGBM] [Info] Auto-choosing col-wise multi-threading, the overhead of testing was 0.160810 seconds.
You can set `force_col_wise=true` to remove the overhead.
[LightGBM] [Info] Total Bins 11464
[LightGBM] [Info] Number of data points in the train set: 91002, number of used features: 107
[LightGBM] [Info] Start training from score 5723.646264
[LightGBM] [Info] Auto-choosing row-wise multi-threading, the overhead of testing was 0.048865 seconds.
You can set `force_row_wise=true` to remove the overhead.
And if memory is not enough, you can set `force_col_wise=true`.
[LightGBM] [Info] Total Bins 11464
[LightGBM] [Info] Number of data points in the train set: 91002, number of used features: 107
[LightGBM] [Info] Start training from score 5723.615458
[LightGBM] [Info] Auto-choosing row-wise multi-threading, the overhead of testing was 0.046887 seconds.
You can set `force_row_wise=true` to remove the overhead.
And if memory is not enough, you can set `force_col_wise=true`.
[LightGBM] [Info] Total Bins 11464
[LightGBM] [Info] Number of data points in the train set: 91002, number of used features: 107
[LightGBM] [Info] Start training from score 5723.584938
[LightGBM] [Info] Auto-choosing col-wise multi-threading, the overhead of testing was 0.157912 seconds.
You can set `force_col_wise=true` to remove the overhead.
[LightGBM] [Info] Total Bins 11464
[LightGBM] [Info] Number of data points in the train set: 91002, number of used features: 107
[LightGBM] [Info] Start training from score 5723.556241
[LightGBM] [Info] Auto-choosing col-wise multi-threading, the overhead of testing was 0.146650 seconds.
You can set `force_col_wise=true` to remove the overhead.
[LightGBM] [Info] Total Bins 11464
[LightGBM] [Info] Number of data points in the train set: 91002, number of used features: 107
[LightGBM] [Info] Start training from score 5723.529042
==============================================================================
MASTER FORECAST | algo=lgbm task=load strategy=direct
  market=dam task=load gate=strict delay_override=None → gap=12h (crosslag_gap=12h) | horizon=24 stride=24 retrain=static
  groups=['calendar', 'lags', 'roll', 'resfc', 'loadfc', 'meteo', 'fuel', 'other']  (#features=107)
  test=[2025-06-01 00:00:00 .. 2025-08-31 23:00:00]  train_end=2025-05-31 23:00:00
==============================================================================
  AEL crosslag_mode=freeze (crosslag_gap=12h)
   [fit] key=static cutoff=2025-05-31 11:00:00  (block 1/92)
   [done] 92 blocks σε 725.8s

📊 RESULT | MAE=355.0367 MW | RMSE=465.2317 | sMAPE=5.2524% | n=2208
💾 saved: runs/overnight_20260705/c_load/summer_lgbm_dir_default_nogenlags_noloadlags.json
--- [2026-07-05 10:51:13] OK  runs/overnight_20260705/c_load/summer_lgbm_dir_default_nogenlags_noloadlags.json

=== [2026-07-05 10:51:13] RUN → runs/overnight_20260705/c_load/q1_lgbm_dir_lags_calendar_loadfc.json
    CMD: python -m src.master_forecast --algo lgbm --task load --market dam --strategy direct --gate strict --retrain static --train_end 2025-11-30 23:00 --test_start 2025-12-01 00:00 --test_end 2026-02-28 23:00 --features lags,calendar,loadfc
[LightGBM] [Info] Auto-choosing col-wise multi-threading, the overhead of testing was 0.026851 seconds.
You can set `force_col_wise=true` to remove the overhead.
[LightGBM] [Info] Total Bins 2126
[LightGBM] [Info] Number of data points in the train set: 95393, number of used features: 15
[LightGBM] [Info] Start training from score 5737.183592
[LightGBM] [Info] Auto-choosing col-wise multi-threading, the overhead of testing was 0.023667 seconds.
You can set `force_col_wise=true` to remove the overhead.
[LightGBM] [Info] Total Bins 2126
[LightGBM] [Info] Number of data points in the train set: 95393, number of used features: 15
[LightGBM] [Info] Start training from score 5737.228430
[LightGBM] [Info] Auto-choosing col-wise multi-threading, the overhead of testing was 0.026796 seconds.
You can set `force_col_wise=true` to remove the overhead.
[LightGBM] [Info] Total Bins 2126
[LightGBM] [Info] Number of data points in the train set: 95393, number of used features: 15
[LightGBM] [Info] Start training from score 5737.113926
[LightGBM] [Info] Auto-choosing col-wise multi-threading, the overhead of testing was 0.028016 seconds.
You can set `force_col_wise=true` to remove the overhead.
[LightGBM] [Info] Total Bins 2126
[LightGBM] [Info] Number of data points in the train set: 95393, number of used features: 15
[LightGBM] [Info] Start training from score 5737.016810
[LightGBM] [Info] Auto-choosing col-wise multi-threading, the overhead of testing was 0.035264 seconds.
You can set `force_col_wise=true` to remove the overhead.
[LightGBM] [Info] Total Bins 2126
[LightGBM] [Info] Number of data points in the train set: 95393, number of used features: 15
[LightGBM] [Info] Start training from score 5737.213000
[LightGBM] [Info] Auto-choosing col-wise multi-threading, the overhead of testing was 0.027491 seconds.
You can set `force_col_wise=true` to remove the overhead.
[LightGBM] [Info] Total Bins 2126
[LightGBM] [Info] Number of data points in the train set: 95393, number of used features: 15
[LightGBM] [Info] Start training from score 5736.952510
[LightGBM] [Info] Auto-choosing col-wise multi-threading, the overhead of testing was 0.026330 seconds.
You can set `force_col_wise=true` to remove the overhead.
[LightGBM] [Info] Total Bins 2126
[LightGBM] [Info] Auto-choosing col-wise multi-threading, the overhead of testing was 0.024943 seconds.
You can set `force_col_wise=true` to remove the overhead.
[LightGBM] [Info] Total Bins 2126
[LightGBM] [Info] Number of data points in the train set: 95393, number of used features: 15
[LightGBM] [Info] Auto-choosing col-wise multi-threading, the overhead of testing was 0.023601 seconds.
You can set `force_col_wise=true` to remove the overhead.
[LightGBM] [Info] Total Bins 2126
[LightGBM] [Info] Number of data points in the train set: 95393, number of used features: 15
[LightGBM] [Info] Start training from score 5737.165756
[LightGBM] [Info] Number of data points in the train set: 95393, number of used features: 15
[LightGBM] [Info] Start training from score 5737.140888
[LightGBM] [Info] Start training from score 5737.198268
[LightGBM] [Info] Auto-choosing col-wise multi-threading, the overhead of testing was 0.025638 seconds.
You can set `force_col_wise=true` to remove the overhead.
[LightGBM] [Info] Total Bins 2126
[LightGBM] [Info] Number of data points in the train set: 95393, number of used features: 15
[LightGBM] [Info] Start training from score 5737.083313
[LightGBM] [Info] Auto-choosing col-wise multi-threading, the overhead of testing was 0.024735 seconds.
You can set `force_col_wise=true` to remove the overhead.
[LightGBM] [Info] Total Bins 2126
[LightGBM] [Info] Number of data points in the train set: 95393, number of used features: 15
[LightGBM] [Info] Auto-choosing col-wise multi-threading, the overhead of testing was 0.034368 seconds.
You can set `force_col_wise=true` to remove the overhead.
[LightGBM] [Info] Total Bins 2126
[LightGBM] [Info] Start training from score 5736.983764
[LightGBM] [Info] Auto-choosing col-wise multi-threading, the overhead of testing was 0.026355 seconds.
You can set `force_col_wise=true` to remove the overhead.
[LightGBM] [Info] Total Bins 2126
[LightGBM] [Info] Number of data points in the train set: 95393, number of used features: 15
[LightGBM] [Info] Number of data points in the train set: 95393, number of used features: 15
[LightGBM] [Info] Start training from score 5737.244581
[LightGBM] [Info] Auto-choosing col-wise multi-threading, the overhead of testing was 0.035059 seconds.
You can set `force_col_wise=true` to remove the overhead.
[LightGBM] [Info] Total Bins 2126
[LightGBM] [Info] Start training from score 5736.924214
[LightGBM] [Info] Number of data points in the train set: 95393, number of used features: 15
[LightGBM] [Info] Start training from score 5737.050576
[LightGBM] [Info] Auto-choosing col-wise multi-threading, the overhead of testing was 0.030942 seconds.
You can set `force_col_wise=true` to remove the overhead.
[LightGBM] [Info] Total Bins 2126
[LightGBM] [Info] Number of data points in the train set: 95393, number of used features: 15
[LightGBM] [Info] Start training from score 5736.862976
[LightGBM] [Info] Auto-choosing col-wise multi-threading, the overhead of testing was 0.025124 seconds.
You can set `force_col_wise=true` to remove the overhead.
[LightGBM] [Info] Total Bins 2126
[LightGBM] [Info] Number of data points in the train set: 95393, number of used features: 15
[LightGBM] [Info] Start training from score 5736.892961
[LightGBM] [Info] Auto-choosing row-wise multi-threading, the overhead of testing was 0.013515 seconds.
You can set `force_row_wise=true` to remove the overhead.
And if memory is not enough, you can set `force_col_wise=true`.
[LightGBM] [Info] Total Bins 2126
[LightGBM] [Info] Auto-choosing col-wise multi-threading, the overhead of testing was 0.026893 seconds.
You can set `force_col_wise=true` to remove the overhead.
[LightGBM] [Info] Number of data points in the train set: 95393, number of used features: 15
[LightGBM] [Info] Total Bins 2126
[LightGBM] [Info] Number of data points in the train set: 95393, number of used features: 15
[LightGBM] [Info] Start training from score 5736.834723
[LightGBM] [Info] Start training from score 5736.802941
[LightGBM] [Info] Auto-choosing col-wise multi-threading, the overhead of testing was 0.039880 seconds.
You can set `force_col_wise=true` to remove the overhead.
[LightGBM] [Info] Total Bins 2126
[LightGBM] [Info] Number of data points in the train set: 95393, number of used features: 15
[LightGBM] [Info] Start training from score 5736.771112
[LightGBM] [Info] Auto-choosing row-wise multi-threading, the overhead of testing was 0.009889 seconds.
You can set `force_row_wise=true` to remove the overhead.
And if memory is not enough, you can set `force_col_wise=true`.
[LightGBM] [Info] Total Bins 2126
[LightGBM] [Info] Number of data points in the train set: 95393, number of used features: 15
[LightGBM] [Info] Start training from score 5736.740317
[LightGBM] [Info] Auto-choosing col-wise multi-threading, the overhead of testing was 0.023413 seconds.
You can set `force_col_wise=true` to remove the overhead.
[LightGBM] [Info] Total Bins 2126
[LightGBM] [Info] Number of data points in the train set: 95393, number of used features: 15
[LightGBM] [Info] Start training from score 5736.713483
[LightGBM] [Info] Auto-choosing col-wise multi-threading, the overhead of testing was 0.026068 seconds.
You can set `force_col_wise=true` to remove the overhead.
[LightGBM] [Info] Total Bins 2126
[LightGBM] [Info] Number of data points in the train set: 95393, number of used features: 15
[LightGBM] [Info] Start training from score 5736.671112
[LightGBM] [Info] Auto-choosing col-wise multi-threading, the overhead of testing was 0.032894 seconds.
You can set `force_col_wise=true` to remove the overhead.
[LightGBM] [Info] Total Bins 2126
[LightGBM] [Info] Auto-choosing col-wise multi-threading, the overhead of testing was 0.024854 seconds.
You can set `force_col_wise=true` to remove the overhead.
[LightGBM] [Info] Total Bins 2126
[LightGBM] [Info] Number of data points in the train set: 95393, number of used features: 15
[LightGBM] [Info] Number of data points in the train set: 95393, number of used features: 15
[LightGBM] [Info] Start training from score 5736.691482
[LightGBM] [Info] Start training from score 5736.652712
[LightGBM] [Info] Auto-choosing col-wise multi-threading, the overhead of testing was 0.026771 seconds.
You can set `force_col_wise=true` to remove the overhead.
[LightGBM] [Info] Total Bins 2126
[LightGBM] [Info] Number of data points in the train set: 95393, number of used features: 15
[LightGBM] [Info] Start training from score 5736.637462
[LightGBM] [Info] Auto-choosing col-wise multi-threading, the overhead of testing was 0.043592 seconds.
You can set `force_col_wise=true` to remove the overhead.
[LightGBM] [Info] Total Bins 2126
[LightGBM] [Info] Number of data points in the train set: 95393, number of used features: 15
[LightGBM] [Info] Start training from score 5736.620904
[LightGBM] [Info] Auto-choosing col-wise multi-threading, the overhead of testing was 0.033723 seconds.
You can set `force_col_wise=true` to remove the overhead.
[LightGBM] [Info] Total Bins 2126
[LightGBM] [Info] Number of data points in the train set: 95393, number of used features: 15
[LightGBM] [Info] Start training from score 5736.605533
[LightGBM] [Info] Auto-choosing col-wise multi-threading, the overhead of testing was 0.025392 seconds.
You can set `force_col_wise=true` to remove the overhead.
[LightGBM] [Info] Total Bins 2126
[LightGBM] [Info] Number of data points in the train set: 95393, number of used features: 15
[LightGBM] [Info] Start training from score 5736.590283
[LightGBM] [Info] Auto-choosing col-wise multi-threading, the overhead of testing was 0.027016 seconds.
You can set `force_col_wise=true` to remove the overhead.
[LightGBM] [Info] Total Bins 2126
[LightGBM] [Info] Number of data points in the train set: 95393, number of used features: 15
[LightGBM] [Info] Start training from score 5736.574275
[LightGBM] [Info] Auto-choosing col-wise multi-threading, the overhead of testing was 0.031712 seconds.
You can set `force_col_wise=true` to remove the overhead.
[LightGBM] [Info] Total Bins 2126
[LightGBM] [Info] Number of data points in the train set: 95393, number of used features: 15
[LightGBM] [Info] Start training from score 5736.554453
[LightGBM] [Info] Auto-choosing col-wise multi-threading, the overhead of testing was 0.024695 seconds.
You can set `force_col_wise=true` to remove the overhead.
[LightGBM] [Info] Total Bins 2126
[LightGBM] [Info] Number of data points in the train set: 95393, number of used features: 15
[LightGBM] [Info] Start training from score 5736.526111
[LightGBM] [Info] Auto-choosing col-wise multi-threading, the overhead of testing was 0.025132 seconds.
You can set `force_col_wise=true` to remove the overhead.
[LightGBM] [Info] Total Bins 2126
[LightGBM] [Info] Number of data points in the train set: 95393, number of used features: 15
[LightGBM] [Info] Start training from score 5736.495430
[LightGBM] [Info] Auto-choosing col-wise multi-threading, the overhead of testing was 0.024213 seconds.
You can set `force_col_wise=true` to remove the overhead.
[LightGBM] [Info] Total Bins 2126
[LightGBM] [Info] Number of data points in the train set: 95393, number of used features: 15
[LightGBM] [Info] Start training from score 5736.461668
[LightGBM] [Info] Auto-choosing col-wise multi-threading, the overhead of testing was 0.023251 seconds.
You can set `force_col_wise=true` to remove the overhead.
[LightGBM] [Info] Total Bins 2126
[LightGBM] [Info] Number of data points in the train set: 95393, number of used features: 15
[LightGBM] [Info] Start training from score 5736.428813
[LightGBM] [Info] Auto-choosing col-wise multi-threading, the overhead of testing was 0.023145 seconds.
You can set `force_col_wise=true` to remove the overhead.
[LightGBM] [Info] Total Bins 2126
[LightGBM] [Info] Number of data points in the train set: 95393, number of used features: 15
[LightGBM] [Info] Start training from score 5736.371402
[LightGBM] [Info] Auto-choosing col-wise multi-threading, the overhead of testing was 0.023164 seconds.
You can set `force_col_wise=true` to remove the overhead.
[LightGBM] [Info] Total Bins 2126
[LightGBM] [Info] Number of data points in the train set: 95393, number of used features: 15
[LightGBM] [Info] Start training from score 5736.398843
==============================================================================
MASTER FORECAST | algo=lgbm task=load strategy=direct
  market=dam task=load gate=strict delay_override=None → gap=12h (crosslag_gap=12h) | horizon=24 stride=24 retrain=static
  groups=['calendar', 'lags', 'loadfc']  (#features=15)
  test=[2025-12-01 00:00:00 .. 2026-02-28 23:00:00]  train_end=2025-11-30 23:00:00
==============================================================================
  AEL crosslag_mode=freeze (crosslag_gap=12h)
   [fit] key=static cutoff=2025-11-30 11:00:00  (block 1/90)
   [done] 90 blocks σε 426.6s

📊 RESULT | MAE=285.7548 MW | RMSE=401.8565 | sMAPE=4.7762% | n=2160
💾 saved: runs/overnight_20260705/c_load/q1_lgbm_dir_lags_calendar_loadfc.json
--- [2026-07-05 10:58:27] OK  runs/overnight_20260705/c_load/q1_lgbm_dir_lags_calendar_loadfc.json

=== [2026-07-05 10:58:27] RUN → runs/overnight_20260705/c_load/summer_lgbm_dir_lags_calendar_loadfc.json
    CMD: python -m src.master_forecast --algo lgbm --task load --market dam --strategy direct --gate strict --retrain static --train_end 2025-05-31 23:00 --test_start 2025-06-01 00:00 --test_end 2025-08-31 23:00 --features lags,calendar,loadfc
[LightGBM] [Info] Auto-choosing col-wise multi-threading, the overhead of testing was 0.018202 seconds.
You can set `force_col_wise=true` to remove the overhead.
[LightGBM] [Info] Total Bins 2126
[LightGBM] [Info] Number of data points in the train set: 91002, number of used features: 15
[LightGBM] [Info] Start training from score 5724.491559
[LightGBM] [Info] Auto-choosing col-wise multi-threading, the overhead of testing was 0.013905 seconds.
You can set `force_col_wise=true` to remove the overhead.
[LightGBM] [Info] Total Bins 2126
[LightGBM] [Info] Number of data points in the train set: 91002, number of used features: 15
[LightGBM] [Info] Start training from score 5724.258143
[LightGBM] [Info] Auto-choosing col-wise multi-threading, the overhead of testing was 0.019463 seconds.
You can set `force_col_wise=true` to remove the overhead.
[LightGBM] [Info] Total Bins 2126
[LightGBM] [Info] Number of data points in the train set: 91002, number of used features: 15
[LightGBM] [Info] Start training from score 5724.513550
[LightGBM] [Info] Auto-choosing col-wise multi-threading, the overhead of testing was 0.014685 seconds.
You can set `force_col_wise=true` to remove the overhead.
[LightGBM] [Info] Total Bins 2126
[LightGBM] [Info] Auto-choosing col-wise multi-threading, the overhead of testing was 0.016702 seconds.
You can set `force_col_wise=true` to remove the overhead.
[LightGBM] [Info] Total Bins 2126
[LightGBM] [Info] Number of data points in the train set: 91002, number of used features: 15
[LightGBM] [Info] Number of data points in the train set: 91002, number of used features: 15
[LightGBM] [Info] Start training from score 5724.449785
[LightGBM] [Info] Start training from score 5724.470022
[LightGBM] [Info] Auto-choosing col-wise multi-threading, the overhead of testing was 0.021738 seconds.
You can set `force_col_wise=true` to remove the overhead.
[LightGBM] [Info] Total Bins 2126
[LightGBM] [Info] Number of data points in the train set: 91002, number of used features: 15
[LightGBM] [Info] Start training from score 5724.194186
[LightGBM] [Info] Auto-choosing row-wise multi-threading, the overhead of testing was 0.007107 seconds.
You can set `force_row_wise=true` to remove the overhead.
And if memory is not enough, you can set `force_col_wise=true`.
[LightGBM] [Info] Total Bins 2126
[LightGBM] [Info] Number of data points in the train set: 91002, number of used features: 15
[LightGBM] [Info] Start training from score 5724.226008
[LightGBM] [Info] Auto-choosing col-wise multi-threading, the overhead of testing was 0.019227 seconds.
You can set `force_col_wise=true` to remove the overhead.
[LightGBM] [Info] Total Bins 2126
[LightGBM] [Info] Number of data points in the train set: 91002, number of used features: 15
[LightGBM] [Info] Start training from score 5724.380627
[LightGBM] [Info] Auto-choosing row-wise multi-threading, the overhead of testing was 0.009416 seconds.
You can set `force_row_wise=true` to remove the overhead.
And if memory is not enough, you can set `force_col_wise=true`.
[LightGBM] [Info] Total Bins 2126
[LightGBM] [Info] Number of data points in the train set: 91002, number of used features: 15
[LightGBM] [Info] Start training from score 5724.430214
[LightGBM] [Info] Auto-choosing col-wise multi-threading, the overhead of testing was 0.024272 seconds.
You can set `force_col_wise=true` to remove the overhead.
[LightGBM] [Info] Total Bins 2126
[LightGBM] [Info] Number of data points in the train set: 91002, number of used features: 15
[LightGBM] [Info] Auto-choosing row-wise multi-threading, the overhead of testing was 0.005747 seconds.
You can set `force_row_wise=true` to remove the overhead.
And if memory is not enough, you can set `force_col_wise=true`.
[LightGBM] [Info] Total Bins 2126
[LightGBM] [Info] Start training from score 5724.407773
[LightGBM] [Info] Number of data points in the train set: 91002, number of used features: 15
[LightGBM] [Info] Start training from score 5724.164203
[LightGBM] [Info] Auto-choosing col-wise multi-threading, the overhead of testing was 0.024940 seconds.
You can set `force_col_wise=true` to remove the overhead.
[LightGBM] [Info] Total Bins 2126
[LightGBM] [Info] Number of data points in the train set: 91002, number of used features: 15
[LightGBM] [Info] Start training from score 5724.322564
[LightGBM] [Info] Auto-choosing col-wise multi-threading, the overhead of testing was 0.021223 seconds.
You can set `force_col_wise=true` to remove the overhead.
[LightGBM] [Info] Total Bins 2126
[LightGBM] [Info] Auto-choosing col-wise multi-threading, the overhead of testing was 0.017149 seconds.
You can set `force_col_wise=true` to remove the overhead.
[LightGBM] [Info] Total Bins 2126
[LightGBM] [Info] Number of data points in the train set: 91002, number of used features: 15
[LightGBM] [Info] Start training from score 5724.093739
[LightGBM] [Info] Number of data points in the train set: 91002, number of used features: 15
[LightGBM] [Info] Start training from score 5724.353146
[LightGBM] [Info] Auto-choosing row-wise multi-threading, the overhead of testing was 0.005965 seconds.
You can set `force_row_wise=true` to remove the overhead.
And if memory is not enough, you can set `force_col_wise=true`.
[LightGBM] [Info] Total Bins 2126
[LightGBM] [Info] Auto-choosing row-wise multi-threading, the overhead of testing was 0.018000 seconds.
You can set `force_row_wise=true` to remove the overhead.
And if memory is not enough, you can set `force_col_wise=true`.
[LightGBM] [Info] Total Bins 2126
[LightGBM] [Info] Number of data points in the train set: 91002, number of used features: 15
[LightGBM] [Info] Start training from score 5724.129532
[LightGBM] [Info] Number of data points in the train set: 91002, number of used features: 15
[LightGBM] [Info] Start training from score 5724.290176
[LightGBM] [Info] Auto-choosing col-wise multi-threading, the overhead of testing was 0.023482 seconds.
You can set `force_col_wise=true` to remove the overhead.
[LightGBM] [Info] Total Bins 2126
[LightGBM] [Info] Number of data points in the train set: 91002, number of used features: 15
[LightGBM] [Info] Start training from score 5724.055818
[LightGBM] [Info] Auto-choosing row-wise multi-threading, the overhead of testing was 0.008329 seconds.
You can set `force_row_wise=true` to remove the overhead.
And if memory is not enough, you can set `force_col_wise=true`.
[LightGBM] [Info] Total Bins 2126
[LightGBM] [Info] Number of data points in the train set: 91002, number of used features: 15
[LightGBM] [Info] Start training from score 5724.010565
[LightGBM] [Info] Auto-choosing col-wise multi-threading, the overhead of testing was 0.017239 seconds.
You can set `force_col_wise=true` to remove the overhead.
[LightGBM] [Info] Total Bins 2126
[LightGBM] [Info] Number of data points in the train set: 91002, number of used features: 15
[LightGBM] [Info] Start training from score 5723.964794
[LightGBM] [Info] Auto-choosing row-wise multi-threading, the overhead of testing was 0.041019 seconds.
You can set `force_row_wise=true` to remove the overhead.
And if memory is not enough, you can set `force_col_wise=true`.
[LightGBM] [Info] Total Bins 2126
[LightGBM] [Info] Number of data points in the train set: 91002, number of used features: 15
[LightGBM] [Info] Start training from score 5723.921739
[LightGBM] [Info] Auto-choosing row-wise multi-threading, the overhead of testing was 0.017639 seconds.
You can set `force_row_wise=true` to remove the overhead.
And if memory is not enough, you can set `force_col_wise=true`.
[LightGBM] [Info] Total Bins 2126
[LightGBM] [Info] Number of data points in the train set: 91002, number of used features: 15
[LightGBM] [Info] Start training from score 5723.886349
[LightGBM] [Info] Auto-choosing col-wise multi-threading, the overhead of testing was 0.070132 seconds.
You can set `force_col_wise=true` to remove the overhead.
[LightGBM] [Info] Total Bins 2126
[LightGBM] [Info] Number of data points in the train set: 91002, number of used features: 15
[LightGBM] [Info] Start training from score 5723.855397
[LightGBM] [Info] Auto-choosing col-wise multi-threading, the overhead of testing was 0.077044 seconds.
You can set `force_col_wise=true` to remove the overhead.
[LightGBM] [Info] Total Bins 2126
[LightGBM] [Info] Number of data points in the train set: 91002, number of used features: 15
[LightGBM] [Info] Start training from score 5723.827322
[LightGBM] [Info] Auto-choosing col-wise multi-threading, the overhead of testing was 0.056364 seconds.
You can set `force_col_wise=true` to remove the overhead.
[LightGBM] [Info] Total Bins 2126
[LightGBM] [Info] Number of data points in the train set: 91002, number of used features: 15
[LightGBM] [Info] Auto-choosing row-wise multi-threading, the overhead of testing was 0.026525 seconds.
You can set `force_row_wise=true` to remove the overhead.
And if memory is not enough, you can set `force_col_wise=true`.
[LightGBM] [Info] Total Bins 2126
[LightGBM] [Info] Number of data points in the train set: 91002, number of used features: 15
[LightGBM] [Info] Start training from score 5723.789064
[LightGBM] [Info] Start training from score 5723.806218
[LightGBM] [Info] Auto-choosing col-wise multi-threading, the overhead of testing was 0.062296 seconds.
You can set `force_col_wise=true` to remove the overhead.
[LightGBM] [Info] Total Bins 2126
[LightGBM] [Info] Number of data points in the train set: 91002, number of used features: 15
[LightGBM] [Info] Start training from score 5723.770812
[LightGBM] [Info] Auto-choosing col-wise multi-threading, the overhead of testing was 0.080255 seconds.
You can set `force_col_wise=true` to remove the overhead.
[LightGBM] [Info] Total Bins 2126
[LightGBM] [Info] Number of data points in the train set: 91002, number of used features: 15
[LightGBM] [Info] Start training from score 5723.754037
[LightGBM] [Info] Auto-choosing col-wise multi-threading, the overhead of testing was 0.069240 seconds.
You can set `force_col_wise=true` to remove the overhead.
[LightGBM] [Info] Total Bins 2126
[LightGBM] [Info] Number of data points in the train set: 91002, number of used features: 15
[LightGBM] [Info] Start training from score 5723.738474
[LightGBM] [Info] Auto-choosing col-wise multi-threading, the overhead of testing was 0.076202 seconds.
You can set `force_col_wise=true` to remove the overhead.
[LightGBM] [Info] Total Bins 2126
[LightGBM] [Info] Number of data points in the train set: 91002, number of used features: 15
[LightGBM] [Info] Start training from score 5723.722485
[LightGBM] [Info] Auto-choosing col-wise multi-threading, the overhead of testing was 0.083434 seconds.
You can set `force_col_wise=true` to remove the overhead.
[LightGBM] [Info] Total Bins 2126
[LightGBM] [Info] Number of data points in the train set: 91002, number of used features: 15
[LightGBM] [Info] Auto-choosing row-wise multi-threading, the overhead of testing was 0.032922 seconds.
You can set `force_row_wise=true` to remove the overhead.
And if memory is not enough, you can set `force_col_wise=true`.
[LightGBM] [Info] Total Bins 2126
[LightGBM] [Info] Start training from score 5723.702017
[LightGBM] [Info] Number of data points in the train set: 91002, number of used features: 15
[LightGBM] [Info] Start training from score 5723.674640
[LightGBM] [Info] Auto-choosing col-wise multi-threading, the overhead of testing was 0.072993 seconds.
You can set `force_col_wise=true` to remove the overhead.
[LightGBM] [Info] Total Bins 2126
[LightGBM] [Info] Number of data points in the train set: 91002, number of used features: 15
[LightGBM] [Info] Start training from score 5723.646264
[LightGBM] [Info] Auto-choosing col-wise multi-threading, the overhead of testing was 0.074010 seconds.
You can set `force_col_wise=true` to remove the overhead.
[LightGBM] [Info] Total Bins 2126
[LightGBM] [Info] Number of data points in the train set: 91002, number of used features: 15
[LightGBM] [Info] Start training from score 5723.615458
[LightGBM] [Info] Auto-choosing row-wise multi-threading, the overhead of testing was 0.026861 seconds.
You can set `force_row_wise=true` to remove the overhead.
And if memory is not enough, you can set `force_col_wise=true`.
[LightGBM] [Info] Total Bins 2126
[LightGBM] [Info] Number of data points in the train set: 91002, number of used features: 15
[LightGBM] [Info] Start training from score 5723.584938
[LightGBM] [Info] Auto-choosing row-wise multi-threading, the overhead of testing was 0.027084 seconds.
You can set `force_row_wise=true` to remove the overhead.
And if memory is not enough, you can set `force_col_wise=true`.
[LightGBM] [Info] Total Bins 2126
[LightGBM] [Info] Number of data points in the train set: 91002, number of used features: 15
[LightGBM] [Info] Start training from score 5723.556241
[LightGBM] [Info] Auto-choosing col-wise multi-threading, the overhead of testing was 0.052617 seconds.
You can set `force_col_wise=true` to remove the overhead.
[LightGBM] [Info] Total Bins 2126
[LightGBM] [Info] Number of data points in the train set: 91002, number of used features: 15
[LightGBM] [Info] Start training from score 5723.529042
==============================================================================
MASTER FORECAST | algo=lgbm task=load strategy=direct
  market=dam task=load gate=strict delay_override=None → gap=12h (crosslag_gap=12h) | horizon=24 stride=24 retrain=static
  groups=['calendar', 'lags', 'loadfc']  (#features=15)
  test=[2025-06-01 00:00:00 .. 2025-08-31 23:00:00]  train_end=2025-05-31 23:00:00
==============================================================================
  AEL crosslag_mode=freeze (crosslag_gap=12h)
   [fit] key=static cutoff=2025-05-31 11:00:00  (block 1/92)
   [done] 92 blocks σε 604.8s

📊 RESULT | MAE=303.3038 MW | RMSE=402.4541 | sMAPE=4.459% | n=2208
💾 saved: runs/overnight_20260705/c_load/summer_lgbm_dir_lags_calendar_loadfc.json
--- [2026-07-05 11:08:38] OK  runs/overnight_20260705/c_load/summer_lgbm_dir_lags_calendar_loadfc.json

=== [2026-07-05 11:08:38] RUN → runs/overnight_20260705/c_load/q1_lgbm_dir_default_dense.json
    CMD: python -m src.master_forecast --algo lgbm --task load --market dam --strategy direct --gate strict --retrain static --train_end 2025-11-30 23:00 --test_start 2025-12-01 00:00 --test_end 2026-02-28 23:00 --features default,dense
[LightGBM] [Info] Auto-choosing col-wise multi-threading, the overhead of testing was 0.632528 seconds.
You can set `force_col_wise=true` to remove the overhead.
[LightGBM] [Info] Total Bins 22691
[LightGBM] [Info] Number of data points in the train set: 95393, number of used features: 151
[LightGBM] [Info] Start training from score 5737.140888
[LightGBM] [Info] Auto-choosing col-wise multi-threading, the overhead of testing was 0.598222 seconds.
You can set `force_col_wise=true` to remove the overhead.
[LightGBM] [Info] Total Bins 22691
[LightGBM] [Info] Number of data points in the train set: 95393, number of used features: 151
[LightGBM] [Info] Start training from score 5737.183592
[LightGBM] [Info] Auto-choosing col-wise multi-threading, the overhead of testing was 0.611067 seconds.
You can set `force_col_wise=true` to remove the overhead.
[LightGBM] [Info] Total Bins 22691
[LightGBM] [Info] Number of data points in the train set: 95393, number of used features: 151
[LightGBM] [Info] Start training from score 5737.165756
[LightGBM] [Info] Auto-choosing col-wise multi-threading, the overhead of testing was 0.627531 seconds.
You can set `force_col_wise=true` to remove the overhead.
[LightGBM] [Info] Total Bins 22691
[LightGBM] [Info] Number of data points in the train set: 95393, number of used features: 151
[LightGBM] [Info] Auto-choosing col-wise multi-threading, the overhead of testing was 0.611166 seconds.
You can set `force_col_wise=true` to remove the overhead.
[LightGBM] [Info] Total Bins 22691
[LightGBM] [Info] Auto-choosing row-wise multi-threading, the overhead of testing was 0.202010 seconds.
You can set `force_row_wise=true` to remove the overhead.
And if memory is not enough, you can set `force_col_wise=true`.
[LightGBM] [Info] Total Bins 22691
[LightGBM] [Info] Start training from score 5737.213000
[LightGBM] [Info] Number of data points in the train set: 95393, number of used features: 151
[LightGBM] [Info] Number of data points in the train set: 95393, number of used features: 151
[LightGBM] [Info] Start training from score 5737.228430
[LightGBM] [Info] Start training from score 5737.198268
[LightGBM] [Info] Auto-choosing col-wise multi-threading, the overhead of testing was 0.545314 seconds.
You can set `force_col_wise=true` to remove the overhead.
[LightGBM] [Info] Total Bins 22691
[LightGBM] [Info] Number of data points in the train set: 95393, number of used features: 151
[LightGBM] [Info] Start training from score 5737.244581
[LightGBM] [Info] Auto-choosing col-wise multi-threading, the overhead of testing was 0.567777 seconds.
You can set `force_col_wise=true` to remove the overhead.
[LightGBM] [Info] Total Bins 22691
[LightGBM] [Info] Number of data points in the train set: 95393, number of used features: 151
[LightGBM] [Info] Start training from score 5737.113926
[LightGBM] [Info] Auto-choosing col-wise multi-threading, the overhead of testing was 0.561146 seconds.
You can set `force_col_wise=true` to remove the overhead.
[LightGBM] [Info] Total Bins 22691
[LightGBM] [Info] Number of data points in the train set: 95393, number of used features: 151
[LightGBM] [Info] Start training from score 5737.050576
[LightGBM] [Info] Auto-choosing col-wise multi-threading, the overhead of testing was 0.610315 seconds.
You can set `force_col_wise=true` to remove the overhead.
[LightGBM] [Info] Total Bins 22691
[LightGBM] [Info] Auto-choosing col-wise multi-threading, the overhead of testing was 0.622432 seconds.
You can set `force_col_wise=true` to remove the overhead.
[LightGBM] [Info] Auto-choosing col-wise multi-threading, the overhead of testing was 0.635505 seconds.
You can set `force_col_wise=true` to remove the overhead.
[LightGBM] [Info] Total Bins 22691
[LightGBM] [Info] Total Bins 22691
[LightGBM] [Info] Number of data points in the train set: 95393, number of used features: 151
[LightGBM] [Info] Start training from score 5736.924214
[LightGBM] [Info] Auto-choosing col-wise multi-threading, the overhead of testing was 0.655694 seconds.
You can set `force_col_wise=true` to remove the overhead.
[LightGBM] [Info] Number of data points in the train set: 95393, number of used features: 151
[LightGBM] [Info] Total Bins 22691
[LightGBM] [Info] Number of data points in the train set: 95393, number of used features: 151
[LightGBM] [Info] Start training from score 5736.983764
[LightGBM] [Info] Start training from score 5737.083313
[LightGBM] [Info] Number of data points in the train set: 95393, number of used features: 151
[LightGBM] [Info] Start training from score 5736.952510
[LightGBM] [Info] Auto-choosing col-wise multi-threading, the overhead of testing was 0.660409 seconds.
You can set `force_col_wise=true` to remove the overhead.
[LightGBM] [Info] Total Bins 22691
[LightGBM] [Info] Auto-choosing col-wise multi-threading, the overhead of testing was 0.682284 seconds.
You can set `force_col_wise=true` to remove the overhead.
[LightGBM] [Info] Total Bins 22691
[LightGBM] [Info] Auto-choosing col-wise multi-threading, the overhead of testing was 0.664546 seconds.
You can set `force_col_wise=true` to remove the overhead.
[LightGBM] [Info] Number of data points in the train set: 95393, number of used features: 151
[LightGBM] [Info] Total Bins 22691
[LightGBM] [Info] Start training from score 5737.016810
[LightGBM] [Info] Number of data points in the train set: 95393, number of used features: 151
[LightGBM] [Info] Start training from score 5736.892961
[LightGBM] [Info] Number of data points in the train set: 95393, number of used features: 151
[LightGBM] [Info] Start training from score 5736.862976
[LightGBM] [Info] Auto-choosing col-wise multi-threading, the overhead of testing was 1.557164 seconds.
You can set `force_col_wise=true` to remove the overhead.
[LightGBM] [Info] Total Bins 22691
[LightGBM] [Info] Number of data points in the train set: 95393, number of used features: 151
[LightGBM] [Info] Start training from score 5736.834723
[LightGBM] [Info] Auto-choosing col-wise multi-threading, the overhead of testing was 1.562108 seconds.
You can set `force_col_wise=true` to remove the overhead.
[LightGBM] [Info] Total Bins 22691
[LightGBM] [Info] Number of data points in the train set: 95393, number of used features: 151
[LightGBM] [Info] Start training from score 5736.802941
[LightGBM] [Info] Auto-choosing col-wise multi-threading, the overhead of testing was 1.520978 seconds.
You can set `force_col_wise=true` to remove the overhead.
[LightGBM] [Info] Total Bins 22691
[LightGBM] [Info] Number of data points in the train set: 95393, number of used features: 151
[LightGBM] [Info] Start training from score 5736.771112
[LightGBM] [Info] Auto-choosing col-wise multi-threading, the overhead of testing was 1.565950 seconds.
You can set `force_col_wise=true` to remove the overhead.
[LightGBM] [Info] Total Bins 22691
[LightGBM] [Info] Number of data points in the train set: 95393, number of used features: 151
[LightGBM] [Info] Start training from score 5736.740317
[LightGBM] [Info] Auto-choosing col-wise multi-threading, the overhead of testing was 1.482879 seconds.
You can set `force_col_wise=true` to remove the overhead.
[LightGBM] [Info] Total Bins 22691
[LightGBM] [Info] Number of data points in the train set: 95393, number of used features: 151
[LightGBM] [Info] Start training from score 5736.713483
[LightGBM] [Info] Auto-choosing col-wise multi-threading, the overhead of testing was 1.591823 seconds.
You can set `force_col_wise=true` to remove the overhead.
[LightGBM] [Info] Total Bins 22691
[LightGBM] [Info] Number of data points in the train set: 95393, number of used features: 151
[LightGBM] [Info] Start training from score 5736.691482
[LightGBM] [Info] Auto-choosing col-wise multi-threading, the overhead of testing was 1.581595 seconds.
You can set `force_col_wise=true` to remove the overhead.
[LightGBM] [Info] Total Bins 22691
[LightGBM] [Info] Number of data points in the train set: 95393, number of used features: 151
[LightGBM] [Info] Start training from score 5736.671112
[LightGBM] [Info] Auto-choosing col-wise multi-threading, the overhead of testing was 1.616646 seconds.
You can set `force_col_wise=true` to remove the overhead.
[LightGBM] [Info] Total Bins 22691
[LightGBM] [Info] Number of data points in the train set: 95393, number of used features: 151
[LightGBM] [Info] Start training from score 5736.652712
[LightGBM] [Info] Auto-choosing col-wise multi-threading, the overhead of testing was 1.567114 seconds.
You can set `force_col_wise=true` to remove the overhead.
[LightGBM] [Info] Total Bins 22691
[LightGBM] [Info] Number of data points in the train set: 95393, number of used features: 151
[LightGBM] [Info] Start training from score 5736.637462
[LightGBM] [Info] Auto-choosing col-wise multi-threading, the overhead of testing was 1.542941 seconds.
You can set `force_col_wise=true` to remove the overhead.
[LightGBM] [Info] Total Bins 22691
[LightGBM] [Info] Number of data points in the train set: 95393, number of used features: 151
[LightGBM] [Info] Start training from score 5736.620904
[LightGBM] [Info] Auto-choosing col-wise multi-threading, the overhead of testing was 1.614534 seconds.
You can set `force_col_wise=true` to remove the overhead.
[LightGBM] [Info] Total Bins 22691
[LightGBM] [Info] Number of data points in the train set: 95393, number of used features: 151
[LightGBM] [Info] Start training from score 5736.605533
[LightGBM] [Info] Auto-choosing col-wise multi-threading, the overhead of testing was 1.562146 seconds.
You can set `force_col_wise=true` to remove the overhead.
[LightGBM] [Info] Total Bins 22691
[LightGBM] [Info] Number of data points in the train set: 95393, number of used features: 151
[LightGBM] [Info] Start training from score 5736.590283
[LightGBM] [Info] Auto-choosing col-wise multi-threading, the overhead of testing was 1.626066 seconds.
You can set `force_col_wise=true` to remove the overhead.
[LightGBM] [Info] Total Bins 22691
[LightGBM] [Info] Number of data points in the train set: 95393, number of used features: 151
[LightGBM] [Info] Start training from score 5736.574275
[LightGBM] [Info] Auto-choosing col-wise multi-threading, the overhead of testing was 1.588409 seconds.
You can set `force_col_wise=true` to remove the overhead.
[LightGBM] [Info] Total Bins 22691
[LightGBM] [Info] Number of data points in the train set: 95393, number of used features: 151
[LightGBM] [Info] Start training from score 5736.554453
[LightGBM] [Info] Auto-choosing col-wise multi-threading, the overhead of testing was 1.512605 seconds.
You can set `force_col_wise=true` to remove the overhead.
[LightGBM] [Info] Total Bins 22691
[LightGBM] [Info] Number of data points in the train set: 95393, number of used features: 151
[LightGBM] [Info] Start training from score 5736.526111
[LightGBM] [Info] Auto-choosing col-wise multi-threading, the overhead of testing was 1.519888 seconds.
You can set `force_col_wise=true` to remove the overhead.
[LightGBM] [Info] Total Bins 22691
[LightGBM] [Info] Number of data points in the train set: 95393, number of used features: 151
[LightGBM] [Info] Start training from score 5736.495430
[LightGBM] [Info] Auto-choosing col-wise multi-threading, the overhead of testing was 0.252077 seconds.
You can set `force_col_wise=true` to remove the overhead.
[LightGBM] [Info] Total Bins 22691
[LightGBM] [Info] Number of data points in the train set: 95393, number of used features: 151
[LightGBM] [Info] Start training from score 5736.461668
[LightGBM] [Info] Auto-choosing col-wise multi-threading, the overhead of testing was 0.256556 seconds.
You can set `force_col_wise=true` to remove the overhead.
[LightGBM] [Info] Total Bins 22691
[LightGBM] [Info] Number of data points in the train set: 95393, number of used features: 151
[LightGBM] [Info] Start training from score 5736.428813
[LightGBM] [Info] Auto-choosing col-wise multi-threading, the overhead of testing was 0.349018 seconds.
You can set `force_col_wise=true` to remove the overhead.
[LightGBM] [Info] Total Bins 22691
[LightGBM] [Info] Number of data points in the train set: 95393, number of used features: 151
[LightGBM] [Info] Start training from score 5736.398843
[LightGBM] [Info] Auto-choosing col-wise multi-threading, the overhead of testing was 0.245304 seconds.
You can set `force_col_wise=true` to remove the overhead.
[LightGBM] [Info] Total Bins 22691
[LightGBM] [Info] Number of data points in the train set: 95393, number of used features: 151
[LightGBM] [Info] Start training from score 5736.371402
==============================================================================
MASTER FORECAST | algo=lgbm task=load strategy=direct
  market=dam task=load gate=strict delay_override=None → gap=12h (crosslag_gap=12h) | horizon=24 stride=24 retrain=static
  groups=['calendar', 'lags', 'dense', 'roll', 'resfc', 'loadfc', 'meteo', 'fuel', 'genlags', 'loadlags', 'other']  (#features=151)
  test=[2025-12-01 00:00:00 .. 2026-02-28 23:00:00]  train_end=2025-11-30 23:00:00
==============================================================================
  AEL crosslag_mode=freeze (crosslag_gap=12h)
   [fit] key=static cutoff=2025-11-30 11:00:00  (block 1/90)
   [done] 90 blocks σε 872.7s

📊 RESULT | MAE=268.5544 MW | RMSE=392.4497 | sMAPE=4.5302% | n=2160
💾 saved: runs/overnight_20260705/c_load/q1_lgbm_dir_default_dense.json
--- [2026-07-05 11:23:16] OK  runs/overnight_20260705/c_load/q1_lgbm_dir_default_dense.json

=== [2026-07-05 11:23:16] RUN → runs/overnight_20260705/c_load/summer_lgbm_dir_default_dense.json
    CMD: python -m src.master_forecast --algo lgbm --task load --market dam --strategy direct --gate strict --retrain static --train_end 2025-05-31 23:00 --test_start 2025-06-01 00:00 --test_end 2025-08-31 23:00 --features default,dense
[LightGBM] [Info] Auto-choosing col-wise multi-threading, the overhead of testing was 0.227340 seconds.
You can set `force_col_wise=true` to remove the overhead.
[LightGBM] [Info] Total Bins 22684
[LightGBM] [Info] Number of data points in the train set: 91002, number of used features: 151
[LightGBM] [Info] Start training from score 5724.491559
[LightGBM] [Info] Auto-choosing col-wise multi-threading, the overhead of testing was 0.235036 seconds.
You can set `force_col_wise=true` to remove the overhead.
[LightGBM] [Info] Total Bins 22684
[LightGBM] [Info] Number of data points in the train set: 91002, number of used features: 151
[LightGBM] [Info] Start training from score 5724.513550
[LightGBM] [Info] Auto-choosing col-wise multi-threading, the overhead of testing was 0.219808 seconds.
You can set `force_col_wise=true` to remove the overhead.
[LightGBM] [Info] Total Bins 22684
[LightGBM] [Info] Number of data points in the train set: 91002, number of used features: 151
[LightGBM] [Info] Start training from score 5724.380627
[LightGBM] [Info] Auto-choosing col-wise multi-threading, the overhead of testing was 0.217757 seconds.
You can set `force_col_wise=true` to remove the overhead.
[LightGBM] [Info] Total Bins 22684
[LightGBM] [Info] Number of data points in the train set: 91002, number of used features: 151
[LightGBM] [Info] Start training from score 5724.470022
[LightGBM] [Info] Auto-choosing col-wise multi-threading, the overhead of testing was 0.189371 seconds.
You can set `force_col_wise=true` to remove the overhead.
[LightGBM] [Info] Total Bins 22684
[LightGBM] [Info] Number of data points in the train set: 91002, number of used features: 151
[LightGBM] [Info] Start training from score 5724.353146
[LightGBM] [Info] Auto-choosing col-wise multi-threading, the overhead of testing was 0.219146 seconds.
You can set `force_col_wise=true` to remove the overhead.
[LightGBM] [Info] Total Bins 22684
[LightGBM] [Info] Number of data points in the train set: 91002, number of used features: 151
[LightGBM] [Info] Start training from score 5724.430214
[LightGBM] [Info] Auto-choosing col-wise multi-threading, the overhead of testing was 0.225594 seconds.
You can set `force_col_wise=true` to remove the overhead.
[LightGBM] [Info] Total Bins 22684
[LightGBM] [Info] Number of data points in the train set: 91002, number of used features: 151
[LightGBM] [Info] Start training from score 5724.194186
[LightGBM] [Info] Auto-choosing col-wise multi-threading, the overhead of testing was 0.239483 seconds.
You can set `force_col_wise=true` to remove the overhead.
[LightGBM] [Info] Total Bins 22684
[LightGBM] [Info] Number of data points in the train set: 91002, number of used features: 151
[LightGBM] [Info] Start training from score 5724.258143
[LightGBM] [Info] Auto-choosing col-wise multi-threading, the overhead of testing was 0.247888 seconds.
You can set `force_col_wise=true` to remove the overhead.
[LightGBM] [Info] Total Bins 22684
[LightGBM] [Info] Number of data points in the train set: 91002, number of used features: 151
[LightGBM] [Info] Start training from score 5724.290176
[LightGBM] [Info] Auto-choosing col-wise multi-threading, the overhead of testing was 0.244545 seconds.
You can set `force_col_wise=true` to remove the overhead.
[LightGBM] [Info] Auto-choosing col-wise multi-threading, the overhead of testing was 0.207306 seconds.
You can set `force_col_wise=true` to remove the overhead.
[LightGBM] [Info] Total Bins 22684
[LightGBM] [Info] Total Bins 22684
[LightGBM] [Info] Number of data points in the train set: 91002, number of used features: 151
[LightGBM] [Info] Start training from score 5724.322564
[LightGBM] [Info] Number of data points in the train set: 91002, number of used features: 151
[LightGBM] [Info] Start training from score 5724.226008
[LightGBM] [Info] Auto-choosing col-wise multi-threading, the overhead of testing was 0.231817 seconds.
You can set `force_col_wise=true` to remove the overhead.
[LightGBM] [Info] Total Bins 22684
[LightGBM] [Info] Number of data points in the train set: 91002, number of used features: 151
[LightGBM] [Info] Start training from score 5724.449785
[LightGBM] [Info] Auto-choosing col-wise multi-threading, the overhead of testing was 0.227448 seconds.
You can set `force_col_wise=true` to remove the overhead.
[LightGBM] [Info] Total Bins 22684
[LightGBM] [Info] Number of data points in the train set: 91002, number of used features: 151
[LightGBM] [Info] Start training from score 5724.129532
[LightGBM] [Info] Auto-choosing col-wise multi-threading, the overhead of testing was 0.238471 seconds.
You can set `force_col_wise=true` to remove the overhead.
[LightGBM] [Info] Total Bins 22684
[LightGBM] [Info] Auto-choosing col-wise multi-threading, the overhead of testing was 0.244205 seconds.
You can set `force_col_wise=true` to remove the overhead.
[LightGBM] [Info] Total Bins 22684
[LightGBM] [Info] Number of data points in the train set: 91002, number of used features: 151
[LightGBM] [Info] Start training from score 5724.164203
[LightGBM] [Info] Number of data points in the train set: 91002, number of used features: 151
[LightGBM] [Info] Start training from score 5724.093739
[LightGBM] [Info] Auto-choosing col-wise multi-threading, the overhead of testing was 0.231345 seconds.
You can set `force_col_wise=true` to remove the overhead.
[LightGBM] [Info] Total Bins 22684
[LightGBM] [Info] Number of data points in the train set: 91002, number of used features: 151
[LightGBM] [Info] Start training from score 5724.407773
[LightGBM] [Info] Auto-choosing col-wise multi-threading, the overhead of testing was 0.222741 seconds.
You can set `force_col_wise=true` to remove the overhead.
[LightGBM] [Info] Total Bins 22684
[LightGBM] [Info] Number of data points in the train set: 91002, number of used features: 151
[LightGBM] [Info] Start training from score 5724.055818
[LightGBM] [Info] Auto-choosing col-wise multi-threading, the overhead of testing was 0.220450 seconds.
You can set `force_col_wise=true` to remove the overhead.
[LightGBM] [Info] Total Bins 22684
[LightGBM] [Info] Number of data points in the train set: 91002, number of used features: 151
[LightGBM] [Info] Start training from score 5724.010565
[LightGBM] [Info] Auto-choosing col-wise multi-threading, the overhead of testing was 0.203537 seconds.
You can set `force_col_wise=true` to remove the overhead.
[LightGBM] [Info] Total Bins 22684
[LightGBM] [Info] Number of data points in the train set: 91002, number of used features: 151
[LightGBM] [Info] Start training from score 5723.964794
[LightGBM] [Info] Auto-choosing col-wise multi-threading, the overhead of testing was 0.210961 seconds.
You can set `force_col_wise=true` to remove the overhead.
[LightGBM] [Info] Total Bins 22684
[LightGBM] [Info] Number of data points in the train set: 91002, number of used features: 151
[LightGBM] [Info] Start training from score 5723.921739
[LightGBM] [Info] Auto-choosing col-wise multi-threading, the overhead of testing was 0.223546 seconds.
You can set `force_col_wise=true` to remove the overhead.
[LightGBM] [Info] Total Bins 22684
[LightGBM] [Info] Number of data points in the train set: 91002, number of used features: 151
[LightGBM] [Info] Start training from score 5723.886349
[LightGBM] [Info] Auto-choosing col-wise multi-threading, the overhead of testing was 0.233161 seconds.
You can set `force_col_wise=true` to remove the overhead.
[LightGBM] [Info] Total Bins 22684
[LightGBM] [Info] Number of data points in the train set: 91002, number of used features: 151
[LightGBM] [Info] Start training from score 5723.855397
[LightGBM] [Info] Auto-choosing col-wise multi-threading, the overhead of testing was 0.215344 seconds.
You can set `force_col_wise=true` to remove the overhead.
[LightGBM] [Info] Total Bins 22684
[LightGBM] [Info] Number of data points in the train set: 91002, number of used features: 151
[LightGBM] [Info] Start training from score 5723.827322
[LightGBM] [Info] Auto-choosing col-wise multi-threading, the overhead of testing was 0.180514 seconds.
You can set `force_col_wise=true` to remove the overhead.
[LightGBM] [Info] Total Bins 22684
[LightGBM] [Info] Number of data points in the train set: 91002, number of used features: 151
[LightGBM] [Info] Start training from score 5723.806218
[LightGBM] [Info] Auto-choosing col-wise multi-threading, the overhead of testing was 0.247452 seconds.
You can set `force_col_wise=true` to remove the overhead.
[LightGBM] [Info] Total Bins 22684
[LightGBM] [Info] Number of data points in the train set: 91002, number of used features: 151
[LightGBM] [Info] Start training from score 5723.789064
[LightGBM] [Info] Auto-choosing col-wise multi-threading, the overhead of testing was 0.237715 seconds.
You can set `force_col_wise=true` to remove the overhead.
[LightGBM] [Info] Total Bins 22684
[LightGBM] [Info] Number of data points in the train set: 91002, number of used features: 151
[LightGBM] [Info] Start training from score 5723.770812
[LightGBM] [Info] Auto-choosing col-wise multi-threading, the overhead of testing was 0.268440 seconds.
You can set `force_col_wise=true` to remove the overhead.
[LightGBM] [Info] Total Bins 22684
[LightGBM] [Info] Number of data points in the train set: 91002, number of used features: 151
[LightGBM] [Info] Start training from score 5723.738474
[LightGBM] [Info] Auto-choosing col-wise multi-threading, the overhead of testing was 0.226907 seconds.
You can set `force_col_wise=true` to remove the overhead.
[LightGBM] [Info] Total Bins 22684
[LightGBM] [Info] Number of data points in the train set: 91002, number of used features: 151
[LightGBM] [Info] Start training from score 5723.722485
[LightGBM] [Info] Auto-choosing col-wise multi-threading, the overhead of testing was 0.224096 seconds.
You can set `force_col_wise=true` to remove the overhead.
[LightGBM] [Info] Total Bins 22684
[LightGBM] [Info] Number of data points in the train set: 91002, number of used features: 151
[LightGBM] [Info] Start training from score 5723.754037
[LightGBM] [Info] Auto-choosing col-wise multi-threading, the overhead of testing was 0.264547 seconds.
You can set `force_col_wise=true` to remove the overhead.
[LightGBM] [Info] Total Bins 22684
[LightGBM] [Info] Number of data points in the train set: 91002, number of used features: 151
[LightGBM] [Info] Start training from score 5723.702017
[LightGBM] [Info] Auto-choosing col-wise multi-threading, the overhead of testing was 0.265844 seconds.
You can set `force_col_wise=true` to remove the overhead.
[LightGBM] [Info] Total Bins 22684
[LightGBM] [Info] Number of data points in the train set: 91002, number of used features: 151
[LightGBM] [Info] Start training from score 5723.646264
[LightGBM] [Info] Auto-choosing col-wise multi-threading, the overhead of testing was 0.233434 seconds.
You can set `force_col_wise=true` to remove the overhead.
[LightGBM] [Info] Total Bins 22684
[LightGBM] [Info] Number of data points in the train set: 91002, number of used features: 151
[LightGBM] [Info] Start training from score 5723.674640
[LightGBM] [Info] Auto-choosing col-wise multi-threading, the overhead of testing was 0.200645 seconds.
You can set `force_col_wise=true` to remove the overhead.
[LightGBM] [Info] Total Bins 22684
[LightGBM] [Info] Number of data points in the train set: 91002, number of used features: 151
[LightGBM] [Info] Start training from score 5723.615458
[LightGBM] [Info] Auto-choosing col-wise multi-threading, the overhead of testing was 0.198607 seconds.
You can set `force_col_wise=true` to remove the overhead.
[LightGBM] [Info] Total Bins 22684
[LightGBM] [Info] Number of data points in the train set: 91002, number of used features: 151
[LightGBM] [Info] Start training from score 5723.584938
[LightGBM] [Info] Auto-choosing col-wise multi-threading, the overhead of testing was 0.196923 seconds.
You can set `force_col_wise=true` to remove the overhead.
[LightGBM] [Info] Total Bins 22684
[LightGBM] [Info] Number of data points in the train set: 91002, number of used features: 151
[LightGBM] [Info] Start training from score 5723.556241
[LightGBM] [Info] Auto-choosing col-wise multi-threading, the overhead of testing was 0.163170 seconds.
You can set `force_col_wise=true` to remove the overhead.
[LightGBM] [Info] Total Bins 22684
[LightGBM] [Info] Number of data points in the train set: 91002, number of used features: 151
[LightGBM] [Info] Start training from score 5723.529042
==============================================================================
MASTER FORECAST | algo=lgbm task=load strategy=direct
  market=dam task=load gate=strict delay_override=None → gap=12h (crosslag_gap=12h) | horizon=24 stride=24 retrain=static
  groups=['calendar', 'lags', 'dense', 'roll', 'resfc', 'loadfc', 'meteo', 'fuel', 'genlags', 'loadlags', 'other']  (#features=151)
  test=[2025-06-01 00:00:00 .. 2025-08-31 23:00:00]  train_end=2025-05-31 23:00:00
==============================================================================
  AEL crosslag_mode=freeze (crosslag_gap=12h)
   [fit] key=static cutoff=2025-05-31 11:00:00  (block 1/92)
   [done] 92 blocks σε 512.4s

📊 RESULT | MAE=317.7601 MW | RMSE=434.552 | sMAPE=4.5721% | n=2208
💾 saved: runs/overnight_20260705/c_load/summer_lgbm_dir_default_dense.json
--- [2026-07-05 11:31:56] OK  runs/overnight_20260705/c_load/summer_lgbm_dir_default_dense.json

=== [2026-07-05 11:31:56] RUN → runs/overnight_20260705/c_load/q1_xgb_rec_default.json
    CMD: python -m src.master_forecast --algo xgb --task load --market dam --strategy recursive --gate strict --retrain static --train_end 2025-11-30 23:00 --test_start 2025-12-01 00:00 --test_end 2026-02-28 23:00 --features default
==============================================================================
MASTER FORECAST | algo=xgb task=load strategy=recursive
  market=dam task=load gate=strict delay_override=None → gap=12h (crosslag_gap=12h) | horizon=24 stride=24 retrain=static
  groups=['calendar', 'lags', 'roll', 'resfc', 'loadfc', 'meteo', 'fuel', 'genlags', 'loadlags', 'other']  (#features=133)
  test=[2025-12-01 00:00:00 .. 2026-02-28 23:00:00]  train_end=2025-11-30 23:00:00
==============================================================================
  AEL crosslag_mode=freeze (crosslag_gap=12h)
   [fit] key=static cutoff=2025-11-30 11:00:00  (block 1/90)
   [done] 90 blocks σε 91.9s

📊 RESULT | MAE=197.0518 MW | RMSE=250.2805 | sMAPE=3.4167% | n=2160
💾 saved: runs/overnight_20260705/c_load/q1_xgb_rec_default.json
--- [2026-07-05 11:33:32] OK  runs/overnight_20260705/c_load/q1_xgb_rec_default.json

=== [2026-07-05 11:33:32] RUN → runs/overnight_20260705/c_load/summer_xgb_rec_default.json
    CMD: python -m src.master_forecast --algo xgb --task load --market dam --strategy recursive --gate strict --retrain static --train_end 2025-05-31 23:00 --test_start 2025-06-01 00:00 --test_end 2025-08-31 23:00 --features default
==============================================================================
MASTER FORECAST | algo=xgb task=load strategy=recursive
  market=dam task=load gate=strict delay_override=None → gap=12h (crosslag_gap=12h) | horizon=24 stride=24 retrain=static
  groups=['calendar', 'lags', 'roll', 'resfc', 'loadfc', 'meteo', 'fuel', 'genlags', 'loadlags', 'other']  (#features=133)
  test=[2025-06-01 00:00:00 .. 2025-08-31 23:00:00]  train_end=2025-05-31 23:00:00
==============================================================================
  AEL crosslag_mode=freeze (crosslag_gap=12h)
   [fit] key=static cutoff=2025-05-31 11:00:00  (block 1/92)
   [done] 92 blocks σε 95.9s

📊 RESULT | MAE=374.1417 MW | RMSE=480.078 | sMAPE=5.5211% | n=2208
💾 saved: runs/overnight_20260705/c_load/summer_xgb_rec_default.json
--- [2026-07-05 11:35:11] OK  runs/overnight_20260705/c_load/summer_xgb_rec_default.json

=== [2026-07-05 11:35:12] RUN → runs/overnight_20260705/c_load/q1_xgb_rec_default_nometeo.json
    CMD: python -m src.master_forecast --algo xgb --task load --market dam --strategy recursive --gate strict --retrain static --train_end 2025-11-30 23:00 --test_start 2025-12-01 00:00 --test_end 2026-02-28 23:00 --features default,-meteo
==============================================================================
MASTER FORECAST | algo=xgb task=load strategy=recursive
  market=dam task=load gate=strict delay_override=None → gap=12h (crosslag_gap=12h) | horizon=24 stride=24 retrain=static
  groups=['calendar', 'lags', 'roll', 'resfc', 'loadfc', 'fuel', 'genlags', 'loadlags', 'other']  (#features=49)
  test=[2025-12-01 00:00:00 .. 2026-02-28 23:00:00]  train_end=2025-11-30 23:00:00
==============================================================================
  AEL crosslag_mode=freeze (crosslag_gap=12h)
   [fit] key=static cutoff=2025-11-30 11:00:00  (block 1/90)
   [done] 90 blocks σε 69.2s

📊 RESULT | MAE=298.6948 MW | RMSE=387.8918 | sMAPE=4.9969% | n=2160
💾 saved: runs/overnight_20260705/c_load/q1_xgb_rec_default_nometeo.json
--- [2026-07-05 11:36:25] OK  runs/overnight_20260705/c_load/q1_xgb_rec_default_nometeo.json

=== [2026-07-05 11:36:25] RUN → runs/overnight_20260705/c_load/summer_xgb_rec_default_nometeo.json
    CMD: python -m src.master_forecast --algo xgb --task load --market dam --strategy recursive --gate strict --retrain static --train_end 2025-05-31 23:00 --test_start 2025-06-01 00:00 --test_end 2025-08-31 23:00 --features default,-meteo
==============================================================================
MASTER FORECAST | algo=xgb task=load strategy=recursive
  market=dam task=load gate=strict delay_override=None → gap=12h (crosslag_gap=12h) | horizon=24 stride=24 retrain=static
  groups=['calendar', 'lags', 'roll', 'resfc', 'loadfc', 'fuel', 'genlags', 'loadlags', 'other']  (#features=49)
  test=[2025-06-01 00:00:00 .. 2025-08-31 23:00:00]  train_end=2025-05-31 23:00:00
==============================================================================
  AEL crosslag_mode=freeze (crosslag_gap=12h)
   [fit] key=static cutoff=2025-05-31 11:00:00  (block 1/92)
   [done] 92 blocks σε 58.9s

📊 RESULT | MAE=351.0361 MW | RMSE=482.3325 | sMAPE=5.1008% | n=2208
💾 saved: runs/overnight_20260705/c_load/summer_xgb_rec_default_nometeo.json
--- [2026-07-05 11:37:28] OK  runs/overnight_20260705/c_load/summer_xgb_rec_default_nometeo.json

=== [2026-07-05 11:37:29] RUN → runs/overnight_20260705/c_load/q1_xgb_rec_default_noloadfc.json
    CMD: python -m src.master_forecast --algo xgb --task load --market dam --strategy recursive --gate strict --retrain static --train_end 2025-11-30 23:00 --test_start 2025-12-01 00:00 --test_end 2026-02-28 23:00 --features default,-loadfc
==============================================================================
MASTER FORECAST | algo=xgb task=load strategy=recursive
  market=dam task=load gate=strict delay_override=None → gap=12h (crosslag_gap=12h) | horizon=24 stride=24 retrain=static
  groups=['calendar', 'lags', 'roll', 'resfc', 'meteo', 'fuel', 'genlags', 'loadlags', 'other']  (#features=133)
  test=[2025-12-01 00:00:00 .. 2026-02-28 23:00:00]  train_end=2025-11-30 23:00:00
==============================================================================
  AEL crosslag_mode=freeze (crosslag_gap=12h)
   [fit] key=static cutoff=2025-11-30 11:00:00  (block 1/90)
   [done] 90 blocks σε 94.3s

📊 RESULT | MAE=197.0518 MW | RMSE=250.2805 | sMAPE=3.4167% | n=2160
💾 saved: runs/overnight_20260705/c_load/q1_xgb_rec_default_noloadfc.json
--- [2026-07-05 11:39:07] OK  runs/overnight_20260705/c_load/q1_xgb_rec_default_noloadfc.json

=== [2026-07-05 11:39:08] RUN → runs/overnight_20260705/c_load/summer_xgb_rec_default_noloadfc.json
    CMD: python -m src.master_forecast --algo xgb --task load --market dam --strategy recursive --gate strict --retrain static --train_end 2025-05-31 23:00 --test_start 2025-06-01 00:00 --test_end 2025-08-31 23:00 --features default,-loadfc
==============================================================================
MASTER FORECAST | algo=xgb task=load strategy=recursive
  market=dam task=load gate=strict delay_override=None → gap=12h (crosslag_gap=12h) | horizon=24 stride=24 retrain=static
  groups=['calendar', 'lags', 'roll', 'resfc', 'meteo', 'fuel', 'genlags', 'loadlags', 'other']  (#features=133)
  test=[2025-06-01 00:00:00 .. 2025-08-31 23:00:00]  train_end=2025-05-31 23:00:00
==============================================================================
  AEL crosslag_mode=freeze (crosslag_gap=12h)
   [fit] key=static cutoff=2025-05-31 11:00:00  (block 1/92)
   [done] 92 blocks σε 97.2s

📊 RESULT | MAE=374.1417 MW | RMSE=480.078 | sMAPE=5.5211% | n=2208
💾 saved: runs/overnight_20260705/c_load/summer_xgb_rec_default_noloadfc.json
--- [2026-07-05 11:40:48] OK  runs/overnight_20260705/c_load/summer_xgb_rec_default_noloadfc.json

=== [2026-07-05 11:40:48] RUN → runs/overnight_20260705/c_load/q1_xgb_rec_default_noloadlags.json
    CMD: python -m src.master_forecast --algo xgb --task load --market dam --strategy recursive --gate strict --retrain static --train_end 2025-11-30 23:00 --test_start 2025-12-01 00:00 --test_end 2026-02-28 23:00 --features default,-loadlags
==============================================================================
MASTER FORECAST | algo=xgb task=load strategy=recursive
  market=dam task=load gate=strict delay_override=None → gap=12h (crosslag_gap=12h) | horizon=24 stride=24 retrain=static
  groups=['calendar', 'lags', 'roll', 'resfc', 'loadfc', 'meteo', 'fuel', 'genlags', 'other']  (#features=125)
  test=[2025-12-01 00:00:00 .. 2026-02-28 23:00:00]  train_end=2025-11-30 23:00:00
==============================================================================
  AEL crosslag_mode=freeze (crosslag_gap=12h)
   [fit] key=static cutoff=2025-11-30 11:00:00  (block 1/90)
   [done] 90 blocks σε 83.3s

📊 RESULT | MAE=187.2097 MW | RMSE=237.3816 | sMAPE=3.2212% | n=2160
💾 saved: runs/overnight_20260705/c_load/q1_xgb_rec_default_noloadlags.json
--- [2026-07-05 11:42:15] OK  runs/overnight_20260705/c_load/q1_xgb_rec_default_noloadlags.json

=== [2026-07-05 11:42:15] RUN → runs/overnight_20260705/c_load/summer_xgb_rec_default_noloadlags.json
    CMD: python -m src.master_forecast --algo xgb --task load --market dam --strategy recursive --gate strict --retrain static --train_end 2025-05-31 23:00 --test_start 2025-06-01 00:00 --test_end 2025-08-31 23:00 --features default,-loadlags
==============================================================================
MASTER FORECAST | algo=xgb task=load strategy=recursive
  market=dam task=load gate=strict delay_override=None → gap=12h (crosslag_gap=12h) | horizon=24 stride=24 retrain=static
  groups=['calendar', 'lags', 'roll', 'resfc', 'loadfc', 'meteo', 'fuel', 'genlags', 'other']  (#features=125)
  test=[2025-06-01 00:00:00 .. 2025-08-31 23:00:00]  train_end=2025-05-31 23:00:00
==============================================================================
  AEL crosslag_mode=freeze (crosslag_gap=12h)
   [fit] key=static cutoff=2025-05-31 11:00:00  (block 1/92)
   [done] 92 blocks σε 87.2s

📊 RESULT | MAE=406.2428 MW | RMSE=515.3757 | sMAPE=6.0041% | n=2208
💾 saved: runs/overnight_20260705/c_load/summer_xgb_rec_default_noloadlags.json
--- [2026-07-05 11:43:46] OK  runs/overnight_20260705/c_load/summer_xgb_rec_default_noloadlags.json

=== [2026-07-05 11:43:46] RUN → runs/overnight_20260705/c_load/q1_xgb_rec_default_nogenlags_noloadlags.json
    CMD: python -m src.master_forecast --algo xgb --task load --market dam --strategy recursive --gate strict --retrain static --train_end 2025-11-30 23:00 --test_start 2025-12-01 00:00 --test_end 2026-02-28 23:00 --features default,-genlags,-loadlags
==============================================================================
MASTER FORECAST | algo=xgb task=load strategy=recursive
  market=dam task=load gate=strict delay_override=None → gap=12h (crosslag_gap=12h) | horizon=24 stride=24 retrain=static
  groups=['calendar', 'lags', 'roll', 'resfc', 'loadfc', 'meteo', 'fuel', 'other']  (#features=107)
  test=[2025-12-01 00:00:00 .. 2026-02-28 23:00:00]  train_end=2025-11-30 23:00:00
==============================================================================
  AEL crosslag_mode=freeze (crosslag_gap=12h)
   [fit] key=static cutoff=2025-11-30 11:00:00  (block 1/90)
   [done] 90 blocks σε 62.0s

📊 RESULT | MAE=191.8755 MW | RMSE=243.8822 | sMAPE=3.2835% | n=2160
💾 saved: runs/overnight_20260705/c_load/q1_xgb_rec_default_nogenlags_noloadlags.json
--- [2026-07-05 11:44:52] OK  runs/overnight_20260705/c_load/q1_xgb_rec_default_nogenlags_noloadlags.json

=== [2026-07-05 11:44:52] RUN → runs/overnight_20260705/c_load/summer_xgb_rec_default_nogenlags_noloadlags.json
    CMD: python -m src.master_forecast --algo xgb --task load --market dam --strategy recursive --gate strict --retrain static --train_end 2025-05-31 23:00 --test_start 2025-06-01 00:00 --test_end 2025-08-31 23:00 --features default,-genlags,-loadlags
==============================================================================
MASTER FORECAST | algo=xgb task=load strategy=recursive
  market=dam task=load gate=strict delay_override=None → gap=12h (crosslag_gap=12h) | horizon=24 stride=24 retrain=static
  groups=['calendar', 'lags', 'roll', 'resfc', 'loadfc', 'meteo', 'fuel', 'other']  (#features=107)
  test=[2025-06-01 00:00:00 .. 2025-08-31 23:00:00]  train_end=2025-05-31 23:00:00
==============================================================================
  AEL crosslag_mode=freeze (crosslag_gap=12h)
   [fit] key=static cutoff=2025-05-31 11:00:00  (block 1/92)
   [done] 92 blocks σε 64.5s

📊 RESULT | MAE=352.0573 MW | RMSE=457.1107 | sMAPE=5.1867% | n=2208
💾 saved: runs/overnight_20260705/c_load/summer_xgb_rec_default_nogenlags_noloadlags.json
--- [2026-07-05 11:46:00] OK  runs/overnight_20260705/c_load/summer_xgb_rec_default_nogenlags_noloadlags.json

=== [2026-07-05 11:46:00] RUN → runs/overnight_20260705/c_load/q1_xgb_rec_lags_calendar_loadfc.json
    CMD: python -m src.master_forecast --algo xgb --task load --market dam --strategy recursive --gate strict --retrain static --train_end 2025-11-30 23:00 --test_start 2025-12-01 00:00 --test_end 2026-02-28 23:00 --features lags,calendar,loadfc
==============================================================================
MASTER FORECAST | algo=xgb task=load strategy=recursive
  market=dam task=load gate=strict delay_override=None → gap=12h (crosslag_gap=12h) | horizon=24 stride=24 retrain=static
  groups=['calendar', 'lags', 'loadfc']  (#features=15)
  test=[2025-12-01 00:00:00 .. 2026-02-28 23:00:00]  train_end=2025-11-30 23:00:00
==============================================================================
  AEL crosslag_mode=freeze (crosslag_gap=12h)
   [fit] key=static cutoff=2025-11-30 11:00:00  (block 1/90)
   [done] 90 blocks σε 29.8s

📊 RESULT | MAE=256.8972 MW | RMSE=344.7827 | sMAPE=4.2857% | n=2160
💾 saved: runs/overnight_20260705/c_load/q1_xgb_rec_lags_calendar_loadfc.json
--- [2026-07-05 11:46:33] OK  runs/overnight_20260705/c_load/q1_xgb_rec_lags_calendar_loadfc.json

=== [2026-07-05 11:46:33] RUN → runs/overnight_20260705/c_load/summer_xgb_rec_lags_calendar_loadfc.json
    CMD: python -m src.master_forecast --algo xgb --task load --market dam --strategy recursive --gate strict --retrain static --train_end 2025-05-31 23:00 --test_start 2025-06-01 00:00 --test_end 2025-08-31 23:00 --features lags,calendar,loadfc
==============================================================================
MASTER FORECAST | algo=xgb task=load strategy=recursive
  market=dam task=load gate=strict delay_override=None → gap=12h (crosslag_gap=12h) | horizon=24 stride=24 retrain=static
  groups=['calendar', 'lags', 'loadfc']  (#features=15)
  test=[2025-06-01 00:00:00 .. 2025-08-31 23:00:00]  train_end=2025-05-31 23:00:00
==============================================================================
  AEL crosslag_mode=freeze (crosslag_gap=12h)
   [fit] key=static cutoff=2025-05-31 11:00:00  (block 1/92)
   [done] 92 blocks σε 30.9s

📊 RESULT | MAE=321.9332 MW | RMSE=422.7228 | sMAPE=4.7469% | n=2208
💾 saved: runs/overnight_20260705/c_load/summer_xgb_rec_lags_calendar_loadfc.json
--- [2026-07-05 11:47:08] OK  runs/overnight_20260705/c_load/summer_xgb_rec_lags_calendar_loadfc.json

=== [2026-07-05 11:47:08] RUN → runs/overnight_20260705/c_load/q1_xgb_rec_default_dense.json
    CMD: python -m src.master_forecast --algo xgb --task load --market dam --strategy recursive --gate strict --retrain static --train_end 2025-11-30 23:00 --test_start 2025-12-01 00:00 --test_end 2026-02-28 23:00 --features default,dense
==============================================================================
MASTER FORECAST | algo=xgb task=load strategy=recursive
  market=dam task=load gate=strict delay_override=None → gap=12h (crosslag_gap=12h) | horizon=24 stride=24 retrain=static
  groups=['calendar', 'lags', 'dense', 'roll', 'resfc', 'loadfc', 'meteo', 'fuel', 'genlags', 'loadlags', 'other']  (#features=151)
  test=[2025-12-01 00:00:00 .. 2026-02-28 23:00:00]  train_end=2025-11-30 23:00:00
==============================================================================
  AEL crosslag_mode=freeze (crosslag_gap=12h)
   [fit] key=static cutoff=2025-11-30 11:00:00  (block 1/90)
   [done] 90 blocks σε 127.0s

📊 RESULT | MAE=195.7769 MW | RMSE=252.4611 | sMAPE=3.371% | n=2160
💾 saved: runs/overnight_20260705/c_load/q1_xgb_rec_default_dense.json
--- [2026-07-05 11:49:19] OK  runs/overnight_20260705/c_load/q1_xgb_rec_default_dense.json

=== [2026-07-05 11:49:19] RUN → runs/overnight_20260705/c_load/summer_xgb_rec_default_dense.json
    CMD: python -m src.master_forecast --algo xgb --task load --market dam --strategy recursive --gate strict --retrain static --train_end 2025-05-31 23:00 --test_start 2025-06-01 00:00 --test_end 2025-08-31 23:00 --features default,dense
==============================================================================
MASTER FORECAST | algo=xgb task=load strategy=recursive
  market=dam task=load gate=strict delay_override=None → gap=12h (crosslag_gap=12h) | horizon=24 stride=24 retrain=static
  groups=['calendar', 'lags', 'dense', 'roll', 'resfc', 'loadfc', 'meteo', 'fuel', 'genlags', 'loadlags', 'other']  (#features=151)
  test=[2025-06-01 00:00:00 .. 2025-08-31 23:00:00]  train_end=2025-05-31 23:00:00
==============================================================================
  AEL crosslag_mode=freeze (crosslag_gap=12h)
   [fit] key=static cutoff=2025-05-31 11:00:00  (block 1/92)
   [done] 92 blocks σε 129.9s

📊 RESULT | MAE=390.113 MW | RMSE=505.7761 | sMAPE=5.7616% | n=2208
💾 saved: runs/overnight_20260705/c_load/summer_xgb_rec_default_dense.json
--- [2026-07-05 11:51:32] OK  runs/overnight_20260705/c_load/summer_xgb_rec_default_dense.json

=== [2026-07-05 11:51:33] RUN → runs/overnight_20260705/c_load/q1_xgb_dir_default.json
    CMD: python -m src.master_forecast --algo xgb --task load --market dam --strategy direct --gate strict --retrain static --train_end 2025-11-30 23:00 --test_start 2025-12-01 00:00 --test_end 2026-02-28 23:00 --features default
==============================================================================
MASTER FORECAST | algo=xgb task=load strategy=direct
  market=dam task=load gate=strict delay_override=None → gap=12h (crosslag_gap=12h) | horizon=24 stride=24 retrain=static
  groups=['calendar', 'lags', 'roll', 'resfc', 'loadfc', 'meteo', 'fuel', 'genlags', 'loadlags', 'other']  (#features=133)
  test=[2025-12-01 00:00:00 .. 2026-02-28 23:00:00]  train_end=2025-11-30 23:00:00
==============================================================================
  AEL crosslag_mode=freeze (crosslag_gap=12h)
   [fit] key=static cutoff=2025-11-30 11:00:00  (block 1/90)
   [done] 90 blocks σε 249.9s

📊 RESULT | MAE=344.0681 MW | RMSE=464.2939 | sMAPE=5.97% | n=2160
💾 saved: runs/overnight_20260705/c_load/q1_xgb_dir_default.json
--- [2026-07-05 11:55:47] OK  runs/overnight_20260705/c_load/q1_xgb_dir_default.json

=== [2026-07-05 11:55:47] RUN → runs/overnight_20260705/c_load/summer_xgb_dir_default.json
    CMD: python -m src.master_forecast --algo xgb --task load --market dam --strategy direct --gate strict --retrain static --train_end 2025-05-31 23:00 --test_start 2025-06-01 00:00 --test_end 2025-08-31 23:00 --features default
==============================================================================
MASTER FORECAST | algo=xgb task=load strategy=direct
  market=dam task=load gate=strict delay_override=None → gap=12h (crosslag_gap=12h) | horizon=24 stride=24 retrain=static
  groups=['calendar', 'lags', 'roll', 'resfc', 'loadfc', 'meteo', 'fuel', 'genlags', 'loadlags', 'other']  (#features=133)
  test=[2025-06-01 00:00:00 .. 2025-08-31 23:00:00]  train_end=2025-05-31 23:00:00
==============================================================================
  AEL crosslag_mode=freeze (crosslag_gap=12h)
   [fit] key=static cutoff=2025-05-31 11:00:00  (block 1/92)
   [done] 92 blocks σε 246.7s

📊 RESULT | MAE=346.5051 MW | RMSE=459.9414 | sMAPE=5.0853% | n=2208
💾 saved: runs/overnight_20260705/c_load/summer_xgb_dir_default.json
--- [2026-07-05 11:59:59] OK  runs/overnight_20260705/c_load/summer_xgb_dir_default.json

=== [2026-07-05 11:59:59] RUN → runs/overnight_20260705/c_load/q1_xgb_dir_default_nometeo.json
    CMD: python -m src.master_forecast --algo xgb --task load --market dam --strategy direct --gate strict --retrain static --train_end 2025-11-30 23:00 --test_start 2025-12-01 00:00 --test_end 2026-02-28 23:00 --features default,-meteo
==============================================================================
MASTER FORECAST | algo=xgb task=load strategy=direct
  market=dam task=load gate=strict delay_override=None → gap=12h (crosslag_gap=12h) | horizon=24 stride=24 retrain=static
  groups=['calendar', 'lags', 'roll', 'resfc', 'loadfc', 'fuel', 'genlags', 'loadlags', 'other']  (#features=49)
  test=[2025-12-01 00:00:00 .. 2026-02-28 23:00:00]  train_end=2025-11-30 23:00:00
==============================================================================
  AEL crosslag_mode=freeze (crosslag_gap=12h)
   [fit] key=static cutoff=2025-11-30 11:00:00  (block 1/90)
   [done] 90 blocks σε 173.3s

📊 RESULT | MAE=385.4682 MW | RMSE=506.5566 | sMAPE=6.685% | n=2160
💾 saved: runs/overnight_20260705/c_load/q1_xgb_dir_default_nometeo.json
--- [2026-07-05 12:02:57] OK  runs/overnight_20260705/c_load/q1_xgb_dir_default_nometeo.json

=== [2026-07-05 12:02:57] RUN → runs/overnight_20260705/c_load/summer_xgb_dir_default_nometeo.json
    CMD: python -m src.master_forecast --algo xgb --task load --market dam --strategy direct --gate strict --retrain static --train_end 2025-05-31 23:00 --test_start 2025-06-01 00:00 --test_end 2025-08-31 23:00 --features default,-meteo
==============================================================================
MASTER FORECAST | algo=xgb task=load strategy=direct
  market=dam task=load gate=strict delay_override=None → gap=12h (crosslag_gap=12h) | horizon=24 stride=24 retrain=static
  groups=['calendar', 'lags', 'roll', 'resfc', 'loadfc', 'fuel', 'genlags', 'loadlags', 'other']  (#features=49)
  test=[2025-06-01 00:00:00 .. 2025-08-31 23:00:00]  train_end=2025-05-31 23:00:00
==============================================================================
  AEL crosslag_mode=freeze (crosslag_gap=12h)
   [fit] key=static cutoff=2025-05-31 11:00:00  (block 1/92)
   [done] 92 blocks σε 175.3s

📊 RESULT | MAE=332.0952 MW | RMSE=445.8316 | sMAPE=4.8653% | n=2208
💾 saved: runs/overnight_20260705/c_load/summer_xgb_dir_default_nometeo.json
--- [2026-07-05 12:05:57] OK  runs/overnight_20260705/c_load/summer_xgb_dir_default_nometeo.json

=== [2026-07-05 12:05:57] RUN → runs/overnight_20260705/c_load/q1_xgb_dir_default_noloadfc.json
    CMD: python -m src.master_forecast --algo xgb --task load --market dam --strategy direct --gate strict --retrain static --train_end 2025-11-30 23:00 --test_start 2025-12-01 00:00 --test_end 2026-02-28 23:00 --features default,-loadfc
==============================================================================
MASTER FORECAST | algo=xgb task=load strategy=direct
  market=dam task=load gate=strict delay_override=None → gap=12h (crosslag_gap=12h) | horizon=24 stride=24 retrain=static
  groups=['calendar', 'lags', 'roll', 'resfc', 'meteo', 'fuel', 'genlags', 'loadlags', 'other']  (#features=133)
  test=[2025-12-01 00:00:00 .. 2026-02-28 23:00:00]  train_end=2025-11-30 23:00:00
==============================================================================
  AEL crosslag_mode=freeze (crosslag_gap=12h)
   [fit] key=static cutoff=2025-11-30 11:00:00  (block 1/90)
   [done] 90 blocks σε 247.3s

📊 RESULT | MAE=344.0681 MW | RMSE=464.2939 | sMAPE=5.97% | n=2160
💾 saved: runs/overnight_20260705/c_load/q1_xgb_dir_default_noloadfc.json
--- [2026-07-05 12:10:09] OK  runs/overnight_20260705/c_load/q1_xgb_dir_default_noloadfc.json

=== [2026-07-05 12:10:09] RUN → runs/overnight_20260705/c_load/summer_xgb_dir_default_noloadfc.json
    CMD: python -m src.master_forecast --algo xgb --task load --market dam --strategy direct --gate strict --retrain static --train_end 2025-05-31 23:00 --test_start 2025-06-01 00:00 --test_end 2025-08-31 23:00 --features default,-loadfc
==============================================================================
MASTER FORECAST | algo=xgb task=load strategy=direct
  market=dam task=load gate=strict delay_override=None → gap=12h (crosslag_gap=12h) | horizon=24 stride=24 retrain=static
  groups=['calendar', 'lags', 'roll', 'resfc', 'meteo', 'fuel', 'genlags', 'loadlags', 'other']  (#features=133)
  test=[2025-06-01 00:00:00 .. 2025-08-31 23:00:00]  train_end=2025-05-31 23:00:00
==============================================================================
  AEL crosslag_mode=freeze (crosslag_gap=12h)
   [fit] key=static cutoff=2025-05-31 11:00:00  (block 1/92)
   [done] 92 blocks σε 305.9s

📊 RESULT | MAE=346.5051 MW | RMSE=459.9414 | sMAPE=5.0853% | n=2208
💾 saved: runs/overnight_20260705/c_load/summer_xgb_dir_default_noloadfc.json
--- [2026-07-05 12:15:20] OK  runs/overnight_20260705/c_load/summer_xgb_dir_default_noloadfc.json

=== [2026-07-05 12:15:20] RUN → runs/overnight_20260705/c_load/q1_xgb_dir_default_noloadlags.json
    CMD: python -m src.master_forecast --algo xgb --task load --market dam --strategy direct --gate strict --retrain static --train_end 2025-11-30 23:00 --test_start 2025-12-01 00:00 --test_end 2026-02-28 23:00 --features default,-loadlags
==============================================================================
MASTER FORECAST | algo=xgb task=load strategy=direct
  market=dam task=load gate=strict delay_override=None → gap=12h (crosslag_gap=12h) | horizon=24 stride=24 retrain=static
  groups=['calendar', 'lags', 'roll', 'resfc', 'loadfc', 'meteo', 'fuel', 'genlags', 'other']  (#features=125)
  test=[2025-12-01 00:00:00 .. 2026-02-28 23:00:00]  train_end=2025-11-30 23:00:00
==============================================================================
  AEL crosslag_mode=freeze (crosslag_gap=12h)
   [fit] key=static cutoff=2025-11-30 11:00:00  (block 1/90)
   [done] 90 blocks σε 558.4s

📊 RESULT | MAE=253.8271 MW | RMSE=366.9597 | sMAPE=4.3015% | n=2160
💾 saved: runs/overnight_20260705/c_load/q1_xgb_dir_default_noloadlags.json
--- [2026-07-05 12:24:44] OK  runs/overnight_20260705/c_load/q1_xgb_dir_default_noloadlags.json

=== [2026-07-05 12:24:44] RUN → runs/overnight_20260705/c_load/summer_xgb_dir_default_noloadlags.json
    CMD: python -m src.master_forecast --algo xgb --task load --market dam --strategy direct --gate strict --retrain static --train_end 2025-05-31 23:00 --test_start 2025-06-01 00:00 --test_end 2025-08-31 23:00 --features default,-loadlags
==============================================================================
MASTER FORECAST | algo=xgb task=load strategy=direct
  market=dam task=load gate=strict delay_override=None → gap=12h (crosslag_gap=12h) | horizon=24 stride=24 retrain=static
  groups=['calendar', 'lags', 'roll', 'resfc', 'loadfc', 'meteo', 'fuel', 'genlags', 'other']  (#features=125)
  test=[2025-06-01 00:00:00 .. 2025-08-31 23:00:00]  train_end=2025-05-31 23:00:00
==============================================================================
  AEL crosslag_mode=freeze (crosslag_gap=12h)
   [fit] key=static cutoff=2025-05-31 11:00:00  (block 1/92)
   [done] 92 blocks σε 225.7s

📊 RESULT | MAE=338.2285 MW | RMSE=460.4057 | sMAPE=4.9146% | n=2208
💾 saved: runs/overnight_20260705/c_load/summer_xgb_dir_default_noloadlags.json
--- [2026-07-05 12:28:34] OK  runs/overnight_20260705/c_load/summer_xgb_dir_default_noloadlags.json

=== [2026-07-05 12:28:34] RUN → runs/overnight_20260705/c_load/q1_xgb_dir_default_nogenlags_noloadlags.json
    CMD: python -m src.master_forecast --algo xgb --task load --market dam --strategy direct --gate strict --retrain static --train_end 2025-11-30 23:00 --test_start 2025-12-01 00:00 --test_end 2026-02-28 23:00 --features default,-genlags,-loadlags
==============================================================================
MASTER FORECAST | algo=xgb task=load strategy=direct
  market=dam task=load gate=strict delay_override=None → gap=12h (crosslag_gap=12h) | horizon=24 stride=24 retrain=static
  groups=['calendar', 'lags', 'roll', 'resfc', 'loadfc', 'meteo', 'fuel', 'other']  (#features=107)
  test=[2025-12-01 00:00:00 .. 2026-02-28 23:00:00]  train_end=2025-11-30 23:00:00
==============================================================================
  AEL crosslag_mode=freeze (crosslag_gap=12h)
   [fit] key=static cutoff=2025-11-30 11:00:00  (block 1/90)
   [done] 90 blocks σε 196.5s

📊 RESULT | MAE=242.4808 MW | RMSE=358.4246 | sMAPE=4.0652% | n=2160
💾 saved: runs/overnight_20260705/c_load/q1_xgb_dir_default_nogenlags_noloadlags.json
--- [2026-07-05 12:31:55] OK  runs/overnight_20260705/c_load/q1_xgb_dir_default_nogenlags_noloadlags.json

=== [2026-07-05 12:31:55] RUN → runs/overnight_20260705/c_load/summer_xgb_dir_default_nogenlags_noloadlags.json
    CMD: python -m src.master_forecast --algo xgb --task load --market dam --strategy direct --gate strict --retrain static --train_end 2025-05-31 23:00 --test_start 2025-06-01 00:00 --test_end 2025-08-31 23:00 --features default,-genlags,-loadlags
==============================================================================
MASTER FORECAST | algo=xgb task=load strategy=direct
  market=dam task=load gate=strict delay_override=None → gap=12h (crosslag_gap=12h) | horizon=24 stride=24 retrain=static
  groups=['calendar', 'lags', 'roll', 'resfc', 'loadfc', 'meteo', 'fuel', 'other']  (#features=107)
  test=[2025-06-01 00:00:00 .. 2025-08-31 23:00:00]  train_end=2025-05-31 23:00:00
==============================================================================
  AEL crosslag_mode=freeze (crosslag_gap=12h)
   [fit] key=static cutoff=2025-05-31 11:00:00  (block 1/92)
   [done] 92 blocks σε 195.9s

📊 RESULT | MAE=367.9036 MW | RMSE=474.5735 | sMAPE=5.4572% | n=2208
💾 saved: runs/overnight_20260705/c_load/summer_xgb_dir_default_nogenlags_noloadlags.json
--- [2026-07-05 12:35:16] OK  runs/overnight_20260705/c_load/summer_xgb_dir_default_nogenlags_noloadlags.json

=== [2026-07-05 12:35:16] RUN → runs/overnight_20260705/c_load/q1_xgb_dir_lags_calendar_loadfc.json
    CMD: python -m src.master_forecast --algo xgb --task load --market dam --strategy direct --gate strict --retrain static --train_end 2025-11-30 23:00 --test_start 2025-12-01 00:00 --test_end 2026-02-28 23:00 --features lags,calendar,loadfc
==============================================================================
MASTER FORECAST | algo=xgb task=load strategy=direct
  market=dam task=load gate=strict delay_override=None → gap=12h (crosslag_gap=12h) | horizon=24 stride=24 retrain=static
  groups=['calendar', 'lags', 'loadfc']  (#features=15)
  test=[2025-12-01 00:00:00 .. 2026-02-28 23:00:00]  train_end=2025-11-30 23:00:00
==============================================================================
  AEL crosslag_mode=freeze (crosslag_gap=12h)
   [fit] key=static cutoff=2025-11-30 11:00:00  (block 1/90)
   [done] 90 blocks σε 154.3s

📊 RESULT | MAE=286.3943 MW | RMSE=402.192 | sMAPE=4.7904% | n=2160
💾 saved: runs/overnight_20260705/c_load/q1_xgb_dir_lags_calendar_loadfc.json
--- [2026-07-05 12:37:56] OK  runs/overnight_20260705/c_load/q1_xgb_dir_lags_calendar_loadfc.json

=== [2026-07-05 12:37:56] RUN → runs/overnight_20260705/c_load/summer_xgb_dir_lags_calendar_loadfc.json
    CMD: python -m src.master_forecast --algo xgb --task load --market dam --strategy direct --gate strict --retrain static --train_end 2025-05-31 23:00 --test_start 2025-06-01 00:00 --test_end 2025-08-31 23:00 --features lags,calendar,loadfc
==============================================================================
MASTER FORECAST | algo=xgb task=load strategy=direct
  market=dam task=load gate=strict delay_override=None → gap=12h (crosslag_gap=12h) | horizon=24 stride=24 retrain=static
  groups=['calendar', 'lags', 'loadfc']  (#features=15)
  test=[2025-06-01 00:00:00 .. 2025-08-31 23:00:00]  train_end=2025-05-31 23:00:00
==============================================================================
  AEL crosslag_mode=freeze (crosslag_gap=12h)
   [fit] key=static cutoff=2025-05-31 11:00:00  (block 1/92)
   [done] 92 blocks σε 145.4s

📊 RESULT | MAE=295.1266 MW | RMSE=395.8368 | sMAPE=4.3404% | n=2208
💾 saved: runs/overnight_20260705/c_load/summer_xgb_dir_lags_calendar_loadfc.json
--- [2026-07-05 12:40:26] OK  runs/overnight_20260705/c_load/summer_xgb_dir_lags_calendar_loadfc.json

=== [2026-07-05 12:40:26] RUN → runs/overnight_20260705/c_load/q1_xgb_dir_default_dense.json
    CMD: python -m src.master_forecast --algo xgb --task load --market dam --strategy direct --gate strict --retrain static --train_end 2025-11-30 23:00 --test_start 2025-12-01 00:00 --test_end 2026-02-28 23:00 --features default,dense
==============================================================================
MASTER FORECAST | algo=xgb task=load strategy=direct
  market=dam task=load gate=strict delay_override=None → gap=12h (crosslag_gap=12h) | horizon=24 stride=24 retrain=static
  groups=['calendar', 'lags', 'dense', 'roll', 'resfc', 'loadfc', 'meteo', 'fuel', 'genlags', 'loadlags', 'other']  (#features=151)
  test=[2025-12-01 00:00:00 .. 2026-02-28 23:00:00]  train_end=2025-11-30 23:00:00
==============================================================================
  AEL crosslag_mode=freeze (crosslag_gap=12h)
   [fit] key=static cutoff=2025-11-30 11:00:00  (block 1/90)
   [done] 90 blocks σε 318.1s

📊 RESULT | MAE=272.0326 MW | RMSE=397.4915 | sMAPE=4.5974% | n=2160
💾 saved: runs/overnight_20260705/c_load/q1_xgb_dir_default_dense.json
--- [2026-07-05 12:45:49] OK  runs/overnight_20260705/c_load/q1_xgb_dir_default_dense.json

=== [2026-07-05 12:45:49] RUN → runs/overnight_20260705/c_load/summer_xgb_dir_default_dense.json
    CMD: python -m src.master_forecast --algo xgb --task load --market dam --strategy direct --gate strict --retrain static --train_end 2025-05-31 23:00 --test_start 2025-06-01 00:00 --test_end 2025-08-31 23:00 --features default,dense
==============================================================================
MASTER FORECAST | algo=xgb task=load strategy=direct
  market=dam task=load gate=strict delay_override=None → gap=12h (crosslag_gap=12h) | horizon=24 stride=24 retrain=static
  groups=['calendar', 'lags', 'dense', 'roll', 'resfc', 'loadfc', 'meteo', 'fuel', 'genlags', 'loadlags', 'other']  (#features=151)
  test=[2025-06-01 00:00:00 .. 2025-08-31 23:00:00]  train_end=2025-05-31 23:00:00
==============================================================================
  AEL crosslag_mode=freeze (crosslag_gap=12h)
   [fit] key=static cutoff=2025-05-31 11:00:00  (block 1/92)
   [done] 92 blocks σε 305.0s

📊 RESULT | MAE=324.1819 MW | RMSE=437.1368 | sMAPE=4.6824% | n=2208
💾 saved: runs/overnight_20260705/c_load/summer_xgb_dir_default_dense.json
--- [2026-07-05 12:50:59] OK  runs/overnight_20260705/c_load/summer_xgb_dir_default_dense.json

######## BLOCK D — DENSE×DIRECT FILL + SEEDS [2026-07-05 12:50:59] (~25') ########

=== [2026-07-05 12:50:59] RUN → runs/overnight_20260705/d_fill/q1_lgbm_dir_default_dense.json
    CMD: python -m src.master_forecast --algo lgbm --task price --market dam --strategy direct --gate strict --retrain static --train_end 2025-11-30 23:00 --test_start 2025-12-01 00:00 --test_end 2026-02-28 23:00 --features default,dense
[LightGBM] [Info] Auto-choosing row-wise multi-threading, the overhead of testing was 0.066862 seconds.
You can set `force_row_wise=true` to remove the overhead.
And if memory is not enough, you can set `force_col_wise=true`.
[LightGBM] [Info] Total Bins 27536
[LightGBM] [Info] Number of data points in the train set: 77462, number of used features: 170
[LightGBM] [Info] Start training from score 105.095683
[LightGBM] [Info] Auto-choosing col-wise multi-threading, the overhead of testing was 0.140248 seconds.
You can set `force_col_wise=true` to remove the overhead.
[LightGBM] [Info] Total Bins 27536
[LightGBM] [Info] Number of data points in the train set: 77462, number of used features: 170
[LightGBM] [Info] Start training from score 105.096537
[LightGBM] [Info] Auto-choosing col-wise multi-threading, the overhead of testing was 0.128161 seconds.
You can set `force_col_wise=true` to remove the overhead.
[LightGBM] [Info] Total Bins 27536
[LightGBM] [Info] Number of data points in the train set: 77462, number of used features: 170
[LightGBM] [Info] Start training from score 105.095439
[LightGBM] [Info] Auto-choosing col-wise multi-threading, the overhead of testing was 0.149722 seconds.
You can set `force_col_wise=true` to remove the overhead.
[LightGBM] [Info] Total Bins 27536
[LightGBM] [Info] Auto-choosing col-wise multi-threading, the overhead of testing was 0.153458 seconds.
You can set `force_col_wise=true` to remove the overhead.
[LightGBM] [Info] Total Bins 27536
[LightGBM] [Info] Number of data points in the train set: 77462, number of used features: 170
[LightGBM] [Info] Start training from score 105.095929
[LightGBM] [Info] Number of data points in the train set: 77462, number of used features: 170
[LightGBM] [Info] Start training from score 105.094907
[LightGBM] [Info] Auto-choosing col-wise multi-threading, the overhead of testing was 0.160570 seconds.
You can set `force_col_wise=true` to remove the overhead.
[LightGBM] [Info] Total Bins 27536
[LightGBM] [Info] Auto-choosing col-wise multi-threading, the overhead of testing was 0.152721 seconds.
You can set `force_col_wise=true` to remove the overhead.
[LightGBM] [Info] Total Bins 27536
[LightGBM] [Info] Number of data points in the train set: 77462, number of used features: 170
[LightGBM] [Info] Auto-choosing col-wise multi-threading, the overhead of testing was 0.142071 seconds.
You can set `force_col_wise=true` to remove the overhead.
[LightGBM] [Info] Total Bins 27536
[LightGBM] [Info] Auto-choosing col-wise multi-threading, the overhead of testing was 0.153453 seconds.
You can set `force_col_wise=true` to remove the overhead.
[LightGBM] [Info] Total Bins 27536
[LightGBM] [Info] Number of data points in the train set: 77462, number of used features: 170
[LightGBM] [Info] Auto-choosing col-wise multi-threading, the overhead of testing was 0.163976 seconds.
You can set `force_col_wise=true` to remove the overhead.
[LightGBM] [Info] Start training from score 105.096403
[LightGBM] [Info] Total Bins 27536
[LightGBM] [Info] Start training from score 105.097701
[LightGBM] [Info] Number of data points in the train set: 77462, number of used features: 170
[LightGBM] [Info] Number of data points in the train set: 77462, number of used features: 170
[LightGBM] [Info] Number of data points in the train set: 77462, number of used features: 170
[LightGBM] [Info] Start training from score 105.094456
[LightGBM] [Info] Start training from score 105.096849
[LightGBM] [Info] Start training from score 105.097128
[LightGBM] [Info] Auto-choosing col-wise multi-threading, the overhead of testing was 0.157021 seconds.
You can set `force_col_wise=true` to remove the overhead.
[LightGBM] [Info] Total Bins 27536
[LightGBM] [Info] Number of data points in the train set: 77462, number of used features: 170
[LightGBM] [Info] Start training from score 105.092224
[LightGBM] [Info] Auto-choosing col-wise multi-threading, the overhead of testing was 0.167378 seconds.
You can set `force_col_wise=true` to remove the overhead.
[LightGBM] [Info] Total Bins 27536
[LightGBM] [Info] Number of data points in the train set: 77462, number of used features: 170
[LightGBM] [Info] Start training from score 105.091230
[LightGBM] [Info] Auto-choosing col-wise multi-threading, the overhead of testing was 0.173041 seconds.
You can set `force_col_wise=true` to remove the overhead.
[LightGBM] [Info] Total Bins 27536
[LightGBM] [Info] Auto-choosing col-wise multi-threading, the overhead of testing was 0.158812 seconds.
You can set `force_col_wise=true` to remove the overhead.
[LightGBM] [Info] Total Bins 27536
[LightGBM] [Info] Number of data points in the train set: 77462, number of used features: 170
[LightGBM] [Info] Start training from score 105.090950
[LightGBM] [Info] Number of data points in the train set: 77462, number of used features: 170
[LightGBM] [Info] Start training from score 105.093273
[LightGBM] [Info] Auto-choosing col-wise multi-threading, the overhead of testing was 0.191352 seconds.
You can set `force_col_wise=true` to remove the overhead.
[LightGBM] [Info] Total Bins 27536
[LightGBM] [Info] Auto-choosing col-wise multi-threading, the overhead of testing was 0.152407 seconds.
You can set `force_col_wise=true` to remove the overhead.
[LightGBM] [Info] Total Bins 27536
[LightGBM] [Info] Number of data points in the train set: 77462, number of used features: 170
[LightGBM] [Info] Start training from score 105.090645
[LightGBM] [Info] Number of data points in the train set: 77462, number of used features: 170
[LightGBM] [Info] Start training from score 105.097322
[LightGBM] [Info] Auto-choosing col-wise multi-threading, the overhead of testing was 0.166896 seconds.
You can set `force_col_wise=true` to remove the overhead.
[LightGBM] [Info] Total Bins 27536
[LightGBM] [Info] Number of data points in the train set: 77462, number of used features: 170
[LightGBM] [Info] Start training from score 105.090459
[LightGBM] [Info] Auto-choosing col-wise multi-threading, the overhead of testing was 0.154932 seconds.
You can set `force_col_wise=true` to remove the overhead.
[LightGBM] [Info] Total Bins 27536
[LightGBM] [Info] Number of data points in the train set: 77462, number of used features: 170
[LightGBM] [Info] Start training from score 105.090168
[LightGBM] [Info] Auto-choosing col-wise multi-threading, the overhead of testing was 0.137647 seconds.
You can set `force_col_wise=true` to remove the overhead.
[LightGBM] [Info] Total Bins 27536
[LightGBM] [Info] Number of data points in the train set: 77462, number of used features: 170
[LightGBM] [Info] Start training from score 105.089998
[LightGBM] [Info] Auto-choosing col-wise multi-threading, the overhead of testing was 0.135420 seconds.
You can set `force_col_wise=true` to remove the overhead.
[LightGBM] [Info] Total Bins 27536
[LightGBM] [Info] Number of data points in the train set: 77462, number of used features: 170
[LightGBM] [Info] Start training from score 105.089764
[LightGBM] [Info] Auto-choosing col-wise multi-threading, the overhead of testing was 0.136803 seconds.
You can set `force_col_wise=true` to remove the overhead.
[LightGBM] [Info] Total Bins 27536
[LightGBM] [Info] Number of data points in the train set: 77462, number of used features: 170
[LightGBM] [Info] Start training from score 105.089633
[LightGBM] [Info] Auto-choosing col-wise multi-threading, the overhead of testing was 0.103463 seconds.
You can set `force_col_wise=true` to remove the overhead.
[LightGBM] [Info] Total Bins 27536
[LightGBM] [Info] Number of data points in the train set: 77462, number of used features: 170
[LightGBM] [Info] Start training from score 105.089932
[LightGBM] [Info] Auto-choosing col-wise multi-threading, the overhead of testing was 0.136738 seconds.
You can set `force_col_wise=true` to remove the overhead.
[LightGBM] [Info] Total Bins 27536
[LightGBM] [Info] Number of data points in the train set: 77462, number of used features: 170
[LightGBM] [Info] Start training from score 105.089728
[LightGBM] [Info] Auto-choosing col-wise multi-threading, the overhead of testing was 0.095566 seconds.
You can set `force_col_wise=true` to remove the overhead.
[LightGBM] [Info] Total Bins 27536
[LightGBM] [Info] Number of data points in the train set: 77462, number of used features: 170
[LightGBM] [Info] Start training from score 105.090365
==============================================================================
MASTER FORECAST | algo=lgbm task=price strategy=direct
  market=dam task=price gate=strict delay_override=None → gap=0h (crosslag_gap=12h) | horizon=24 stride=24 retrain=static
  groups=['calendar', 'lags', 'dense', 'roll', 'resfc', 'loadfc', 'meteo', 'fuel', 'genlags', 'loadlags', 'other']  (#features=170)
  test=[2025-12-01 00:00:00 .. 2026-02-28 23:00:00]  train_end=2025-11-30 23:00:00
==============================================================================
  AEL crosslag_mode=freeze (crosslag_gap=12h)
   [fit] key=static cutoff=2025-11-30 23:00:00  (block 1/90)
   [done] 90 blocks σε 254.8s

📊 RESULT | MAE=18.6267 €/MWh | RMSE=26.832 | sMAPE=26.7828% | n=2160
💾 saved: runs/overnight_20260705/d_fill/q1_lgbm_dir_default_dense.json
--- [2026-07-05 12:55:19] OK  runs/overnight_20260705/d_fill/q1_lgbm_dir_default_dense.json

=== [2026-07-05 12:55:19] RUN → runs/overnight_20260705/d_fill/summer_lgbm_dir_default_dense.json
    CMD: python -m src.master_forecast --algo lgbm --task price --market dam --strategy direct --gate strict --retrain static --train_end 2025-05-31 23:00 --test_start 2025-06-01 00:00 --test_end 2025-08-31 23:00 --features default,dense
[LightGBM] [Info] Auto-choosing col-wise multi-threading, the overhead of testing was 0.133019 seconds.
You can set `force_col_wise=true` to remove the overhead.
[LightGBM] [Info] Total Bins 27528
[LightGBM] [Info] Number of data points in the train set: 73071, number of used features: 170
[LightGBM] [Info] Start training from score 105.710575
[LightGBM] [Info] Auto-choosing col-wise multi-threading, the overhead of testing was 0.142113 seconds.
You can set `force_col_wise=true` to remove the overhead.
[LightGBM] [Info] Total Bins 27528
[LightGBM] [Info] Number of data points in the train set: 73071, number of used features: 170
[LightGBM] [Info] Start training from score 105.706582
[LightGBM] [Info] Auto-choosing col-wise multi-threading, the overhead of testing was 0.129127 seconds.
You can set `force_col_wise=true` to remove the overhead.
[LightGBM] [Info] Total Bins 27528
[LightGBM] [Info] Number of data points in the train set: 73071, number of used features: 170
[LightGBM] [Info] Start training from score 105.710571
[LightGBM] [Info] Auto-choosing col-wise multi-threading, the overhead of testing was 0.142851 seconds.
You can set `force_col_wise=true` to remove the overhead.
[LightGBM] [Info] Total Bins 27528
[LightGBM] [Info] Number of data points in the train set: 73071, number of used features: 170
[LightGBM] [Info] Start training from score 105.709726
[LightGBM] [Info] Auto-choosing col-wise multi-threading, the overhead of testing was 0.130173 seconds.
You can set `force_col_wise=true` to remove the overhead.
[LightGBM] [Info] Total Bins 27528
[LightGBM] [Info] Number of data points in the train set: 73071, number of used features: 170
[LightGBM] [Info] Start training from score 105.710440
[LightGBM] [Info] Auto-choosing col-wise multi-threading, the overhead of testing was 0.142682 seconds.
You can set `force_col_wise=true` to remove the overhead.
[LightGBM] [Info] Total Bins 27528
[LightGBM] [Info] Number of data points in the train set: 73071, number of used features: 170
[LightGBM] [Info] Start training from score 105.700712
[LightGBM] [Info] Auto-choosing col-wise multi-threading, the overhead of testing was 0.152509 seconds.
You can set `force_col_wise=true` to remove the overhead.
[LightGBM] [Info] Total Bins 27528
[LightGBM] [Info] Auto-choosing col-wise multi-threading, the overhead of testing was 0.148350 seconds.
You can set `force_col_wise=true` to remove the overhead.
[LightGBM] [Info] Total Bins 27528
[LightGBM] [Info] Number of data points in the train set: 73071, number of used features: 170
[LightGBM] [Info] Start training from score 105.704544
[LightGBM] [Info] Number of data points in the train set: 73071, number of used features: 170
[LightGBM] [Info] Start training from score 105.710121
[LightGBM] [Info] Auto-choosing col-wise multi-threading, the overhead of testing was 0.157262 seconds.
You can set `force_col_wise=true` to remove the overhead.
[LightGBM] [Info] Total Bins 27528
[LightGBM] [Info] Auto-choosing col-wise multi-threading, the overhead of testing was 0.137793 seconds.
You can set `force_col_wise=true` to remove the overhead.
[LightGBM] [Info] Number of data points in the train set: 73071, number of used features: 170
[LightGBM] [Info] Total Bins 27528
[LightGBM] [Info] Start training from score 105.708455
[LightGBM] [Info] Number of data points in the train set: 73071, number of used features: 170
[LightGBM] [Info] Start training from score 105.702628
[LightGBM] [Info] Auto-choosing col-wise multi-threading, the overhead of testing was 0.140251 seconds.
You can set `force_col_wise=true` to remove the overhead.
[LightGBM] [Info] Total Bins 27528
[LightGBM] [Info] Number of data points in the train set: 73071, number of used features: 170
[LightGBM] [Info] Start training from score 105.710234
[LightGBM] [Info] Auto-choosing col-wise multi-threading, the overhead of testing was 0.157418 seconds.
You can set `force_col_wise=true` to remove the overhead.
[LightGBM] [Info] Total Bins 27528
[LightGBM] [Info] Number of data points in the train set: 73071, number of used features: 170
[LightGBM] [Info] Start training from score 105.695184
[LightGBM] [Info] Auto-choosing col-wise multi-threading, the overhead of testing was 0.164447 seconds.
You can set `force_col_wise=true` to remove the overhead.
[LightGBM] [Info] Total Bins 27528
[LightGBM] [Info] Number of data points in the train set: 73071, number of used features: 170
[LightGBM] [Info] Start training from score 105.696880
[LightGBM] [Info] Auto-choosing col-wise multi-threading, the overhead of testing was 0.166866 seconds.
You can set `force_col_wise=true` to remove the overhead.
[LightGBM] [Info] Total Bins 27528
[LightGBM] [Info] Number of data points in the train set: 73071, number of used features: 170
[LightGBM] [Info] Start training from score 105.698796
[LightGBM] [Info] Auto-choosing col-wise multi-threading, the overhead of testing was 0.131428 seconds.
You can set `force_col_wise=true` to remove the overhead.
[LightGBM] [Info] Total Bins 27528
[LightGBM] [Info] Number of data points in the train set: 73071, number of used features: 170
[LightGBM] [Info] Start training from score 105.710687
[LightGBM] [Info] Auto-choosing col-wise multi-threading, the overhead of testing was 0.185950 seconds.
You can set `force_col_wise=true` to remove the overhead.
[LightGBM] [Info] Total Bins 27528
[LightGBM] [Info] Number of data points in the train set: 73071, number of used features: 170
[LightGBM] [Info] Start training from score 105.693350
[LightGBM] [Info] Auto-choosing col-wise multi-threading, the overhead of testing was 0.150471 seconds.
You can set `force_col_wise=true` to remove the overhead.
[LightGBM] [Info] Total Bins 27528
[LightGBM] [Info] Number of data points in the train set: 73071, number of used features: 170
[LightGBM] [Info] Start training from score 105.691434
[LightGBM] [Info] Auto-choosing col-wise multi-threading, the overhead of testing was 0.141073 seconds.
You can set `force_col_wise=true` to remove the overhead.
[LightGBM] [Info] Total Bins 27528
[LightGBM] [Info] Number of data points in the train set: 73071, number of used features: 170
[LightGBM] [Info] Start training from score 105.689975
[LightGBM] [Info] Auto-choosing col-wise multi-threading, the overhead of testing was 0.114423 seconds.
You can set `force_col_wise=true` to remove the overhead.
[LightGBM] [Info] Total Bins 27528
[LightGBM] [Info] Number of data points in the train set: 73071, number of used features: 170
[LightGBM] [Info] Start training from score 105.689177
[LightGBM] [Info] Auto-choosing col-wise multi-threading, the overhead of testing was 0.110263 seconds.
You can set `force_col_wise=true` to remove the overhead.
[LightGBM] [Info] Total Bins 27528
[LightGBM] [Info] Number of data points in the train set: 73071, number of used features: 170
[LightGBM] [Info] Start training from score 105.688504
[LightGBM] [Info] Auto-choosing col-wise multi-threading, the overhead of testing was 0.108629 seconds.
You can set `force_col_wise=true` to remove the overhead.
[LightGBM] [Info] Total Bins 27528
[LightGBM] [Info] Number of data points in the train set: 73071, number of used features: 170
[LightGBM] [Info] Start training from score 105.688318
[LightGBM] [Info] Auto-choosing col-wise multi-threading, the overhead of testing was 0.113820 seconds.
You can set `force_col_wise=true` to remove the overhead.
[LightGBM] [Info] Total Bins 27528
[LightGBM] [Info] Number of data points in the train set: 73071, number of used features: 170
[LightGBM] [Info] Start training from score 105.688580
[LightGBM] [Info] Auto-choosing col-wise multi-threading, the overhead of testing was 0.126586 seconds.
You can set `force_col_wise=true` to remove the overhead.
[LightGBM] [Info] Total Bins 27528
[LightGBM] [Info] Number of data points in the train set: 73071, number of used features: 170
[LightGBM] [Info] Start training from score 105.688336
[LightGBM] [Info] Auto-choosing col-wise multi-threading, the overhead of testing was 0.096178 seconds.
You can set `force_col_wise=true` to remove the overhead.
[LightGBM] [Info] Total Bins 27528
[LightGBM] [Info] Number of data points in the train set: 73071, number of used features: 170
[LightGBM] [Info] Start training from score 105.689102
==============================================================================
MASTER FORECAST | algo=lgbm task=price strategy=direct
  market=dam task=price gate=strict delay_override=None → gap=0h (crosslag_gap=12h) | horizon=24 stride=24 retrain=static
  groups=['calendar', 'lags', 'dense', 'roll', 'resfc', 'loadfc', 'meteo', 'fuel', 'genlags', 'loadlags', 'other']  (#features=170)
  test=[2025-06-01 00:00:00 .. 2025-08-31 23:00:00]  train_end=2025-05-31 23:00:00
==============================================================================
  AEL crosslag_mode=freeze (crosslag_gap=12h)
   [fit] key=static cutoff=2025-05-31 23:00:00  (block 1/92)
   [done] 92 blocks σε 281.1s

📊 RESULT | MAE=18.8734 €/MWh | RMSE=26.8152 | sMAPE=41.112% | n=2208
💾 saved: runs/overnight_20260705/d_fill/summer_lgbm_dir_default_dense.json
--- [2026-07-05 13:00:06] OK  runs/overnight_20260705/d_fill/summer_lgbm_dir_default_dense.json

=== [2026-07-05 13:00:06] RUN → runs/overnight_20260705/d_fill/q1_xgb_dir_default_dense.json
    CMD: python -m src.master_forecast --algo xgb --task price --market dam --strategy direct --gate strict --retrain static --train_end 2025-11-30 23:00 --test_start 2025-12-01 00:00 --test_end 2026-02-28 23:00 --features default,dense
==============================================================================
MASTER FORECAST | algo=xgb task=price strategy=direct
  market=dam task=price gate=strict delay_override=None → gap=0h (crosslag_gap=12h) | horizon=24 stride=24 retrain=static
  groups=['calendar', 'lags', 'dense', 'roll', 'resfc', 'loadfc', 'meteo', 'fuel', 'genlags', 'loadlags', 'other']  (#features=170)
  test=[2025-12-01 00:00:00 .. 2026-02-28 23:00:00]  train_end=2025-11-30 23:00:00
==============================================================================
  AEL crosslag_mode=freeze (crosslag_gap=12h)
   [fit] key=static cutoff=2025-11-30 23:00:00  (block 1/90)
   [done] 90 blocks σε 484.7s

📊 RESULT | MAE=18.2199 €/MWh | RMSE=26.357 | sMAPE=26.4299% | n=2160
💾 saved: runs/overnight_20260705/d_fill/q1_xgb_dir_default_dense.json
--- [2026-07-05 13:08:16] OK  runs/overnight_20260705/d_fill/q1_xgb_dir_default_dense.json

=== [2026-07-05 13:08:16] RUN → runs/overnight_20260705/d_fill/summer_xgb_dir_default_dense.json
    CMD: python -m src.master_forecast --algo xgb --task price --market dam --strategy direct --gate strict --retrain static --train_end 2025-05-31 23:00 --test_start 2025-06-01 00:00 --test_end 2025-08-31 23:00 --features default,dense
==============================================================================
MASTER FORECAST | algo=xgb task=price strategy=direct
  market=dam task=price gate=strict delay_override=None → gap=0h (crosslag_gap=12h) | horizon=24 stride=24 retrain=static
  groups=['calendar', 'lags', 'dense', 'roll', 'resfc', 'loadfc', 'meteo', 'fuel', 'genlags', 'loadlags', 'other']  (#features=170)
  test=[2025-06-01 00:00:00 .. 2025-08-31 23:00:00]  train_end=2025-05-31 23:00:00
==============================================================================
  AEL crosslag_mode=freeze (crosslag_gap=12h)
   [fit] key=static cutoff=2025-05-31 23:00:00  (block 1/92)
   [done] 92 blocks σε 456.2s

📊 RESULT | MAE=19.2875 €/MWh | RMSE=27.3788 | sMAPE=41.5627% | n=2208
💾 saved: runs/overnight_20260705/d_fill/summer_xgb_dir_default_dense.json
--- [2026-07-05 13:15:58] OK  runs/overnight_20260705/d_fill/summer_xgb_dir_default_dense.json

=== [2026-07-05 13:15:58] RUN → runs/overnight_20260705/d_fill/q1_lgbm_rec_default_dense_seed7.json
    CMD: python -m src.master_forecast --algo lgbm --task price --market dam --strategy recursive --gate strict --retrain static --train_end 2025-11-30 23:00 --test_start 2025-12-01 00:00 --test_end 2026-02-28 23:00 --features default,dense --seed 7
==============================================================================
MASTER FORECAST | algo=lgbm task=price strategy=recursive
  market=dam task=price gate=strict delay_override=None → gap=0h (crosslag_gap=12h) | horizon=24 stride=24 retrain=static
  groups=['calendar', 'lags', 'dense', 'roll', 'resfc', 'loadfc', 'meteo', 'fuel', 'genlags', 'loadlags', 'other']  (#features=170)
  test=[2025-12-01 00:00:00 .. 2026-02-28 23:00:00]  train_end=2025-11-30 23:00:00
==============================================================================
  AEL crosslag_mode=freeze (crosslag_gap=12h)
[LightGBM] [Info] Auto-choosing col-wise multi-threading, the overhead of testing was 0.060184 seconds.
You can set `force_col_wise=true` to remove the overhead.
[LightGBM] [Info] Total Bins 27536
[LightGBM] [Info] Number of data points in the train set: 77462, number of used features: 170
[LightGBM] [Info] Start training from score 105.090365
   [fit] key=static cutoff=2025-11-30 23:00:00  (block 1/90)
   [done] 90 blocks σε 118.1s

📊 RESULT | MAE=19.9699 €/MWh | RMSE=28.7695 | sMAPE=27.3004% | n=2160
💾 saved: runs/overnight_20260705/d_fill/q1_lgbm_rec_default_dense_seed7.json
--- [2026-07-05 13:18:00] OK  runs/overnight_20260705/d_fill/q1_lgbm_rec_default_dense_seed7.json

=== [2026-07-05 13:18:00] RUN → runs/overnight_20260705/d_fill/summer_lgbm_rec_default_dense_seed7.json
    CMD: python -m src.master_forecast --algo lgbm --task price --market dam --strategy recursive --gate strict --retrain static --train_end 2025-05-31 23:00 --test_start 2025-06-01 00:00 --test_end 2025-08-31 23:00 --features default,dense --seed 7
==============================================================================
MASTER FORECAST | algo=lgbm task=price strategy=recursive
  market=dam task=price gate=strict delay_override=None → gap=0h (crosslag_gap=12h) | horizon=24 stride=24 retrain=static
  groups=['calendar', 'lags', 'dense', 'roll', 'resfc', 'loadfc', 'meteo', 'fuel', 'genlags', 'loadlags', 'other']  (#features=170)
  test=[2025-06-01 00:00:00 .. 2025-08-31 23:00:00]  train_end=2025-05-31 23:00:00
==============================================================================
  AEL crosslag_mode=freeze (crosslag_gap=12h)
[LightGBM] [Info] Auto-choosing col-wise multi-threading, the overhead of testing was 0.066018 seconds.
You can set `force_col_wise=true` to remove the overhead.
[LightGBM] [Info] Total Bins 27528
[LightGBM] [Info] Number of data points in the train set: 73071, number of used features: 170
[LightGBM] [Info] Start training from score 105.689102
   [fit] key=static cutoff=2025-05-31 23:00:00  (block 1/92)
   [done] 92 blocks σε 107.4s

📊 RESULT | MAE=14.1263 €/MWh | RMSE=20.8279 | sMAPE=36.6015% | n=2208
💾 saved: runs/overnight_20260705/d_fill/summer_lgbm_rec_default_dense_seed7.json
--- [2026-07-05 13:19:52] OK  runs/overnight_20260705/d_fill/summer_lgbm_rec_default_dense_seed7.json

=== [2026-07-05 13:19:52] RUN → runs/overnight_20260705/d_fill/q1_lgbm_rec_default_dense_seed123.json
    CMD: python -m src.master_forecast --algo lgbm --task price --market dam --strategy recursive --gate strict --retrain static --train_end 2025-11-30 23:00 --test_start 2025-12-01 00:00 --test_end 2026-02-28 23:00 --features default,dense --seed 123
==============================================================================
MASTER FORECAST | algo=lgbm task=price strategy=recursive
  market=dam task=price gate=strict delay_override=None → gap=0h (crosslag_gap=12h) | horizon=24 stride=24 retrain=static
  groups=['calendar', 'lags', 'dense', 'roll', 'resfc', 'loadfc', 'meteo', 'fuel', 'genlags', 'loadlags', 'other']  (#features=170)
  test=[2025-12-01 00:00:00 .. 2026-02-28 23:00:00]  train_end=2025-11-30 23:00:00
==============================================================================
  AEL crosslag_mode=freeze (crosslag_gap=12h)
[LightGBM] [Info] Auto-choosing col-wise multi-threading, the overhead of testing was 0.057801 seconds.
You can set `force_col_wise=true` to remove the overhead.
[LightGBM] [Info] Total Bins 27536
[LightGBM] [Info] Number of data points in the train set: 77462, number of used features: 170
[LightGBM] [Info] Start training from score 105.090365
   [fit] key=static cutoff=2025-11-30 23:00:00  (block 1/90)
   [done] 90 blocks σε 61.9s

📊 RESULT | MAE=19.8542 €/MWh | RMSE=28.8192 | sMAPE=27.2278% | n=2160
💾 saved: runs/overnight_20260705/d_fill/q1_lgbm_rec_default_dense_seed123.json
--- [2026-07-05 13:20:58] OK  runs/overnight_20260705/d_fill/q1_lgbm_rec_default_dense_seed123.json

=== [2026-07-05 13:20:58] RUN → runs/overnight_20260705/d_fill/summer_lgbm_rec_default_dense_seed123.json
    CMD: python -m src.master_forecast --algo lgbm --task price --market dam --strategy recursive --gate strict --retrain static --train_end 2025-05-31 23:00 --test_start 2025-06-01 00:00 --test_end 2025-08-31 23:00 --features default,dense --seed 123
==============================================================================
MASTER FORECAST | algo=lgbm task=price strategy=recursive
  market=dam task=price gate=strict delay_override=None → gap=0h (crosslag_gap=12h) | horizon=24 stride=24 retrain=static
  groups=['calendar', 'lags', 'dense', 'roll', 'resfc', 'loadfc', 'meteo', 'fuel', 'genlags', 'loadlags', 'other']  (#features=170)
  test=[2025-06-01 00:00:00 .. 2025-08-31 23:00:00]  train_end=2025-05-31 23:00:00
==============================================================================
  AEL crosslag_mode=freeze (crosslag_gap=12h)
[LightGBM] [Info] Auto-choosing col-wise multi-threading, the overhead of testing was 0.018783 seconds.
You can set `force_col_wise=true` to remove the overhead.
[LightGBM] [Info] Total Bins 27528
[LightGBM] [Info] Number of data points in the train set: 73071, number of used features: 170
[LightGBM] [Info] Start training from score 105.689102
   [fit] key=static cutoff=2025-05-31 23:00:00  (block 1/92)
   [done] 92 blocks σε 76.3s

📊 RESULT | MAE=14.0797 €/MWh | RMSE=20.6503 | sMAPE=36.7056% | n=2208
💾 saved: runs/overnight_20260705/d_fill/summer_lgbm_rec_default_dense_seed123.json
--- [2026-07-05 13:22:18] OK  runs/overnight_20260705/d_fill/summer_lgbm_rec_default_dense_seed123.json

######## BLOCK E — SCHEDULED SAMPLING [2026-07-05 13:22:18] (~20') ########

=== [2026-07-05 13:22:18] RUN → runs/overnight_20260705/e_ss/q1_lgbm_rec_ss_default.json
    CMD: python -m src.master_forecast --algo lgbm --task price --market dam --strategy recursive --gate strict --retrain static --train_end 2025-11-30 23:00 --test_start 2025-12-01 00:00 --test_end 2026-02-28 23:00 --features default --ss --ss_rounds 3 --ss_decay linear
==============================================================================
MASTER FORECAST | algo=lgbm task=price strategy=recursive
  market=dam task=price gate=strict delay_override=None → gap=0h (crosslag_gap=12h) | horizon=24 stride=24 retrain=static
  groups=['calendar', 'lags', 'roll', 'resfc', 'loadfc', 'meteo', 'fuel', 'genlags', 'loadlags', 'other']  (#features=152)
  test=[2025-12-01 00:00:00 .. 2026-02-28 23:00:00]  train_end=2025-11-30 23:00:00
==============================================================================
  AEL crosslag_mode=freeze (crosslag_gap=12h)
[LightGBM] [Info] Auto-choosing col-wise multi-threading, the overhead of testing was 0.018155 seconds.
You can set `force_col_wise=true` to remove the overhead.
[LightGBM] [Info] Total Bins 22946
[LightGBM] [Info] Number of data points in the train set: 77462, number of used features: 152
[LightGBM] [Info] Start training from score 105.090365
[LightGBM] [Info] Auto-choosing col-wise multi-threading, the overhead of testing was 0.015422 seconds.
You can set `force_col_wise=true` to remove the overhead.
[LightGBM] [Info] Total Bins 22946
[LightGBM] [Info] Number of data points in the train set: 77462, number of used features: 152
[LightGBM] [Info] Start training from score 105.090365
      [SS r1/3] ε=0.67 (αντικατάσταση ~33% των lags)
[LightGBM] [Info] Auto-choosing col-wise multi-threading, the overhead of testing was 0.022081 seconds.
You can set `force_col_wise=true` to remove the overhead.
[LightGBM] [Info] Total Bins 22946
[LightGBM] [Info] Number of data points in the train set: 77462, number of used features: 152
[LightGBM] [Info] Start training from score 105.090365
      [SS r2/3] ε=0.33 (αντικατάσταση ~67% των lags)
[LightGBM] [Info] Auto-choosing col-wise multi-threading, the overhead of testing was 0.015102 seconds.
You can set `force_col_wise=true` to remove the overhead.
[LightGBM] [Info] Total Bins 22946
[LightGBM] [Info] Number of data points in the train set: 77462, number of used features: 152
[LightGBM] [Info] Start training from score 105.090365
      [SS r3/3] ε=0.25 (αντικατάσταση ~75% των lags)
   [fit] key=static cutoff=2025-11-30 23:00:00  (block 1/90)
   [done] 90 blocks σε 57.1s

📊 RESULT | MAE=21.3171 €/MWh | RMSE=32.2799 | sMAPE=27.8902% | n=2160
💾 saved: runs/overnight_20260705/e_ss/q1_lgbm_rec_ss_default.json
--- [2026-07-05 13:23:19] OK  runs/overnight_20260705/e_ss/q1_lgbm_rec_ss_default.json

=== [2026-07-05 13:23:19] RUN → runs/overnight_20260705/e_ss/summer_lgbm_rec_ss_default.json
    CMD: python -m src.master_forecast --algo lgbm --task price --market dam --strategy recursive --gate strict --retrain static --train_end 2025-05-31 23:00 --test_start 2025-06-01 00:00 --test_end 2025-08-31 23:00 --features default --ss --ss_rounds 3 --ss_decay linear
==============================================================================
MASTER FORECAST | algo=lgbm task=price strategy=recursive
  market=dam task=price gate=strict delay_override=None → gap=0h (crosslag_gap=12h) | horizon=24 stride=24 retrain=static
  groups=['calendar', 'lags', 'roll', 'resfc', 'loadfc', 'meteo', 'fuel', 'genlags', 'loadlags', 'other']  (#features=152)
  test=[2025-06-01 00:00:00 .. 2025-08-31 23:00:00]  train_end=2025-05-31 23:00:00
==============================================================================
  AEL crosslag_mode=freeze (crosslag_gap=12h)
[LightGBM] [Info] Auto-choosing col-wise multi-threading, the overhead of testing was 0.021182 seconds.
You can set `force_col_wise=true` to remove the overhead.
[LightGBM] [Info] Total Bins 22938
[LightGBM] [Info] Number of data points in the train set: 73071, number of used features: 152
[LightGBM] [Info] Start training from score 105.689102
[LightGBM] [Info] Auto-choosing col-wise multi-threading, the overhead of testing was 0.044040 seconds.
You can set `force_col_wise=true` to remove the overhead.
[LightGBM] [Info] Total Bins 22938
[LightGBM] [Info] Number of data points in the train set: 73071, number of used features: 152
[LightGBM] [Info] Start training from score 105.689102
      [SS r1/3] ε=0.67 (αντικατάσταση ~33% των lags)
[LightGBM] [Info] Auto-choosing col-wise multi-threading, the overhead of testing was 0.047344 seconds.
You can set `force_col_wise=true` to remove the overhead.
[LightGBM] [Info] Total Bins 22938
[LightGBM] [Info] Number of data points in the train set: 73071, number of used features: 152
[LightGBM] [Info] Start training from score 105.689102
      [SS r2/3] ε=0.33 (αντικατάσταση ~67% των lags)
[LightGBM] [Info] Auto-choosing col-wise multi-threading, the overhead of testing was 0.043648 seconds.
You can set `force_col_wise=true` to remove the overhead.
[LightGBM] [Info] Total Bins 22938
[LightGBM] [Info] Number of data points in the train set: 73071, number of used features: 152
[LightGBM] [Info] Start training from score 105.689102
      [SS r3/3] ε=0.25 (αντικατάσταση ~75% των lags)
   [fit] key=static cutoff=2025-05-31 23:00:00  (block 1/92)
   [done] 92 blocks σε 129.8s

📊 RESULT | MAE=15.2953 €/MWh | RMSE=21.9293 | sMAPE=37.9899% | n=2208
💾 saved: runs/overnight_20260705/e_ss/summer_lgbm_rec_ss_default.json
--- [2026-07-05 13:25:32] OK  runs/overnight_20260705/e_ss/summer_lgbm_rec_ss_default.json

=== [2026-07-05 13:25:32] RUN → runs/overnight_20260705/e_ss/q1_lgbm_rec_ss_default_dense.json
    CMD: python -m src.master_forecast --algo lgbm --task price --market dam --strategy recursive --gate strict --retrain static --train_end 2025-11-30 23:00 --test_start 2025-12-01 00:00 --test_end 2026-02-28 23:00 --features default,dense --ss --ss_rounds 3 --ss_decay linear
==============================================================================
MASTER FORECAST | algo=lgbm task=price strategy=recursive
  market=dam task=price gate=strict delay_override=None → gap=0h (crosslag_gap=12h) | horizon=24 stride=24 retrain=static
  groups=['calendar', 'lags', 'dense', 'roll', 'resfc', 'loadfc', 'meteo', 'fuel', 'genlags', 'loadlags', 'other']  (#features=170)
  test=[2025-12-01 00:00:00 .. 2026-02-28 23:00:00]  train_end=2025-11-30 23:00:00
==============================================================================
  AEL crosslag_mode=freeze (crosslag_gap=12h)
[LightGBM] [Info] Auto-choosing col-wise multi-threading, the overhead of testing was 0.023795 seconds.
You can set `force_col_wise=true` to remove the overhead.
[LightGBM] [Info] Total Bins 27536
[LightGBM] [Info] Number of data points in the train set: 77462, number of used features: 170
[LightGBM] [Info] Start training from score 105.090365
[LightGBM] [Info] Auto-choosing col-wise multi-threading, the overhead of testing was 0.019844 seconds.
You can set `force_col_wise=true` to remove the overhead.
[LightGBM] [Info] Total Bins 27536
[LightGBM] [Info] Number of data points in the train set: 77462, number of used features: 170
[LightGBM] [Info] Start training from score 105.090365
      [SS r1/3] ε=0.67 (αντικατάσταση ~33% των lags)
[LightGBM] [Info] Auto-choosing col-wise multi-threading, the overhead of testing was 0.020210 seconds.
You can set `force_col_wise=true` to remove the overhead.
[LightGBM] [Info] Total Bins 27536
[LightGBM] [Info] Number of data points in the train set: 77462, number of used features: 170
[LightGBM] [Info] Start training from score 105.090365
      [SS r2/3] ε=0.33 (αντικατάσταση ~67% των lags)
[LightGBM] [Info] Auto-choosing col-wise multi-threading, the overhead of testing was 0.018519 seconds.
You can set `force_col_wise=true` to remove the overhead.
[LightGBM] [Info] Total Bins 27536
[LightGBM] [Info] Number of data points in the train set: 77462, number of used features: 170
[LightGBM] [Info] Start training from score 105.090365
      [SS r3/3] ε=0.25 (αντικατάσταση ~75% των lags)
   [fit] key=static cutoff=2025-11-30 23:00:00  (block 1/90)
   [done] 90 blocks σε 73.3s

📊 RESULT | MAE=19.8234 €/MWh | RMSE=28.7441 | sMAPE=27.2747% | n=2160
💾 saved: runs/overnight_20260705/e_ss/q1_lgbm_rec_ss_default_dense.json
--- [2026-07-05 13:26:49] OK  runs/overnight_20260705/e_ss/q1_lgbm_rec_ss_default_dense.json

=== [2026-07-05 13:26:49] RUN → runs/overnight_20260705/e_ss/summer_lgbm_rec_ss_default_dense.json
    CMD: python -m src.master_forecast --algo lgbm --task price --market dam --strategy recursive --gate strict --retrain static --train_end 2025-05-31 23:00 --test_start 2025-06-01 00:00 --test_end 2025-08-31 23:00 --features default,dense --ss --ss_rounds 3 --ss_decay linear
==============================================================================
MASTER FORECAST | algo=lgbm task=price strategy=recursive
  market=dam task=price gate=strict delay_override=None → gap=0h (crosslag_gap=12h) | horizon=24 stride=24 retrain=static
  groups=['calendar', 'lags', 'dense', 'roll', 'resfc', 'loadfc', 'meteo', 'fuel', 'genlags', 'loadlags', 'other']  (#features=170)
  test=[2025-06-01 00:00:00 .. 2025-08-31 23:00:00]  train_end=2025-05-31 23:00:00
==============================================================================
  AEL crosslag_mode=freeze (crosslag_gap=12h)
[LightGBM] [Info] Auto-choosing col-wise multi-threading, the overhead of testing was 0.019834 seconds.
You can set `force_col_wise=true` to remove the overhead.
[LightGBM] [Info] Total Bins 27528
[LightGBM] [Info] Number of data points in the train set: 73071, number of used features: 170
[LightGBM] [Info] Start training from score 105.689102
[LightGBM] [Info] Auto-choosing col-wise multi-threading, the overhead of testing was 0.019877 seconds.
You can set `force_col_wise=true` to remove the overhead.
[LightGBM] [Info] Total Bins 27528
[LightGBM] [Info] Number of data points in the train set: 73071, number of used features: 170
[LightGBM] [Info] Start training from score 105.689102
      [SS r1/3] ε=0.67 (αντικατάσταση ~33% των lags)
[LightGBM] [Info] Auto-choosing col-wise multi-threading, the overhead of testing was 0.017639 seconds.
You can set `force_col_wise=true` to remove the overhead.
[LightGBM] [Info] Total Bins 27528
[LightGBM] [Info] Number of data points in the train set: 73071, number of used features: 170
[LightGBM] [Info] Start training from score 105.689102
      [SS r2/3] ε=0.33 (αντικατάσταση ~67% των lags)
[LightGBM] [Info] Auto-choosing col-wise multi-threading, the overhead of testing was 0.017952 seconds.
You can set `force_col_wise=true` to remove the overhead.
[LightGBM] [Info] Total Bins 27528
[LightGBM] [Info] Number of data points in the train set: 73071, number of used features: 170
[LightGBM] [Info] Start training from score 105.689102
      [SS r3/3] ε=0.25 (αντικατάσταση ~75% των lags)
   [fit] key=static cutoff=2025-05-31 23:00:00  (block 1/92)
   [done] 92 blocks σε 73.5s

📊 RESULT | MAE=14.2881 €/MWh | RMSE=20.9596 | sMAPE=36.7233% | n=2208
💾 saved: runs/overnight_20260705/e_ss/summer_lgbm_rec_ss_default_dense.json
--- [2026-07-05 13:28:07] OK  runs/overnight_20260705/e_ss/summer_lgbm_rec_ss_default_dense.json

######## BLOCK F — CONFORMAL SMOKE [2026-07-05 13:28:07] (~45') ########
=== [2026-07-05 13:28:07] split-conformal πάνω στο runs/overnight_20260705/a_cadence/q1_lgbm_weekly_default_dense.json

=== SPLIT-CONFORMAL (LGBM-recursive-dam, calib 4-8 εβδ., causal, hour-of-day) ===
window           n  avg_pinball   MAE(p50)   cov80%   P10emp%   P90emp%
q1_2026       1488       5.8544     17.238    72.38      16.8     89.18
march_2026       —  (καμία επικαλυπτόμενη ημερομηνία)

💾 saved: runs/overnight_20260705/f_conformal/q1_splitconformal_weekly_dense.json
=== [2026-07-05 13:28:10] quantile-lgbm weekly default,dense Q1
==============================================================================
QUANTILE-LGBM | task=price market=dam retrain=weekly
  market=dam task=price gate=strict delay_override=None → gap=0h (crosslag_gap=12h) | horizon=24 stride=24 | #features=170
  test=[2025-12-01 00:00:00 .. 2026-02-28 23:00:00]
==============================================================================
[LightGBM] [Info] Auto-choosing col-wise multi-threading, the overhead of testing was 0.019522 seconds.
You can set `force_col_wise=true` to remove the overhead.
[LightGBM] [Info] Total Bins 27536
[LightGBM] [Info] Number of data points in the train set: 77462, number of used features: 170
[LightGBM] [Info] Start training from score 40.000000
[LightGBM] [Info] Auto-choosing col-wise multi-threading, the overhead of testing was 0.020105 seconds.
You can set `force_col_wise=true` to remove the overhead.
[LightGBM] [Info] Total Bins 27536
[LightGBM] [Info] Number of data points in the train set: 77462, number of used features: 170
[LightGBM] [Info] Start training from score 71.129997
[LightGBM] [Info] Auto-choosing col-wise multi-threading, the overhead of testing was 0.018324 seconds.
You can set `force_col_wise=true` to remove the overhead.
[LightGBM] [Info] Total Bins 27536
[LightGBM] [Info] Number of data points in the train set: 77462, number of used features: 170
[LightGBM] [Info] Start training from score 217.979996
   [fit] key=2025-W48 cutoff=2025-11-30 23:00:00  (block 1/90)
[LightGBM] [Info] Auto-choosing col-wise multi-threading, the overhead of testing was 0.022693 seconds.
You can set `force_col_wise=true` to remove the overhead.
[LightGBM] [Info] Total Bins 27536
[LightGBM] [Info] Number of data points in the train set: 77486, number of used features: 170
[LightGBM] [Info] Start training from score 40.000000
[LightGBM] [Info] Auto-choosing col-wise multi-threading, the overhead of testing was 0.018661 seconds.
You can set `force_col_wise=true` to remove the overhead.
[LightGBM] [Info] Total Bins 27536
[LightGBM] [Info] Number of data points in the train set: 77486, number of used features: 170
[LightGBM] [Info] Start training from score 71.139999
[LightGBM] [Info] Auto-choosing col-wise multi-threading, the overhead of testing was 0.018814 seconds.
You can set `force_col_wise=true` to remove the overhead.
[LightGBM] [Info] Total Bins 27536
[LightGBM] [Info] Number of data points in the train set: 77486, number of used features: 170
[LightGBM] [Info] Start training from score 217.979996
   [fit] key=2025-W49 cutoff=2025-12-01 23:00:00  (block 2/90)
[LightGBM] [Info] Auto-choosing col-wise multi-threading, the overhead of testing was 0.022345 seconds.
You can set `force_col_wise=true` to remove the overhead.
[LightGBM] [Info] Total Bins 27537
[LightGBM] [Info] Number of data points in the train set: 77654, number of used features: 170
[LightGBM] [Info] Start training from score 40.000000
[LightGBM] [Info] Auto-choosing col-wise multi-threading, the overhead of testing was 0.023104 seconds.
You can set `force_col_wise=true` to remove the overhead.
[LightGBM] [Info] Total Bins 27537
[LightGBM] [Info] Number of data points in the train set: 77654, number of used features: 170
[LightGBM] [Info] Start training from score 71.269997
[LightGBM] [Info] Auto-choosing col-wise multi-threading, the overhead of testing was 0.023918 seconds.
You can set `force_col_wise=true` to remove the overhead.
[LightGBM] [Info] Total Bins 27537
[LightGBM] [Info] Number of data points in the train set: 77654, number of used features: 170
[LightGBM] [Info] Start training from score 217.800003
   [fit] key=2025-W50 cutoff=2025-12-08 23:00:00  (block 9/90)
[LightGBM] [Info] Auto-choosing col-wise multi-threading, the overhead of testing was 0.021601 seconds.
You can set `force_col_wise=true` to remove the overhead.
[LightGBM] [Info] Total Bins 27537
[LightGBM] [Info] Number of data points in the train set: 77822, number of used features: 170
[LightGBM] [Info] Start training from score 40.000000
[LightGBM] [Info] Auto-choosing col-wise multi-threading, the overhead of testing was 0.022889 seconds.
You can set `force_col_wise=true` to remove the overhead.
[LightGBM] [Info] Total Bins 27537
[LightGBM] [Info] Number of data points in the train set: 77822, number of used features: 170
[LightGBM] [Info] Start training from score 71.404999
[LightGBM] [Info] Auto-choosing col-wise multi-threading, the overhead of testing was 0.019912 seconds.
You can set `force_col_wise=true` to remove the overhead.
[LightGBM] [Info] Total Bins 27537
[LightGBM] [Info] Number of data points in the train set: 77822, number of used features: 170
[LightGBM] [Info] Start training from score 217.710007
   [fit] key=2025-W51 cutoff=2025-12-15 23:00:00  (block 16/90)
[LightGBM] [Info] Auto-choosing col-wise multi-threading, the overhead of testing was 0.020284 seconds.
You can set `force_col_wise=true` to remove the overhead.
[LightGBM] [Info] Total Bins 27537
[LightGBM] [Info] Number of data points in the train set: 77990, number of used features: 170
[LightGBM] [Info] Start training from score 40.000000
[LightGBM] [Info] Auto-choosing col-wise multi-threading, the overhead of testing was 0.020190 seconds.
You can set `force_col_wise=true` to remove the overhead.
[LightGBM] [Info] Total Bins 27537
[LightGBM] [Info] Number of data points in the train set: 77990, number of used features: 170
[LightGBM] [Info] Start training from score 71.565002
[LightGBM] [Info] Auto-choosing col-wise multi-threading, the overhead of testing was 0.024902 seconds.
You can set `force_col_wise=true` to remove the overhead.
[LightGBM] [Info] Total Bins 27537
[LightGBM] [Info] Number of data points in the train set: 77990, number of used features: 170
[LightGBM] [Info] Start training from score 217.559998
   [fit] key=2025-W52 cutoff=2025-12-22 23:00:00  (block 23/90)
[LightGBM] [Info] Auto-choosing col-wise multi-threading, the overhead of testing was 0.023058 seconds.
You can set `force_col_wise=true` to remove the overhead.
[LightGBM] [Info] Total Bins 27538
[LightGBM] [Info] Number of data points in the train set: 78158, number of used features: 170
[LightGBM] [Info] Start training from score 40.000000
[LightGBM] [Info] Auto-choosing col-wise multi-threading, the overhead of testing was 0.023399 seconds.
You can set `force_col_wise=true` to remove the overhead.
[LightGBM] [Info] Total Bins 27538
[LightGBM] [Info] Number of data points in the train set: 78158, number of used features: 170
[LightGBM] [Info] Start training from score 71.639999
[LightGBM] [Info] Auto-choosing col-wise multi-threading, the overhead of testing was 0.020707 seconds.
You can set `force_col_wise=true` to remove the overhead.
[LightGBM] [Info] Total Bins 27538
[LightGBM] [Info] Number of data points in the train set: 78158, number of used features: 170
[LightGBM] [Info] Start training from score 217.382980
   [fit] key=2026-W01 cutoff=2025-12-29 23:00:00  (block 30/90)
[LightGBM] [Info] Auto-choosing col-wise multi-threading, the overhead of testing was 0.019881 seconds.
You can set `force_col_wise=true` to remove the overhead.
[LightGBM] [Info] Total Bins 27538
[LightGBM] [Info] Number of data points in the train set: 78326, number of used features: 170
[LightGBM] [Info] Start training from score 40.000000
[LightGBM] [Info] Auto-choosing col-wise multi-threading, the overhead of testing was 0.019816 seconds.
You can set `force_col_wise=true` to remove the overhead.
[LightGBM] [Info] Total Bins 27538
[LightGBM] [Info] Number of data points in the train set: 78326, number of used features: 170
[LightGBM] [Info] Start training from score 71.699997
[LightGBM] [Info] Auto-choosing col-wise multi-threading, the overhead of testing was 0.019998 seconds.
You can set `force_col_wise=true` to remove the overhead.
[LightGBM] [Info] Total Bins 27538
[LightGBM] [Info] Number of data points in the train set: 78326, number of used features: 170
[LightGBM] [Info] Start training from score 217.139969
   [fit] key=2026-W02 cutoff=2026-01-05 23:00:00  (block 37/90)
[LightGBM] [Info] Auto-choosing col-wise multi-threading, the overhead of testing was 0.024212 seconds.
You can set `force_col_wise=true` to remove the overhead.
[LightGBM] [Info] Total Bins 27544
[LightGBM] [Info] Number of data points in the train set: 78494, number of used features: 170
[LightGBM] [Info] Start training from score 40.000000
[LightGBM] [Info] Auto-choosing col-wise multi-threading, the overhead of testing was 0.026017 seconds.
You can set `force_col_wise=true` to remove the overhead.
[LightGBM] [Info] Total Bins 27544
[LightGBM] [Info] Number of data points in the train set: 78494, number of used features: 170
[LightGBM] [Info] Start training from score 71.786255
[LightGBM] [Info] Auto-choosing col-wise multi-threading, the overhead of testing was 0.026575 seconds.
You can set `force_col_wise=true` to remove the overhead.
[LightGBM] [Info] Total Bins 27544
[LightGBM] [Info] Number of data points in the train set: 78494, number of used features: 170
[LightGBM] [Info] Start training from score 217.000000
   [fit] key=2026-W03 cutoff=2026-01-12 23:00:00  (block 44/90)
[LightGBM] [Info] Auto-choosing col-wise multi-threading, the overhead of testing was 0.025303 seconds.
You can set `force_col_wise=true` to remove the overhead.
[LightGBM] [Info] Total Bins 27544
[LightGBM] [Info] Number of data points in the train set: 78662, number of used features: 170
[LightGBM] [Info] Start training from score 40.000000
[LightGBM] [Info] Auto-choosing col-wise multi-threading, the overhead of testing was 0.020628 seconds.
You can set `force_col_wise=true` to remove the overhead.
[LightGBM] [Info] Total Bins 27544
[LightGBM] [Info] Number of data points in the train set: 78662, number of used features: 170
[LightGBM] [Info] Start training from score 71.900002
[LightGBM] [Info] Auto-choosing col-wise multi-threading, the overhead of testing was 0.020254 seconds.
You can set `force_col_wise=true` to remove the overhead.
[LightGBM] [Info] Total Bins 27544
[LightGBM] [Info] Number of data points in the train set: 78662, number of used features: 170
[LightGBM] [Info] Start training from score 216.948975
   [fit] key=2026-W04 cutoff=2026-01-19 23:00:00  (block 51/90)
[LightGBM] [Info] Auto-choosing col-wise multi-threading, the overhead of testing was 0.018950 seconds.
You can set `force_col_wise=true` to remove the overhead.
[LightGBM] [Info] Total Bins 27548
[LightGBM] [Info] Number of data points in the train set: 78830, number of used features: 170
[LightGBM] [Info] Start training from score 40.000000
[LightGBM] [Info] Auto-choosing col-wise multi-threading, the overhead of testing was 0.019830 seconds.
You can set `force_col_wise=true` to remove the overhead.
[LightGBM] [Info] Total Bins 27548
[LightGBM] [Info] Number of data points in the train set: 78830, number of used features: 170
[LightGBM] [Info] Start training from score 72.010002
[LightGBM] [Info] Auto-choosing col-wise multi-threading, the overhead of testing was 0.020568 seconds.
You can set `force_col_wise=true` to remove the overhead.
[LightGBM] [Info] Total Bins 27548
[LightGBM] [Info] Number of data points in the train set: 78830, number of used features: 170
[LightGBM] [Info] Start training from score 216.890976
   [fit] key=2026-W05 cutoff=2026-01-26 23:00:00  (block 58/90)
[LightGBM] [Info] Auto-choosing col-wise multi-threading, the overhead of testing was 0.022191 seconds.
You can set `force_col_wise=true` to remove the overhead.
[LightGBM] [Info] Total Bins 27552
[LightGBM] [Info] Number of data points in the train set: 78998, number of used features: 170
[LightGBM] [Info] Start training from score 40.000000
[LightGBM] [Info] Auto-choosing col-wise multi-threading, the overhead of testing was 0.021270 seconds.
You can set `force_col_wise=true` to remove the overhead.
[LightGBM] [Info] Total Bins 27552
[LightGBM] [Info] Number of data points in the train set: 78998, number of used features: 170
[LightGBM] [Info] Start training from score 72.139999
[LightGBM] [Info] Auto-choosing col-wise multi-threading, the overhead of testing was 0.021972 seconds.
You can set `force_col_wise=true` to remove the overhead.
[LightGBM] [Info] Total Bins 27552
[LightGBM] [Info] Number of data points in the train set: 78998, number of used features: 170
[LightGBM] [Info] Start training from score 216.719818
   [fit] key=2026-W06 cutoff=2026-02-02 23:00:00  (block 65/90)
[LightGBM] [Info] Auto-choosing col-wise multi-threading, the overhead of testing was 0.023707 seconds.
You can set `force_col_wise=true` to remove the overhead.
[LightGBM] [Info] Total Bins 27552
[LightGBM] [Info] Number of data points in the train set: 79166, number of used features: 170
[LightGBM] [Info] Start training from score 40.000000
[LightGBM] [Info] Auto-choosing col-wise multi-threading, the overhead of testing was 0.022243 seconds.
You can set `force_col_wise=true` to remove the overhead.
[LightGBM] [Info] Total Bins 27552
[LightGBM] [Info] Number of data points in the train set: 79166, number of used features: 170
[LightGBM] [Info] Start training from score 72.230003
[LightGBM] [Info] Auto-choosing col-wise multi-threading, the overhead of testing was 0.024619 seconds.
You can set `force_col_wise=true` to remove the overhead.
[LightGBM] [Info] Total Bins 27552
[LightGBM] [Info] Number of data points in the train set: 79166, number of used features: 170
[LightGBM] [Info] Start training from score 216.307480
   [fit] key=2026-W07 cutoff=2026-02-09 23:00:00  (block 72/90)
[LightGBM] [Info] Auto-choosing col-wise multi-threading, the overhead of testing was 0.019190 seconds.
You can set `force_col_wise=true` to remove the overhead.
[LightGBM] [Info] Total Bins 27552
[LightGBM] [Info] Number of data points in the train set: 79334, number of used features: 170
[LightGBM] [Info] Start training from score 40.000000
[LightGBM] [Info] Auto-choosing col-wise multi-threading, the overhead of testing was 0.021468 seconds.
You can set `force_col_wise=true` to remove the overhead.
[LightGBM] [Info] Total Bins 27552
[LightGBM] [Info] Number of data points in the train set: 79334, number of used features: 170
[LightGBM] [Info] Start training from score 72.269997
[LightGBM] [Info] Auto-choosing col-wise multi-threading, the overhead of testing was 0.021281 seconds.
You can set `force_col_wise=true` to remove the overhead.
[LightGBM] [Info] Total Bins 27552
[LightGBM] [Info] Number of data points in the train set: 79334, number of used features: 170
[LightGBM] [Info] Start training from score 216.205475
   [fit] key=2026-W08 cutoff=2026-02-16 23:00:00  (block 79/90)
[LightGBM] [Info] Auto-choosing col-wise multi-threading, the overhead of testing was 0.021576 seconds.
You can set `force_col_wise=true` to remove the overhead.
[LightGBM] [Info] Total Bins 27556
[LightGBM] [Info] Number of data points in the train set: 79502, number of used features: 170
[LightGBM] [Info] Start training from score 40.000000
[LightGBM] [Info] Auto-choosing col-wise multi-threading, the overhead of testing was 0.023990 seconds.
You can set `force_col_wise=true` to remove the overhead.
[LightGBM] [Info] Total Bins 27556
[LightGBM] [Info] Number of data points in the train set: 79502, number of used features: 170
[LightGBM] [Info] Start training from score 72.260002
[LightGBM] [Info] Auto-choosing col-wise multi-threading, the overhead of testing was 0.020545 seconds.
You can set `force_col_wise=true` to remove the overhead.
[LightGBM] [Info] Total Bins 27556
[LightGBM] [Info] Number of data points in the train set: 79502, number of used features: 170
[LightGBM] [Info] Start training from score 216.000000
   [fit] key=2026-W09 cutoff=2026-02-23 23:00:00  (block 86/90)
   [done] 90 blocks σε 402.6s

=== QUANTILE-LGBM (objective=quantile, α=0.1/0.5/0.9) ===
window           n  avg_pinball   MAE(p50)   cov80%   P10emp%   P90emp%
q1_2026       2160        6.075    16.4454    43.19     38.94     82.13
march_2026       —  (καμία επικαλυπτόμενη ημερομηνία)

💾 saved: runs/overnight_20260705/f_conformal/q1_qlgbm_weekly_dense.json

############ OVERNIGHT DONE [2026-07-05 13:34:56] ############
Πρωί: conda run -n epf --no-capture-output python -X utf8 scripts/overnight_summarize.py
